[
  {
    "id": 1,
    "chapter": "Probability",
    "question": "The probability of an event that is certain to occur is:",
    "question_latex": "",
    "image_url": "",
    "options": [
      "0",
      "1",
      "0.5",
      "Cannot be determined"
    ],
    "answer": "1",
    "difficulty": "easy",
    "marks": 1,
    "solution": "This is a dummy solution for: The probability of an event that is certain to occ..."
  },
  {
    "id": 2,
    "chapter": "Probability",
    "question": "The probability of an impossible event is:",
    "question_latex": "",
    "image_url": "",
    "options": [
      "1",
      "0",
      "0.5",
      "Infinite"
    ],
    "answer": "0",
    "difficulty": "easy",
    "marks": 1,
    "solution": "This is a dummy solution for: The probability of an impossible event is:..."
  },
  {
    "id": 3,
    "chapter": "Probability",
    "question": "If a coin is tossed once, the sample space is:",
    "question_latex": "",
    "image_url": "",
    "options": [
      "{H}",
      "{T}",
      "{H, T}",
      "{1, 2, 3, 4, 5, 6}"
    ],
    "answer": "{H, T}",
    "difficulty": "easy",
    "marks": 1,
    "solution": "This is a dummy solution for: If a coin is tossed once, the sample space is:..."
  },
  {
    "id": 4,
    "chapter": "Probability",
    "question": "If a die is thrown once, the probability of getting an even number is:",
    "question_latex": "",
    "image_url": "",
    "options": [
      "1/2",
      "1/3",
      "1/6",
      "2/3"
    ],
    "answer": "1/2",
    "difficulty": "easy",
    "marks": 1,
    "solution": "This is a dummy solution for: If a die is thrown once, the probability of gettin..."
  },
  {
    "id": 5,
    "chapter": "Probability",
    "question": "The sum of probabilities of all possible outcomes of a random experiment is:",
    "question_latex": "",
    "image_url": "",
    "options": [
      "0",
      "1",
      "Depends on event",
      "∞"
    ],
    "answer": "1",
    "difficulty": "easy",
    "marks": 1,
    "solution": "This is a dummy solution for: The sum of probabilities of all possible outcomes ..."
  },
  {
    "id": 6,
    "chapter": "Probability",
    "question": "If the probability of an event A is 0.7, then the probability of not A is:",
    "question_latex": "",
    "image_url": "",
    "options": [
      "0.3",
      "0.7",
      "1.7",
      "0.5"
    ],
    "answer": "0.3",
    "difficulty": "medium",
    "marks": 1,
    "solution": "This is a dummy solution for: If the probability of an event A is 0.7, then the ..."
  },
  {
    "id": 7,
    "chapter": "Probability",
    "question": "If two dice are thrown, the total number of possible outcomes is:",
    "question_latex": "",
    "image_url": "",
    "options": [
      "6",
      "12",
      "18",
      "36"
    ],
    "answer": "36",
    "difficulty": "medium",
    "marks": 1,
    "solution": "This is a dummy solution for: If two dice are thrown, the total number of possib..."
  },
  {
    "id": 8,
    "chapter": "Probability",
    "question": "The probability of getting a sum of 7 when two dice are thrown is:",
    "question_latex": "",
    "image_url": "",
    "options": [
      "1/6",
      "1/12",
      "1/36",
      "1/18"
    ],
    "answer": "1/6",
    "difficulty": "medium",
    "marks": 1,
    "solution": "This is a dummy solution for: The probability of getting a sum of 7 when two dic..."
  },
  {
    "id": 9,
    "chapter": "Probability",
    "question": "If P(A) = 0.4 and P(B) = 0.5 and A, B are independent, then P(A ∩ B) =",
    "question_latex": "P(A \\cap B) = P(A) \\times P(B)",
    "image_url": "",
    "options": [
      "0.2",
      "0.9",
      "0.1",
      "0.25"
    ],
    "answer": "0.2",
    "difficulty": "medium",
    "marks": 1,
    "solution": "This is a dummy solution for: If P(A) = 0.4 and P(B) = 0.5 and A, B are independ..."
  },
  {
    "id": 10,
    "chapter": "Probability",
    "question": "If an unbiased coin is tossed 3 times, the probability of getting exactly two heads is:",
    "question_latex": "",
    "image_url": "",
    "options": [
      "1/4",
      "3/8",
      "1/2",
      "1/8"
    ],
    "answer": "3/8",
    "difficulty": "medium",
    "marks": 1,
    "solution": "This is a dummy solution for: If an unbiased coin is tossed 3 times, the probabi..."
  }
]