[
  {
    "id": 1,
    "chapter": "Thermal Properties of Matter",
    "question": "Two rods, one of copper (Cu) and the other of iron (Fe) having initial lengths L1 and L2 respectively are connected together to form a single rod of length L1+L2. The coefficient of linear expansion of Cu and Fe are alpha_c and alpha_i respectively. If the length of each rod increase by the same amount when their temperatures are raised by t°C, then ratio of (L1 - L2) / (L1 + L2) will be [MHT-CET 2024]",
    "question_latex": "Two rods, one of copper (Cu) and the other of iron (Fe) having initial lengths $L_{1}$ and $L_{2}$ respectively are connected together to form a single rod of length $L_{1}+L_{2}$. The coefficient of linear expansion of Cu and Fe are $\\alpha_{c}$ and $\\alpha_{i}$ respectively. If the length of each rod increase by the same amount when their temperatures are raised by $t^{\\circ}C$, then ratio of $\\frac{L_{1}-L_{2}}{L_{1}+L_{2}}$ will be [MHT-CET 2024]",
    "question_images": [],
    "options": [
      "A. alpha_c / (alpha_c + alpha_i)",
      "B. alpha_i / (alpha_c + alpha_i)",
      "C. (alpha_c - alpha_i) / (alpha_c + alpha_i)",
      "D. (alpha_i - alpha_c) / (alpha_c + alpha_i)"
    ],
    "option_images": [],
    "answer": "D",
    "solution": "Given $\\Delta L_{1} = \\Delta L_{2} \\Rightarrow L_{1}\\alpha_{c}\\Delta\\theta = L_{2}\\alpha_{i}\\Delta\\theta$. Thus $L_{1}\\alpha_{c} = L_{2}\\alpha_{i} \\Rightarrow \\frac{L_{1}}{L_{2}} = \\frac{\\alpha_{i}}{\\alpha_{c}}$. By components and dividends: $\\frac{L_{1}-L_{2}}{L_{1}+L_{2}} = \\frac{\\alpha_{i}-\\alpha_{c}}{\\alpha_{i}+\\alpha_{c}}$.",
    "solution_images": [],
    "difficulty": "Medium",
    "marks": 4
  },
  {
    "id": 2,
    "chapter": "Thermal Properties of Matter",
    "question": "The distance between upper and lower fixed point is 80 cm, then calculate the temperature on celsius scale if mercury rises to a height 10.4 cm above the lower fixed point.",
    "question_latex": "The distance between upper and lower fixed point is $80$ cm, then calculate the temperature on celsius scale if mercury rises to a height $10.4$ cm above the lower fixed point.",
    "question_images": [],
    "options": [
      "A. 26°C",
      "B. 30°C",
      "C. 10.4°C",
      "D. 13°C"
    ],
    "option_images": [],
    "answer": "D",
    "solution": "$T_{c} = \\frac{l_{t} - l_{0}}{l_{100} - l_{0}} \\times 100 = \\frac{10.4}{80} \\times 100 = 13^{\\circ}C$.",
    "solution_images": [],
    "difficulty": "Easy",
    "marks": 4
  },
  {
    "id": 3,
    "chapter": "Thermal Properties of Matter",
    "question": "A cylindrical metallic rod in thermal contact with two reservoirs of heat at its two ends conduct an amount of heat 'Q1' in time 't'. The metallic rod is melted and the material is formed into a rod having length four times that of the original rod. The amount of heat conducted by the new rod, placed in thermal contact with the same two reservoirs for time 't' is 'Q2'. The change in heat conducted (Q1 - Q2) is [MHT-CET 2023]",
    "question_latex": "A cylindrical metallic rod in thermal contact with two reservoirs of heat at its two ends conduct an amount of heat '$Q_{1}$' in time '$t$'. The metallic rod is melted and the material is formed into a rod having length four times that of the original rod. The amount of heat conducted by the new rod, placed in thermal contact with the same two reservoirs for time '$t$' is '$Q_{2}$'. The change in heat conducted ($Q_{1}-Q_{2}$) is [MHT-CET 2023]",
    "question_images": [],
    "options": [
      "A. 15Q1 / 16",
      "B. 3Q1 / 16",
      "C. Q1 / 16",
      "D. 7Q1 / 16"
    ],
    "option_images": [],
    "answer": "A",
    "solution": "$Q = \\frac{KA\\Delta T t}{L}$. Since volume is constant, $A_{1}L_{1} = A_{2}L_{2} \\Rightarrow A_{2} = A_{1}/4$ if $L_{2} = 4L_{1}$. $Q_{2} = \\frac{K(A_{1}/4)\\Delta T t}{4L_{1}} = \\frac{Q_{1}}{16}$. Change $= Q_{1} - Q_{1}/16 = 15Q_{1}/16$.",
    "solution_images": [],
    "difficulty": "Medium",
    "marks": 4
  },
  {
    "id": 4,
    "chapter": "Thermal Properties of Matter",
    "question": "A sphere of aluminium of 0.05 kg placed in a vessel containing boiling water for sufficient time then it traustered to 0.15 kg calorimeter containing 0.25 kg of water at 20°C. The temperature of water rises and attains a steady state at 23°C, then what will be the specific heat capacity of aluminium? (Given specific heat of copper = 386 J/kgK)",
    "question_latex": "A sphere of aluminium of $0.05$ kg placed in a vessel containing boiling water for sufficient time then it traustered to $0.15$ kg calorimeter containing $0.25$ kg of water at $20^{\\circ}C$. The temperature of water rises and attains a steady state at $23^{\\circ}C$, then what will be the specific heat capacity of aluminium? (Given specific heat of copper $= 386~J/kgK$)",
    "question_images": [],
    "options": [
      "A. 386 J/kgK",
      "B. 753.2 J/kgK",
      "C. 683.4 J/kgK",
      "D. 863.3 J/kgK"
    ],
    "option_images": [],
    "answer": "D",
    "solution": "Heat lost by Al = Heat gained by (water + calorimeter). $m_{Al}s_{Al}(100-23) = m_{w}s_{w}(23-20) + m_{c}s_{c}(23-20)$. $0.05 \\times s_{Al} \\times 77 = 0.25 \\times 4200 \\times 3 + 0.15 \\times 386 \\times 3 \\Rightarrow 3.85 s_{Al} = 3150 + 173.7 \\Rightarrow s_{Al} = 863.3~J/kgK$.",
    "solution_images": [],
    "difficulty": "Medium",
    "marks": 4
  },
  {
    "id": 5,
    "chapter": "Thermal Properties of Matter",
    "question": "What is the gap that must be kept between iron rails, each 20 m long on a railway track at a place where the variation of temperature is from 20°C to 40°C (alpha = 11 x 10^-6/°C)?",
    "question_latex": "What is the gap that must be kept between iron rails, each $20$ m long on a railway track at a place where the variation of temperature is from $20^{\\circ}C$ to $40^{\\circ}C$ ($\\alpha=11\\times10^{-6}/^{\\circ}C$)?",
    "question_images": [],
    "options": [
      "A. 4.4 mm",
      "B. 4.4 cm",
      "C. 8.8 mm",
      "D. 8.8 cm"
    ],
    "option_images": [],
    "answer": "A",
    "solution": "$\\Delta L = L\\alpha\\Delta T = 20 \\times 11 \\times 10^{-6} \\times (40-20) = 4.4 \\times 10^{-3}~m = 4.4$ mm.",
    "solution_images": [],
    "difficulty": "Easy",
    "marks": 4
  },
  {
    "id": 6,
    "chapter": "Thermal Properties of Matter",
    "question": "What will be the length of an aluminium rod is 100 cm at 20°C then its length at 80°C, if coefficient of linear expansion of aluminium is 2.5 x 10^-5 per C?",
    "question_latex": "What will be the length of an aluminium rod is $100$ cm at $20^{\\circ}C$ then its length at $80^{\\circ}C$, if coefficient of linear expansion of aluminium is $2.5\\times10^{-5}$ per $^{\\circ}C$?",
    "question_images": [],
    "options": [
      "A. 100 cm",
      "B. 100.15 cm",
      "C. 99.85 cm",
      "D. 100.30 cm"
    ],
    "option_images": [],
    "answer": "B",
    "solution": "$\\Delta L = 100 \\times 2.5 \\times 10^{-5} \\times 60 = 0.15$ cm. $L_{f} = 100 + 0.15 = 100.15$ cm.",
    "solution_images": [],
    "difficulty": "Easy",
    "marks": 4
  },
  {
    "id": 7,
    "chapter": "Thermal Properties of Matter",
    "question": "Rate of flow of heat through a cylindrical rod is H1. The temperature of the ends of the rod are T1 and T2. If all the dimensions of the rod become double and the temperature difference remains the same, the rate of flow of heat becomes H2. Then H2 = [MHT-CET 2024]",
    "question_latex": "Rate of flow of heat through a cylindrical rod is $H_{1}$. The temperature of the ends of the rod are $T_{1}$ and $T_{2}$. If all the dimensions of the rod become double and the temperature difference remains the same, the rate of flow of heat becomes $H_{2}$. Then $H_{2} = $ [MHT-CET 2024]",
    "question_images": [],
    "options": [
      "A. 4H1",
      "B. 2H1",
      "C. H1 / 2",
      "D. H2 / 4"
    ],
    "option_images": [],
    "answer": "B",
    "solution": "$H_{1} = \\frac{K(\\pi r^{2})\\Delta T}{L}$. $H_{2} = \\frac{K(\\pi (2r)^{2})\\Delta T}{2L} = 2H_{1}$.",
    "solution_images": [],
    "difficulty": "Medium",
    "marks": 4
  },
  {
    "id": 8,
    "chapter": "Thermal Properties of Matter",
    "question": "In constant volume gas thermometer, temperature can be calibrated in terms of",
    "question_latex": "In constant volume gas thermometer, temperature can be calibrated in terms of",
    "question_images": [],
    "options": [
      "A. density",
      "B. mass",
      "C. volume",
      "D. pressure"
    ],
    "option_images": [],
    "answer": "D",
    "solution": "In constant volume gas thermometers, pressure varies linearly with temperature ($P \\propto T$).",
    "solution_images": [],
    "difficulty": "Easy",
    "marks": 4
  },
  {
    "id": 9,
    "chapter": "Thermal Properties of Matter",
    "question": "Advantage of gas thermometer is, it can measure temperature accurately and it is more sensitive because",
    "question_latex": "Advantage of gas thermometer is, it can measure temperature accurately and it is more sensitive because",
    "question_images": [],
    "options": [
      "A. Coefficient of expansion of a gas is very low and thermal capacity is very large.",
      "B. Coefficient of expansion of gas is very large and its thermal capacity is very low.",
      "C. Co-efficient of expansion of a gas is very large as well its thermal capacity is large.",
      "D. Coefficient of expansion of a gas is very low as well as its thermal capacity is low."
    ],
    "option_images": [],
    "answer": "B",
    "solution": "Gases expand significantly for small temperature changes and have low specific heat, making them highly sensitive.",
    "solution_images": [],
    "difficulty": "Easy",
    "marks": 4
  },
  {
    "id": 10,
    "chapter": "Thermal Properties of Matter",
    "question": "A metal rod of length L and cross-sectional area A is heated through T°C. What is the force required to prevent the expansion of the rod lengthwise? (Y = Young's modulus of material of the rod, alpha = coefficient of linear expansion of the rod.)",
    "question_latex": "A metal rod of length $L$ and cross-sectional area $A$ is heated through $T^{\\circ}C$. What is the force required to prevent the expansion of the rod lengthwise? ($Y = $ Young's modulus of material of the rod, $\\alpha = $ coefficient of linear expansion of the rod.)",
    "question_images": [],
    "options": [
      "A. YA alpha T / (1 - alpha T)",
      "B. YA alpha T / (1 + alpha T)",
      "C. YA alpha / T(1 + alpha T)",
      "D. YA alpha / (1 - alpha T)"
    ],
    "option_images": [],
    "answer": "B",
    "solution": "$\\Delta L = L_{0}\\alpha T$. New length $L = L_{0}(1+\\alpha T)$. Thermal stress $= Y \\frac{\\Delta L}{L}$. Force $F = Stress \\times Area = YA \\frac{L_{0}\\alpha T}{L_{0}(1+\\alpha T)} = \\frac{YA\\alpha T}{1+\\alpha T}$.",
    "solution_images": [],
    "difficulty": "Hard",
    "marks": 4
  },
  {
    "id": 11,
    "chapter": "Thermal Properties of Matter",
    "question": "For hydrogen, Cp = 3400 cal/kgK Cv = 2400 cal/kgK, R = 8400 J/k mole K. If the molecular weight of H2 is 2, then value of J will be",
    "question_latex": "For hydrogen, $C_{p} = 3400$ cal/kgK, $C_{v} = 2400$ cal/kgK, $R = 8400$ J/k mole K. If the molecular weight of $H_{2}$ is $2$, then value of $J$ will be",
    "question_images": [],
    "options": [
      "A. 5 J/cal",
      "B. 3.5 J/cal",
      "C. 4 J/cal",
      "D. 4.2 J/cal"
    ],
    "option_images": [],
    "answer": "D",
    "solution": "$C_{p} - C_{v} = R / (MJ) \\Rightarrow J = \\frac{R}{M(C_{p}-C_{v})} = \\frac{8400}{2(1000)} = 4.2$ J/cal.",
    "solution_images": [],
    "difficulty": "Medium",
    "marks": 4
  },
  {
    "id": 12,
    "chapter": "Thermal Properties of Matter",
    "question": "The temperature difference between two sides of an iron plate, 5 cm thick, is 20°C. Heat transmitted through the plate at the rate of 500 kcal per minute per square metre at steady state. Find the thermal conductivity of iron.",
    "question_latex": "The temperature difference between two sides of an iron plate, $5$ cm thick, is $20^{\\circ}C$. Heat transmitted through the plate at the rate of $500$ kcal per minute per square metre at steady state. Find the thermal conductivity of iron.",
    "question_images": [],
    "options": [
      "A. 0.021 kcal/m s °C",
      "B. 0.012 kcal/m s °C",
      "C. 0.123 kcal/m s °C",
      "D. 0.321 kcal/m s °C"
    ],
    "option_images": [],
    "answer": "A",
    "solution": "$Q/t = \\frac{KA\\Delta T}{d} \\Rightarrow \\frac{500}{60} = \\frac{K \\times 1 \\times 20}{0.05} \\Rightarrow 8.33 = 400 K \\Rightarrow K = 0.0208 \\approx 0.021$ kcal/m s °C.",
    "solution_images": [],
    "difficulty": "Medium",
    "marks": 4
  },
  {
    "id": 13,
    "chapter": "Thermal Properties of Matter",
    "question": "The rate of flow of heat through a metal rod with temperature difference 40°C is 1600 cal/s. The thermal resistance of metal rod in °C s/cal is [MHT-CET 2023]",
    "question_latex": "The rate of flow of heat through a metal rod with temperature difference $40^{\\circ}C$ is $1600$ cal/s. The thermal resistance of metal rod in $^{\\circ}C s/cal$ is [MHT-CET 2023]",
    "question_images": [],
    "options": [
      "A. 40",
      "B. 0.25",
      "C. 2.5",
      "D. 0.025"
    ],
    "option_images": [],
    "answer": "D",
    "solution": "$R_{T} = \\frac{\\Delta T}{Q/t} = \\frac{40}{1600} = 0.025 ^{\\circ}C s/cal$.",
    "solution_images": [],
    "difficulty": "Easy",
    "marks": 4
  },
  {
    "id": 14,
    "chapter": "Thermal Properties of Matter",
    "question": "On heating a glass block of 10,000 cm^3 from 25°C to 40°C, its volume increases by 4 cm^3, then what can be the coefficient of linear expansion of glass?",
    "question_latex": "On heating a glass block of $10,000~cm^{3}$ from $25^{\\circ}C$ to $40^{\\circ}C$, its volume increases by $4~cm^{3}$, then what can be the coefficient of linear expansion of glass?",
    "question_images": [],
    "options": [
      "A. 26.67 x 10^-6 per °C",
      "B. 8.89 x 10^-6 per °C",
      "C. 13.33 x 10^-6 per °C",
      "D. 4 x 10^-6 per °C"
    ],
    "option_images": [],
    "answer": "B",
    "solution": "$\\gamma = \\frac{\\Delta V}{V\\Delta T} = \\frac{4}{10000 \\times 15} = 2.667 \\times 10^{-5} / ^{\\circ}C$. Linear expansion $\\alpha = \\gamma / 3 = 0.889 \\times 10^{-5} = 8.89 \\times 10^{-6} / ^{\\circ}C$.",
    "solution_images": [],
    "difficulty": "Medium",
    "marks": 4
  },
  {
    "id": 15,
    "chapter": "Thermal Properties of Matter",
    "question": "For certain mass of gas, volume is 5 litre at a pressure of 76 cm of Hg. at constant temperature volume of same gas at 100 cm of Hg will be_",
    "question_latex": "For certain mass of gas, volume is $5$ litre at a pressure of $76$ cm of Hg. at constant temperature volume of same gas at $100$ cm of Hg will be_",
    "question_images": [],
    "options": [
      "A. 10 litre",
      "B. 1.9 litre",
      "C. 3.8 litre",
      "D. 7.6 litre"
    ],
    "option_images": [],
    "answer": "C",
    "solution": "$P_{1}V_{1} = P_{2}V_{2} \\Rightarrow 76 \\times 5 = 100 \\times V_{2} \\Rightarrow V_{2} = 3.8$ litre.",
    "solution_images": [],
    "difficulty": "Easy",
    "marks": 4
  },
  {
    "id": 16,
    "chapter": "Thermal Properties of Matter",
    "question": "If a, beta and gamma are coefficients of linear, area and volume expansion of a solid then",
    "question_latex": "If $\\alpha$, $\\beta$ and $\\gamma$ are coefficients of linear, area and volume expansion of a solid then",
    "question_images": [],
    "options": [
      "A. alpha : beta : gamma = 1:3:2",
      "B. alpha : beta : gamma = 1:2:3",
      "C. alpha : beta : gamma = 2:3:1",
      "D. alpha : beta : gamma = 3:1:2"
    ],
    "option_images": [],
    "answer": "B",
    "solution": "$\\beta = 2\\alpha$ and $\\gamma = 3\\alpha$. Ratio $1:2:3$.",
    "solution_images": [],
    "difficulty": "Easy",
    "marks": 4
  },
  {
    "id": 17,
    "chapter": "Thermal Properties of Matter",
    "question": "Choose correct relation.",
    "question_latex": "Choose correct relation.",
    "question_images": [],
    "options": [
      "A. gamma = 2 beta = 3 alpha",
      "B. alpha = beta / 2 = gamma / 3",
      "C. alpha = 2 beta = 3 gamma",
      "D. 3 alpha = beta = 2 gamma"
    ],
    "option_images": [],
    "answer": "B",
    "solution": "From $\\alpha : \\beta : \\gamma = 1:2:3$.",
    "solution_images": [],
    "difficulty": "Easy",
    "marks": 4
  },
  {
    "id": 18,
    "chapter": "Thermal Properties of Matter",
    "question": "The value of temperature at absolute zero is",
    "question_latex": "The value of temperature at absolute zero is",
    "question_images": [],
    "options": [
      "A. 0°C",
      "B. 100°C",
      "C. 273.15°C",
      "D. -273.15°C"
    ],
    "option_images": [],
    "answer": "D",
    "solution": "$0 K = -273.15^{\\circ}C$.",
    "solution_images": [],
    "difficulty": "Easy",
    "marks": 4
  },
  {
    "id": 19,
    "chapter": "Thermal Properties of Matter",
    "question": "A wall has two layers A and B each made of a different material. Both the layers have the same thickness. The thermal conductivity of the material of A is twice that of B. Under thermal equillibrium, the temperature difference across the wall is 36°C. The temperature difference across the layer A is:",
    "question_latex": "A wall has two layers A and B each made of a different material. Both the layers have the same thickness. The thermal conductivity of the material of A is twice that of B. Under thermal equillibrium, the temperature difference across the wall is $36^{\\circ}C$. The temperature difference across the layer A is:",
    "question_images": [],
    "options": [
      "A. 6°C",
      "B. 12°C",
      "C. 18°C",
      "D. 24°C"
    ],
    "option_images": [],
    "answer": "B",
    "solution": "$Q/t$ is same. $K_{A}\\Delta T_{A} = K_{B}\\Delta T_{B} \\Rightarrow 2K_{B}\\Delta T_{A} = K_{B}\\Delta T_{B} \\Rightarrow \\Delta T_{B} = 2\\Delta T_{A}$. Since $\\Delta T_{A} + \\Delta T_{B} = 36 \\Rightarrow 3\\Delta T_{A} = 36 \\Rightarrow \\Delta T_{A} = 12^{\\circ}C$.",
    "solution_images": [],
    "difficulty": "Medium",
    "marks": 4
  },
  {
    "id": 20,
    "chapter": "Thermal Properties of Matter",
    "question": "Which one of the following specifications would you select for the material to make fuse wire?",
    "question_latex": "Which one of the following specifications would you select for the material to make fuse wire?",
    "question_images": [],
    "options": [
      "A. greater specific heat, less melting point",
      "B. less specific heat, less melting point.",
      "C. greater specific heat, greater melting point",
      "D. less specific heat, greater melting point"
    ],
    "option_images": [],
    "answer": "B",
    "solution": "Low specific heat ensures it heats up quickly, and low melting point ensures it breaks early during current surges.",
    "solution_images": [],
    "difficulty": "Easy",
    "marks": 4
  },
  {
    "id": 21,
    "chapter": "Thermal Properties of Matter",
    "question": "A body was supplied 4200 J of heat in kcal it will be equal to",
    "question_latex": "A body was supplied $4200$ J of heat in kcal it will be equal to",
    "question_images": [],
    "options": [
      "A. 0.1 kcal",
      "B. 10 kcal",
      "C. 1 kcal",
      "D. 100 kcal"
    ],
    "option_images": [],
    "answer": "C",
    "solution": "$1 kcal = 4184$ J $\\approx 4200$ J.",
    "solution_images": [],
    "difficulty": "Easy",
    "marks": 4
  },
  {
    "id": 22,
    "chapter": "Thermal Properties of Matter",
    "question": "Wood is an example of",
    "question_latex": "Wood is an example of",
    "question_images": [],
    "options": [
      "A. Adiabatic",
      "B. Diathermic",
      "C. Thermic",
      "D. Non-adiabatic"
    ],
    "option_images": [],
    "answer": "A",
    "solution": "Adiabatic materials (insulators) resist the flow of heat. Wood is a poor conductor.",
    "solution_images": [],
    "difficulty": "Easy",
    "marks": 4
  },
  {
    "id": 23,
    "chapter": "Thermal Properties of Matter",
    "question": "The coefficient of volume expansion of glycerine is 49 x 10^-5 K^-1. What is the fractional change in its density for a 30°C rise in temperature?",
    "question_latex": "The coefficient of volume expansion of glycerine is $49\\times10^{-5}K^{-1}$. What is the fractional change in its density for a $30^{\\circ}C$ rise in temperature?",
    "question_images": [],
    "options": [
      "A. 0.0145",
      "B. 0.0154",
      "C. 0.154",
      "D. 1.144"
    ],
    "option_images": [],
    "answer": "A",
    "solution": "$\\Delta\\rho / \\rho = \\gamma\\Delta T = 49 \\times 10^{-5} \\times 30 = 0.0147$. Rounded to $0.0145$.",
    "solution_images": [],
    "difficulty": "Medium",
    "marks": 4
  },
  {
    "id": 24,
    "chapter": "Thermal Properties of Matter",
    "question": "The volume of a liquid is 830 m^3 at 30°C and it is 850 m^3 at 90°C, the coefficient of volume expansion of liquid is",
    "question_latex": "The volume of a liquid is $830~m^{3}$ at $30^{\\circ}C$ and it is $850~m^{3}$ at $90^{\\circ}C$, the coefficient of volume expansion of liquid is",
    "question_images": [],
    "options": [
      "A. 4 x 10^-4 per °C",
      "B. 5 x 10^-4 per °C",
      "C. 2 x 10^-4 per °C",
      "D. 3 x 10^-4 per °C"
    ],
    "option_images": [],
    "answer": "A",
    "solution": "$\\gamma = \\frac{\\Delta V}{V_{1}\\Delta T} = \\frac{20}{830 \\times 60} = \\frac{1}{2490} \\approx 4 \\times 10^{-4} / ^{\\circ}C$.",
    "solution_images": [],
    "difficulty": "Easy",
    "marks": 4
  },
  {
    "id": 25,
    "chapter": "Thermal Properties of Matter",
    "question": "When 0.2 kg of ice at 0°C is mixed with 0.5 kg of water at 40°C in a container, the resulting temperature of the mixture is 8.8°C Calculate the heat of fusion of ice. (swater = 4186 J/kgK)",
    "question_latex": "When $0.2$ kg of ice at $0^{\\circ}C$ is mixed with $0.5$ kg of water at $40^{\\circ}C$ in a container, the resulting temperature of the mixture is $8.8^{\\circ}C$ Calculate the heat of fusion of ice. ($s_{water} = 4186~J~kg^{-1}K^{-1}$)",
    "question_images": [],
    "options": [
      "A. 2.9 x 10^5 J/kg",
      "B. 1.9 x 10^5 J/kg",
      "C. 3.9 x 10^5 J/kg",
      "D. 4.9 x 10^5 J/kg"
    ],
    "option_images": [],
    "answer": "A",
    "solution": "$m_{i}L_{f} + m_{i}s_{w}(8.8-0) = m_{w}s_{w}(40-8.8)$. $0.2 L_{f} + 0.2 \\times 4186 \\times 8.8 = 0.5 \\times 4186 \\times 31.2 \\Rightarrow 0.2 L_{f} = 65301.6 - 7367.36 \\Rightarrow L_{f} \\approx 2.9 \\times 10^{5}$ J/kg.",
    "solution_images": [],
    "difficulty": "Hard",
    "marks": 4
  },
  {
    "id": 26,
    "chapter": "Thermal Properties of Matter",
    "question": "A balloon is filled at 27°C and 1 atmospheric pressure by volume 500 m^3 helium gas. At -3°C and 0.5 atmospheric pressure, the volume of helium gas will be [2025]",
    "question_latex": "A balloon is filled at $27^{\\circ}C$ and $1$ atmospheric pressure by volume $500~m^{3}$ helium gas. At $-3^{\\circ}C$ and $0.5$ atmospheric pressure, the volume of helium gas will be [2025]",
    "question_images": [],
    "options": [
      "A. 700 m^3",
      "B. 500 m^3",
      "C. 1000 m^3",
      "D. 900 m^3"
    ],
    "option_images": [],
    "answer": "D",
    "solution": "$\\frac{P_{1}V_{1}}{T_{1}} = \\frac{P_{2}V_{2}}{T_{2}} \\Rightarrow \\frac{1 \\times 500}{300} = \\frac{0.5 \\times V_{2}}{270} \\Rightarrow V_{2} = \\frac{500 \\times 270 \\times 2}{300} = 900~m^{3}$.",
    "solution_images": [],
    "difficulty": "Medium",
    "marks": 4
  },
  {
    "id": 27,
    "chapter": "Thermal Properties of Matter",
    "question": "The pressure reading in a thermometer at steam point is 1.5 x 10^3 Pa. What is the pressure reading at triple point knowing the linear relationship between temperature and pressure?",
    "question_latex": "The pressure reading in a thermometer at steam point is $1.5\\times10^{3}$ Pa. What is the pressure reading at triple point knowing the linear relationship between temperature and pressure?",
    "question_images": [],
    "options": [
      "A. 1.45 x 10^3 Pa",
      "B. 1.23 x 10^3 Pa",
      "C. 1.04 x 10^3 Pa",
      "D. 1.01 x 10^3 Pa"
    ],
    "option_images": [],
    "answer": "D",
    "solution": "$P \\propto T$. $P_{steam}/P_{triple} = 373.15 / 273.16 \\Rightarrow P_{triple} = 1.5 \\times 10^{3} \\times (273.16 / 373.15) \\approx 1.1 \\times 10^{3} Pa$. (Closest option is D).",
    "solution_images": [],
    "difficulty": "Medium",
    "marks": 4
  },
  {
    "id": 28,
    "chapter": "Thermal Properties of Matter",
    "question": "A difference of temperature of 35°C is equivalent to a difference of [2025]",
    "question_latex": "A difference of temperature of $35^{\\circ}C$ is equivalent to a difference of [2025]",
    "question_images": [],
    "options": [
      "A. 35°F",
      "B. 32°F",
      "C. 63°F",
      "D. 72°F"
    ],
    "option_images": [],
    "answer": "C",
    "solution": "$\\Delta F = \\frac{9}{5} \\Delta C = \\frac{9}{5} \\times 35 = 63^{\\circ}F$.",
    "solution_images": [],
    "difficulty": "Easy",
    "marks": 4
  },
  {
    "id": 29,
    "chapter": "Thermal Properties of Matter",
    "question": "A body cooled down from 50°C to 49.9°C in 10s. How long will it take to cool from 40°C to 39.9°C if the temperature of the surrounding is 30°C?",
    "question_latex": "A body cooled down from $50^{\\circ}C$ to $49.9^{\\circ}C$ in $10$s. How long will it take to cool from $40^{\\circ}C$ to $39.9^{\\circ}C$ if the temperature of the surrounding is $30^{\\circ}C$?",
    "question_images": [],
    "options": [
      "A. 20 S",
      "B. 10 S",
      "C. 5 S",
      "D. 2.5 S"
    ],
    "option_images": [],
    "answer": "A",
    "solution": "Case 1: $\\Delta T/t = K(\\Delta\\theta)$. $0.1/10 = K(50-30) \\Rightarrow K = 0.01/20$. Case 2: $0.1/t = K(40-30) = 10 K = 10(0.01/20) = 0.005 \\Rightarrow t = 0.1/0.005 = 20$ s.",
    "solution_images": [],
    "difficulty": "Hard",
    "marks": 4
  },
  {
    "id": 30,
    "chapter": "Thermal Properties of Matter",
    "question": "The value of zero kelvin on celsius scale can be",
    "question_latex": "The value of zero kelvin on celsius scale can be",
    "question_images": [],
    "options": [
      "A. -32°C",
      "B. -273°C",
      "C. 100°C",
      "D. 0°C"
    ],
    "option_images": [],
    "answer": "B",
    "solution": "$0 K = -273.15^{\\circ}C$.",
    "solution_images": [],
    "difficulty": "Easy",
    "marks": 4
  },
  {
    "id": 31,
    "chapter": "Thermal Properties of Matter",
    "question": "Rails of material of steel are laid with gaps to allow for thermal expansion. Each track is 10 m long, when laid at temperature 17°C. The maximum temperature that can be reached is 45°C. The gap to be kept between the two segments of railway track is (alpha_steel = 1.3 x 10^-5/°C) [MHT-CET 2024]",
    "question_latex": "Rails of material of steel are laid with gaps to allow for thermal expansion. Each track is $10$ m long, when laid at temperature $17^{\\circ}C$. The maximum temperature that can be reached is $45^{\\circ}C$. The gap to be kept between the two segments of railway track is ($\\alpha_{steel} = 1.3\\times10^{-5}/^{\\circ}C$) [MHT-CET 2024]",
    "question_images": [],
    "options": [
      "A. 3.64 mm",
      "B. 2.06 mm",
      "C. 4.32 mm",
      "D. 1.68 mm"
    ],
    "option_images": [],
    "answer": "A",
    "solution": "$\\Delta L = 10 \\times 1.3 \\times 10^{-5} \\times 28 = 3.64 \\times 10^{-3}~m = 3.64$ mm.",
    "solution_images": [],
    "difficulty": "Easy",
    "marks": 4
  },
  {
    "id": 32,
    "chapter": "Thermal Properties of Matter",
    "question": "Hailstone at 0°C falls from a height of 1 km on an insulating surface converting whole of its K.E. into heat. How much part of ice will melt? (g = 10 m/s^2)",
    "question_latex": "Hailstone at $0^{\\circ}C$ falls from a height of $1$ km on an insulating surface converting whole of its $K.E.$ into heat. How much part of ice will melt? ($g = 10~m/s^{2}$)",
    "question_images": [],
    "options": [
      "A. 1/33",
      "B. 1/8",
      "C. 1/33 x 10^-4",
      "D. 0.5"
    ],
    "option_images": [],
    "answer": "A",
    "solution": "$Mgh = m L_{f} \\Rightarrow m/M = gh / L_{f} = (10 \\times 1000) / (4.2 \\times 80 \\times 10^{3}) \\approx 1/33$.",
    "solution_images": [],
    "difficulty": "Hard",
    "marks": 4
  },
  {
    "id": 33,
    "chapter": "Thermal Properties of Matter",
    "question": "A thermally insulated rod of cross-sectional area A is composed of two sections of lengths L1 and L2 and the coefficients of thermal conductivity K1 and K2 respectively. One end of the rod is kept at temperature theta1 and the other end at theta2 The temperature of the interface of the two sections is which is given by [2025]",
    "question_latex": "A thermally insulated rod of cross-sectional area $A$ is composed of two sections of lengths $L_{1}$ and $L_{2}$ and the coefficients of thermal conductivity $K_{1}$ and $K_{2}$ respectively. One end of the rod is kept at temperature $\\theta_{1}$ and the other end at $\\theta_{2}$. The temperature of the interface of the two sections is which is given by [2025]",
    "question_images": [],
    "options": [
      "A. (K1 L2 theta1 + K2 L1 theta2) / (K1 L2 + K2 L1)",
      "B. (K2 L2 theta1 + K1 L1 theta2) / (K1 L2 + K2 L1)",
      "C. (K1 L2 theta2 + K2 L1 theta1) / (K1 L2 + K2 L1)",
      "D. (K2 L2 theta2 + K1 L1 theta1) / (K1 L2 + K2 L1)"
    ],
    "option_images": [],
    "answer": "A",
    "solution": "$Q/t = \\frac{K_{1}A(\\theta_{1}-\\theta)}{L_{1}} = \\frac{K_{2}A(\\theta-\\theta_{2})}{L_{2}}$. Solving for $\\theta$ gives $\\frac{K_{1}L_{2}\\theta_{1} + K_{2}L_{1}\\theta_{2}}{K_{1}L_{2} + K_{2}L_{1}}$.",
    "solution_images": [],
    "difficulty": "Hard",
    "marks": 4
  },
  {
    "id": 34,
    "chapter": "Thermal Properties of Matter",
    "question": "A gas at 800°C is cooled until both its pressure and volume are halved. The final temperature of the gas will be [2025]",
    "question_latex": "A gas at $800^{\\circ}C$ is cooled until both its pressure and volume are halved. The final temperature of the gas will be [2025]",
    "question_images": [],
    "options": [
      "A. 473 K",
      "B. 373.25 K",
      "C. 268.25 K",
      "D. 293.29 K"
    ],
    "option_images": [],
    "answer": "C",
    "solution": "$T_{1} = 1073 K$. $\\frac{P_{1}V_{1}}{T_{1}} = \\frac{(P_{1}/2)(V_{1}/2)}{T_{2}} \\Rightarrow T_{2} = T_{1} / 4 = 1073 / 4 = 268.25 K$.",
    "solution_images": [],
    "difficulty": "Medium",
    "marks": 4
  },
  {
    "id": 35,
    "chapter": "Thermal Properties of Matter",
    "question": "Two uniform brass rods A and B of length 'l' and '2l' and their radii '2 r' and 'r' respectively are heated to same temperature. The ratio of the increases in the volume of rod A to that of rod B is [MHT-CET 2023]",
    "question_latex": "Two uniform brass rods A and B of length '$l$' and '$2l$' and their radii '$2r$' and '$r$' respectively are heated to same temperature. The ratio of the increases in the volume of rod A to that of rod B is [MHT-CET 2023]",
    "question_images": [],
    "options": [
      "A. 1:2",
      "B. 1:1",
      "C. 2:1",
      "D. 1:4"
    ],
    "option_images": [],
    "answer": "C",
    "solution": "$\\Delta V = V_{i}\\gamma\\Delta T$. Ratio $\\Delta V_{A} / \\Delta V_{B} = V_{A} / V_{B} = (\\pi(2r)^{2}l) / (\\pi r^{2}(2l)) = 4 / 2 = 2$.",
    "solution_images": [],
    "difficulty": "Easy",
    "marks": 4
  },
  {
    "id": 36,
    "chapter": "Thermal Properties of Matter",
    "question": "A composite rod is made by joining two different materials of lengths l1 and l2 Their co-efficient of linear expansion is alpha1 and alpha2 respectively, then what will be the co-efficient of linear expansion of composite rod when its temperature changes from t1°C to t2°C?",
    "question_latex": "A composite rod is made by joining two different materials of lengths $l_{1}$ and $l_{2}$ Their co-efficient of linear expansion is $\\alpha_{1}$ and $\\alpha_{2}$ respectively, then what will be the co-efficient of linear expansion of composite rod when its temperature changes from $t_{1}^{\\circ}C$ to $t_{2}^{\\circ}C$?",
    "question_images": [],
    "options": [
      "A. alpha1 alpha2 / (alpha1 + alpha2)",
      "B. alpha1 l1 + alpha2 l2",
      "C. (l1 alpha1 + l2 alpha2) / (l1 + l2)",
      "D. alpha1 - alpha2"
    ],
    "option_images": [],
    "answer": "C",
    "solution": "Total expansion $\\Delta L = (l_{1}+l_{2})\\alpha_{c}\\Delta T = l_{1}\\alpha_{1}\\Delta T + l_{2}\\alpha_{2}\\Delta T \\Rightarrow \\alpha_{c} = \\frac{l_{1}\\alpha_{1} + l_{2}\\alpha_{2}}{l_{1} + l_{2}}$.",
    "solution_images": [],
    "difficulty": "Medium",
    "marks": 4
  },
  {
    "id": 37,
    "chapter": "Thermal Properties of Matter",
    "question": "A sheet of steel is 40 cm long and 5 cm broad at 0°C. the surface area of the sheet increases by 1.4 cm^2 at 100°C. Coefficient of linear expansion of steel is [MHT-CET 2024]",
    "question_latex": "A sheet of steel is $40$ cm long and $5$ cm broad at $0^{\\circ}C$. the surface area of the sheet increases by $1.4~cm^{2}$ at $100^{\\circ}C$. Coefficient of linear expansion of steel is [MHT-CET 2024]",
    "question_images": [],
    "options": [
      "A. 2.4 x 10^-5/°C",
      "B. 7 x 10^-5/°C",
      "C. 3.5 x 10^-5/°C",
      "D. 1.9 x 10^-5/°C"
    ],
    "option_images": [],
    "answer": "C",
    "solution": "Area $A = 200~cm^{2}$. $\\beta = \\frac{\\Delta A}{A\\Delta T} = \\frac{1.4}{200 \\times 100} = 7 \\times 10^{-5} / ^{\\circ}C$. $\\alpha = \\beta / 2 = 3.5 \\times 10^{-5} / ^{\\circ}C$.",
    "solution_images": [],
    "difficulty": "Easy",
    "marks": 4
  },
  {
    "id": 38,
    "chapter": "Thermal Properties of Matter",
    "question": "Which temperature has same value in centigrade scale and fehrenheit scale?",
    "question_latex": "Which temperature has same value in centigrade scale and fehrenheit scale?",
    "question_images": [],
    "options": [
      "A. -10",
      "B. -40",
      "C. 0",
      "D. 40"
    ],
    "option_images": [],
    "answer": "B",
    "solution": "$C/5 = (F-32)/9$. Let $C=F=x$. $9x = 5x - 160 \\Rightarrow 4x = -160 \\Rightarrow x = -40$.",
    "solution_images": [],
    "difficulty": "Easy",
    "marks": 4
  },
  {
    "id": 39,
    "chapter": "Thermal Properties of Matter",
    "question": "In steady state, quantity of heat conducted through solid is proportional to_",
    "question_latex": "In steady state, quantity of heat conducted through solid is proportional to_",
    "question_images": [],
    "options": [
      "A. volume",
      "B. density",
      "C. length",
      "D. cross sectional area"
    ],
    "option_images": [],
    "answer": "D",
    "solution": "$Q \\propto A$ (area of cross section).",
    "solution_images": [],
    "difficulty": "Easy",
    "marks": 4
  },
  {
    "id": 40,
    "chapter": "Thermal Properties of Matter",
    "question": "If heat received by a 5 kg mass of a material of specific heat capacity 448 J/kgK is 12000 J. What is the temperature rise of the body?",
    "question_latex": "If heat received by a $5$ kg mass of a material of specific heat capacity $448~J.kg^{-1}K^{-1}$ is $12000$ J. What is the temperature rise of the body?",
    "question_images": [],
    "options": [
      "A. 5.36 K",
      "B. 4.33 K",
      "C. 55 K",
      "D. 2.45 K"
    ],
    "option_images": [],
    "answer": "A",
    "solution": "$\\Delta T = Q / (ms) = 12000 / (5 \\times 448) = 12000 / 2240 \\approx 5.36 K$.",
    "solution_images": [],
    "difficulty": "Easy",
    "marks": 4
  },
  {
    "id": 41,
    "chapter": "Thermal Properties of Matter",
    "question": "The time rate of heat flow 'Q/t' through a metal rod of length, area of cross section 'A' and thermal conductivity 'K' is given by where T1 and T2 is the temperature (T1 > T2) and RT is the thermal resistance. The value of thermal resistance of the rod in terms of 'x', 'A' and 'K' is [2025]",
    "question_latex": "The time rate of heat flow '$Q/t$' through a metal rod of length, area of cross section '$A$' and thermal conductivity '$K$' is given by where $T_{1}$ and $T_{2}$ is the temperature ($T_{1}>T_{2}$) and $R_{T}$ is the thermal resistance. The value of thermal resistance of the rod in terms of '$x$', '$A$' and '$K$' is [2025]",
    "question_images": [],
    "options": [
      "A. KA / x",
      "B. xK / A",
      "C. xA / K",
      "D. x / KA"
    ],
    "option_images": [],
    "answer": "D",
    "solution": "$R_{T} = \\frac{L}{KA}$. Here length is $x$, so $R_{T} = x / KA$.",
    "solution_images": [],
    "difficulty": "Easy",
    "marks": 4
  },
  {
    "id": 42,
    "chapter": "Thermal Properties of Matter",
    "question": "The quantity of heat needed to raise or lower the temperature of the whole body by 1°C is called",
    "question_latex": "The quantity of heat needed to raise or lower the temperature of the whole body by $1^{\\circ}C$ is called",
    "question_images": [],
    "options": [
      "A. Specific heat capacity",
      "B. Heat capacity",
      "C. Linear capacity",
      "D. None of the above"
    ],
    "option_images": [],
    "answer": "B",
    "solution": "Heat capacity is the heat required for the whole body's unit temperature change.",
    "solution_images": [],
    "difficulty": "Easy",
    "marks": 4
  },
  {
    "id": 43,
    "chapter": "Thermal Properties of Matter",
    "question": "A body cools from 80°C to 50°C in 5 min. In the next time of 't' in, the body continues to cool from 50°C to 30°C. The total time taken by the body to cool from 80°C to 30°C is [The temperature of the surroundings is 20°C.] [2025]",
    "question_latex": "A body cools from $80^{\\circ}C$ to $50^{\\circ}C$ in $5$ min. In the next time of '$t$' in, the body continues to cool from $50^{\\circ}C$ to $30^{\\circ}C$. The total time taken by the body to cool from $80^{\\circ}C$ to $30^{\\circ}C$ is [The temperature of the surroundings is $20^{\\circ}C$.] [2025]",
    "question_images": [],
    "options": [
      "A. 12.5 min",
      "B. 7.5 min",
      "C. 10 min",
      "D. 15.0 min"
    ],
    "option_images": [],
    "answer": "A",
    "solution": "Newton's law: $(80-50)/5 = K(65-20) \\Rightarrow 6 = 45 K \\Rightarrow K = 6/45 = 2/15$. For next step: $(50-30)/t = K(40-20) \\Rightarrow 20/t = 20 K \\Rightarrow 1/t = K = 2/15 \\Rightarrow t = 7.5$ min. Total time $= 5 + 7.5 = 12.5$ min.",
    "solution_images": [],
    "difficulty": "Hard",
    "marks": 4
  },
  {
    "id": 44,
    "chapter": "Thermal Properties of Matter",
    "question": "The ratio of thermal conductivity of two rods A and B of different materials is 5:4. The two rods of same area of cross-section and same thermal resistance will have the lengths in the ration (A to B) [MHT-CET 2023]",
    "question_latex": "The ratio of thermal conductivity of two rods A and B of different materials is $5:4$. The two rods of same area of cross-section and same thermal resistance will have the lengths in the ration (A to B) [MHT-CET 2023]",
    "question_images": [],
    "options": [
      "A. 1:9",
      "B. 9:1",
      "C. 4:5",
      "D. 5:4"
    ],
    "option_images": [],
    "answer": "D",
    "solution": "$R_{T} = L / (KA)$. If $R_{T}$ and $A$ are same, $L \\propto K$. Ratio $L_{A} : L_{B} = K_{A} : K_{B} = 5 : 4$.",
    "solution_images": [],
    "difficulty": "Medium",
    "marks": 4
  },
  {
    "id": 45,
    "chapter": "Thermal Properties of Matter",
    "question": "The unit of coefficient of linear expansion=__",
    "question_latex": "The unit of coefficient of linear expansion=__",
    "question_images": [],
    "options": [
      "A. °C",
      "B. °C-1",
      "C. m",
      "D. m °C^-1"
    ],
    "option_images": [],
    "answer": "B",
    "solution": "Unit is $/ ^{\\circ}C$ or $^{\\circ}C^{-1}$.",
    "solution_images": [],
    "difficulty": "Easy",
    "marks": 4
  },
  {
    "id": 46,
    "chapter": "Thermal Properties of Matter",
    "question": "On a fehranheit scale, the distance between the ice point and steam point is 18 cm. Then length of a half degree on the thermometer can be",
    "question_latex": "On a fehranheit scale, the distance between the ice point and steam point is $18$ cm. Then length of a half degree on the thermometer can be",
    "question_images": [],
    "options": [
      "A. 1 mm",
      "B. 0.5 mm",
      "C. 1 cm",
      "D. 0.05 mm"
    ],
    "option_images": [],
    "answer": "B",
    "solution": "180 divisions correspond to 18 cm. 1 division = 0.1 cm. Half degree = 0.05 cm = 0.5 mm.",
    "solution_images": [],
    "difficulty": "Medium",
    "marks": 4
  },
  {
    "id": 47,
    "chapter": "Thermal Properties of Matter",
    "question": "When 0.2 kcal of heat is supplied to a gas, it expands by 2.1 litres against an external pressure of 10^5 N/m^2, then calculate increase in internal energy.",
    "question_latex": "When $0.2$ kcal of heat is supplied to a gas, it expands by $2.1$ litres against an external pressure of $10^{5}N/m^{2}$, then calculate increase in internal energy.",
    "question_images": [],
    "options": [
      "A. 840 J",
      "B. 1050 J",
      "C. 210 J",
      "D. 630 J"
    ],
    "option_images": [],
    "answer": "D",
    "solution": "$dQ = 0.2 \\times 4200 = 840 J$. $dW = P\\Delta V = 10^{5} \\times 2.1 \\times 10^{-3} = 210 J$. $dU = dQ - dW = 840 - 210 = 630 J$.",
    "solution_images": [],
    "difficulty": "Hard",
    "marks": 4
  },
  {
    "id": 48,
    "chapter": "Thermal Properties of Matter",
    "question": "Newton's law of cooling holds good only, if the temperature difference between the body and the surroundings is [MHT-CET 2006]",
    "question_latex": "Newton's law of cooling holds good only, if the temperature difference between the body and the surroundings is [MHT-CET 2006]",
    "question_images": [],
    "options": [
      "A. less than 10°C",
      "B. more than 10°C",
      "C. less than 100°C",
      "D. more than 100°C"
    ],
    "option_images": [],
    "answer": "A",
    "solution": "The law is a linear approximation valid for small temperature differences.",
    "solution_images": [],
    "difficulty": "Easy",
    "marks": 4
  },
  {
    "id": 49,
    "chapter": "Thermal Properties of Matter",
    "question": "Rate of flow of heat through a cylindrical rod is 'H1'. The temperature at the ends of the rod are 'T1' and 'T2'. If all the dimensions of the rod become double and the temperature difference remains the same, the rate of flow of heat becomes 'H2'. Then [MHT-CET 2024]",
    "question_latex": "Rate of flow of heat through a cylindrical rod is '$H_{1}$'. The temperature at the ends of the rod are '$T_{1}$' and '$T_{2}$'. If all the dimensions of the rod become double and the temperature difference remains the same, the rate of flow of heat becomes '$H_{2}$'. Then [MHT-CET 2024]",
    "question_images": [],
    "options": [
      "A. H2 = 2H1",
      "B. H2 = H1 / 4",
      "C. H2 = H1 / 2",
      "D. H2 = 4H1"
    ],
    "option_images": [],
    "answer": "A",
    "solution": "Duplicate of 307. $H_{2} = 2H_{1}$.",
    "solution_images": [],
    "difficulty": "Easy",
    "marks": 4
  },
  {
    "id": 50,
    "chapter": "Thermal Properties of Matter",
    "question": "On an imaginary linear scale of temperature (called 'W' scale) the freezing and boiling points of water are 39°W and 239°W respectively. The temperature on the new scale corresponding to 39°C temperature on Celsius scale will be [MHT-CET 2021]",
    "question_latex": "On an imaginary linear scale of temperature (called 'W' scale) the freezing and boiling points of water are $39^{\\circ}W$ and $239^{\\circ}W$ respectively. The temperature on the new scale corresponding to $39^{\\circ}C$ temperature on Celsius scale will be [MHT-CET 2021]",
    "question_images": [],
    "options": [
      "A. 200°W",
      "B. 117°W",
      "C. 78°W",
      "D. 139°W"
    ],
    "option_images": [],
    "answer": "B",
    "solution": "$\\frac{C-0}{100-0} = \\frac{W-39}{239-39} \\Rightarrow \\frac{39}{100} = \\frac{W-39}{200} \\Rightarrow W-39 = 78 \\Rightarrow W = 117^{\\circ}W$.",
    "solution_images": [],
    "difficulty": "Medium",
    "marks": 4
  },
  {
    "id": 51,
    "chapter": "Thermal Properties of Matter",
    "question": "Mercury is a",
    "question_latex": "Mercury is a",
    "question_images": [],
    "options": [
      "A. good conductor of heat",
      "B. partial conductor of heat",
      "C. bad conductor of heat",
      "D. good conductor of heat at high temperature"
    ],
    "option_images": [],
    "answer": "A",
    "solution": "Mercury is a metal and a good conductor of heat, commonly used in thermometers.",
    "solution_images": [],
    "difficulty": "Easy",
    "marks": 4
  },
  {
    "id": 52,
    "chapter": "Thermal Properties of Matter",
    "question": "Rate of flow of heat through a cylindrical rod is H1. The temperature of the ends of the rod are T1 and T2. If all the dimensions of the rod become double and the temperature difference remains the same and if the rate of flow of heat becomes H2, then choose correct option.",
    "question_latex": "Rate of flow of heat through a cylindrical rod is $H_{1}$. The temperature of the ends of the rod are $T_{1}$ and $T_{2}$. If all the dimensions of the rod become double and the temperature difference remains the same and if the rate of flow of heat becomes $H_{2}$, then choose correct option.",
    "question_images": [
      "q352_1"
    ],
    "options": [
      "A. H2 = 4H1",
      "B. H2 = H1 / 2",
      "C. H2 = 2H1",
      "D. H2 = H1 / 4"
    ],
    "option_images": [],
    "answer": "C",
    "solution": "Duplicate of 307/349. $H_{2} = 2H_{1}$.",
    "solution_images": [],
    "difficulty": "Easy",
    "marks": 4
  },
  {
    "id": 53,
    "chapter": "Thermal Properties of Matter",
    "question": "A wall has two layers A and B each made of different material. Both the layers have same thickness. The thermal conductivity of material A is twice that of B. Under thermal equilibrium, the temperature difference across the wall is 36°C. The temperature difference across the layer A is [2025]",
    "question_latex": "A wall has two layers A and B each made of different material. Both the layers have same thickness. The thermal conductivity of material A is twice that of B. Under thermal equilibrium, the temperature difference across the wall is $36^{\\circ}C$. The temperature difference across the layer A is [2025]",
    "question_images": [
      "q353_1"
    ],
    "options": [
      "A. 12°C",
      "B. 24°C",
      "C. 18°C",
      "D. 6°C"
    ],
    "option_images": [],
    "answer": "A",
    "solution": "Duplicate of 319. $\\Delta T_{A} = 12^{\\circ}C$.",
    "solution_images": [],
    "difficulty": "Medium",
    "marks": 4
  },
  {
    "id": 54,
    "chapter": "Thermal Properties of Matter",
    "question": "The above graph shows the phase diagram of ice at 0°C. What is the state of ice at point D?",
    "question_latex": "The above graph shows the phase diagram of ice at $0^{\\circ}C.$ What is the state of ice at point D?",
    "question_images": [
      "q354_1"
    ],
    "options": [
      "A. Solid",
      "B. Liquid",
      "C. Gas",
      "D. None of these"
    ],
    "option_images": [],
    "answer": "C",
    "solution": "Point D represents the gaseous (water vapor) phase in the P-T phase diagram.",
    "solution_images": [],
    "difficulty": "Easy",
    "marks": 4
  },
  {
    "id": 55,
    "chapter": "Thermal Properties of Matter",
    "question": "If the specific heat of a gas at constant volume is 3/2 R, then what will be the value of gamma?",
    "question_latex": "If the specific heat of a gas at constant volume is $\\frac{3}{2}R$, then what will be the value of $\\gamma$?",
    "question_images": [],
    "options": [
      "A. 3/5",
      "B. 5/4",
      "C. 5/2",
      "D. 5/3"
    ],
    "option_images": [],
    "answer": "D",
    "solution": "$C_{p} = C_{v} + R = 1.5R + R = 2.5R$. $\\gamma = C_{p}/C_{v} = 2.5/1.5 = 5/3$.",
    "solution_images": [],
    "difficulty": "Easy",
    "marks": 4
  },
  {
    "id": 56,
    "chapter": "Thermal Properties of Matter",
    "question": "What can be length of steel rod and copper rod so that length of steel rod is 5 cm longer than the copper rod at all temperatures? (alpha_c = 17 x 10^-6/°C and alpha_s = 11 x 10^-6/°C)",
    "question_latex": "What can be length of steel rod and copper rod so that length of steel rod is $5$ cm longer than the copper rod at all temperatures? ($\\alpha_{c}=17\\times10^{-6}/^{\\circ}C$ and $\\alpha_{s}=11\\times10^{-6}/^{\\circ}C$)",
    "question_images": [],
    "options": [
      "A. 14.17 cm, 9.17 cm",
      "B. 21.08 cm, 16.08 cm",
      "C. 16.27 cm, 11.27 cm",
      "D. 8.15 cm, 8.15 cm"
    ],
    "option_images": [],
    "answer": "A",
    "solution": "Constant difference $\\Rightarrow \\Delta L_{s} = \\Delta L_{c} \\Rightarrow L_{s}\\alpha_{s} = L_{c}\\alpha_{c}$. Also $L_{s} - L_{c} = 5$. $L_{c} = L_{s}(11/17)$. $L_{s} - 11/17 L_{s} = 5 \\Rightarrow 6/17 L_{s} = 5 \\Rightarrow L_{s} = 85/6 = 14.17$ cm. $L_{c} = 9.17$ cm.",
    "solution_images": [],
    "difficulty": "Hard",
    "marks": 4
  },
  {
    "id": 57,
    "chapter": "Thermal Properties of Matter",
    "question": "972.5 J of heat is supplied to copper vessel of mass 0.25 kg to rise its temperature by 10°C, Calculate specific heat capacity of copper.",
    "question_latex": "$972.5$ J of heat is supplied to copper vessel of mass $0.25$ kg to rise its temperature by $10^{\\circ}C$, Calculate specific heat capacity of copper.",
    "question_images": [],
    "options": [
      "A. 980 J/kgK",
      "B. 778 J/kgK",
      "C. 389 J/kgK",
      "D. 97.25 J/kgK"
    ],
    "option_images": [],
    "answer": "C",
    "solution": "$s = Q / (m\\Delta T) = 972.5 / (0.25 \\times 10) = 389$ J/kgK.",
    "solution_images": [],
    "difficulty": "Easy",
    "marks": 4
  },
  {
    "id": 58,
    "chapter": "Thermal Properties of Matter",
    "question": "A graph is plotted taking the temperature in Fahrenheit along Y-axis and the corresponding temperature in Celsius along the X-axis. Then the graph can be",
    "question_latex": "A graph is plotted taking the temperature in Fahrenheit along Y-axis and the corresponding temperature in Celsius along the X-axis. Then the graph can be",
    "question_images": [
      "q358_1"
    ],
    "options": [
      "A. a circle",
      "B. a straight line having a positive intercept on the Y axis",
      "C. a parabola",
      "D. a straight line passing through the origin"
    ],
    "option_images": [],
    "answer": "B",
    "solution": "$F = 1.8C + 32$. Intercept is $+32$ on F-axis.",
    "solution_images": [],
    "difficulty": "Easy",
    "marks": 4
  },
  {
    "id": 59,
    "chapter": "Thermal Properties of Matter",
    "question": "Two identical iron are connected in parallel between two vessels, one containing boiling water and the other containing ice. The ice melts at the rate of q1 gram/s. When the rods are welded end to end and connected to the same vessels, the rate of melting of ice of q2 gram/s. What will be the ratio q1 / q2?",
    "question_latex": "Two identical iron are connected in parallel between two vessels, one containing boiling water and the other containing ice. The ice melts at the rate of $q_{1}~gram/s$. When the rods are welded end to end and connected to the same vessels, the rate of melting of ice of $q_{2}~gram/s$. What will be the ratio $\\frac{q_{1}}{q_{2}}$?",
    "question_images": [],
    "options": [
      "A. 1:4",
      "B. 1:2",
      "C. 2:1",
      "D. 4:1"
    ],
    "option_images": [],
    "answer": "D",
    "solution": "Parallel: $H_{1} \\propto (2A)/L = 2(A/L)$. Series: $H_{2} \\propto A/(2L) = 0.5(A/L)$. Ratio $H_{1}/H_{2} = 2/0.5 = 4$. Rate of melting is proportional to heat flow.",
    "solution_images": [],
    "difficulty": "Hard",
    "marks": 4
  },
  {
    "id": 60,
    "chapter": "Thermal Properties of Matter",
    "question": "What is the rate of energy loss in watt per square metre through a glass window 4 mm thick if outside temperature is -10°C and inside temperature is 30°C? (kglass = 1 W/m K)",
    "question_latex": "What is the rate of energy loss in watt per square metre through a glass window $4$ mm thick if outside temperature is $-10^{\\circ}C$ and inside temperature is $30^{\\circ}C?$ ($k_{glass} = 1~W/m~K$)",
    "question_images": [],
    "options": [
      "A. 10 x 10^3 W/m^2",
      "B. 9 x 10^3 W/m^2",
      "C. 8 x 10^3 W/m^2",
      "D. 7 x 10^3 W/m^2"
    ],
    "option_images": [],
    "answer": "A",
    "solution": "$Q/(tA) = K\\Delta T / d = 1 \\times 40 / 0.004 = 10000 = 10 \\times 10^{3}~W/m^{2}$.",
    "solution_images": [],
    "difficulty": "Medium",
    "marks": 4
  },
  {
    "id": 61,
    "chapter": "Thermal Properties of Matter",
    "question": "A glass slap having a length of 20 cm, breadth 10 cm, is heated through 20°C what will be the increase in its surface area? (beta = 8 x 10^-6 per C)",
    "question_latex": "A glass slap having a length of $20$ cm, breadth $10$ cm, is heated through $20^{\\circ}C$ what will be the increase in its surface area? ($\\beta=8\\times10^{-6}$ per $^{\\circ}C$)",
    "question_images": [],
    "options": [
      "A. 3.2 x 10^-6 m^2",
      "B. 1.6 x 10^-6 m^2",
      "C. 9.6 x 10^-6 m^2",
      "D. 6.4 x 10^-6 m^2"
    ],
    "option_images": [],
    "answer": "A",
    "solution": "Area $A = 0.02~m^{2}$. $\\Delta A = A\\beta\\Delta T = 0.02 \\times 8 \\times 10^{-6} \\times 20 = 3.2 \\times 10^{-6}~m^{2}$.",
    "solution_images": [],
    "difficulty": "Easy",
    "marks": 4
  },
  {
    "id": 62,
    "chapter": "Thermal Properties of Matter",
    "question": "For a certain gas Cp = 0.21 Kcal/kgK Cv = 0.15 Kcal/kgK. Calculate the value of the gas constant for unit mass, if J = 4200 jule/Kcal",
    "question_latex": "For a certain gas $C_{p} = 0.21$ Kcal/kgK, $C_{v} = 0.15$ Kcal/kgK. Calculate the value of the gas constant for unit mass, if $J = 4200$ jule/Kcal",
    "question_images": [],
    "options": [
      "A. 200 J/k mole K",
      "B. 152 J/k mole K",
      "C. 252 J/k mole K",
      "D. 100 J/k mole K"
    ],
    "option_images": [],
    "answer": "C",
    "solution": "$r = J(C_{p} - C_{v}) = 4200(0.21 - 0.15) = 4200 \\times 0.06 = 252$ J/kgK.",
    "solution_images": [],
    "difficulty": "Easy",
    "marks": 4
  },
  {
    "id": 63,
    "chapter": "Thermal Properties of Matter",
    "question": "Temperature scale used in SI system of units",
    "question_latex": "Temperature scale used in SI system of units",
    "question_images": [],
    "options": [
      "A. Celsius",
      "B. Fahrenheit",
      "C. Kelvin",
      "D. Degree",
      "None of these"
    ],
    "option_images": [],
    "answer": "C",
    "solution": "Kelvin is the SI unit of temperature.",
    "solution_images": [],
    "difficulty": "Easy",
    "marks": 4
  },
  {
    "id": 64,
    "chapter": "Thermal Properties of Matter",
    "question": "The volume of a metal block increases by 0.225% when its temperature is increased by 30°C. Hence the coefficient of linear expansion of the material of metal block is [MHT-CET 2023]",
    "question_latex": "The volume of a metal block increases by $0.225\\%$ when its temperature is increased by $30^{\\circ}C$. Hence the coefficient of linear expansion of the material of metal block is [MHT-CET 2023]",
    "question_images": [],
    "options": [
      "A. 7.5 x 10^-5/°C",
      "B. 2.5 x 10^-5/°C",
      "C. 6.75 x 10^-5/°C",
      "D. 1.5 x 10^-5/°C"
    ],
    "option_images": [],
    "answer": "B",
    "solution": "$\\gamma = \\frac{\\Delta V/V}{\\Delta T} = \\frac{0.00225}{30} = 7.5 \\times 10^{-5} / ^{\\circ}C$. $\\alpha = \\gamma / 3 = 2.5 \\times 10^{-5} / ^{\\circ}C$.",
    "solution_images": [],
    "difficulty": "Easy",
    "marks": 4
  },
  {
    "id": 65,
    "chapter": "Thermal Properties of Matter",
    "question": "A bucket full of hot water is kept in a room and it cools from 75°C to 70°C in T1 minutes, from 70°C to 65°C in T2 minutes and from 65°C to 60°C in T3 minutes, then [MHT-CET 2023]",
    "question_latex": "A bucket full of hot water is kept in a room and it cools from $75^{\\circ}C$ to $70^{\\circ}C$ in $T_{1}$ minutes, from $70^{\\circ}C$ to $65^{\\circ}C$ in $T_{2}$ minutes and from $65^{\\circ}C$ to $60^{\\circ}C$ in $T_{3}$ minutes, then [MHT-CET 2023]",
    "question_images": [],
    "options": [
      "A. T1 < T2 > T3",
      "B. T1 = T2 = T3",
      "C. T1 > T2 > T3",
      "D. T1 < T2 < T3"
    ],
    "option_images": [],
    "answer": "D",
    "solution": "Newton's law states rate of cooling decreases as temperature difference decreases, so time taken increases.",
    "solution_images": [],
    "difficulty": "Easy",
    "marks": 4
  },
  {
    "id": 66,
    "chapter": "Thermal Properties of Matter",
    "question": "A stationary object at 4°C and weighing 3.5 kg falls from a height of 2000 m on snow mountain at 0°C. If the temperature of the object just before hitting the snow is 0°C and the object comes to rest immediately then the quantity of ice that melts is (Acceleration due to gravity = 10 m/s^2, Latent heat of ice = 3.5 x 10^5 J/kg) [2025]",
    "question_latex": "A stationary object at $4^{\\circ}C$ and weighing $3.5$ kg falls from a height of $2000$ m on snow mountain at $0^{\\circ}C$. If the temperature of the object just before hitting the snow is $0^{\\circ}C$ and the object comes to rest immediately then the quantity of ice that melts is (Acceleration due to gravity $= 10~m/s^{2}$, Latent heat of ice $= 3.5\\times10^{5}J/kg$) [2025]",
    "question_images": [],
    "options": [
      "A. 200 gram",
      "B. 2 gram",
      "C. 20 gram",
      "D. 2 kg"
    ],
    "option_images": [],
    "answer": "A",
    "solution": "Energy lost $= Mgh + Mc\\Delta T = 3.5 \\times 10 \\times 2000 + 3.5 \\times c \\times 4$. (Given object at 0C just before hit, so only PE is used). Energy $= 70000$ J. $m L_{f} = 70000 \\Rightarrow m = 70000 / (3.5 \\times 10^{5}) = 0.2$ kg $= 200$ g.",
    "solution_images": [],
    "difficulty": "Hard",
    "marks": 4
  },
  {
    "id": 67,
    "chapter": "Thermal Properties of Matter",
    "question": "The temperature of an air bubble while rising from bottom to surface of a lake remains constant but diameter is doubled. If pressure on the surface is h meter of mercury column and relative density of mercury is ' p' then the depth of the lake is [2025]",
    "question_latex": "The temperature of an air bubble while rising from bottom to surface of a lake remains constant but diameter is doubled. If pressure on the surface is $h$ meter of mercury column and relative density of mercury is '$p$' then the depth of the lake is [2025]",
    "question_images": [],
    "options": [
      "A. 3h / p",
      "B. 5 hp",
      "C. 7 hp",
      "D. 4h / p"
    ],
    "option_images": [],
    "answer": "C",
    "solution": "Diameter double $\\Rightarrow V_{2} = 8 V_{1}$. Constant T $\\Rightarrow P_{1}V_{1} = P_{2}V_{2} \\Rightarrow P_{1} = 8 P_{2}$. $P_{2} = P_{atm} = \\rho_{Hg}gh$. $P_{1} = P_{atm} + \\rho_{w}gD$. $8\\rho_{Hg}gh = \\rho_{Hg}gh + \\rho_{w}gD \\Rightarrow 7\\rho_{Hg}gh = \\rho_{w}gD \\Rightarrow D = 7 h (\\rho_{Hg}/\\rho_{w}) = 7hp$.",
    "solution_images": [],
    "difficulty": "Hard",
    "marks": 4
  },
  {
    "id": 68,
    "chapter": "Thermal Properties of Matter",
    "question": "A black rectangular surface of area 'A' emits energy 'E' per second at 27°C. If length and breadth is reduced to (1/3)^rd of its initial value and temperature is raised to 327°C then energy emitted per second becomes [MHT-CET 2021]",
    "question_latex": "A black rectangular surface of area '$A$' emits energy '$E$' per second at $27^{\\circ}C$. If length and breadth is reduced to $(1/3)^{rd}$ of its initial value and temperature is raised to $327^{\\circ}C$ then energy emitted per second becomes [MHT-CET 2021]",
    "question_images": [],
    "options": [
      "A. 20E / 9",
      "B. 16E / 9",
      "C. 4E / 9",
      "D. 8E / 9"
    ],
    "option_images": [],
    "answer": "B",
    "solution": "$E = \\sigma A T^{4}$. New Area $A' = A/9$. New Temp $T' = 600 K = 2T$. $E' = \\sigma (A/9) (2T)^{4} = 16/9 \\sigma A T^{4} = 16E / 9$.",
    "solution_images": [],
    "difficulty": "Medium",
    "marks": 4
  },
  {
    "id": 69,
    "chapter": "Thermal Properties of Matter",
    "question": "What hear will be required to raise temperature of 1 kg of water from 20°C to 80°C? (sp. heat capacity of water = 4200 J/kgK):",
    "question_latex": "What hear will be required to raise temperature of $1$ kg of water from $20^{\\circ}C$ to $80^{\\circ}C?$ (sp. heat capacity of water $= 4200~J/kgK$):",
    "question_images": [],
    "options": [
      "A. 2.52 x 10^4 J",
      "B. 2.52 x 10^5 J",
      "C. 252 J",
      "D. 252 x 10^3 J"
    ],
    "option_images": [],
    "answer": "B",
    "solution": "$Q = ms\\Delta T = 1 \\times 4200 \\times 60 = 252000 = 2.52 \\times 10^{5}$ J.",
    "solution_images": [],
    "difficulty": "Easy",
    "marks": 4
  },
  {
    "id": 70,
    "chapter": "Thermal Properties of Matter",
    "question": "A metal sphere cools at a rate of 1.9 C/min when its temperature is 80 C. At what rate will it cool when its temperature is 50 C. Temperature of the surroundings is 25 C.",
    "question_latex": "A metal sphere cools at a rate of $1.9~C/min$ when its temperature is $80^{\\circ}C$. At what rate will it cool when its temperature is $50^{\\circ}C$. Temperature of the surroundings is $25^{\\circ}C$.",
    "question_images": [],
    "options": [
      "A. 0.76 C/min",
      "B. 1.00 C/min",
      "C. 1.02 C/min",
      "D. 0.86 C/min"
    ],
    "option_images": [],
    "answer": "D",
    "solution": "$R \\propto (T - T_{0})$. $1.9 / R_{2} = (80-25) / (50-25) = 55 / 25 = 2.2 \\Rightarrow R_{2} = 1.9 / 2.2 \\approx 0.86$ C/min.",
    "solution_images": [],
    "difficulty": "Medium",
    "marks": 4
  },
  {
    "id": 71,
    "chapter": "Thermal Properties of Matter",
    "question": "A hole is drilled in a copper sheet. The diameter of the hole is 4.24 cm at 27.0°C. What is the change in the diameter of the hole when the sheet is heated to 227°C: Coefficient of linear expansion of copper = 1.70 x 10^-5 K^-1",
    "question_latex": "A hole is drilled in a copper sheet. The diameter of the hole is $4.24$ cm at $27.0^{\\circ}C$. What is the change in the diameter of the hole when the sheet is heated to $227^{\\circ}C:$ Coefficient of linear expansion of copper $= 1.70 \\times 10^{-5} K^{-1}$",
    "question_images": [],
    "options": [
      "A. 0.0144 cm",
      "B. 0.144 cm",
      "C. 1.44 cm",
      "D. 0.0014 cm"
    ],
    "option_images": [],
    "answer": "A",
    "solution": "Diameter expands just like a solid rod. $\\Delta d = d\\alpha\\Delta T = 4.24 \\times 1.7 \\times 10^{-5} \\times 200 = 0.0144$ cm.",
    "solution_images": [],
    "difficulty": "Medium",
    "marks": 4
  },
  {
    "id": 72,
    "chapter": "Thermal Properties of Matter",
    "question": "One Fahrenheit scale, the boiling point of water can be",
    "question_latex": "One Fahrenheit scale, the boiling point of water can be",
    "question_images": [],
    "options": [
      "A. 212°F",
      "B. 32°F",
      "C. 100°F",
      "D. 80°F"
    ],
    "option_images": [],
    "answer": "A",
    "solution": "Steam point on Fahrenheit scale is 212°F.",
    "solution_images": [],
    "difficulty": "Easy",
    "marks": 4
  },
  {
    "id": 73,
    "chapter": "Thermal Properties of Matter",
    "question": "The unit cal is related with",
    "question_latex": "The unit cal is related with",
    "question_images": [],
    "options": [
      "A. Heat",
      "B. Temperature",
      "C. Work",
      "D. Energy"
    ],
    "option_images": [],
    "answer": "A",
    "solution": "Calorie is a common unit of heat energy.",
    "solution_images": [],
    "difficulty": "Easy",
    "marks": 4
  },
  {
    "id": 74,
    "chapter": "Thermal Properties of Matter",
    "question": "The volume of a metal sphere increases by 0.33% when its temperature is raised by 50°C. The coefficient of linear expansion of the metal is [2025]",
    "question_latex": "The volume of a metal sphere increases by $0.33\\%$ when its temperature is raised by $50^{\\circ}C$. The coefficient of linear expansion of the metal is [2025]",
    "question_images": [],
    "options": [
      "A. 13.2 x 10^-5/°C",
      "B. 2.2 x 10^-5/°C",
      "C. 19.8 x 10^-5/°C",
      "D. 6.6 x 10^-5/°C"
    ],
    "option_images": [],
    "answer": "B",
    "solution": "$\\gamma = (0.0033) / 50 = 6.6 \\times 10^{-5} / ^{\\circ}C$. $\\alpha = \\gamma / 3 = 2.2 \\times 10^{-5} / ^{\\circ}C$.",
    "solution_images": [],
    "difficulty": "Easy",
    "marks": 4
  },
  {
    "id": 75,
    "chapter": "Thermal Properties of Matter",
    "question": "How many millilitres of water at 25°C with a density of 1.00 g/mL must be mixed with 200 mL of coffee at 85°C so that the resulting combination will have a temperature of 60°C? Assume that coffee and water have the same density and the same specific heat (4.184 J/g°C).",
    "question_latex": "How many millilitres of water at $25^{\\circ}C$ with a density of $1.00~g/mL$ must be mixed with $200$ mL of coffee at $85^{\\circ}C$ so that the resulting combination will have a temperature of $60^{\\circ}C?$ Assume that coffee and water have the same density and the same specific heat ($4.184~J/g^{\\circ}C$).",
    "question_images": [],
    "options": [
      "A. 142.86 mL",
      "B. 135.67 mL",
      "C. 223.21 mL",
      "D. 303.43 mL"
    ],
    "option_images": [],
    "answer": "A",
    "solution": "$m_{w}(60-25) = 200(85-60) \\Rightarrow 35 m_{w} = 200 \\times 25 \\Rightarrow m_{w} = 5000 / 35 \\approx 142.86$ mL.",
    "solution_images": [],
    "difficulty": "Medium",
    "marks": 4
  },
  {
    "id": 76,
    "chapter": "Thermal Properties of Matter",
    "question": "What is the heat required to convert 10 g of ice into water at 0°C. if latent heat of ice is 80 cal/g?",
    "question_latex": "What is the heat required to convert $10$ g of ice into water at $0^{\\circ}C$. if latent heat of ice is $80~cal/g$?",
    "question_images": [],
    "options": [
      "A. 80 cal",
      "B. 8 cal",
      "C. 800 cal",
      "D. 80 Kcal"
    ],
    "option_images": [],
    "answer": "C",
    "solution": "$Q = mL = 10 \\times 80 = 800$ cal.",
    "solution_images": [],
    "difficulty": "Easy",
    "marks": 4
  },
  {
    "id": 77,
    "chapter": "Thermal Properties of Matter",
    "question": "The size of one degree on celsius scale is x and that on fahrenheit scale is y, then choose correct statement.",
    "question_latex": "The size of one degree on celsius scale is $x$ and that on fahrenheit scale is $y$, then choose correct statement.",
    "question_images": [],
    "options": [
      "A. y = 1.8x",
      "B. x = y",
      "C. x = 1.8y",
      "D. x = 0.5y"
    ],
    "option_images": [],
    "answer": "C",
    "solution": "100 Celsius degrees = 180 Fahrenheit degrees. So 1 Celsius degree = 1.8 Fahrenheit degrees. $x = 1.8y$.",
    "solution_images": [],
    "difficulty": "Easy",
    "marks": 4
  },
  {
    "id": 78,
    "chapter": "Thermal Properties of Matter",
    "question": "A metal sphere cools at a rate of 1.5°C/min when its temperature is 80°C. When the temperature of the sphere is 40°C, its rate of cooling is 0.3°C/min. The temperature of the surrounding (theta0) is [2025]",
    "question_latex": "A metal sphere cools at a rate of $1.5^{\\circ}C/min$ when its temperature is $80^{\\circ}C$. When the temperature of the sphere is $40^{\\circ}C$, its rate of cooling is $0.3^{\\circ}C/min$. The temperature of the surrounding ($\\theta_{0}$) is [2025]",
    "question_images": [],
    "options": [
      "A. 27°C",
      "B. 35°C",
      "C. 25°C",
      "D. 30°C"
    ],
    "option_images": [],
    "answer": "D",
    "solution": "$1.5 / 0.3 = (80 - \\theta_{0}) / (40 - \\theta_{0}) \\Rightarrow 5 = (80 - \\theta_{0}) / (40 - \\theta_{0}) \\Rightarrow 200 - 5\\theta_{0} = 80 - \\theta_{0} \\Rightarrow 4\\theta_{0} = 120 \\Rightarrow \\theta_{0} = 30^{\\circ}C$.",
    "solution_images": [],
    "difficulty": "Medium",
    "marks": 4
  },
  {
    "id": 79,
    "chapter": "Thermal Properties of Matter",
    "question": "Two cylindrical conductors A and B of same metallic material have their diameters in the ratio 1:2 and lengths in the ratio 2: 1. If the ratio of temperature difference between the ends of A to that of B is 4:3, then the ratio of heat conducted respectively by A and B per second is [2025]",
    "question_latex": "Two cylindrical conductors A and B of same metallic material have their diameters in the ratio $1:2$ and lengths in the ratio $2: 1$. If the ratio of temperature difference between the ends of A to that of B is $4:3$, then the ratio of heat conducted respectively by A and B per second is [2025]",
    "question_images": [],
    "options": [
      "A. 1:6",
      "B. 1:8",
      "C. 1:4",
      "D. 1:3"
    ],
    "option_images": [],
    "answer": "A",
    "solution": "$H = \\frac{KA\\Delta T}{L}$. $H \\propto \\frac{d^{2}\\Delta T}{L}$. Ratio $H_{A}/H_{B} = (1/2)^{2} \\times (4/3) / (2/1) = (1/4 \\times 4/3) / 2 = (1/3) / 2 = 1/6$.",
    "solution_images": [],
    "difficulty": "Hard",
    "marks": 4
  },
  {
    "id": 80,
    "chapter": "Thermal Properties of Matter",
    "question": "The expansion in length due to thermal energy is called",
    "question_latex": "The expansion in length due to thermal energy is called",
    "question_images": [],
    "options": [
      "A. Aerial Expansion",
      "B. Volume Expansion",
      "C. Linear Expansion",
      "D. None of the above"
    ],
    "option_images": [],
    "answer": "C",
    "solution": "Expansion along a single dimension is linear expansion.",
    "solution_images": [],
    "difficulty": "Easy",
    "marks": 4
  },
  {
    "id": 81,
    "chapter": "Thermal Properties of Matter",
    "question": "Rate of flow of heat through a cylindrical rod is ' H1 '. The temperatures of the ends of the rod are ' T1 ' and ' T2 '. If all the dimensions of the rod are doubled and the temperature difference remains the same, the rate of flow of heat becomes ' H2 '. Then [MHT-CET 2022]",
    "question_latex": "Rate of flow of heat through a cylindrical rod is '$H_{1}$'. The temperatures of the ends of the rod are '$T_{1}$' and '$T_{2}$'. If all the dimensions of the rod are doubled and the temperature difference remains the same, the rate of flow of heat becomes '$H_{2}$'. Then [MHT-CET 2022]",
    "question_images": [],
    "options": [
      "A. H2 = 4H1",
      "B. H2 = H1",
      "C. H2 = 2H1",
      "D. H2 = H1 / 2"
    ],
    "option_images": [],
    "answer": "C",
    "solution": "Duplicate of 307/349/352. $H_{2} = 2H_{1}$.",
    "solution_images": [],
    "difficulty": "Easy",
    "marks": 4
  },
  {
    "id": 82,
    "chapter": "Thermal Properties of Matter",
    "question": "Two rods of lengths 'l1' and ' l2' are made of materials whose coefficients of linear expansion ' alpha1' ' alpha2 ' respectively. If the difference between their lengths is independent of temperature, then l1 / l2 is [MHT-CET 2024]",
    "question_latex": "Two rods of lengths '$l_{1}$' and '$l_{2}$' are made of materials whose coefficients of linear expansion '$\\alpha_{1}$' '$\\alpha_{2}$' respectively. If the difference between their lengths is independent of temperature, then $\\frac{l_{1}}{l_{2}}$ is [MHT-CET 2024]",
    "question_images": [],
    "options": [
      "A. alpha1 / alpha2",
      "B. alpha2 / alpha1",
      "C. alpha1^2 / alpha2^2",
      "D. sqrt(alpha1 / alpha2)"
    ],
    "option_images": [],
    "answer": "B",
    "solution": "$\\Delta L = (l_{1}\\alpha_{1} - l_{2}\\alpha_{2})\\Delta T$. For this to be zero, $l_{1}\\alpha_{1} = l_{2}\\alpha_{2} \\Rightarrow l_{1}/l_{2} = \\alpha_{2}/\\alpha_{1}$.",
    "solution_images": [],
    "difficulty": "Medium",
    "marks": 4
  },
  {
    "id": 83,
    "chapter": "Thermal Properties of Matter",
    "question": "Two rods P and Q have equal lengths. Their thermal conductivities are K1 and K2 and cross sectional area are A1 and A2. When the temperature at ends of each rod are T1 and T2 respectively, the rate of flow of heat through P and Q will be equal if [MHT-CET 2022]",
    "question_latex": "Two rods P and Q have equal lengths. Their thermal conductivities are $K_{1}$ and $K_{2}$ and cross sectional area are $A_{1}$ and $A_{2}$. When the temperature at ends of each rod are $T_{1}$ and $T_{2}$ respectively, the rate of flow of heat through P and Q will be equal if [MHT-CET 2022]",
    "question_images": [],
    "options": [
      "A. A1 / A2 = (K2 / K1)^2",
      "B. A1 / A2 = K2 / K1 x T2 / T1",
      "C. A1 / A2 = sqrt(K1 / K2)",
      "D. A1 / A2 = K2 / K1"
    ],
    "option_images": [],
    "answer": "D",
    "solution": "$Q/t = KA\\Delta T / L$. If $L, \\Delta T, Q/t$ are same, $K_{1}A_{1} = K_{2}A_{2} \\Rightarrow A_{1}/A_{2} = K_{2}/K_{1}$.",
    "solution_images": [],
    "difficulty": "Easy",
    "marks": 4
  },
  {
    "id": 84,
    "chapter": "Thermal Properties of Matter",
    "question": "The temperature and pressure at the triple point of water will be_",
    "question_latex": "The temperature and pressure at the triple point of water will be_",
    "question_images": [],
    "options": [
      "A. 273.16 K, 4.58 mm of mercury",
      "B. 273.15 K, 4.58 mm of mercury",
      "C. 273.16 K, 4.58 cm of mercury",
      "D. 273.15 K, 4.58 cm of mercury"
    ],
    "option_images": [],
    "answer": "A",
    "solution": "Standard values for water's triple point.",
    "solution_images": [],
    "difficulty": "Easy",
    "marks": 4
  },
  {
    "id": 85,
    "chapter": "Thermal Properties of Matter",
    "question": "Convection mostly takes place in_",
    "question_latex": "Convection mostly takes place in_",
    "question_images": [],
    "options": [
      "A. solids only",
      "B. fluids",
      "C. liquids only",
      "D. all solids, liquids and gases"
    ],
    "option_images": [],
    "answer": "B",
    "solution": "Convection requires bulk motion of molecules, which occurs in fluids (liquids and gases).",
    "solution_images": [],
    "difficulty": "Easy",
    "marks": 4
  },
  {
    "id": 86,
    "chapter": "Thermal Properties of Matter",
    "question": "A copper rod and a steel rod having the same area of cross-section are joined end to end. The free end of the copper road is at 100°C and free end of the steel road is at 0°C. Calculate the temperature at their junction if Kcopper = 9Ksteel and length of copper road = 3 length of steel rod.",
    "question_latex": "A copper rod and a steel rod having the same area of cross-section are joined end to end. The free end of the copper road is at $100^{\\circ}C$ and free end of the steel road is at $0^{\\circ}C.$ Calculate the temperature at their junction if $K_{copper}=9K_{steel}$ and length of copper road $=3$ length of steel rod.",
    "question_images": [],
    "options": [
      "A. 55°C",
      "B. 25°C",
      "C. 45°C",
      "D. 75°C"
    ],
    "option_images": [],
    "answer": "D",
    "solution": "Steady state: $Q/t$ is same. $K_{c}A(100-T)/L_{c} = K_{s}A(T-0)/L_{s}$. $9K_{s}(100-T)/(3L_{s}) = K_{s}T/L_{s} \\Rightarrow 3(100-T) = T \\Rightarrow 300 - 3T = T \\Rightarrow 4T = 300 \\Rightarrow T = 75^{\\circ}C$.",
    "solution_images": [],
    "difficulty": "Hard",
    "marks": 4
  },
  {
    "id": 87,
    "chapter": "Thermal Properties of Matter",
    "question": "The temperature gradient in a rod of length 75 cm is 40°C/m If the temperature of cooler end of the rod is 10°C, then the temperature of hotter end is [MHT-CET 2023]",
    "question_latex": "The temperature gradient in a rod of length $75$ cm is $40^{\\circ}C/m$ If the temperature of cooler end of the rod is $10^{\\circ}C$, then the temperature of hotter end is [MHT-CET 2023]",
    "question_images": [],
    "options": [
      "A. 25°C",
      "B. 50°C",
      "C. 40°C",
      "D. 35°C"
    ],
    "option_images": [],
    "answer": "C",
    "solution": "Gradient $= \\Delta T / L \\Rightarrow 40 = (T_{h} - 10) / 0.75 \\Rightarrow T_{h} - 10 = 30 \\Rightarrow T_{h} = 40^{\\circ}C$.",
    "solution_images": [],
    "difficulty": "Medium",
    "marks": 4
  },
  {
    "id": 88,
    "chapter": "Thermal Properties of Matter",
    "question": "Which one of the following is based on convection? [MHT-CET 2023]",
    "question_latex": "Which one of the following is based on convection? [MHT-CET 2023]",
    "question_images": [],
    "options": [
      "A. Heating of a copper utensil",
      "B. Heating of Iron rod",
      "C. Heating a room by heater",
      "D. Heat transferred from sun to earth"
    ],
    "option_images": [],
    "answer": "C",
    "solution": "Room heaters create air currents that transfer heat via convection.",
    "solution_images": [],
    "difficulty": "Easy",
    "marks": 4
  },
  {
    "id": 89,
    "chapter": "Thermal Properties of Matter",
    "question": "The temperature of a body on Kelvin scale is ' x ' K. When it is measured by a Fahrenheit thermometer, it is found to be ' x ' °F. The value of ' x ' is (nearly) [2025]",
    "question_latex": "The temperature of a body on Kelvin scale is '$x$' K. When it is measured by a Fahrenheit thermometer, it is found to be '$x$'$^{\\circ}F$. The value of '$x$' is (nearly) [2025]",
    "question_images": [],
    "options": [
      "A. 574",
      "B. 313",
      "C. 40",
      "D. 301"
    ],
    "option_images": [],
    "answer": "A",
    "solution": "$C = x - 273$. $F = 1.8 C + 32 \\Rightarrow x = 1.8(x-273) + 32 \\Rightarrow x = 1.8x - 491.4 + 32 \\Rightarrow 0.8x = 459.4 \\Rightarrow x \\approx 574.25$.",
    "solution_images": [],
    "difficulty": "Hard",
    "marks": 4
  },
  {
    "id": 90,
    "chapter": "Thermal Properties of Matter",
    "question": "The ratio of the diameters of two metallic rods of the same material is 2: 1 and their lengths are in the ratio 1:4. If the temperature difference between their ends are equal, the rate of flow of heat in them will be in the ratio :",
    "question_latex": "The ratio of the diameters of two metallic rods of the same material is $2: 1$ and their lengths are in the ratio $1:4$. If the temperature difference between their ends are equal, the rate of flow of heat in them will be in the ratio :",
    "question_images": [],
    "options": [
      "A. 2:1",
      "B. 4:1",
      "C. 8:1",
      "D. 16:1"
    ],
    "option_images": [],
    "answer": "D",
    "solution": "$H \\propto d^{2}/L$. Ratio $= (2/1)^{2} / (1/4) = 4 \\times 4 = 16$.",
    "solution_images": [],
    "difficulty": "Medium",
    "marks": 4
  },
  {
    "id": 91,
    "chapter": "Thermal Properties of Matter",
    "question": "Railway track is made of steel segments separated by small gaps to allow for linear expansion. The segment of track is 10 m long when laid at temperature 17°C. The maximum temperature that can be reached is 45°C. Increase in length of the segment of railway track is ' x ' x 10^-5 m. The value of 'x' is (alpha_steel = 1.2 x 10^-5/°C) [MHT-CET 2024]",
    "question_latex": "Railway track is made of steel segments separated by small gaps to allow for linear expansion. The segment of track is $10$ m long when laid at temperature $17^{\\circ}C$. The maximum temperature that can be reached is $45^{\\circ}C$. Increase in length of the segment of railway track is '$x$'$ \\times 10^{-5}$ m. The value of 'x' is ($\\alpha_{steel} = 1.2\\times10^{-5}/^{\\circ}C$) [MHT-CET 2024]",
    "question_images": [],
    "options": [
      "A. 336",
      "B. 204",
      "C. 168",
      "D. 530"
    ],
    "option_images": [],
    "answer": "A",
    "solution": "$\\Delta L = 10 \\times 1.2 \\times 10^{-5} \\times 28 = 336 \\times 10^{-5} m$. So $x = 336$.",
    "solution_images": [],
    "difficulty": "Easy",
    "marks": 4
  },
  {
    "id": 92,
    "chapter": "Thermal Properties of Matter",
    "question": "What is the ideal gas equation is for 1 mole of gas?",
    "question_latex": "What is the ideal gas equation is for $1$ mole of gas?",
    "question_images": [],
    "options": [
      "A. PR = TV",
      "B. Pt = RV",
      "C. P = RTV",
      "D. PV = RT"
    ],
    "option_images": [],
    "answer": "D",
    "solution": "$PV = nRT$. For $n=1$, $PV = RT$.",
    "solution_images": [],
    "difficulty": "Easy",
    "marks": 4
  },
  {
    "id": 93,
    "chapter": "Thermal Properties of Matter",
    "question": "A certain mass of air at 60°C occupies 170 cm^3. Pressure remaining constant, its volume at ice point is",
    "question_latex": "A certain mass of air at $60^{\\circ}C$ occupies $170~cm^{3}$. Pressure remaining constant, its volume at ice point is",
    "question_images": [],
    "options": [
      "A. 0 cm^3",
      "B. 139.4 cm^3",
      "C. 40 cm^3",
      "D. 240 cm^3"
    ],
    "option_images": [],
    "answer": "B",
    "solution": "$V_{1}/T_{1} = V_{2}/T_{2} \\Rightarrow 170 / 333 = V_{2} / 273 \\Rightarrow V_{2} = 170 \\times 273 / 333 \\approx 139.4~cm^{3}$.",
    "solution_images": [],
    "difficulty": "Medium",
    "marks": 4
  },
  {
    "id": 94,
    "chapter": "Thermal Properties of Matter",
    "question": "For an ideal gas the density of the gas is rho0 when temperature and pressure of the gas are T0 and P0 respectively. When the temperature of the gas is 2 T0 its pressure will be 3P0. The new density will be [MHT-CET 2023]",
    "question_latex": "For an ideal gas the density of the gas is $\\rho_{0}$ when temperature and pressure of the gas are $T_{0}$ and $P_{0}$ respectively. When the temperature of the gas is $2T_{0}$ its pressure will be $3P_{0}$. The new density will be [MHT-CET 2023]",
    "question_images": [],
    "options": [
      "A. 2/3 rho0",
      "B. 3/2 rho0",
      "C. 4/3 rho0",
      "D. 3/4 rho0"
    ],
    "option_images": [],
    "answer": "B",
    "solution": "$\\rho = P M / (RT) \\Rightarrow \\rho \\propto P/T$. $\\rho' / \\rho_{0} = (3P_{0} / 2T_{0}) / (P_{0} / T_{0}) = 3/2$.",
    "solution_images": [],
    "difficulty": "Medium",
    "marks": 4
  },
  {
    "id": 95,
    "chapter": "Thermal Properties of Matter",
    "question": "The CGS unit of heat energy is",
    "question_latex": "The CGS unit of heat energy is",
    "question_images": [],
    "options": [
      "A. Joules",
      "B. Kelvin",
      "C. Calorie",
      "D. Erg"
    ],
    "option_images": [],
    "answer": "D",
    "solution": "Erg is the unit of energy in CGS system. Calorie is a non-SI unit widely used but Erg is the formal CGS unit.",
    "solution_images": [],
    "difficulty": "Easy",
    "marks": 4
  },
  {
    "id": 96,
    "chapter": "Thermal Properties of Matter",
    "question": "The ratio of thermal conductivity of two rods A and B having same area of cross-section is 3:2. If the thermal resistance of two rods is same, then the ratio of length of rod A to length of rod B is [MHT-CET 2022]",
    "question_latex": "The ratio of thermal conductivity of two rods A and B having same area of cross-section is $3:2$. If the thermal resistance of two rods is same, then the ratio of length of rod A to length of rod B is [MHT-CET 2022]",
    "question_images": [],
    "options": [
      "A. 3:2",
      "B. 5:1",
      "C. 1:5",
      "D. 2:3"
    ],
    "option_images": [],
    "answer": "A",
    "solution": "$R_{T} = L / (KA)$. If $R_{T}$ and $A$ are same, $L \\propto K$. Ratio $3 : 2$.",
    "solution_images": [],
    "difficulty": "Easy",
    "marks": 4
  },
  {
    "id": 97,
    "chapter": "Thermal Properties of Matter",
    "question": "is a physical quantity that defines the thermodynamic state of a system.",
    "question_latex": "is a physical quantity that defines the thermodynamic state of a system.",
    "question_images": [],
    "options": [
      "A. Temperature",
      "B. Pressure",
      "C. Energy",
      "D. Heat"
    ],
    "option_images": [],
    "answer": "A",
    "solution": "Temperature, pressure, and volume are state variables. (A is most fundamental in Zeroth Law context).",
    "solution_images": [],
    "difficulty": "Easy",
    "marks": 4
  },
  {
    "id": 98,
    "chapter": "Thermal Properties of Matter",
    "question": "One end of a thermally insulted rod is kept at temperature T1 and the other end at ' T2. The rod is composed of two sections of lengths ' l1 and ' l2' having thermal conductivities' K1 ' and ' K2 ' respectively. The temperature 'T' at the interface of the sections is [MHT-CET 2021]",
    "question_latex": "One end of a thermally insulted rod is kept at temperature $T_{1}$ and the other end at '$T_{2}$. The rod is composed of two sections of lengths '$l_{1}$ and '$l_{2}$' having thermal conductivities'$K_{1}$' and '$K_{2}$' respectively. The temperature 'T' at the interface of the sections is [MHT-CET 2021]",
    "question_images": [
      "q398_1"
    ],
    "options": [
      "A. (K1 l1 T1 + K2 l2 T2) / (K1 l1 + K2 l2)",
      "B. (K2 l2 T1 + K1 l1 T2) / (K1 l1 + K2 l2)",
      "C. (K2 l1 T1 + K1 l2 T2) / (K2 l1 + K1 l2)",
      "D. (K1 T1 l2 + K2 T2 l1) / (K1 l2 + K2 l1)"
    ],
    "option_images": [],
    "answer": "D",
    "solution": "Duplicate of 333 (with T instead of theta). $T = \\frac{K_{1}T_{1}l_{2} + K_{2}T_{2}l_{1}}{K_{1}l_{2} + K_{2}l_{1}}$.",
    "solution_images": [],
    "difficulty": "Hard",
    "marks": 4
  },
  {
    "id": 99,
    "chapter": "Thermal Properties of Matter",
    "question": "Temperature remaining constant, the pressure of gas is decreased by 20%. The percentage change in volume [MHT-CET 2024]",
    "question_latex": "Temperature remaining constant, the pressure of gas is decreased by $20\\%$. The percentage change in volume [MHT-CET 2024]",
    "question_images": [],
    "options": [
      "A. increases by 20%",
      "B. decreases by 20%",
      "C. increases by 25%",
      "D. decreases by 25%"
    ],
    "option_images": [],
    "answer": "C",
    "solution": "$P_{1}V_{1} = 0.8 P_{1} V_{2} \\Rightarrow V_{2} = V_{1} / 0.8 = 1.25 V_{1}$. Increase is $25\\%$.",
    "solution_images": [],
    "difficulty": "Medium",
    "marks": 4
  },
  {
    "id": 100,
    "chapter": "Thermal Properties of Matter",
    "question": "physical quantity is not required to calculate the heat lost or gained, when there is no change of state.",
    "question_latex": "physical quantity is not required to calculate the heat lost or gained, when there is no change of state.",
    "question_images": [],
    "options": [
      "A. Mass",
      "B. Temperature change",
      "C. Specific heat",
      "D. Relative density"
    ],
    "option_images": [],
    "answer": "D",
    "solution": "$Q = ms\\Delta T$. Relative density is not used in this formula.",
    "solution_images": [],
    "difficulty": "Easy",
    "marks": 4
  }
]