[
  {
    "id": 1,
    "chapter": "Coordination_Compounds",
    "question": "Which from the following statements about [Co(NH3)6]3+ complex is NOT correct? [MHT-CET 2024]",
    "question_latex": "Which from the following statements about $[Co(NH_{3})_{6}]^{3+}$ complex is NOT correct? [MHT-CET 2024]",
    "question_images": [],
    "options": [
      "A. It is a high spin complex.",
      "B. It is a diamagnetic complex.",
      "C. This complex has all electrons paired.",
      "D. Prior to hybridization Co3+ possesses four unpaired electrons."
    ],
    "option_images": [],
    "answer": "A. It is a high spin complex.",
    "solution": "$[Co(NH_{3})_{6}]^{3+}$ is a low spin complex because $NH_{3}$ is a strong field ligand that causes pairing of electrons.",
    "solution_images": [],
    "difficulty": "Medium",
    "marks": 4
  },
  {
    "id": 2,
    "chapter": "Coordination_Compounds",
    "question": "Which among the following is a homoleptic complex? [MHT-CET 2023]",
    "question_latex": "Which among the following is a homoleptic complex? [MHT-CET 2023]",
    "question_images": [],
    "options": [
      "A. Pentaaquaisothiocyanatoiron (III) ion",
      "B. Hexaamminecobalt (III) ion",
      "C. Triamminetrinitrocobalt (III)",
      "D. Bis(ethylenediamine) dithiocyanatoplatinum (IV)"
    ],
    "option_images": [],
    "answer": "B. Hexaamminecobalt (III) ion",
    "solution": "A homoleptic complex has only one type of ligand. Hexaamminecobalt (III) ion $[Co(NH_{3})_{6}]^{3+}$ contains only $NH_{3}$ ligands.",
    "solution_images": [],
    "difficulty": "Easy",
    "marks": 4
  },
  {
    "id": 3,
    "chapter": "Coordination_Compounds",
    "question": "The complex salt having the molecular composition [Co(NO2)(SCN)(en)2]Br exhibits",
    "question_latex": "The complex salt having the molecular composition $[Co(NO_{2})(SCN)(en)_{2}]Br$ exhibits",
    "question_images": [],
    "options": [
      "A. Cis-trans isomerism",
      "B. Linkage isomerism",
      "C. Ionization isomerism",
      "D. All of the above"
    ],
    "option_images": [],
    "answer": "D. All of the above",
    "solution": "1. It shows cis-trans isomerism as an octahedral $[M(AA)_{2}ab]$ type. 2. $SCN$ and $NO_{2}$ are ambidentate, showing linkage isomerism. 3. Exchange of $Br^-$ with ligands allows ionization isomerism.",
    "solution_images": [],
    "difficulty": "Hard",
    "marks": 4
  },
  {
    "id": 4,
    "chapter": "Coordination_Compounds",
    "question": "A similarity between optical and geometrical isometrics is that",
    "question_latex": "A similarity between optical and geometrical isometrics is that",
    "question_images": [],
    "options": [
      "A. Each gives equal number of isomer for a given compounds",
      "B. It in a compound one is present then so is the other",
      "C. Both are included in stereoisomerism",
      "D. They have no similarity"
    ],
    "option_images": [],
    "answer": "C. Both are included in stereoisomerism",
    "solution": "Both optical and geometrical isomerism are categories under the broader classification of stereoisomerism.",
    "solution_images": [],
    "difficulty": "Easy",
    "marks": 4
  },
  {
    "id": 5,
    "chapter": "Coordination_Compounds",
    "question": "The coordination number of Pt2+ ion in [PtCl2(NH3)2] complex is [MHT-CET 2019]",
    "question_latex": "The coordination number of $Pt^{2+}$ ion in $[PtCl_{2}(NH_{3})_{2}]$ complex is [MHT-CET 2019]",
    "question_images": [],
    "options": [
      "A. 4",
      "B. 8",
      "C. 2",
      "D. 6"
    ],
    "option_images": [],
    "answer": "A. 4",
    "solution": "The central metal $Pt^{2+}$ is bonded to two $Cl^-$ and two $NH_{3}$ ligands, all of which are monodentate. Total coordination number $= 2 + 2 = 4$.",
    "solution_images": [],
    "difficulty": "Easy",
    "marks": 4
  },
  {
    "id": 6,
    "chapter": "Coordination_Compounds",
    "question": "Identify monodentate ligand from following. [MHT-CET 2022]",
    "question_latex": "Identify monodentate ligand from following. [MHT-CET 2022]",
    "question_images": [],
    "options": [
      "A. (C2O4)2-",
      "B. NO2-",
      "C. H2N(CH2)2NH2",
      "D. CN-"
    ],
    "option_images": [],
    "answer": "D. CN-",
    "solution": "$CN^-$ is a monodentate ligand. $(C_{2}O_{4})^{2-}$ and ethylenediamine are bidentate, and $NO_{2}^-$ is ambidentate.",
    "solution_images": [],
    "difficulty": "Medium",
    "marks": 4
  },
  {
    "id": 7,
    "chapter": "Coordination_Compounds",
    "question": "Two isomers X and Y with the formula Cr(H2O)5ClBr2 were taken for experiment on depression in freezing point. It was found that one mole of X gave depression corresponding to 2 moles of particles and one mole of Y gave depression due to 3 moles of particles. The structural formula of X and Y respectively, are",
    "question_latex": "Two isomers $X$ and $Y$ with the formula $Cr(H_{2}O)_{5}ClBr_{2}$ were taken for experiment on depression in freezing point. It was found that one mole of $X$ gave depression corresponding to $2$ moles of particles and one mole of $Y$ gave depression due to $3$ moles of particles. The structural formula of $X$ and $Y$ respectively, are",
    "question_images": [],
    "options": [
      "A. [Cr(H2O)5Cl]Br2; [Cr(H2O)4Br2]Cl.H2O",
      "B. [Cr(H2O)5Cl]Br2; [Cr(H2O)3ClBr2].2H2O",
      "C. [Cr(H2O)5Br]BrCl; [Cr(H2O)4ClBr]Br.H2O",
      "D. [Cr(H2O)4Br2]Cl.H2O; [Cr(H2O)5Cl]Br2"
    ],
    "option_images": [],
    "answer": "D. [Cr(H2O)4Br2]Cl.H2O; [Cr(H2O)5Cl]Br2",
    "solution": "X gives 2 moles of ions (1 complex ion + 1 $Cl^-$), so its formula is $[Cr(H_2O)_4Br_2]Cl \\cdot H_2O$. Y gives 3 moles of ions (1 complex ion + 2 $Br^-$), so its formula is $[Cr(H_2O)_5Cl]Br_2$.",
    "solution_images": [],
    "difficulty": "Hard",
    "marks": 4
  },
  {
    "id": 8,
    "chapter": "Coordination_Compounds",
    "question": "If four different coordinate compounds A, B, C and D have EAN 18, 36, 54 and 35 respectively, identify the compound that does not obey EAN rule. [MHT-CET 2022]",
    "question_latex": "If four different coordinate compounds $A$, $B$, $C$ and $D$ have EAN $18$, $36$, $54$ and $35$ respectively, identify the compound that does not obey EAN rule. [MHT-CET 2022]",
    "question_images": [],
    "options": [
      "A. B",
      "B. A",
      "C. C",
      "D. D"
    ],
    "option_images": [],
    "answer": "D. D",
    "solution": "The EAN rule is obeyed when the effective atomic number equals the atomic number of a noble gas ($18, 36, 54$). $35$ is not a noble gas atomic number.",
    "solution_images": [],
    "difficulty": "Easy",
    "marks": 4
  },
  {
    "id": 9,
    "chapter": "Coordination_Compounds",
    "question": "Identify the ligands present in pentaammineaquacobalt (III) iodide. [2025]",
    "question_latex": "Identify the ligands present in pentaammineaquacobalt (III) iodide. [2025]",
    "question_images": [],
    "options": [
      "A. NH3, H2O",
      "B. NH3, I-",
      "C. H2O, I-",
      "D. NH3, H2O, I-"
    ],
    "option_images": [],
    "answer": "A. NH3, H2O",
    "solution": "The formula is $[Co(NH_{3})_{5}(H_{2}O)]I_{3}$. The ligands inside the coordination sphere are $NH_{3}$ and $H_{2}O$. Iodide is the counter ion.",
    "solution_images": [],
    "difficulty": "Medium",
    "marks": 4
  },
  {
    "id": 10,
    "chapter": "Coordination_Compounds",
    "question": "The IUPAC name of the complex [Co(NH3)4Cl2]Cl is",
    "question_latex": "The IUPAC name of the complex $[Co(NH_{3})_{4}Cl_{2}]Cl$ is",
    "question_images": [],
    "options": [
      "A. Dichloro tetraammine cobalt (III) chloride",
      "B. Tetraammine dichloro cobalt(III) chloride",
      "C. Tetraammine cobalt(III) trichloride",
      "D. Dichloro cobalt(III) tetraammine chloride"
    ],
    "option_images": [],
    "answer": "B. Tetraammine dichloro cobalt(III) chloride",
    "solution": "Ligands are named alphabetically: tetraammine then dichloro. The oxidation state of Co is +3.",
    "solution_images": [],
    "difficulty": "Easy",
    "marks": 4
  },
  {
    "id": 11,
    "chapter": "Coordination_Compounds",
    "question": "Which of the following yields 3 ions per molecule in solution?",
    "question_latex": "Which of the following yields $3$ ions per molecule in solution?",
    "question_images": [],
    "options": [
      "A. [Co(NH3)6]Cl3",
      "B. [Co(NH3)5Cl]Cl2",
      "C. [Co(NH3)4Cl2]Cl",
      "D. [Co(NH3)3Cl3]"
    ],
    "option_images": [],
    "answer": "B. [Co(NH3)5Cl]Cl2",
    "solution": "$[Co(NH_{3})_{5}Cl]Cl_{2}$ dissociates into one $[Co(NH_{3})_{5}Cl]^{2+}$ ion and two $Cl^-$ ions, total 3 ions.",
    "solution_images": [],
    "difficulty": "Medium",
    "marks": 4
  },
  {
    "id": 12,
    "chapter": "Coordination_Compounds",
    "question": "What is EAN of Cobalt in [Co(NH3)6]Cl3 (At. No. of Co = 27)? [MHT-CET 2020]",
    "question_latex": "What is EAN of Cobalt in $[Co(NH_{3})_{6}]Cl_{3}$ (At. No. of $Co=27$)? [MHT-CET 2020]",
    "question_images": [],
    "options": [
      "A. 36",
      "B. 28",
      "C. 27",
      "D. 30"
    ],
    "option_images": [],
    "answer": "A. 36",
    "solution": "$EAN = Z - X + Y = 27 - 3 + 12 = 36$.",
    "solution_images": [],
    "difficulty": "Medium",
    "marks": 4
  },
  {
    "id": 13,
    "chapter": "Coordination_Compounds",
    "question": "The complex that doesn't give a precipitate with AgNO3 solution",
    "question_latex": "The complex that doesn't give a precipitate with $AgNO_{3}$ solution",
    "question_images": [],
    "options": [
      "A. [Co(NH3)3Cl3]",
      "B. [Co(NH3)6]Cl3",
      "C. [Ag(NH3)2]Cl",
      "D. [Cr(NH3)4Cl2]Cl"
    ],
    "option_images": [],
    "answer": "A. [Co(NH3)3Cl3]",
    "solution": "$[Co(NH_{3})_{3}Cl_{3}]$ has no ionizable chloride ions outside the coordination sphere.",
    "solution_images": [],
    "difficulty": "Medium",
    "marks": 4
  },
  {
    "id": 14,
    "chapter": "Coordination_Compounds",
    "question": "The complex ions [Co(H2O)5(ONO)]2+ and [Co(H2O)5NO2]2+ are [MHT-CET 2019]",
    "question_latex": "The complex ions $[Co(H_{2}O)_{5}(ONO)]^{2+}$ and $[Co(H_{2}O)_{5}NO_{2}]^{2+}$ are [MHT-CET 2019]",
    "question_images": [],
    "options": [
      "A. linkage isomers",
      "B. geometrical isomers",
      "C. coordination isomers",
      "D. ionization isomers"
    ],
    "option_images": [],
    "answer": "A. linkage isomers",
    "solution": "The $NO_{2}$ ligand can bind through Oxygen ($ONO$) or Nitrogen ($NO_{2}$), characteristic of linkage isomerism.",
    "solution_images": [],
    "difficulty": "Easy",
    "marks": 4
  },
  {
    "id": 15,
    "chapter": "Coordination_Compounds",
    "question": "[Ni(CN)4]2-, [MnBr4]2- and [CoF6]3-, geometry, hybridisation and magnetic moment of the ions respectively, are",
    "question_latex": "$[Ni(CN)_{4}]^{2-}$, $[MnBr_{4}]^{2-}$ and $[CoF_{6}]^{3-}$, geometry, hybridisation and magnetic moment of the ions respectively, are",
    "question_images": [],
    "options": [
      "A. Tetrahedral, square planar, octahedral: sp3, dsp2, sp3d2: 5.9, 0, 4.9",
      "B. Tetrahedral, square planar, octahedral: dsp2, sp3, sp3d2: 0, 5.9, 4.9",
      "C. Square planar, tetrahedral, octahedral: dsp2, sp3, d2sp3: 5.9, 4.9, 0",
      "D. Square planar, tetrahedral, octahedral: dsp2, sp3, sp3d2: 0, 5.9, 4.9"
    ],
    "option_images": [],
    "answer": "D. Square planar, tetrahedral, octahedral: dsp2, sp3, sp3d2: 0, 5.9, 4.9",
    "solution": "1. $[Ni(CN)_{4}]^{2-}$: $dsp^{2}$ (square planar), $\\mu=0$. 2. $[MnBr_{4}]^{2-}$: $sp^{3}$ (tetrahedral), $\\mu=5.9$. 3. $[CoF_{6}]^{3-}$: $sp^{3}d^{2}$ (octahedral), $\\mu=4.9$.",
    "solution_images": [],
    "difficulty": "Hard",
    "marks": 4
  },
  {
    "id": 16,
    "chapter": "Coordination_Compounds",
    "question": "Geometrical shapes of the complexes formed by the reaction of Ni2+ with Cl-, CN- and H2O, respectively, are",
    "question_latex": "Geometrical shapes of the complexes formed by the reaction of $Ni^{2+}$ with $Cl^{-}$, $CN^{-}$ and $H_{2}O$, respectively, are",
    "question_images": [],
    "options": [
      "A. Octahedral, tetrahedral and square planar",
      "B. Tetrahedral, square planar and octahedral",
      "C. Square planar, tetrahedral and octahedral",
      "D. Octahedral, square planar and octahedral"
    ],
    "option_images": [],
    "answer": "B. Tetrahedral, square planar and octahedral",
    "solution": "$[NiCl_{4}]^{2-}$ is tetrahedral, $[Ni(CN)_{4}]^{2-}$ is square planar, and $[Ni(H_{2}O)_{6}]^{2+}$ is octahedral.",
    "solution_images": [],
    "difficulty": "Hard",
    "marks": 4
  },
  {
    "id": 17,
    "chapter": "Coordination_Compounds",
    "question": "Which from following cations produces most stable complex with same ligand? [MHT-CET 2023]",
    "question_latex": "Which from following cations produces most stable complex with same ligand? [MHT-CET 2023]",
    "question_images": [],
    "options": [
      "A. Co2+",
      "B. Ni2+",
      "C. Cu2+",
      "D. Cd2+"
    ],
    "option_images": [],
    "answer": "C. Cu2+",
    "solution": "$Cu^{2+}$ has the highest charge-to-size ratio among the given divalent cations, leading to higher stability.",
    "solution_images": [],
    "difficulty": "Medium",
    "marks": 4
  },
  {
    "id": 18,
    "chapter": "Coordination_Compounds",
    "question": "The number of perceptible halide ions in the sample [Pt(NH3)Cl2Br]Cl will be",
    "question_latex": "The number of perceptible halide ions in the sample $[Pt(NH_{3})Cl_{2}Br]Cl$ will be",
    "question_images": [],
    "options": [
      "A. 2",
      "B. 3",
      "C. 4",
      "D. 1"
    ],
    "option_images": [],
    "answer": "D. 1",
    "solution": "Only the $Cl^-$ ion outside the coordination sphere is precipitable.",
    "solution_images": [],
    "difficulty": "Medium",
    "marks": 4
  },
  {
    "id": 19,
    "chapter": "Coordination_Compounds",
    "question": "The number of unpaired electrons in Ni(CO)4 is",
    "question_latex": "The number of unpaired electrons in $Ni(CO)_{4}$ is",
    "question_images": [],
    "options": [
      "A. 0",
      "B. 1",
      "C. 3",
      "D. 4"
    ],
    "option_images": [],
    "answer": "A. 0",
    "solution": "Oxidation state of $Ni$ is zero. $CO$ is a strong ligand that causes pairing of $d$-electrons, resulting in zero unpaired electrons.",
    "solution_images": [],
    "difficulty": "Medium",
    "marks": 4
  },
  {
    "id": 20,
    "chapter": "Coordination_Compounds",
    "question": "Which of the following is CORRECT?",
    "question_latex": "Which of the following is CORRECT?",
    "question_images": [],
    "options": [
      "A. The IUPAC name of Mn3[(CO)12] is Dodecacarbonyltrimanganese (0)",
      "B. The IUPAC name of K[BF4] is tetrafluridoboronpotassium (I)",
      "C. The IUPAC name of K3[al(C2O4)3] is potassiumtrioxalate alunminium (III)",
      "D. The IUPAC name of K4[Fe(CN)6] is potassium ferrocyanide"
    ],
    "option_images": [],
    "answer": "A. The IUPAC name of Mn3[(CO)12] is Dodecacarbonyltrimanganese (0)",
    "solution": "The correct IUPAC naming follows the standard conventions where (0) indicates the oxidation state of Mn.",
    "solution_images": [],
    "difficulty": "Medium",
    "marks": 4
  },
  {
    "id": 21,
    "chapter": "Coordination_Compounds",
    "question": "What is the effective atomic number of of Cu in [Cu(NH3)4]2+? (At. No. of Cu = 29) [MHT-CET 2020]",
    "question_latex": "What is the effective atomic number of of $Cu$ in $[Cu(NH_{3})_{4}]^{2+}$? (At. No. of $Cu=29$) [MHT-CET 2020]",
    "question_images": [],
    "options": [
      "A. 35",
      "B. 36",
      "C. 29",
      "D. 34"
    ],
    "option_images": [],
    "answer": "A. 35",
    "solution": "$EAN = Z - X + Y = 29 - 2 + (2 \times 4) = 27 + 8 = 35$.",
    "solution_images": [],
    "difficulty": "Medium",
    "marks": 4
  },
  {
    "id": 22,
    "chapter": "Coordination_Compounds",
    "question": "Identify homoleptic complexes from following. [MHT-CET 2023]",
    "question_latex": "Identify homoleptic complexes from following. [MHT-CET 2023]",
    "question_images": [],
    "options": [
      "A. [Fe(H2O)5(NCS)]2+",
      "B. [Co(C2O4)3]3-",
      "C. [PtBr2(NH3)4]Br2",
      "D. [Co(NO2)3(NH3)3]"
    ],
    "option_images": [],
    "answer": "B. [Co(C2O4)3]3-",
    "solution": "$[Co(C_{2}O_{4})_{3}]^{3-}$ is homoleptic because only one type of ligand (oxalato) surrounds the metal ion.",
    "solution_images": [],
    "difficulty": "Easy",
    "marks": 4
  },
  {
    "id": 23,
    "chapter": "Coordination_Compounds",
    "question": "Which of the following statements is true about complex ions [Ni(Cl)4]2- and [Ni(CN)4]2-? [MHT-CET 2022]",
    "question_latex": "Which of the following statements is true about complex ions $[Ni(Cl)_{4}]^{2-}$ and $[Ni(CN)_{4}]^{2-}$? [MHT-CET 2022]",
    "question_images": [],
    "options": [
      "A. In both complex ions Ni undergoes sp3 hybridization.",
      "B. In both of these 3d-electrons get paired prior to hybridization.",
      "C. Both complexes are square planar.",
      "D. [Ni(Cl)4]2- is paramagnetic but [Ni(CN)4]2- is diamagnetic."
    ],
    "option_images": [],
    "answer": "D. [Ni(Cl)4]2- is paramagnetic but [Ni(CN)4]2- is diamagnetic.",
    "solution": "$Cl^-$ is a weak field ligand (high spin, no pairing, paramagnetic), while $CN^-$ is a strong field ligand (low spin, pairing, diamagnetic).",
    "solution_images": [],
    "difficulty": "Hard",
    "marks": 4
  },
  {
    "id": 24,
    "chapter": "Coordination_Compounds",
    "question": "Which among the following cations will form lowest stability complex if the ligand remains the same? [MHT-CET 2021]",
    "question_latex": "Which among the following cations will form lowest stability complex if the ligand remains the same? [MHT-CET 2021]",
    "question_images": [],
    "options": [
      "A. Fe2+",
      "B. Cd2+",
      "C. Cu2+",
      "D. Ni2+"
    ],
    "option_images": [],
    "answer": "B. Cd2+",
    "solution": "Stability order: $Cu^{2+} > Ni^{2+} > Fe^{2+} > Cd^{2+}$. $Cd^{2+}$ has the lowest charge-to-size ratio, resulting in the lowest stability.",
    "solution_images": [],
    "difficulty": "Medium",
    "marks": 4
  },
  {
    "id": 25,
    "chapter": "Coordination_Compounds",
    "question": "Which from following complexes exists as both geometric and optical isomers? [2025, 2022]",
    "question_latex": "Which from following complexes exists as both geometric and optical isomers? [2025, 2022]",
    "question_images": [],
    "options": [
      "A. [Co(en)3]3+",
      "B. [PtCl2(en)2]2+",
      "C. [Pt(NH3)(H2O)Cl2]",
      "D. Pt(NH3)2Cl2"
    ],
    "option_images": [],
    "answer": "B. [PtCl2(en)2]2+",
    "solution": "$[PtCl_{2}(en)_{2}]^{2+}$ is an $[M(AA)_{2}B_{2}]$ type complex. Its cis-isomer is optically active, while it also exhibits cis-trans (geometrical) isomerism.",
    "solution_images": [],
    "difficulty": "Hard",
    "marks": 4
  },
  {
    "id": 26,
    "chapter": "Coordination_Compounds",
    "question": "Effective atomic number (EAN) is",
    "question_latex": "$\\text{Effective atomic number (EAN) is}$",
    "question_images": [],
    "options": [
      "A. The number of electrons donated by ligands",
      "B. Number of electrons on the metal ion",
      "C. Number of valence electrons of metal",
      "D. Sum of electrons on metal and electrons donated by ligands"
    ],
    "option_images": [],
    "answer": "D",
    "solution": "$\\text{EAN} = Z - \\text{oxidation state} + \\text{electrons donated by ligands}.$",
    "solution_images": [],
    "difficulty": "",
    "marks": 4
  },
  {
    "id": 27,
    "chapter": "Coordination_Compounds",
    "question": "What is IUPAC name of [CoCl4]2−?",
    "question_latex": "$\\text{What is the IUPAC name of } [CoCl_4]^{2-} ?$",
    "question_images": [],
    "options": [
      "A. Tetrachlorocobaltate(II)",
      "B. Tetrachlorocobalt(II)",
      "C. Cobalt tetrachloride",
      "D. Chlorocobaltate(II)"
    ],
    "option_images": [],
    "answer": "A",
    "solution": "$[CoCl_4]^{2-}$ is an anionic complex; hence suffix 'ate' is used.",
    "solution_images": [],
    "difficulty": "",
    "marks": 4
  },
  {
    "id": 28,
    "chapter": "Coordination_Compounds",
    "question": "Which type of isomerism is exhibited by [Cr(H2O)6]Cl3 and [Cr(H2O)5Cl]Cl2·H2O?",
    "question_latex": "$\\text{Isomerism in } [Cr(H_2O)_6]Cl_3 \\text{ and } [Cr(H_2O)_5Cl]Cl_2\\cdot H_2O$",
    "question_images": [],
    "options": [
      "A. Linkage",
      "B. Coordination",
      "C. Hydrate",
      "D. Ionization"
    ],
    "option_images": [],
    "answer": "C",
    "solution": "$\\text{Difference is due to number of water molecules inside and outside coordination sphere.}$",
    "solution_images": [],
    "difficulty": "",
    "marks": 4
  },
  {
    "id": 29,
    "chapter": "Coordination_Compounds",
    "question": "For a square planar complex",
    "question_latex": "$\\text{For a square planar complex}$",
    "question_images": [],
    "options": [
      "A. Only one geometrical isomer is possible",
      "B. Two geometrical isomers are possible",
      "C. Three geometrical isomers are possible",
      "D. No isomerism is possible"
    ],
    "option_images": [],
    "answer": "C",
    "solution": "$\\text{For } MA_2B_2 \\text{ type square planar complexes, three geometrical isomers are possible.}$",
    "solution_images": [],
    "difficulty": "",
    "marks": 4
  },
  {
    "id": 30,
    "chapter": "Coordination_Compounds",
    "question": "One mole of silver chloride precipitated when excess AgNO3 is treated with one mole of",
    "question_latex": "$\\text{One mole of AgCl is precipitated when excess } AgNO_3 \\text{ reacts with one mole of}$",
    "question_images": [],
    "options": [
      "A. [Co(NH3)6]Cl3",
      "B. [Co(NH3)5Cl]Cl2",
      "C. [Co(NH3)4Cl2]Cl",
      "D. All of these"
    ],
    "option_images": [],
    "answer": "C",
    "solution": "$\\text{Only one } Cl^- \\text{ is outside coordination sphere in } [Co(NH_3)_4Cl_2]Cl.$",
    "solution_images": [],
    "difficulty": "",
    "marks": 4
  },
  {
    "id": 31,
    "chapter": "Coordination_Compounds",
    "question": "What is total number of donor atoms present in potassium trioxalatoaluminate(III)?",
    "question_latex": "$\\text{Total donor atoms in potassium trioxalatoaluminate(III)}$",
    "question_images": [],
    "options": [
      "A. 2",
      "B. 4",
      "C. 6",
      "D. 8"
    ],
    "option_images": [],
    "answer": "C",
    "solution": "$\\text{Each oxalate is bidentate; } 3 \\times 2 = 6$.",
    "solution_images": [],
    "difficulty": "",
    "marks": 4
  },
  {
    "id": 32,
    "chapter": "Coordination_Compounds",
    "question": "Find total number of moles of donor atoms present in one mole of trioxalatocobaltate(III) ion",
    "question_latex": "$\\text{Total donor atoms in one mole of } [Co(C_2O_4)_3]^{3-}$",
    "question_images": [],
    "options": [
      "A. 2",
      "B. 4",
      "C. 6",
      "D. 3"
    ],
    "option_images": [],
    "answer": "C",
    "solution": "$\\text{Oxalate is bidentate; } 3 \\times 2 = 6$ donor atoms.",
    "solution_images": [],
    "difficulty": "",
    "marks": 4
  },
  {
    "id": 33,
    "chapter": "Coordination_Compounds",
    "question": "What is the number of donor atoms in dimethylglyoxime ligand?",
    "question_latex": "$\\text{Number of donor atoms in dimethylglyoxime ligand}$",
    "question_images": ["q33_1"],
    "options": [
      "A. 1",
      "B. 2",
      "C. 3",
      "D. 4"
    ],
    "option_images": [],
    "answer": "B",
    "solution": "$\\text{Dimethylglyoxime is bidentate with two donor nitrogen atoms.}$",
    "solution_images": ["q33_solution_1"],
    "difficulty": "",
    "marks": 4
  },
  {
    "id": 34,
    "chapter": "Coordination_Compounds",
    "question": "Both Co3+ and Pt4+ have coordination number of six. Which complexes will show approximately same electrical conductance?",
    "question_latex": "$\\text{Which complexes show same electrical conductance?}$",
    "question_images": [],
    "options": [
      "A. [CoCl6]3− and [PtCl6]2−",
      "B. [Co(NH3)6]Cl3 and [Pt(NH3)6]Cl4",
      "C. [Co(NH3)6]Cl3 and [Co(NH3)5Cl]Cl2",
      "D. [CoCl6]3− and [Co(NH3)6]Cl3"
    ],
    "option_images": [],
    "answer": "B",
    "solution": "$\\text{Same number of ions are produced in solution, hence same conductance.}$",
    "solution_images": [],
    "difficulty": "",
    "marks": 4
  },
  {
    "id": 35,
    "chapter": "Coordination_Compounds",
    "question": "Identify cationic complex from following",
    "question_latex": "$\\text{Identify cationic complex}$",
    "question_images": [],
    "options": [
      "A. [Co(NH3)6]3+",
      "B. [Fe(CN)6]4−",
      "C. [PtCl6]2−",
      "D. [CoCl4]2−"
    ],
    "option_images": [],
    "answer": "A",
    "solution": "$[Co(NH_3)_6]^{3+}$ carries positive charge.",
    "solution_images": [],
    "difficulty": "",
    "marks": 4
  },
  {
    "id": 36,
    "chapter": "Coordination_Compounds",
    "question": "Number of water molecules directly bonded to metal centre in CuSO4·5H2O is",
    "question_latex": "$\\text{Number of water molecules bonded to Cu in } CuSO_4\\cdot5H_2O$",
    "question_images": [],
    "options": [
      "A. 5",
      "B. 4",
      "C. 3",
      "D. 2"
    ],
    "option_images": [],
    "answer": "B",
    "solution": "$\\text{Four water molecules are coordinated; one is lattice water.}$",
    "solution_images": [],
    "difficulty": "",
    "marks": 4
  },
  {
    "id": 37,
    "chapter": "Coordination_Compounds",
    "question": "Which gives paramagnetic behaviour?",
    "question_latex": "$\\text{Which shows paramagnetic behaviour?}$",
    "question_images": [],
    "options": [
      "A. [Fe(H2O)6]2+",
      "B. [Fe(CN)6]4−",
      "C. Both",
      "D. None"
    ],
    "option_images": [],
    "answer": "A",
    "solution": "$H_2O$ is weak field ligand causing unpaired electrons.",
    "solution_images": [],
    "difficulty": "",
    "marks": 4
  },
  {
    "id": 38,
    "chapter": "Coordination_Compounds",
    "question": "Which orbitals of transition metals have slightly higher energy in free metal ion?",
    "question_latex": "$\\text{Orbitals with slightly higher energy in free metal ion}$",
    "question_images": [],
    "options": [
      "A. dxy, dyz, dzx",
      "B. dx2−y2, dz2",
      "C. 3d",
      "D. 4s"
    ],
    "option_images": [],
    "answer": "B",
    "solution": "$e_g$ orbitals have slightly higher energy than $t_{2g}$.",
    "solution_images": [],
    "difficulty": "",
    "marks": 4
  },
  {
    "id": 39,
    "chapter": "Coordination_Compounds",
    "question": "Identify the use of EDTA from following",
    "question_latex": "$\\text{Use of EDTA}$",
    "question_images": [],
    "options": [
      "A. Cancer treatment",
      "B. Water softening",
      "C. Electroplating",
      "D. Nerve signals"
    ],
    "option_images": [],
    "answer": "B",
    "solution": "$EDTA$ forms stable complexes with metal ions used in water softening.",
    "solution_images": [],
    "difficulty": "",
    "marks": 4
  },
  {
    "id": 40,
    "chapter": "Coordination_Compounds",
    "question": "Identify the ligands present in pentaamminecobalt(III) chloride",
    "question_latex": "$\\text{Ligands in pentaamminecobalt(III) chloride}$",
    "question_images": [],
    "options": [
      "A. NH3 and Cl−",
      "B. NH3 only",
      "C. NH3 and CO3",
      "D. CO3 and NH3"
    ],
    "option_images": [],
    "answer": "A",
    "solution": "$[Co(NH_3)_5Cl]Cl_2$ contains $NH_3$ and $Cl^-$ as ligands.",
    "solution_images": [],
    "difficulty": "",
    "marks": 4
  },
  {
    "id": 41,
    "chapter": "Coordination_Compounds",
    "question": "Which type of isomerism is present between [Cr(H2O)6]Cl3 and [Cr(H2O)5Cl]Cl2·H2O?",
    "question_latex": "$\\text{Type of isomerism between given chromium complexes}$",
    "question_images": [],
    "options": [
      "A. Coordination",
      "B. Linkage",
      "C. Ionization",
      "D. Hydrate"
    ],
    "option_images": [],
    "answer": "D",
    "solution": "$\\text{Difference in water molecules inside coordination sphere causes hydrate isomerism.}$",
    "solution_images": [],
    "difficulty": "",
    "marks": 4
  },
  {
    "id": 42,
    "chapter": "Coordination_Compounds",
    "question": "What is secondary valence of Co3+ ion according to Werner’s theory in [Co(NH3)6]3+?",
    "question_latex": "$\\text{Secondary valence of } Co^{3+} \\text{ in } [Co(NH_3)_6]^{3+}$",
    "question_images": [],
    "options": [
      "A. 3",
      "B. 4",
      "C. 6",
      "D. 2"
    ],
    "option_images": [],
    "answer": "C",
    "solution": "$\\text{Secondary valence equals coordination number = 6.}$",
    "solution_images": [],
    "difficulty": "",
    "marks": 4
  },
  {
    "id": 43,
    "chapter": "Coordination_Compounds",
    "question": "Chelating ligand is one which donates to the metal ion",
    "question_latex": "$\\text{Chelating ligand donates}$",
    "question_images": [],
    "options": [
      "A. One lone pair",
      "B. Two lone pairs",
      "C. Four lone pairs",
      "D. All are correct"
    ],
    "option_images": [],
    "answer": "B",
    "solution": "$\\text{Chelating ligands are multidentate and donate two or more lone pairs.}$",
    "solution_images": [],
    "difficulty": "",
    "marks": 4
  },
  {
    "id": 44,
    "chapter": "Coordination_Compounds",
    "question": "Which of the following octahedral complexes will not show geometrical isomerism?",
    "question_latex": "$\\text{Octahedral complex not showing geometrical isomerism}$",
    "question_images": [],
    "options": [
      "A. [MA4B2]",
      "B. [MA3B3]",
      "C. [MA5B]",
      "D. [MAB5]"
    ],
    "option_images": [],
    "answer": "C",
    "solution": "$[MA_5B]$ has only one possible arrangement.",
    "solution_images": [],
    "difficulty": "",
    "marks": 4
  },
  {
    "id": 45,
    "chapter": "Coordination_Compounds",
    "question": "The oxidation state of Cr in [Cr(NH3)4Cl2]+ is",
    "question_latex": "$\\text{Oxidation state of Cr in } [Cr(NH_3)_4Cl_2]^+$",
    "question_images": [],
    "options": [
      "A. +1",
      "B. +2",
      "C. +3",
      "D. +4"
    ],
    "option_images": [],
    "answer": "C",
    "solution": "$x + 2(-1) = +1 \\Rightarrow x = +3.$",
    "solution_images": [],
    "difficulty": "",
    "marks": 4
  },
  {
    "id": 46,
    "chapter": "Coordination_Compounds",
    "question": "What is the total number of donor atoms present in hexacyanoferrate(II) ion?",
    "question_latex": "$\\text{Total donor atoms in } [Fe(CN)_6]^{4-}$",
    "question_images": [],
    "options": [
      "A. 3",
      "B. 4",
      "C. 6",
      "D. 12"
    ],
    "option_images": [],
    "answer": "C",
    "solution": "$\\text{Six monodentate } CN^- \\text{ ligands donate six donor atoms.}$",
    "solution_images": [],
    "difficulty": "",
    "marks": 4
  },
  {
    "id": 47,
    "chapter": "Coordination_Compounds",
    "question": "How many points of attachment are present in dimethyl glyoxime?",
    "question_latex": "$\\text{Points of attachment in dimethylglyoxime}$",
    "question_images": ["q47_1"],
    "options": [
      "A. 1",
      "B. 2",
      "C. 3",
      "D. 4"
    ],
    "option_images": [],
    "answer": "B",
    "solution": "$\\text{Dimethylglyoxime is bidentate.}$",
    "solution_images": ["q47_solution_1"],
    "difficulty": "",
    "marks": 4
  },
  {
    "id": 48,
    "chapter": "Coordination_Compounds",
    "question": "What is value of EAN of cobalt in [Co(NH3)6]3+?",
    "question_latex": "$\\text{EAN of Co in } [Co(NH_3)_6]^{3+}$",
    "question_images": [],
    "options": [
      "A. 27",
      "B. 36",
      "C. 32",
      "D. 34"
    ],
    "option_images": [],
    "answer": "B",
    "solution": "$EAN = 27 - 3 + 12 = 36.$",
    "solution_images": [],
    "difficulty": "",
    "marks": 4
  },
  {
    "id": 49,
    "chapter": "Coordination_Compounds",
    "question": "Which is neutral ligand from following?",
    "question_latex": "$\\text{Neutral ligand from the following}$",
    "question_images": [],
    "options": [
      "A. Ethylenediamine",
      "B. Carbonate",
      "C. Hydroxide",
      "D. Thiocyanate"
    ],
    "option_images": [],
    "answer": "A",
    "solution": "$Ethylenediamine$ is a neutral ligand.",
    "solution_images": [],
    "difficulty": "",
    "marks": 4
  },
  {
    "id": 50,
    "chapter": "Coordination_Compounds",
    "question": "The IUPAC name of K4[Fe(CN)6] is",
    "question_latex": "$\\text{IUPAC name of } K_4[Fe(CN)_6]$",
    "question_images": [],
    "options": [
      "A. Potassium hexacyanoferrate(II)",
      "B. Potassium hexacyanoferrate(III)",
      "C. Potassium ferrocyanide",
      "D. Potassium ferricyanide"
    ],
    "option_images": [],
    "answer": "A",
    "solution": "$\\text{Oxidation state of Fe is } +2; \\text{ hence ferrate(II).}$",
    "solution_images": [],
    "difficulty": "",
    "marks": 4
  },
  {
    "id": 51,
    "chapter": "Coordination_Compounds",
    "question": "Potassium ferrocyanide on reacting with copper sulphate yields a brown precipitate. The precipitate is",
    "question_latex": "$\\text{Potassium ferrocyanide reacting with copper sulphate yields a brown precipitate. The precipitate is}$",
    "question_images": [],
    "options": [
      "A. FeSO4",
      "B. K2SO4",
      "C. K2[Fe(CN)6]",
      "D. Cu2[Fe(CN)6]"
    ],
    "option_images": [],
    "answer": "D",
    "solution": "$K_4[Fe(CN)_6] + 2CuSO_4 \\rightarrow Cu_2[Fe(CN)_6] + 2K_2SO_4$.",
    "solution_images": [],
    "difficulty": "",
    "marks": 4
  },
  {
    "id": 52,
    "chapter": "Coordination_Compounds",
    "question": "Which coordination complex from following has a complex ion with positive charge?",
    "question_latex": "$\\text{Which coordination complex has a positively charged complex ion?}$",
    "question_images": [],
    "options": [
      "A. K3[Fe(CN)6]",
      "B. K4[Fe(CN)6]",
      "C. [Pt(NH3)2Cl2]",
      "D. [Co(NH3)6]Cl3"
    ],
    "option_images": [],
    "answer": "D",
    "solution": "$[Co(NH_3)_6]^{3+}$ is a positively charged complex ion.",
    "solution_images": [],
    "difficulty": "",
    "marks": 4
  },
  {
    "id": 53,
    "chapter": "Coordination_Compounds",
    "question": "Which among the following statements is true about complex ion [Pt(NH3)2Cl2]?",
    "question_latex": "$\\text{True statement about } [Pt(NH_3)_2Cl_2]$",
    "question_images": [],
    "options": [
      "A. It has complete inner atoms",
      "B. It is a neutral complex",
      "C. Coordination number of Pt is 4",
      "D. Oxidation state of Pt is +2"
    ],
    "option_images": [],
    "answer": "C",
    "solution": "$[Pt(NH_3)_2Cl_2]$ has coordination number 4.",
    "solution_images": [],
    "difficulty": "",
    "marks": 4
  },
  {
    "id": 54,
    "chapter": "Coordination_Compounds",
    "question": "Identify anionic complex from following",
    "question_latex": "$\\text{Identify an anionic complex}$",
    "question_images": [],
    "options": [
      "A. [Pt(NH3)2Cl2]",
      "B. [Co(NH3)6]3+",
      "C. [Fe(CN)6]4−",
      "D. [Cu(NH3)4]2+"
    ],
    "option_images": [],
    "answer": "C",
    "solution": "$[Fe(CN)_6]^{4-}$ is an anionic complex.",
    "solution_images": [],
    "difficulty": "",
    "marks": 4
  },
  {
    "id": 55,
    "chapter": "Coordination_Compounds",
    "question": "The IUPAC name of K2[Cr(C2O4)2(H2O)2] is",
    "question_latex": "$\\text{IUPAC name of } K_2[Cr(C_2O_4)_2(H_2O)_2]$",
    "question_images": [],
    "options": [
      "A. Potassium diaquadioxalatochromate(II)",
      "B. Potassium diaquadioxalatochromate(III)",
      "C. Potassium aquadioxalatochromate(III)",
      "D. Potassium diaquatetraoxalatochromate(III)"
    ],
    "option_images": [],
    "answer": "B",
    "solution": "Oxidation state of Cr is +3; hence chromate(III).",
    "solution_images": [],
    "difficulty": "",
    "marks": 4
  },
  {
    "id": 56,
    "chapter": "Coordination_Compounds",
    "question": "A group of atoms can function as a ligand only when",
    "question_latex": "$\\text{A group of atoms can function as a ligand only when}$",
    "question_images": [],
    "options": [
      "A. It is a small molecule",
      "B. It has an unshared electron pair",
      "C. It is negatively charged",
      "D. It is a positive ion"
    ],
    "option_images": [],
    "answer": "B",
    "solution": "Ligands must donate an electron pair to the metal ion.",
    "solution_images": [],
    "difficulty": "",
    "marks": 4
  },
  {
    "id": 57,
    "chapter": "Coordination_Compounds",
    "question": "Which of the following is a common donor atom in ligands?",
    "question_latex": "$\\text{Common donor atom in ligands}$",
    "question_images": [],
    "options": [
      "A. Arsenic",
      "B. Nitrogen",
      "C. Oxygen",
      "D. Both B and C"
    ],
    "option_images": [],
    "answer": "D",
    "solution": "Nitrogen and oxygen commonly donate lone pairs to metal ions.",
    "solution_images": [],
    "difficulty": "",
    "marks": 4
  },
  {
    "id": 58,
    "chapter": "Coordination_Compounds",
    "question": "Identify the number of electron pairs of oxalate ion that take part in bond formation with metal ion",
    "question_latex": "$\\text{Electron pairs of oxalate ion involved in bonding}$",
    "question_images": [],
    "options": [
      "A. 1",
      "B. 2",
      "C. 3",
      "D. 4"
    ],
    "option_images": [],
    "answer": "B",
    "solution": "Oxalate ion is bidentate and donates two electron pairs.",
    "solution_images": [],
    "difficulty": "",
    "marks": 4
  },
  {
    "id": 59,
    "chapter": "Coordination_Compounds",
    "question": "The compound having tetrahedral geometry is",
    "question_latex": "$\\text{Compound having tetrahedral geometry}$",
    "question_images": [],
    "options": [
      "A. [Ni(CN)4]2−",
      "B. [NiCl4]2−",
      "C. [PdCl4]2−",
      "D. [Pt(NH3)4]2+"
    ],
    "option_images": [],
    "answer": "B",
    "solution": "$[NiCl_4]^{2-}$ is tetrahedral due to weak field ligand $Cl^-.$",
    "solution_images": [],
    "difficulty": "",
    "marks": 4
  },
  {
    "id": 60,
    "chapter": "Coordination_Compounds",
    "question": "The IUPAC name of [Co(NH3)5Cl]Cl2 is",
    "question_latex": "$\\text{IUPAC name of } [Co(NH_3)_5Cl]Cl_2$",
    "question_images": [],
    "options": [
      "A. Pentaamminechlorocobalt(II) chloride",
      "B. Pentaamminechlorocobalt(III) chloride",
      "C. Pentaamminecobalt(III) chloride",
      "D. Chloropentaamminecobalt(II) chloride"
    ],
    "option_images": [],
    "answer": "B",
    "solution": "Oxidation state of Co is +3; hence cobalt(III).",
    "solution_images": [],
    "difficulty": "",
    "marks": 4
  },
  {
    "id": 61,
    "chapter": "Coordination_Compounds",
    "question": "Type of isomerism shown by [Cr(NH3)5NO2]Cl2 is",
    "question_latex": "$\\text{Isomerism shown by } [Cr(NH_3)_5NO_2]Cl_2$",
    "question_images": [],
    "options": [
      "A. Optical",
      "B. Ionization",
      "C. Linkage",
      "D. Coordination"
    ],
    "option_images": [],
    "answer": "C",
    "solution": "$NO_2^-$ shows linkage isomerism as nitro and nitrito forms.",
    "solution_images": [],
    "difficulty": "",
    "marks": 4
  },
  {
    "id": 62,
    "chapter": "Coordination_Compounds",
    "question": "Identify the type of hybridization involved in hexamminecobalt(III) complex ion",
    "question_latex": "$\\text{Hybridization in hexamminecobalt(III) complex}$",
    "question_images": [],
    "options": [
      "A. sp3",
      "B. dsp2",
      "C. d2sp3",
      "D. sp3d2"
    ],
    "option_images": [],
    "answer": "C",
    "solution": "$Co^{3+}$ undergoes $d^2sp^3$ hybridization forming octahedral complex.",
    "solution_images": [],
    "difficulty": "",
    "marks": 4
  },
  {
    "id": 63,
    "chapter": "Coordination_Compounds",
    "question": "Which of the following is a property of coordination compound and not of double salt?",
    "question_latex": "$\\text{Property of coordination compound}$",
    "question_images": [],
    "options": [
      "A. Dissociation into ions",
      "B. Gives tests of all constituent ions",
      "C. Exists as complex ion",
      "D. Shows conductivity in solution"
    ],
    "option_images": [],
    "answer": "C",
    "solution": "Coordination compounds exist as complex ions in solution.",
    "solution_images": [],
    "difficulty": "",
    "marks": 4
  },
  {
    "id": 64,
    "chapter": "Coordination_Compounds",
    "question": "What is oxidation state of iron in potassium hexacyanoferrate(II)?",
    "question_latex": "$\\text{Oxidation state of Fe in } K_4[Fe(CN)_6]$",
    "question_images": [],
    "options": [
      "A. 0",
      "B. +1",
      "C. +2",
      "D. +3"
    ],
    "option_images": [],
    "answer": "C",
    "solution": "Oxidation state of Fe is +2.",
    "solution_images": [],
    "difficulty": "",
    "marks": 4
  },
  {
    "id": 65,
    "chapter": "Coordination_Compounds",
    "question": "The name of the ring structure complex compound formed when metal ion and polydentate ligand is",
    "question_latex": "$\\text{Ring structure formed by metal ion and polydentate ligand}$",
    "question_images": [],
    "options": [
      "A. Simple complex",
      "B. Chelate complex",
      "C. Polynuclear complex",
      "D. None of the above"
    ],
    "option_images": [],
    "answer": "B",
    "solution": "Chelate complexes are formed with polydentate ligands.",
    "solution_images": [],
    "difficulty": "",
    "marks": 4
  },
  {
    "id": 66,
    "chapter": "Coordination_Compounds",
    "question": "Which among the following statements about [Ni(CN)4]2− is NOT true?",
    "question_latex": "$\\text{Incorrect statement about } [Ni(CN)_4]^{2-}$",
    "question_images": [],
    "options": [
      "A. It is square planar",
      "B. CN− is strong field ligand",
      "C. Ni is in +2 oxidation state",
      "D. It is paramagnetic"
    ],
    "option_images": [],
    "answer": "D",
    "solution": "$[Ni(CN)_4]^{2-}$ is diamagnetic.",
    "solution_images": [],
    "difficulty": "",
    "marks": 4
  },
  {
    "id": 67,
    "chapter": "Coordination_Compounds",
    "question": "The IUPAC name of the compound [Cu(NH3)2Cl2] is",
    "question_latex": "$\\text{IUPAC name of } [Cu(NH_3)_2Cl_2]$",
    "question_images": [],
    "options": [
      "A. Dichlorodiamminecopper(I)",
      "B. Dichlorodiamminecopper(II)",
      "C. Diamminedichlorocopper(I)",
      "D. Diamminedichlorocopper(II)"
    ],
    "option_images": [],
    "answer": "D",
    "solution": "Oxidation state of Cu is +2; hence copper(II).",
    "solution_images": [],
    "difficulty": "",
    "marks": 4
  },
  {
    "id": 68,
    "chapter": "Coordination_Compounds",
    "question": "What is the value of coordination number in Fe if its EAN is 35?",
    "question_latex": "$\\text{Coordination number of Fe if EAN = 35}$",
    "question_images": [],
    "options": [
      "A. 2",
      "B. 3",
      "C. 4",
      "D. 6"
    ],
    "option_images": [],
    "answer": "D",
    "solution": "$EAN = Z - x + Y = 35; \\; Y = 12 \\Rightarrow coordination number = 6.$",
    "solution_images": [],
    "difficulty": "",
    "marks": 4
  },
  {
    "id": 69,
    "chapter": "Coordination_Compounds",
    "question": "Which of the following is the formula of the coordination compound sodium hexafluoroaluminate(III)?",
    "question_latex": "$\\text{Formula of sodium hexafluoroaluminate(III)}$",
    "question_images": [],
    "options": [
      "A. Na[AlF6]",
      "B. Na2[AlF6]",
      "C. Na3[AlF6]",
      "D. Na4[AlF6]"
    ],
    "option_images": [],
    "answer": "C",
    "solution": "$[AlF_6]^{3-}$ requires three $Na^+$ ions.",
    "solution_images": [],
    "difficulty": "",
    "marks": 4
  },
  {
    "id": 70,
    "chapter": "Coordination_Compounds",
    "question": "The IUPAC name of [CoCl(NH3)(en)2]Cl2 is",
    "question_latex": "$\\text{IUPAC name of } [CoCl(NH_3)(en)_2]Cl_2$",
    "question_images": [],
    "options": [
      "A. Amminechlorobis(ethylenediamine)cobalt(III) chloride",
      "B. Chloramminebis(ethylenediamine)cobalt(III) chloride",
      "C. Amminechlorobis(ethylenediamine)cobalt(II) chloride",
      "D. Chloramminebis(ethylenediamine)cobalt(II) chloride"
    ],
    "option_images": [],
    "answer": "A",
    "solution": "Oxidation state of Co is +3 and ligands are named alphabetically.",
    "solution_images": [],
    "difficulty": "",
    "marks": 4
  },
  {
    "id": 71,
    "chapter": "Coordination_Compounds",
    "question": "What is EAN of Co in [Co(NH3)6]3+?",
    "question_latex": "$\\text{EAN of Co in } [Co(NH_3)_6]^{3+}$",
    "question_images": [],
    "options": [
      "A. 34",
      "B. 36",
      "C. 38",
      "D. 32"
    ],
    "option_images": [],
    "answer": "B",
    "solution": "$EAN = 27 - 3 + 12 = 36.$",
    "solution_images": [],
    "difficulty": "",
    "marks": 4
  },
  {
    "id": 72,
    "chapter": "Coordination_Compounds",
    "question": "Identify the formula of coordination compound pentaamminecarbonatocobalt(III) chloride",
    "question_latex": "$\\text{Formula of pentaamminecarbonatocobalt(III) chloride}$",
    "question_images": [],
    "options": [
      "A. [Co(NH3)5CO3]Cl",
      "B. [Co(NH3)5(CO3)]Cl",
      "C. [Co(NH3)5CO3]Cl2",
      "D. [Co(NH3)6]CO3"
    ],
    "option_images": [],
    "answer": "B",
    "solution": "Carbonate acts as bidentate ligand inside coordination sphere.",
    "solution_images": [],
    "difficulty": "",
    "marks": 4
  },
  {
    "id": 73,
    "chapter": "Coordination_Compounds",
    "question": "What is the type of magnetic behaviour and geometry respectively in cuprammonium sulphate?",
    "question_latex": "$\\text{Magnetic behaviour and geometry of cuprammonium sulphate}$",
    "question_images": [],
    "options": [
      "A. Diamagnetic and square planar",
      "B. Paramagnetic and tetrahedral",
      "C. Paramagnetic and square planar",
      "D. Diamagnetic and pyramidal"
    ],
    "option_images": [],
    "answer": "C",
    "solution": "$Cu^{2+}$ complex is paramagnetic and square planar.",
    "solution_images": [],
    "difficulty": "",
    "marks": 4
  },
  {
    "id": 74,
    "chapter": "Coordination_Compounds",
    "question": "The chlorobis(ethylenediamine)nitrocobalt(III) ion is",
    "question_latex": "$\\text{Chlorobis(ethylenediamine)nitrocobalt(III) ion}$",
    "question_images": [],
    "options": [
      "A. [Co(en)2Cl(NO2)]+",
      "B. [Co(en)2(NO2)Cl]+",
      "C. [Co(en)2Cl(NO2)]2+",
      "D. [Co(en)2(NO2)Cl]2+"
    ],
    "option_images": [],
    "answer": "A",
    "solution": "Complex contains en, Cl− and NO2− ligands with Co(III).",
    "solution_images": [],
    "difficulty": "",
    "marks": 4
  },
  {
    "id": 75,
    "chapter": "Coordination_Compounds",
    "question": "Identify the number of donor groups present in EDTA",
    "question_latex": "$\\text{Number of donor groups in EDTA}$",
    "question_images": [],
    "options": [
      "A. Two",
      "B. Four",
      "C. Five",
      "D. Six"
    ],
    "option_images": [],
    "answer": "D",
    "solution": "$EDTA$ is a hexadentate ligand.",
    "solution_images": [],
    "difficulty": "",
    "marks": 4
  },
  {
    "id": 76,
    "chapter": "Coordination_Compounds",
    "question": "What is oxidation state of cobalt in a coordination complex if its EAN is 36 and the value of coordination number is 6?",
    "question_latex": "$\\text{Oxidation state of Co if EAN = 36 and coordination number = 6}$",
    "question_images": [],
    "options": [
      "A. +1",
      "B. +2",
      "C. +3",
      "D. +4"
    ],
    "option_images": [],
    "answer": "C",
    "solution": "$EAN = Z - x + Y = 36$. For Co, $Z = 27$, $Y = 12$. Hence $27 - x + 12 = 36 \\Rightarrow x = +3$.",
    "solution_images": [],
    "difficulty": "",
    "marks": 4
  },
  {
    "id": 77,
    "chapter": "Coordination_Compounds",
    "question": "Which of the following is a bidentate ligand?",
    "question_latex": "$\\text{Which of the following is a bidentate ligand?}$",
    "question_images": [],
    "options": [
      "A. EDTA",
      "B. Ethylenediamine",
      "C. Acetate ion",
      "D. Pyridine"
    ],
    "option_images": [],
    "answer": "B",
    "solution": "$Ethylenediamine$ has two donor nitrogen atoms, hence bidentate.",
    "solution_images": [],
    "difficulty": "",
    "marks": 4
  },
  {
    "id": 78,
    "chapter": "Coordination_Compounds",
    "question": "Find the EAN of Zn in [Zn(NH3)4]2+",
    "question_latex": "$\\text{Find the EAN of Zn in } [Zn(NH_3)_4]^{2+}$",
    "question_images": [],
    "options": [
      "A. 36",
      "B. 38",
      "C. 37",
      "D. 35"
    ],
    "option_images": [],
    "answer": "A",
    "solution": "$EAN = Z - x + Y = 30 - 2 + 8 = 36$.",
    "solution_images": [],
    "difficulty": "",
    "marks": 4
  },
  {
    "id": 79,
    "chapter": "Coordination_Compounds",
    "question": "Identify cationic complex from following",
    "question_latex": "$\\text{Identify cationic complex}$",
    "question_images": [],
    "options": [
      "A. [PtBr2(NH3)2]",
      "B. Na3[AlF6]",
      "C. K4[Fe(CN)6]",
      "D. [PtBr2(NH3)2]Br2"
    ],
    "option_images": [],
    "answer": "D",
    "solution": "$[PtBr_2(NH_3)_2]Br_2$ contains cationic complex ion.",
    "solution_images": [],
    "difficulty": "",
    "marks": 4
  },
  {
    "id": 80,
    "chapter": "Coordination_Compounds",
    "question": "Number of possible optical isomers of [Co(en)2Cl2]+ is",
    "question_latex": "$\\text{Number of optical isomers of } [Co(en)_2Cl_2]^+$",
    "question_images": [],
    "options": [
      "A. 2",
      "B. 3",
      "C. 4",
      "D. 6"
    ],
    "option_images": [],
    "answer": "A",
    "solution": "$[Co(en)_2Cl_2]^+$ exists in cis form which is optically active, giving two optical isomers.",
    "solution_images": [],
    "difficulty": "",
    "marks": 4
  },
  {
    "id": 81,
    "chapter": "Coordination_Compounds",
    "question": "The coordination number of a central metal atom in a complex is determined by",
    "question_latex": "$\\text{Coordination number of a central metal atom is determined by}$",
    "question_images": [],
    "options": [
      "A. Number of ligands",
      "B. Number of donor atoms bonded to metal",
      "C. Number of sigma bonds",
      "D. Both B and C"
    ],
    "option_images": [],
    "answer": "D",
    "solution": "Coordination number equals number of donor atoms or sigma bonds formed with ligands.",
    "solution_images": [],
    "difficulty": "",
    "marks": 4
  },
  {
    "id": 82,
    "chapter": "Coordination_Compounds",
    "question": "What is IUPAC name of [Pt(NH3)4]Br2?",
    "question_latex": "$\\text{IUPAC name of } [Pt(NH_3)_4]Br_2$",
    "question_images": [],
    "options": [
      "A. Tetraammineplatinum(II) bromide",
      "B. Tetraamminebromoplatinum(II)",
      "C. Tetraamminebromoplatinate(II)",
      "D. Tetraammineplatinum bromide"
    ],
    "option_images": [],
    "answer": "A",
    "solution": "$[Pt(NH_3)_4]^{2+}$ is cationic complex, named tetraammineplatinum(II) bromide.",
    "solution_images": [],
    "difficulty": "",
    "marks": 4
  },
  {
    "id": 83,
    "chapter": "Coordination_Compounds",
    "question": "Geometrical isomerism is shown by",
    "question_latex": "$\\text{Geometrical isomerism is shown by}$",
    "question_images": [],
    "options": [
      "A. [Co(NH3)6]3+",
      "B. [RhCl3(CO)3]",
      "C. [CoCl(NH3)5]2+",
      "D. Both B and C"
    ],
    "option_images": [],
    "answer": "D",
    "solution": "Complexes with different arrangements of ligands show geometrical isomerism.",
    "solution_images": [],
    "difficulty": "",
    "marks": 4
  },
  {
    "id": 84,
    "chapter": "Coordination_Compounds",
    "question": "Identify the coordination number of cobalt ion in hexammine cobalt(III) iodide complex",
    "question_latex": "$\\text{Coordination number of Co in hexammine cobalt(III) iodide}$",
    "question_images": [],
    "options": [
      "A. 3",
      "B. 4",
      "C. 6",
      "D. 8"
    ],
    "option_images": [],
    "answer": "C",
    "solution": "Six ammonia molecules are present in coordination sphere.",
    "solution_images": [],
    "difficulty": "",
    "marks": 4
  },
  {
    "id": 85,
    "chapter": "Coordination_Compounds",
    "question": "Which among the following ligands is neutral?",
    "question_latex": "$\\text{Which ligand is neutral?}$",
    "question_images": [],
    "options": [
      "A. Nitro",
      "B. Ethylenediamine",
      "C. Isothiocyanate",
      "D. Cyanide"
    ],
    "option_images": [],
    "answer": "B",
    "solution": "$Ethylenediamine$ is a neutral ligand.",
    "solution_images": [],
    "difficulty": "",
    "marks": 4
  },
  {
    "id": 86,
    "chapter": "Coordination_Compounds",
    "question": "In the coordination compound [Pt(NH3)2Cl2], the coordination number and oxidation state of Pt are respectively",
    "question_latex": "$\\text{Coordination number and oxidation state of Pt in } [Pt(NH_3)_2Cl_2]$",
    "question_images": [],
    "options": [
      "A. 2, +2",
      "B. 4, +2",
      "C. 4, +4",
      "D. 2, +4"
    ],
    "option_images": [],
    "answer": "B",
    "solution": "$Coordination\\ number = 4$ and $oxidation\\ state = +2$.",
    "solution_images": [],
    "difficulty": "",
    "marks": 4
  },
  {
    "id": 87,
    "chapter": "Coordination_Compounds",
    "question": "What is IUPAC name of [Fe(H2O)5(NCS)]2+?",
    "question_latex": "$\\text{IUPAC name of } [Fe(H_2O)_5(NCS)]^{2+}$",
    "question_images": [],
    "options": [
      "A. Pentaaquathiocyanatoiron(II)",
      "B. Pentaaquaisothiocyanatoiron(II)",
      "C. Pentaaquathiocyanatoiron(III)",
      "D. Pentaaquaisothiocyanatoiron(III)"
    ],
    "option_images": [],
    "answer": "A",
    "solution": "$NCS^-$ bonded via N is named thiocyanato.",
    "solution_images": [],
    "difficulty": "",
    "marks": 4
  },
  {
    "id": 88,
    "chapter": "Coordination_Compounds",
    "question": "Which one of the following has largest number of isomers?",
    "question_latex": "$\\text{Which complex has largest number of isomers?}$",
    "question_images": [],
    "options": [
      "A. [Rh(NH3)4Cl2]+",
      "B. [Co(en)3]3+",
      "C. [Cr(H2O)6]3+",
      "D. [Co(NH3)5Cl]2+"
    ],
    "option_images": [],
    "answer": "B",
    "solution": "$[Co(en)_3]^{3+}$ shows optical isomerism.",
    "solution_images": [],
    "difficulty": "",
    "marks": 4
  },
  {
    "id": 89,
    "chapter": "Coordination_Compounds",
    "question": "Factors influencing the coordination number of metal ion are",
    "question_latex": "$\\text{Factors influencing coordination number}$",
    "question_images": [],
    "options": [
      "A. Charge on metal ion and ligand",
      "B. Size of metal ion and ligand",
      "C. Inter-ligand repulsion",
      "D. All of these"
    ],
    "option_images": [],
    "answer": "D",
    "solution": "All listed factors influence coordination number.",
    "solution_images": [],
    "difficulty": "",
    "marks": 4
  },
  {
    "id": 90,
    "chapter": "Coordination_Compounds",
    "question": "Which among the following is NOT an octahedral complex?",
    "question_latex": "$\\text{Which is NOT an octahedral complex?}$",
    "question_images": [],
    "options": [
      "A. [NH4]2[CoCl4]",
      "B. [Co(NH3)6]3+",
      "C. [Co(en)2Cl2]+",
      "D. [Cr(C2O4)3]3−"
    ],
    "option_images": [],
    "answer": "A",
    "solution": "$[CoCl_4]^{2-}$ is tetrahedral.",
    "solution_images": [],
    "difficulty": "",
    "marks": 4
  },
  {
    "id": 91,
    "chapter": "Coordination_Compounds",
    "question": "Identify anionic sphere complex from following",
    "question_latex": "$\\text{Identify anionic sphere complex}$",
    "question_images": [],
    "options": [
      "A. Pentaamminechlorocobalt(III) sulphate",
      "B. Tetraammine dichlorocobalt(III) ion",
      "C. Potassium hexacyanoferrate(III)",
      "D. Hexaamminecobalt(III) chloride"
    ],
    "option_images": [],
    "answer": "C",
    "solution": "$[Fe(CN)_6]^{3-}$ is an anionic complex.",
    "solution_images": [],
    "difficulty": "",
    "marks": 4
  },
  {
    "id": 92,
    "chapter": "Coordination_Compounds",
    "question": "What type of ligand is oxalate ion?",
    "question_latex": "$\\text{Type of ligand: oxalate ion}$",
    "question_images": [],
    "options": [
      "A. Hexadentate",
      "B. Bidentate",
      "C. Monodentate",
      "D. Ambidentate"
    ],
    "option_images": [],
    "answer": "B",
    "solution": "$Oxalate$ donates two electron pairs to metal ion.",
    "solution_images": [],
    "difficulty": "",
    "marks": 4
  },
  {
    "id": 93,
    "chapter": "Coordination_Compounds",
    "question": "The oxidation number of Fe in K4[Fe(CN)6] is",
    "question_latex": "$\\text{Oxidation number of Fe in } K_4[Fe(CN)_6]$",
    "question_images": [],
    "options": [
      "A. +3",
      "B. +4",
      "C. +2",
      "D. −2"
    ],
    "option_images": [],
    "answer": "C",
    "solution": "$Fe$ is in +2 oxidation state.",
    "solution_images": [],
    "difficulty": "",
    "marks": 4
  },
  {
    "id": 94,
    "chapter": "Coordination_Compounds",
    "question": "What is the coordination number of platinum in tetraamminebromoplatinum(IV) bromide?",
    "question_latex": "$\\text{Coordination number of Pt in tetraamminebromoplatinum(IV) bromide}$",
    "question_images": [],
    "options": [
      "A. 4",
      "B. 6",
      "C. 12",
      "D. 2"
    ],
    "option_images": [],
    "answer": "B",
    "solution": "$[PtBr_2(NH_3)_4]^{2+}$ has six ligands.",
    "solution_images": [],
    "difficulty": "",
    "marks": 4
  },
  {
    "id": 95,
    "chapter": "Coordination_Compounds",
    "question": "What is the denticity of ethylenediamine tetraacetate ion?",
    "question_latex": "$\\text{Denticity of EDTA}$",
    "question_images": [],
    "options": [
      "A. 4",
      "B. 2",
      "C. 1",
      "D. 6"
    ],
    "option_images": [],
    "answer": "D",
    "solution": "$EDTA$ is a hexadentate ligand.",
    "solution_images": [],
    "difficulty": "",
    "marks": 4
  },
  {
    "id": 96,
    "chapter": "Coordination_Compounds",
    "question": "A ligand can also be regarded as",
    "question_latex": "$\\text{A ligand can also be regarded as}$",
    "question_images": [],
    "options": [
      "A. Lewis acid",
      "B. Brønsted base",
      "C. Lewis base",
      "D. Brønsted acid"
    ],
    "option_images": [],
    "answer": "C",
    "solution": "$Ligand$ donates electron pair to metal ion, hence Lewis base.",
    "solution_images": [],
    "difficulty": "",
    "marks": 4
  },
  {
    "id": 97,
    "chapter": "Coordination_Compounds",
    "question": "The formula of tetrachlorodiamine platinum(IV) is",
    "question_latex": "$\\text{Formula of tetrachlorodiamine platinum(IV)}$",
    "question_images": [],
    "options": [
      "A. [PtCl4(NH3)2]",
      "B. [PtCl2(NH3)4]",
      "C. [Pt(NH3)2Cl4]",
      "D. [Pt(NH3)4Cl2]"
    ],
    "option_images": [],
    "answer": "C",
    "solution": "$Tetrachloro$ indicates four chloride ligands with Pt(IV).",
    "solution_images": [],
    "difficulty": "",
    "marks": 4
  },
  {
    "id": 98,
    "chapter": "Coordination_Compounds",
    "question": "Which among the following is NOT a type of constitutional isomer?",
    "question_latex": "$\\text{Which is NOT a constitutional isomer?}$",
    "question_images": [],
    "options": [
      "A. Geometrical isomers",
      "B. Coordination isomers",
      "C. Ionization isomers",
      "D. Solvate isomers"
    ],
    "option_images": [],
    "answer": "A",
    "solution": "$Geometrical$ isomers are stereoisomers, not constitutional isomers.",
    "solution_images": [],
    "difficulty": "",
    "marks": 4
  },
  {
    "id": 99,
    "chapter": "Coordination_Compounds",
    "question": "Which of the following statements is correct according to Werner’s theory when excess AgNO3 is treated with CoCl3·6NH3?",
    "question_latex": "$\\text{Correct statement when } CoCl_3\\cdot6NH_3 \\text{ is treated with excess } AgNO_3$",
    "question_images": [],
    "options": [
      "A. NH3 molecules are in coordination sphere",
      "B. Cl− ions are in coordination sphere",
      "C. All Cl− ions are precipitated",
      "D. Only two Cl− ions are precipitated"
    ],
    "option_images": [],
    "answer": "C",
    "solution": "All three chloride ions are ionizable and precipitate with AgNO3.",
    "solution_images": [],
    "difficulty": "",
    "marks": 4
  },
  {
    "id": 100,
    "chapter": "Coordination_Compounds",
    "question": "Identify the ligands present in cisplatin",
    "question_latex": "$\\text{Ligands present in cisplatin}$",
    "question_images": [],
    "options": [
      "A. Cl− and NH3",
      "B. OH− and CN−",
      "C. NH3 and CN−",
      "D. NH3 and H2O"
    ],
    "option_images": [],
    "answer": "A",
    "solution": "Cisplatin is $[Pt(NH_3)_2Cl_2]$ containing two $NH_3$ and two $Cl^-$ ligands.",
    "solution_images": [],
    "difficulty": "",
    "marks": 4
  }
]


  
