[
  {
    "id": 1,
    "chapter": "Elements of Group 1 and 2",
    "question": "Which of the following processes does NOT involve use of dihydrogen? [MHT-CET 2021]",
    "question_latex": "Which of the following processes does NOT involve use of dihydrogen? [MHT-CET 2021]",
    "question_images": [],
    "options": [
      "A. Preparation of metal hydride",
      "B. Preparation of HCl",
      "C. Gasification of coal",
      "D. Formation of vanaspati ghee"
    ],
    "option_images": [],
    "answer": "C",
    "solution": "Gasification of coal is the process used for the production of dihydrogen ($C + H_2O \\rightarrow CO + H_2$), rather than being a process that uses it.",
    "solution_images": [],
    "difficulty": "Easy",
    "marks": 4
  },
  {
    "id": 2,
    "chapter": "Elements of Group 1 and 2",
    "question": "Which part of heart muscles control by Na+?",
    "question_latex": "Which part of heart muscles control by $Na^+$?",
    "question_images": [],
    "options": [
      "A. O2 supply",
      "B. Charge conductivity",
      "C. Relaxation",
      "D. Contraction"
    ],
    "option_images": [],
    "answer": "D",
    "solution": "$Na^+$ ions are essential for the transmission of nerve signals and play a vital role in the contraction of heart muscles.",
    "solution_images": [],
    "difficulty": "Easy",
    "marks": 4
  },
  {
    "id": 3,
    "chapter": "Elements of Group 1 and 2",
    "question": "Which among the following elements exhibits diagonal relationship with Li? [MHT-CET 2022]",
    "question_latex": "Which among the following elements exhibits diagonal relationship with $Li$? [MHT-CET 2022]",
    "question_images": [],
    "options": [
      "A. B",
      "B. Al",
      "C. Na",
      "D. Mg"
    ],
    "option_images": [],
    "answer": "D",
    "solution": "$Li$ (Group 1) shows a diagonal relationship with $Mg$ (Group 2) due to their similar size and charge-to-radius ratio.",
    "solution_images": [],
    "difficulty": "Easy",
    "marks": 4
  },
  {
    "id": 4,
    "chapter": "Elements of Group 1 and 2",
    "question": "Identify the element forming peroxide on reaction with oxygen. [2025]",
    "question_latex": "Identify the element forming peroxide on reaction with oxygen. [2025]",
    "question_images": [],
    "options": [
      "A. Ar",
      "B. C",
      "C. He",
      "D. Na"
    ],
    "option_images": [],
    "answer": "D",
    "solution": "Sodium ($Na$) reacts with excess oxygen to form sodium peroxide ($Na_2O_2$).",
    "solution_images": [],
    "difficulty": "Easy",
    "marks": 4
  },
  {
    "id": 5,
    "chapter": "Elements of Group 1 and 2",
    "question": "Which among the following compounds is used in petroleum refining? [MHT-CET 2020]",
    "question_latex": "Which among the following compounds is used in petroleum refining? [MHT-CET 2020]",
    "question_images": [],
    "options": [
      "A. Na2CO3",
      "B. NaHCO3",
      "C. NaCl",
      "D. NaOH"
    ],
    "option_images": [],
    "answer": "D",
    "solution": "$NaOH$ (Caustic soda) solutions are used in petroleum refining to remove acidic impurities like $H_2S$ and mercaptans.",
    "solution_images": [],
    "difficulty": "Medium",
    "marks": 4
  },
  {
    "id": 6,
    "chapter": "Elements of Group 1 and 2",
    "question": "Which of the following is present in plant ash?",
    "question_latex": "Which of the following is present in plant ash?",
    "question_images": [],
    "options": [
      "A. Carbonates of Na and K",
      "B. Carbonates of Ca and Ba",
      "C. Hydroxides of Ca and Ba",
      "D. Hydroxides of Na and K"
    ],
    "option_images": [],
    "answer": "A",
    "solution": "Plant ash is primarily composed of the carbonates of sodium ($Na$) and potassium ($K$).",
    "solution_images": [],
    "difficulty": "Medium",
    "marks": 4
  },
  {
    "id": 7,
    "chapter": "Elements of Group 1 and 2",
    "question": "Which of the following properties of hydrogen is similar to halogen family? [MHT-CET 2020]",
    "question_latex": "Which of the following properties of hydrogen is similar to halogen family? [MHT-CET 2020]",
    "question_images": [],
    "options": [
      "A. Formation of unipositive ion",
      "B. Electronic configuration",
      "C. Ionisation enthalpy",
      "D. Electron gain enthalpy"
    ],
    "option_images": [],
    "answer": "C",
    "solution": "The ionization enthalpy of atomic hydrogen ($1312 \\ kJ \\ mol^{-1}$) is very high and comparable to that of halogens (e.g., $F = 1681 \\ kJ \\ mol^{-1}$).",
    "solution_images": [],
    "difficulty": "Medium",
    "marks": 4
  },
  {
    "id": 8,
    "chapter": "Elements of Group 1 and 2",
    "question": "Which is the correct increasing order of atomic radii of Na, K, Mg, Rb? [2025]",
    "question_latex": "Which is the correct increasing order of atomic radii of $Na, K, Mg, Rb$? [2025]",
    "question_images": [],
    "options": [
      "A. Mg < Na < K < Rb",
      "B. Mg < K < Na < Rb",
      "C. Na < K < Rb < Mg",
      "D. Mg < Na < Rb < K"
    ],
    "option_images": [],
    "answer": "A",
    "solution": "Atomic radius increases down a group ($Na < K < Rb$) and decreases across a period ($Mg < Na$). Thus, the order is $Mg < Na < K < Rb$.",
    "solution_images": [],
    "difficulty": "Medium",
    "marks": 4
  },
  {
    "id": 9,
    "chapter": "Elements of Group 1 and 2",
    "question": "Which among the following is used in the breathing equipment for mountaineers? [MHT-CET 2022]",
    "question_latex": "Which among the following is used in the breathing equipment for mountaineers? [MHT-CET 2022]",
    "question_images": [],
    "options": [
      "A. Na2O2",
      "B. KO2",
      "C. LiO",
      "D. CaO"
    ],
    "option_images": [],
    "answer": "B",
    "solution": "Potassium superoxide ($KO_2$) absorbs $CO_2$ and releases $O_2$, making it ideal for breathing equipment.",
    "solution_images": [],
    "difficulty": "Easy",
    "marks": 4
  },
  {
    "id": 10,
    "chapter": "Elements of Group 1 and 2",
    "question": "Mg and Li are similar in their properties due to",
    "question_latex": "$Mg$ and $Li$ are similar in their properties due to",
    "question_images": [],
    "options": [
      "A. same e/m ratio",
      "B. same electron affinity",
      "C. Same group",
      "D. Same ionic potential"
    ],
    "option_images": [],
    "answer": "D",
    "solution": "The similarity between $Li$ and $Mg$ (diagonal relationship) is primarily due to their similar ionic potentials (charge/radius ratio).",
    "solution_images": [],
    "difficulty": "Medium",
    "marks": 4
  },
  {
    "id": 11,
    "chapter": "Elements of Group 1 and 2",
    "question": "Which of the following is NOT true for alkaline earth metals? [MHT-CET 2021]",
    "question_latex": "Which of the following is NOT true for alkaline earth metals? [MHT-CET 2021]",
    "question_images": [],
    "options": [
      "A. Their compounds are diamagnetic and colourless.",
      "B. Alkaline earth metals are silvery white and soft.",
      "C. They are more electropositive than alkali metals.",
      "D. Their divalent ions have inert gas configuration."
    ],
    "option_images": [],
    "answer": "C",
    "solution": "Alkaline earth metals are less electropositive than their corresponding alkali metals in the same period due to higher ionization enthalpy.",
    "solution_images": [],
    "difficulty": "Medium",
    "marks": 4
  },
  {
    "id": 12,
    "chapter": "Elements of Group 1 and 2",
    "question": "Pure dihydrogen (99.5%) is obtained by the electrolysis of [MHT-CET 2021]",
    "question_latex": "Pure dihydrogen (99.5\\%) is obtained by the electrolysis of [MHT-CET 2021]",
    "question_images": [],
    "options": [
      "A. pure water.",
      "B. NaOH(aq) using Zn electrode.",
      "C. warm barium hydroxide using Ni electrodes.",
      "D. dil. H2SO4 using cadmium electrodes."
    ],
    "option_images": [],
    "answer": "C",
    "solution": "High purity ($> 99.95\\%$) dihydrogen is obtained by electrolyzing warm aqueous barium hydroxide solution between nickel electrodes.",
    "solution_images": [],
    "difficulty": "Medium",
    "marks": 4
  },
  {
    "id": 13,
    "chapter": "Elements of Group 1 and 2",
    "question": "What will be formed when alkaline earth metals dissolve in liquid NH3?",
    "question_latex": "What will be formed when alkaline earth metals dissolve in liquid $NH_3$?",
    "question_images": [],
    "options": [
      "A. Violet colour solution",
      "B. Deep green colour solution",
      "C. Brick red colour solution",
      "D. Deep blue black solution"
    ],
    "option_images": [],
    "answer": "D",
    "solution": "Like alkali metals, alkaline earth metals dissolve in liquid ammonia to give deep blue-black solutions containing ammoniated electrons.",
    "solution_images": [],
    "difficulty": "Medium",
    "marks": 4
  },
  {
    "id": 14,
    "chapter": "Elements of Group 1 and 2",
    "question": "Identify alkaline earth metal from following. [MHT-CET 2023]",
    "question_latex": "Identify alkaline earth metal from following. [MHT-CET 2023]",
    "question_images": [],
    "options": [
      "A. Cs",
      "B. Rb",
      "C. Fr",
      "D. Sr"
    ],
    "option_images": [],
    "answer": "D",
    "solution": "Strontium ($Sr$) belongs to Group 2 (Alkaline Earth Metals), while the others belong to Group 1 (Alkali Metals).",
    "solution_images": [],
    "difficulty": "Easy",
    "marks": 4
  },
  {
    "id": 15,
    "chapter": "Elements of Group 1 and 2",
    "question": "Which of the following elements has highest electronegativity? [2025, 2024]",
    "question_latex": "Which of the following elements has highest electronegativity? [2025, 2024]",
    "question_images": [],
    "options": [
      "A. K",
      "B. Rb",
      "C. Li",
      "D. Na"
    ],
    "option_images": [],
    "answer": "C",
    "solution": "Electronegativity decreases down the group. $Li$ (1.0) is the most electronegative in Group 1.",
    "solution_images": [],
    "difficulty": "Easy",
    "marks": 4
  },
  {
    "id": 16,
    "chapter": "Elements of Group 1 and 2",
    "question": "Choose the incorrect statement from following?",
    "question_latex": "Choose the incorrect statement from following?",
    "question_images": [],
    "options": [
      "A. The hybridization of carbon in graphite is sp2",
      "B. SiO2 react with Na2CO3 and liberates CO",
      "C. SiO2 is used as acid flux",
      "D. The distance between the layers in graphite is 3.35 x 10^-8 cm"
    ],
    "option_images": [],
    "answer": "B",
    "solution": "Reaction of $SiO_2$ with $Na_2CO_3$ produces $CO_2$ gas, not $CO$: $SiO_2 + Na_2CO_3 \\rightarrow Na_2SiO_3 + CO_2$.",
    "solution_images": [],
    "difficulty": "Hard",
    "marks": 4
  },
  {
    "id": 17,
    "chapter": "Elements of Group 1 and 2",
    "question": "When sodium is dissolved in liquid ammonia, a solution of deep blue colour is obtained. The colour of the solution is due to",
    "question_latex": "When sodium is dissolved in liquid ammonia, a solution of deep blue colour is obtained. The colour of the solution is due to",
    "question_images": [],
    "options": [
      "A. ammoniated electron",
      "B. sodium ion",
      "C. sodium amide",
      "D. ammoniated sodium ion"
    ],
    "option_images": [],
    "answer": "A",
    "solution": "The blue color is attributed to ammoniated electrons which absorb energy in the visible region of light.",
    "solution_images": [],
    "difficulty": "Medium",
    "marks": 4
  },
  {
    "id": 18,
    "chapter": "Elements of Group 1 and 2",
    "question": "Valence shell electronic configuration of fourth element of group-2 in periodic table is [MHT-CET 2020]",
    "question_latex": "Valence shell electronic configuration of fourth element of group-2 in periodic table is [MHT-CET 2020]",
    "question_images": [],
    "options": [
      "A. 5s2",
      "B. 5s1",
      "C. 4s2",
      "D. 4s1"
    ],
    "option_images": [],
    "answer": "A",
    "solution": "Group 2 elements: $Be (2s^2), Mg (3s^2), Ca (4s^2), Sr (5s^2)$. The fourth element is Strontium ($Sr$).",
    "solution_images": [],
    "difficulty": "Medium",
    "marks": 4
  },
  {
    "id": 19,
    "chapter": "Elements of Group 1 and 2",
    "question": "Complex hydrides formed by which alkali metals?",
    "question_latex": "Complex hydrides formed by which alkali metals?",
    "question_images": [],
    "options": [
      "A. Rb",
      "B. K",
      "C. Cs",
      "D. Li"
    ],
    "option_images": [],
    "answer": "D",
    "solution": "$Li$ forms complex hydrides like $LiAlH_4$ and $LiBH_4$ which are powerful reducing agents.",
    "solution_images": [],
    "difficulty": "Easy",
    "marks": 4
  },
  {
    "id": 20,
    "chapter": "Elements of Group 1 and 2",
    "question": "The reducing power of a metal depends on various factors. Suggest the factor which makes Li, the strongest reducing agent in aqueous solution.",
    "question_latex": "The reducing power of a metal depends on various factors. Suggest the factor which makes $Li$, the strongest reducing agent in aqueous solution.",
    "question_images": [],
    "options": [
      "A. Sublimation enthalpy",
      "B. Ionisation enthalpy",
      "C. Hydration enthalpy",
      "D. Electron-gain enthalpy"
    ],
    "option_images": [],
    "answer": "C",
    "solution": "Despite having high ionization enthalpy, $Li$ is the strongest reducing agent due to its very high hydration enthalpy, which offsets the ionization energy cost.",
    "solution_images": [],
    "difficulty": "Medium",
    "marks": 4
  },
  {
    "id": 21,
    "chapter": "Elements of Group 1 and 2",
    "question": "Which of the following is NOT correctly describes properties of H+ ion?",
    "question_latex": "Which of the following is NOT correctly describes properties of $H^+$ ion?",
    "question_images": [],
    "options": [
      "A. It exists freely in aqueous solution.",
      "B. It is a nucleus of very small size.",
      "C. It resembles both alkali metals and halogens.",
      "D. Its loss from H atom results in a small size particle."
    ],
    "option_images": [],
    "answer": "A",
    "solution": "$H^+$ ion cannot exist freely due to its extremely small size ($1.5 \\times 10^{-3} \\ pm$) and always associates with other molecules (forming $H_3O^+$).",
    "solution_images": [],
    "difficulty": "Medium",
    "marks": 4
  },
  {
    "id": 22,
    "chapter": "Elements of Group 1 and 2",
    "question": "Identify correct increasing order of reactivity of Group 1 elements with water. [2025]",
    "question_latex": "Identify correct increasing order of reactivity of Group 1 elements with water. [2025]",
    "question_images": [],
    "options": [
      "A. Na < Li < Rb < K",
      "B. Li < Na < K < Rb",
      "C. Rb < K < Na < Li",
      "D. Li < Na < Rb < K"
    ],
    "option_images": [],
    "answer": "B",
    "solution": "Reactivity increases down the group as ionization enthalpy decreases ($Li < Na < K < Rb < Cs$).",
    "solution_images": [],
    "difficulty": "Easy",
    "marks": 4
  },
  {
    "id": 23,
    "chapter": "Elements of Group 1 and 2",
    "question": "Which among the following elements has highest reactivity?",
    "question_latex": "Which among the following elements has highest reactivity?",
    "question_images": [],
    "options": [
      "A. Na",
      "B. Li",
      "C. Rb",
      "D. K"
    ],
    "option_images": [],
    "answer": "C",
    "solution": "$Rb$ has the largest atomic size and lowest ionization energy among the options, making it the most reactive.",
    "solution_images": [],
    "difficulty": "Easy",
    "marks": 4
  },
  {
    "id": 24,
    "chapter": "Elements of Group 1 and 2",
    "question": "Which cation from following is involved in apatite formation? [2025]",
    "question_latex": "Which cation from following is involved in apatite formation? [2025]",
    "question_images": [],
    "options": [
      "A. Ca2+",
      "B. Mg2+",
      "C. Ba2+",
      "D. Na+"
    ],
    "option_images": [],
    "answer": "A",
    "solution": "Apatite minerals, which are components of bones and teeth, are primarily calcium phosphate compounds ($Ca^{2+}$ ions).",
    "solution_images": [],
    "difficulty": "Easy",
    "marks": 4
  },
  {
    "id": 25,
    "chapter": "Elements of Group 1 and 2",
    "question": "All the elements of group 2 react with water to form metal hydroxide and hydrogen, except the element [MHT-CET 2021]",
    "question_latex": "All the elements of group 2 react with water to form metal hydroxide and hydrogen, except the element [MHT-CET 2021]",
    "question_images": [],
    "options": [
      "A. Calcium",
      "B. Barium",
      "C. Magnesium",
      "D. Beryllium"
    ],
    "option_images": [],
    "answer": "D",
    "solution": "Beryllium ($Be$) does not react with water or even steam due to its small size and high ionization energy.",
    "solution_images": [],
    "difficulty": "Easy",
    "marks": 4
  },
  {
    "id": 26,
    "chapter": "Elements of Group 1 and 2",
    "question": "Find the sets of atomic number of alkali metals.",
    "question_latex": "Find the sets of atomic number of alkali metals.",
    "question_images": [],
    "options": [
      "A. 3, 11, 19",
      "B. 15, 20, 30",
      "C. 7, 17, 27",
      "D. 2, 10, 18"
    ],
    "option_images": [],
    "answer": "A",
    "solution": "Alkali metals: $Li(3), Na(11), K(19), Rb(37), Cs(55), Fr(87)$.",
    "solution_images": [],
    "difficulty": "Easy",
    "marks": 4
  },
  {
    "id": 27,
    "chapter": "Elements of Group 1 and 2",
    "question": "Identify correct statement regarding hydrogen from following? [MHT-CET 2024]",
    "question_latex": "Identify correct statement regarding hydrogen from following? [MHT-CET 2024]",
    "question_images": [],
    "options": [
      "A. Hydrogen has same electronegativity as halogens.",
      "B. Hydrogen has oxidation number -1 and +1.",
      "C. Hydrogen is placed in group of transition metals.",
      "D. Hydrogen has same ionization potential as alkaline earth metal."
    ],
    "option_images": [],
    "answer": "B",
    "solution": "Hydrogen exhibits oxidation states of +1 (with non-metals) and -1 (in metal hydrides).",
    "solution_images": [],
    "difficulty": "Easy",
    "marks": 4
  },
  {
    "id": 28,
    "chapter": "Elements of Group 1 and 2",
    "question": "Name the molecule which has highest polarizing power.",
    "question_latex": "Name the molecule which has highest polarizing power.",
    "question_images": [],
    "options": [
      "A. Na+",
      "B. Li+",
      "C. Rb+",
      "D. K+"
    ],
    "option_images": [],
    "answer": "B",
    "solution": "Polarizing power $\\propto 1/size$. $Li^+$ is the smallest cation in Group 1, so it has the highest polarizing power.",
    "solution_images": [],
    "difficulty": "Medium",
    "marks": 4
  },
  {
    "id": 29,
    "chapter": "Elements of Group 1 and 2",
    "question": "Find out correct statement about alkali metals:",
    "question_latex": "Find out correct statement about alkali metals:",
    "question_images": [],
    "options": [
      "A. These are highly electronegative elements and form M-",
      "B. Electron in valance shell make these elements electronegative",
      "C. These elements are found in free state in nature",
      "D. These elements contains only one electron out side the noble gas core"
    ],
    "option_images": [],
    "answer": "D",
    "solution": "Alkali metals have a general electronic configuration of $[Noble \\ Gas]ns^1$, containing one valence electron.",
    "solution_images": [],
    "difficulty": "Easy",
    "marks": 4
  },
  {
    "id": 30,
    "chapter": "Elements of Group 1 and 2",
    "question": "Which of the following is the diagonally related pair",
    "question_latex": "Which of the following is the diagonally related pair",
    "question_images": [],
    "options": [
      "A. Li & Be",
      "B. Li & Al",
      "C. Li & Mg",
      "D. all of these"
    ],
    "option_images": [],
    "answer": "C",
    "solution": "$Li$ and $Mg$ exhibit a diagonal relationship because of their similar properties and atomic/ionic size.",
    "solution_images": [],
    "difficulty": "Easy",
    "marks": 4
  },
  {
    "id": 31,
    "chapter": "Elements of Group 1 and 2",
    "question": "Choose incorrect statements about 's' block elements.",
    "question_latex": "Choose incorrect statements about 's' block elements.",
    "question_images": [],
    "options": [
      "A. 's' block elements forms oxyacids",
      "B. 's' block contains alkali metals",
      "C. Last electron enters in 's' orbital of an element",
      "D. 's' block elements forms basic oxides"
    ],
    "option_images": [],
    "answer": "A",
    "solution": "s-block metals form basic oxides and hydroxides; they do not typically form oxyacids (which are formed by non-metals).",
    "solution_images": [],
    "difficulty": "Easy",
    "marks": 4
  },
  {
    "id": 32,
    "chapter": "Elements of Group 1 and 2",
    "question": "Pick out the wrong statement about alkali metals.",
    "question_latex": "Pick out the wrong statement about alkali metals.",
    "question_images": [],
    "options": [
      "A. They are inactive elements",
      "B. They does not found in free state in nature",
      "C. They form M+ ions",
      "D. All of these have only one valance electrons."
    ],
    "option_images": [],
    "answer": "A",
    "solution": "Alkali metals are highly active (reactive) due to low ionization energy.",
    "solution_images": [],
    "difficulty": "Easy",
    "marks": 4
  },
  {
    "id": 33,
    "chapter": "Elements of Group 1 and 2",
    "question": "Find the solution when one mole of bleaching powder is completely decomposed than the mass of chlorine gas that is liberated.",
    "question_latex": "Find the solution when one mole of bleaching powder is completely decomposed than the mass of chlorine gas that is liberated.",
    "question_images": [],
    "options": [
      "A. 70.90 gm",
      "B. 35.45 gm",
      "C. 88.60 gm",
      "D. 17.72 gm"
    ],
    "option_images": [],
    "answer": "A",
    "solution": "One mole of $CaOCl_2$ contains 70.9 g of chlorine atoms. Decomposing it releases 1 mole of $Cl_2$ gas (70.9 g).",
    "solution_images": [],
    "difficulty": "Medium",
    "marks": 4
  },
  {
    "id": 34,
    "chapter": "Elements of Group 1 and 2",
    "question": "Which among the following elements is radioactive? [MHT-CET 2022]",
    "question_latex": "Which among the following elements is radioactive? [MHT-CET 2022]",
    "question_images": [],
    "options": [
      "A. Sr",
      "B. Cs",
      "C. Fr",
      "D. Ba"
    ],
    "option_images": [],
    "answer": "C",
    "solution": "Francium ($Fr$) is the radioactive element of Group 1.",
    "solution_images": [],
    "difficulty": "Easy",
    "marks": 4
  },
  {
    "id": 35,
    "chapter": "Elements of Group 1 and 2",
    "question": "After heating what will lithium carbonate produce?",
    "question_latex": "After heating what will lithium carbonate produce?",
    "question_images": [],
    "options": [
      "A. Lithium superoxide",
      "B. Lithium oxide and CO2",
      "C. Lithium oxide only",
      "D. Lithium hydroxides and CO2"
    ],
    "option_images": [],
    "answer": "B",
    "solution": "$Li_2CO_3 \\xrightarrow{\\Delta} Li_2O + CO_2$. Unlike other alkali metal carbonates, $Li_2CO_3$ is thermally unstable.",
    "solution_images": [],
    "difficulty": "Medium",
    "marks": 4
  },
  {
    "id": 36,
    "chapter": "Elements of Group 1 and 2",
    "question": "Which among the following elements in +1 oxidation state forms colourless compounds and is diamagnetic? [MHT-CET 2022]",
    "question_latex": "Which among the following elements in +1 oxidation state forms colourless compounds and is diamagnetic? [MHT-CET 2022]",
    "question_images": [],
    "options": [
      "A. Calcium",
      "B. Strontium",
      "C. Magnesium",
      "D. Potassium"
    ],
    "option_images": [],
    "answer": "D",
    "solution": "Potassium ($K$) forms $K^+$ ions with noble gas configuration ($[Ar]$), meaning no unpaired electrons (diamagnetic and colourless).",
    "solution_images": [],
    "difficulty": "Easy",
    "marks": 4
  },
  {
    "id": 37,
    "chapter": "Elements of Group 1 and 2",
    "question": "Due to which of the following factor, Lithium is strongest reducing agent among alkali metals?",
    "question_latex": "Due to which of the following factor, $Lithium$ is strongest reducing agent among alkali metals?",
    "question_images": [],
    "options": [
      "A. Electron affinity",
      "B. lonization energy",
      "C. Lattice energy",
      "D. Hydration energy"
    ],
    "option_images": [],
    "answer": "D",
    "solution": "$Li$ has the highest hydration energy which makes it the most powerful reducing agent in aqueous medium.",
    "solution_images": [],
    "difficulty": "Easy",
    "marks": 4
  },
  {
    "id": 38,
    "chapter": "Elements of Group 1 and 2",
    "question": "Which combination correctly represents 'syngas'? [2025]",
    "question_latex": "Which combination correctly represents 'syngas'? [2025]",
    "question_images": [],
    "options": [
      "A. 2CO(g) + 3H2O(g)",
      "B. CO(g) + N2(g)",
      "C. CO(g) + 3H2(g)",
      "D. CO2(g) + H2(g)"
    ],
    "option_images": [],
    "answer": "C",
    "solution": "Syngas is a mixture of $CO$ and $H_2$. The standard synthesis from methane gives $CO + 3H_2$.",
    "solution_images": [],
    "difficulty": "Easy",
    "marks": 4
  },
  {
    "id": 39,
    "chapter": "Elements of Group 1 and 2",
    "question": "Which among the following alkali metal chlorides form hydrate? [MHT-CET 2020]",
    "question_latex": "Which among the following alkali metal chlorides form hydrate? [MHT-CET 2020]",
    "question_images": [],
    "options": [
      "A. NaCl",
      "B. CsCl",
      "C. KCl",
      "D. LiCl"
    ],
    "option_images": [],
    "answer": "D",
    "solution": "$LiCl$ is deliquescent and crystallizes as $LiCl \\cdot 2H_2O$. Other alkali chlorides do not form hydrates easily.",
    "solution_images": [],
    "difficulty": "Easy",
    "marks": 4
  },
  {
    "id": 40,
    "chapter": "Elements of Group 1 and 2",
    "question": "Find elements which belong to the same group of sub-group of the periodic table.",
    "question_latex": "Find elements which belong to the same group of sub-group of the periodic table.",
    "question_images": [],
    "options": [
      "A. At nos. 11, 19, 27, 5",
      "B. At nos. 9, 16, 35, 3",
      "C. At. nos. 12, 38, 4, 88",
      "D. At. nos. 24, 47, 42, 55"
    ],
    "option_images": [],
    "answer": "C",
    "solution": "Atomic numbers 4 ($Be$), 12 ($Mg$), 38 ($Sr$), 88 ($Ra$) all belong to Group 2.",
    "solution_images": [],
    "difficulty": "Easy",
    "marks": 4
  },
  {
    "id": 41,
    "chapter": "Elements of Group 1 and 2",
    "question": "Why alkali metals are most electropositive metals?",
    "question_latex": "Why alkali metals are most electropositive metals?",
    "question_images": [],
    "options": [
      "A. Their oxides and hydroxides are basic in nature",
      "B. They loose one electrons from ns orbital and form M2+ ions",
      "C. They gain one electron easily and form M+ ions",
      "D. They loose one electron from ns orbital and form M+ ions"
    ],
    "option_images": [],
    "answer": "D",
    "solution": "They are electropositive because they readily lose their single valence electron ($ns^1$) to achieve stable noble gas configuration.",
    "solution_images": [],
    "difficulty": "Easy",
    "marks": 4
  },
  {
    "id": 42,
    "chapter": "Elements of Group 1 and 2",
    "question": "A given compound always contains exactly the same proportion of elements by weight is a statement of",
    "question_latex": "A given compound always contains exactly the same proportion of elements by weight is a statement of",
    "question_images": [],
    "options": [
      "A. Law of combining volumes of gases",
      "B. Law of conservation of mass",
      "C. Law of multiple proportion",
      "D. Law of definite proportion"
    ],
    "option_images": [],
    "answer": "D",
    "solution": "This is the definition of the Law of Definite Proportions (Proust's Law).",
    "solution_images": [],
    "difficulty": "Easy",
    "marks": 4
  },
  {
    "id": 43,
    "chapter": "Elements of Group 1 and 2",
    "question": "Thermal decomposition of 10 gram solid CaCO3 is carried out in closed vessel calculate the masses of CaO and CO2 form respectively [2023]",
    "question_latex": "Thermal decomposition of 10 gram solid $CaCO_3$ is carried out in closed vessel calculate the masses of $CaO$ and $CO_2$ form respectively [2023]",
    "question_images": [],
    "options": [
      "A. 6 g and 4 g",
      "B. 4.5 gram and 5.5 gram",
      "C. 4 gram and 6 gram",
      "D. 5.6 gram and 4.4 gram"
    ],
    "option_images": [],
    "answer": "D",
    "solution": "$CaCO_3 (100g) \\rightarrow CaO (56g) + CO_2 (44g)$. So 10g produces 5.6g $CaO$ and 4.4g $CO_2$.",
    "solution_images": [],
    "difficulty": "Easy",
    "marks": 4
  },
  {
    "id": 44,
    "chapter": "Elements of Group 1 and 2",
    "question": "Choose incorrect property for an alkali metal.",
    "question_latex": "Choose incorrect property for an alkali metal.",
    "question_images": [],
    "options": [
      "A. Low density",
      "B. Low atomic volume",
      "C. Low ionization enthalpy",
      "D. Low electro negativity"
    ],
    "option_images": [],
    "answer": "B",
    "solution": "Alkali metals have the largest atomic volumes in their respective periods.",
    "solution_images": [],
    "difficulty": "Easy",
    "marks": 4
  },
  {
    "id": 45,
    "chapter": "Elements of Group 1 and 2",
    "question": "Which of the following is NOT present in baking powder? [MHT-CET 2020]",
    "question_latex": "Which of the following is NOT present in baking powder? [MHT-CET 2020]",
    "question_images": [],
    "options": [
      "A. Potassium hydrogen tartrate",
      "B. Starch",
      "C. Sodium carbonate",
      "D. Sodium hydrogen carbonate"
    ],
    "option_images": [],
    "answer": "C",
    "solution": "Sodium carbonate ($Na_2CO_3$) is washing soda. Baking powder contains $NaHCO_3$, starch, and tartrate.",
    "solution_images": [],
    "difficulty": "Easy",
    "marks": 4
  },
  {
    "id": 46,
    "chapter": "Elements of Group 1 and 2",
    "question": "The strength of 10 volume solution of hydrogen peroxide is [MHT-CET 2019]",
    "question_latex": "The strength of 10 volume solution of hydrogen peroxide is [MHT-CET 2019]",
    "question_images": [],
    "options": [
      "A. 44.8 g/L",
      "B. 30.35 g/L",
      "C. 22.4 g/L",
      "D. 11.2 g/L"
    ],
    "option_images": [],
    "answer": "B",
    "solution": "$2H_2O_2 \\rightarrow 2H_2O + O_2$. $68g \\rightarrow 22.4L$. For 10 vol, strength $= (68 \\times 10) / 22.4 = 30.35 \\ g/L$.",
    "solution_images": [],
    "difficulty": "Medium",
    "marks": 4
  },
  {
    "id": 47,
    "chapter": "Elements of Group 1 and 2",
    "question": "During production of dihydrogen from water gas, proportion by volume of water gas to steam is [MHT-CET 2020]",
    "question_latex": "During production of dihydrogen from water gas, proportion by volume of water gas to steam is [MHT-CET 2020]",
    "question_images": [],
    "options": [
      "A. 3:1",
      "B. 1:2",
      "C. 2:1",
      "D. 1:3"
    ],
    "option_images": [],
    "answer": "B",
    "solution": "The water-gas shift reaction uses a 1:2 ratio of water gas to steam to maximize yield.",
    "solution_images": [],
    "difficulty": "Hard",
    "marks": 4
  },
  {
    "id": 48,
    "chapter": "Elements of Group 1 and 2",
    "question": "Identify the element having ns2 electronic configuration. [MHT-CET 2022]",
    "question_latex": "Identify the element having $ns^2$ electronic configuration. [MHT-CET 2022]",
    "question_images": [],
    "options": [
      "A. Radium",
      "B. Rubidium",
      "C. Francium",
      "D. Sodium"
    ],
    "option_images": [],
    "answer": "A",
    "solution": "$Ra (Z=88)$ ends in $7s^2$, identifying it as a Group 2 element.",
    "solution_images": [],
    "difficulty": "Easy",
    "marks": 4
  },
  {
    "id": 49,
    "chapter": "Elements of Group 1 and 2",
    "question": "Which of the following forms dimer like Al?",
    "question_latex": "Which of the following forms dimer like $Al$?",
    "question_images": [],
    "options": [
      "A. Be",
      "B. Mg",
      "C. Ca",
      "D. Sr"
    ],
    "option_images": [],
    "answer": "A",
    "solution": "$Be$ halides ($BeCl_2$) exist as dimers in the vapor phase, similar to aluminum halides ($AlCl_3$).",
    "solution_images": [],
    "difficulty": "Medium",
    "marks": 4
  },
  {
    "id": 50,
    "chapter": "Elements of Group 1 and 2",
    "question": "Which element from following is used for cancer treatment? [MHT-CET 2023]",
    "question_latex": "Which element from following is used for cancer treatment? [MHT-CET 2023]",
    "question_images": [],
    "options": [
      "A. Sr",
      "B. Ra",
      "C. Ru",
      "D. Ba"
    ],
    "option_images": [],
    "answer": "B",
    "solution": "Radium ($Ra$) salts are used in radiotherapy for the treatment of cancer.",
    "solution_images": [],
    "difficulty": "Easy",
    "marks": 4
  },
  {
    "id": 51,
    "chapter": "Elements of Group 1 and 2",
    "question": "Water gas is a mixture of [MHT-CET 2020]",
    "question_latex": "Water gas is a mixture of [MHT-CET 2020]",
    "question_images": [],
    "options": [
      "A. CO + H2",
      "B. CO2 + H2",
      "C. CO + H2 + H2O",
      "D. O2 + H2"
    ],
    "option_images": [],
    "answer": "A",
    "solution": "Water gas is an equivolume mixture of carbon monoxide and hydrogen gas.",
    "solution_images": [],
    "difficulty": "Easy",
    "marks": 4
  },
  {
    "id": 52,
    "chapter": "Elements of Group 1 and 2",
    "question": "Which of the following is an alkali metal? [2025, 2021]",
    "question_latex": "Which of the following is an alkali metal? [2025, 2021]",
    "question_images": [],
    "options": [
      "A. Caesium",
      "B. Beryllium",
      "C. Strontium",
      "D. Radium"
    ],
    "option_images": [],
    "answer": "A",
    "solution": "Caesium ($Cs$) is the only alkali metal in the list; others are alkaline earth metals.",
    "solution_images": [],
    "difficulty": "Easy",
    "marks": 4
  },
  {
    "id": 53,
    "chapter": "Elements of Group 1 and 2",
    "question": "Which among the following elements has highest reactivity? [MHT-CET 2023]",
    "question_latex": "Which among the following elements has highest reactivity? [MHT-CET 2023]",
    "question_images": [],
    "options": [
      "A. Mg",
      "B. Li",
      "C. Be",
      "D. Ba"
    ],
    "option_images": [],
    "answer": "D",
    "solution": "Reactivity increases down the group in s-block. $Ba$ (Group 2, period 6) is the most reactive here.",
    "solution_images": [],
    "difficulty": "Easy",
    "marks": 4
  },
  {
    "id": 54,
    "chapter": "Elements of Group 1 and 2",
    "question": "Which among the following elements is radioactive? [MHT-CET 2023]",
    "question_latex": "Which among the following elements is radioactive? [MHT-CET 2023]",
    "question_images": [],
    "options": [
      "A. Sr",
      "B. Fr",
      "C. Ba",
      "D. Rb"
    ],
    "option_images": [],
    "answer": "B",
    "solution": "Francium ($Fr$) is a radioactive element in Group 1.",
    "solution_images": [],
    "difficulty": "Easy",
    "marks": 4
  },
  {
    "id": 55,
    "chapter": "Elements of Group 1 and 2",
    "question": "Which of the following elements belongs to first group and fifth period of periodic table? [MHT-CET 2024]",
    "question_latex": "Which of the following elements belongs to first group and fifth period of periodic table? [MHT-CET 2024]",
    "question_images": [],
    "options": [
      "A. Caesium",
      "B. Barium",
      "C. Strontium",
      "D. Rubidium"
    ],
    "option_images": [],
    "answer": "D",
    "solution": "Rubidium ($Rb$) has electronic configuration $[Kr]5s^1$, putting it in Group 1, Period 5.",
    "solution_images": [],
    "difficulty": "Easy",
    "marks": 4
  },
  {
    "id": 56,
    "chapter": "Elements of Group 1 and 2",
    "question": "Which among the following elements exhibits diagonal relationship with Al? [MHT-CET 2023]",
    "question_latex": "Which among the following elements exhibits diagonal relationship with $Al$? [MHT-CET 2023]",
    "question_images": [],
    "options": [
      "A. Na",
      "B. Mg",
      "C. Be",
      "D. Li"
    ],
    "option_images": [],
    "answer": "C",
    "solution": "$Be$ and $Al$ share a diagonal relationship due to similar charge/radius ratio.",
    "solution_images": [],
    "difficulty": "Easy",
    "marks": 4
  },
  {
    "id": 57,
    "chapter": "Elements of Group 1 and 2",
    "question": "30gm of magnesium and 30gm of oxygen reacted. What does the residual mixture contain?",
    "question_latex": "30gm of magnesium and 30gm of oxygen reacted. What does the residual mixture contain?",
    "question_images": [],
    "options": [
      "A. 45gm of MgO and 15gm of O2",
      "B. 50gm of MgO and 10gm of O2",
      "C. 60gm of MgO only",
      "D. 40gm of MgO and 20gm of O2"
    ],
    "option_images": [],
    "answer": "B",
    "solution": "$2Mg + O_2 \\rightarrow 2MgO$. 48g $Mg$ needs 32g $O_2$. 30g $Mg$ needs $(32/48) \\times 30 = 20g$ $O_2$. Produced $MgO = (80/48) \\times 30 = 50g$. Remaining $O_2 = 30 - 20 = 10g$.",
    "solution_images": [],
    "difficulty": "Hard",
    "marks": 4
  },
  {
    "id": 58,
    "chapter": "Elements of Group 1 and 2",
    "question": "Which among the following elements has highest electronegativity? [MHT-CET 2024]",
    "question_latex": "Which among the following elements has highest electronegativity? [MHT-CET 2024]",
    "question_images": [],
    "options": [
      "A. Li",
      "B. K",
      "C. Na",
      "D. Cs"
    ],
    "option_images": [],
    "answer": "A",
    "solution": "Electronegativity decreases down Group 1 elements ($Li > Na > K > Cs$).",
    "solution_images": [],
    "difficulty": "Easy",
    "marks": 4
  },
  {
    "id": 59,
    "chapter": "Elements of Group 1 and 2",
    "question": "What products are obtained when beryllium oxide is treated separately with aq. HCl and aq. NaOH solutions respectively? [MHT-CET 2024]",
    "question_latex": "What products are obtained when beryllium oxide is treated separately with aq. $HCl$ and aq. $NaOH$ solutions respectively? [MHT-CET 2024]",
    "question_images": [],
    "options": [
      "A. BeCl2 and Na2BeO2",
      "B. Be(OH)2 and BeCl2",
      "C. BeCl2 and Be(OH)2",
      "D. BeCl2 and Na2BeO4"
    ],
    "option_images": [],
    "answer": "A",
    "solution": "$BeO + 2HCl \\rightarrow BeCl_2 + H_2O$ and $BeO + 2NaOH \\rightarrow Na_2BeO_2 + H_2O$.",
    "solution_images": [],
    "difficulty": "Medium",
    "marks": 4
  },
  {
    "id": 60,
    "chapter": "Elements of Group 1 and 2",
    "question": "What is the formula of slaked lime? [MHT-CET 2024]",
    "question_latex": "What is the formula of slaked lime? [MHT-CET 2024]",
    "question_images": [],
    "options": [
      "A. CaCO3",
      "B. CaO",
      "C. Ca(OH)2",
      "D. Ca3(PO4)2"
    ],
    "option_images": [],
    "answer": "C",
    "solution": "Slaked lime is calcium hydroxide ($Ca(OH)_2$).",
    "solution_images": [],
    "difficulty": "Easy",
    "marks": 4
  },
  {
    "id": 61,
    "chapter": "Elements of Group 1 and 2",
    "question": "How many water molecules are present in formula of crystalline chloride of lithium? [MHT-CET 2021]",
    "question_latex": "How many water molecules are present in formula of crystalline chloride of lithium? [MHT-CET 2021]",
    "question_images": [],
    "options": [
      "A. 3",
      "B. 2",
      "C. 4",
      "D. 1"
    ],
    "option_images": [],
    "answer": "B",
    "solution": "The crystalline chloride of lithium is $LiCl \\cdot 2H_2O$.",
    "solution_images": [],
    "difficulty": "Easy",
    "marks": 4
  },
  {
    "id": 62,
    "chapter": "Elements of Group 1 and 2",
    "question": "Which of the following is the strongest reducing agent? [MHT-CET 2020]",
    "question_latex": "Which of the following is the strongest reducing agent? [MHT-CET 2020]",
    "question_images": [],
    "options": [
      "A. Mg",
      "B. Li",
      "C. Na",
      "D. Ca"
    ],
    "option_images": [],
    "answer": "B",
    "solution": "Lithium ($Li$) has the most negative electrode potential, making it the strongest reducing agent in aqueous solution.",
    "solution_images": [],
    "difficulty": "Easy",
    "marks": 4
  },
  {
    "id": 63,
    "chapter": "Elements of Group 1 and 2",
    "question": "The by-product of Solvay ammonia process is",
    "question_latex": "The by-product of Solvay ammonia process is",
    "question_images": [],
    "options": [
      "A. Carbon dioxide",
      "B. Ammonia",
      "C. Calcium chloride",
      "D. Calcium carbonate"
    ],
    "option_images": [],
    "answer": "C",
    "solution": "The reaction of $NH_4Cl$ with $Ca(OH)_2$ to recover ammonia produces $CaCl_2$ as a byproduct.",
    "solution_images": [],
    "difficulty": "Medium",
    "marks": 4
  },
  {
    "id": 64,
    "chapter": "Elements of Group 1 and 2",
    "question": "What will obtain when slaked lime reacted with Cl2 gas?",
    "question_latex": "What will obtain when slaked lime reacted with $Cl_2$ gas?",
    "question_images": [],
    "options": [
      "A. A mixture of Ca(OCl)2, Ca(OH)2, CaCl2 and H2O",
      "B. Quick lime",
      "C. Only Ca(OCl)2",
      "D. Only CaCl2"
    ],
    "option_images": [],
    "answer": "A",
    "solution": "Dry slaked lime reacts with chlorine to form bleaching powder, which is a mixture of these components.",
    "solution_images": [],
    "difficulty": "Medium",
    "marks": 4
  },
  {
    "id": 65,
    "chapter": "Elements of Group 1 and 2",
    "question": "What does not produce when ammonium chloride reacts with lime water?",
    "question_latex": "What does not produce when ammonium chloride reacts with lime water?",
    "question_images": [],
    "options": [
      "A. HCl",
      "B. H2O",
      "C. NH3",
      "D. CaCl2"
    ],
    "option_images": [],
    "answer": "A",
    "solution": "The reaction $2NH_4Cl + Ca(OH)_2 \\rightarrow CaCl_2 + 2NH_3 + 2H_2O$ produces $CaCl_2, NH_3,$ and $H_2O$. $HCl$ is not formed.",
    "solution_images": [],
    "difficulty": "Medium",
    "marks": 4
  },
  {
    "id": 66,
    "chapter": "Elements of Group 1 and 2",
    "question": "Which of the following compounds is recovered in Solvay's process when NH4Cl is treated with slaked lime? [MHT-CET 2024]",
    "question_latex": "Which of the following compounds is recovered in Solvay's process when $NH_4Cl$ is treated with slaked lime? [MHT-CET 2024]",
    "question_images": [],
    "options": [
      "A. CO2",
      "B. NH4HCO3",
      "C. NH3",
      "D. NaCl"
    ],
    "option_images": [],
    "answer": "C",
    "solution": "Ammonia ($NH_3$) is recovered to be reused in the Solvay process.",
    "solution_images": [],
    "difficulty": "Easy",
    "marks": 4
  },
  {
    "id": 67,
    "chapter": "Elements of Group 1 and 2",
    "question": "Which of the following element is used in photoelectric cell? [MHT-CET 2024]",
    "question_latex": "Which of the following element is used in photoelectric cell? [MHT-CET 2024]",
    "question_images": [],
    "options": [
      "A. Beryllium",
      "B. Caesium",
      "C. Calcium",
      "D. Liquid sodium"
    ],
    "option_images": [],
    "answer": "B",
    "solution": "Caesium ($Cs$) is used in photoelectric cells due to its low ionization energy and high electron-releasing capability.",
    "solution_images": [],
    "difficulty": "Easy",
    "marks": 4
  },
  {
    "id": 68,
    "chapter": "Elements of Group 1 and 2",
    "question": "A metal M readily forms water soluble sulphate MSO4, water insoluble hydroxide M(OH)2 and oxide MO which becomes inert on heating. The hydroxide is soluble in NaOH then what will be M?",
    "question_latex": "A metal $M$ readily forms water soluble sulphate $MSO_4$, water insoluble hydroxide $M(OH)_2$ and oxide $MO$ which becomes inert on heating. The hydroxide is soluble in $NaOH$ then what will be $M$?",
    "question_images": [],
    "options": [
      "A. Sr",
      "B. Be",
      "C. Mg",
      "D. Ca"
    ],
    "option_images": [],
    "answer": "B",
    "solution": "Beryllium ($Be$) fits all criteria ($BeSO_4$ is soluble, $Be(OH)_2$ is insoluble and amphoteric).",
    "solution_images": [],
    "difficulty": "Hard",
    "marks": 4
  },
  {
    "id": 69,
    "chapter": "Elements of Group 1 and 2",
    "question": "The characteristic not related to alkali metals is",
    "question_latex": "The characteristic not related to alkali metals is",
    "question_images": [],
    "options": [
      "A. their ions are isoelectronic with noble gases",
      "B. low melting point",
      "C. low electronegativity",
      "D. high ionization energy"
    ],
    "option_images": [],
    "answer": "D",
    "solution": "Alkali metals have exceptionally low ionization energy.",
    "solution_images": [],
    "difficulty": "Easy",
    "marks": 4
  },
  {
    "id": 70,
    "chapter": "Elements of Group 1 and 2",
    "question": "Identify the element having general electronic configuration ns1 from following. [MHT-CET 2023]",
    "question_latex": "Identify the element having general electronic configuration $ns^1$ from following. [MHT-CET 2023]",
    "question_images": [],
    "options": [
      "A. Ba",
      "B. Fr",
      "C. Ca",
      "D. Sr"
    ],
    "option_images": [],
    "answer": "B",
    "solution": "$Fr$ (Group 1) has $ns^1$ while others are Group 2 ($ns^2$).",
    "solution_images": [],
    "difficulty": "Easy",
    "marks": 4
  },
  {
    "id": 71,
    "chapter": "Elements of Group 1 and 2",
    "question": "Name the apparatus which is used in emergency breathing?",
    "question_latex": "Name the apparatus which is used in emergency breathing?",
    "question_images": [],
    "options": [
      "A. Potassium hydroxide",
      "B. Potassium oxide",
      "C. Potassium Carbonate",
      "D. Potassium superoxide"
    ],
    "option_images": [],
    "answer": "D",
    "solution": "Potassium superoxide ($KO_2$) is used in emergency breathing masks as it reacts with moisture and exhaled $CO_2$ to release $O_2$.",
    "solution_images": [],
    "difficulty": "Easy",
    "marks": 4
  },
  {
    "id": 72,
    "chapter": "Elements of Group 1 and 2",
    "question": "Identify use of hydrogen peroxide from following. [MHT-CET 2024]",
    "question_latex": "Identify use of hydrogen peroxide from following. [MHT-CET 2024]",
    "question_images": [],
    "options": [
      "A. As an antichlor.",
      "B. In purification of bauxite.",
      "C. In petroleum refining.",
      "D. In commercial production of washing soda."
    ],
    "option_images": [],
    "answer": "A",
    "solution": "$H_2O_2$ is used as an antichlor to remove excess chlorine after bleaching.",
    "solution_images": [],
    "difficulty": "Medium",
    "marks": 4
  },
  {
    "id": 73,
    "chapter": "Elements of Group 1 and 2",
    "question": "The number of moles of ammonia present in 5.6 dm^3 of its volume at STP is",
    "question_latex": "The number of moles of ammonia present in 5.6 $dm^3$ of its volume at STP is",
    "question_images": [],
    "options": [
      "A. 0.25",
      "B. 1.0",
      "C. 0.50",
      "D. 0.75"
    ],
    "option_images": [],
    "answer": "A",
    "solution": "$n = V / 22.4 = 5.6 / 22.4 = 0.25 \\ mol$.",
    "solution_images": [],
    "difficulty": "Easy",
    "marks": 4
  },
  {
    "id": 74,
    "chapter": "Elements of Group 1 and 2",
    "question": "Which of the following is radioactive? [MHT-CET 2021]",
    "question_latex": "Which of the following is radioactive? [MHT-CET 2021]",
    "question_images": [],
    "options": [
      "A. 4/2 H",
      "B. 1/1 H",
      "C. 2/1 H",
      "D. 3/1 H"
    ],
    "option_images": [],
    "answer": "D",
    "solution": "Tritium ($^3H$) is the radioactive isotope of hydrogen.",
    "solution_images": [],
    "difficulty": "Easy",
    "marks": 4
  },
  {
    "id": 75,
    "chapter": "Elements of Group 1 and 2",
    "question": "Choose incorrect statement about alkaline earth metals.",
    "question_latex": "Choose incorrect statement about alkaline earth metals.",
    "question_images": [],
    "options": [
      "A. Be on reacting with H2 form BeH2",
      "B. Mg vigorously react with water and form hydroxide",
      "C. They form metal hydrides on reacting with hydrogen",
      "D. They form metal halides on reacting with halogens"
    ],
    "option_images": [],
    "answer": "A",
    "solution": "Beryllium ($Be$) does not react directly with hydrogen; $BeH_2$ is prepared by the reduction of $BeCl_2$.",
    "solution_images": [],
    "difficulty": "Medium",
    "marks": 4
  },
  {
    "id": 76,
    "chapter": "Elements of Group 1 and 2",
    "question": "Which of the following is a property of alkali metals? [MHT-CET 2023]",
    "question_latex": "Which of the following is a property of alkali metals? [MHT-CET 2023]",
    "question_images": [],
    "options": [
      "A. Form dipositive ions only",
      "B. High density",
      "C. Compounds are paramagnetic",
      "D. Most electropositive elements"
    ],
    "option_images": [],
    "answer": "D",
    "solution": "Alkali metals are the most electropositive elements due to their single valence electron and low ionization energy.",
    "solution_images": [],
    "difficulty": "Easy",
    "marks": 4
  },
  {
    "id": 77,
    "chapter": "Elements of Group 1 and 2",
    "question": "How many molecules of water are present in a drop of volume 0.05 mL?",
    "question_latex": "How many molecules of water are present in a drop of volume 0.05 mL?",
    "question_images": [],
    "options": [
      "A. 6.00 x 10^21",
      "B. 1.67 x 10^21",
      "C. 2.0 x 10^21",
      "D. 5.02 x 10^21"
    ],
    "option_images": [],
    "answer": "B",
    "solution": "Mass $= 0.05 \\ g$. $n = 0.05/18$. Molecules $= (0.05/18) \\times 6.022 \\times 10^{23} = 1.67 \\times 10^{21}$.",
    "solution_images": [],
    "difficulty": "Hard",
    "marks": 4
  },
  {
    "id": 78,
    "chapter": "Elements of Group 1 and 2",
    "question": "Identify correct composition of water gas from following. [MHT-CET 2021]",
    "question_latex": "Identify correct composition of water gas from following. [MHT-CET 2021]",
    "question_images": [],
    "options": [
      "A. CO2(g) + 3H2(g)",
      "B. NO(g) + 2H2(g)",
      "C. CO(g) + H2(g)",
      "D. CO(g) + H2O(g)"
    ],
    "option_images": [],
    "answer": "C",
    "solution": "Water gas is a 1:1 mixture of $CO$ and $H_2$.",
    "solution_images": [],
    "difficulty": "Easy",
    "marks": 4
  },
  {
    "id": 79,
    "chapter": "Elements of Group 1 and 2",
    "question": "Due to formation which compound, the aqueous solution of Na2CO3 is alkaline?",
    "question_latex": "Due to formation which compound, the aqueous solution of $Na_2CO_3$ is alkaline?",
    "question_images": [],
    "options": [
      "A. NaHCO3",
      "B. Evolution of of CO2",
      "C. Caustic potash",
      "D. Caustic soda"
    ],
    "option_images": [],
    "answer": "D",
    "solution": "$Na_2CO_3 + 2H_2O \\rightarrow H_2CO_3 + 2NaOH$. The presence of strong base $NaOH$ makes the solution alkaline.",
    "solution_images": [],
    "difficulty": "Medium",
    "marks": 4
  },
  {
    "id": 80,
    "chapter": "Elements of Group 1 and 2",
    "question": "Which of the following product precipitated by passing the CO2 gas through solution of brine concentrated by ammonia?",
    "question_latex": "Which of the following product precipitated by passing the $CO_2$ gas through solution of brine concentrated by ammonia?",
    "question_images": [],
    "options": [
      "A. NaHCO3",
      "B. NH4HCO3",
      "C. NH4Cl",
      "D. Na2CO3"
    ],
    "option_images": [],
    "answer": "A",
    "solution": "In Solvay process, $NaHCO_3$ precipitates due to its low solubility in the presence of $NaCl$.",
    "solution_images": [],
    "difficulty": "Medium",
    "marks": 4
  },
  {
    "id": 81,
    "chapter": "Elements of Group 1 and 2",
    "question": "Which is a most basic hydroxides?",
    "question_latex": "Which is a most basic hydroxides?",
    "question_images": [],
    "options": [
      "A. Sr(OH)2",
      "B. Mg(OH)2",
      "C. Ba(OH)2",
      "D. Ca(OH)2"
    ],
    "option_images": [],
    "answer": "C",
    "solution": "Basicity of hydroxides increases down the group ($Mg < Ca < Sr < Ba$).",
    "solution_images": [],
    "difficulty": "Medium",
    "marks": 4
  },
  {
    "id": 82,
    "chapter": "Elements of Group 1 and 2",
    "question": "When slaked lime is passed through excess CO2, it forms [MHT-CET 2020]",
    "question_latex": "When slaked lime is passed through excess $CO_2$, it forms [MHT-CET 2020]",
    "question_images": [],
    "options": [
      "A. Ca2HCO3",
      "B. Ca(HCO3)2",
      "C. CaCl2",
      "D. CaCO3"
    ],
    "option_images": [],
    "answer": "B",
    "solution": "Excess $CO_2$ reacts with $CaCO_3$ to form soluble calcium bicarbonate.",
    "solution_images": [],
    "difficulty": "Easy",
    "marks": 4
  },
  {
    "id": 83,
    "chapter": "Elements of Group 1 and 2",
    "question": "Find the maximum value of x.",
    "question_latex": "Find the maximum value of x.",
    "question_images": [],
    "options": [
      "A. BaSO4 . xH2O",
      "B. MgSO4 . xH2O",
      "C. CaSO4 . xH2O",
      "D. All have the same value of x"
    ],
    "option_images": [],
    "answer": "B",
    "solution": "$Mg^{2+}$ has the highest hydration energy among Group 2 ions, thus $MgSO_4$ crystallizes with more water molecules (e.g., Epsom salt, $MgSO_4 \\cdot 7H_2O$).",
    "solution_images": [],
    "difficulty": "Hard",
    "marks": 4
  },
  {
    "id": 84,
    "chapter": "Elements of Group 1 and 2",
    "question": "What is the volume in dm^3 occupied by 60 gram ethane at STP?",
    "question_latex": "What is the volume in $dm^3$ occupied by 60 gram ethane at STP?",
    "question_images": [],
    "options": [
      "A. 11.2",
      "B. 22.4",
      "C. 44.8",
      "D. 56"
    ],
    "option_images": [],
    "answer": "C",
    "solution": "Ethane ($C_2H_6$) mol mass $= 30$. $n = 60/30 = 2$. $V = 2 \\times 22.4 = 44.8 \\ dm^3$.",
    "solution_images": [],
    "difficulty": "Medium",
    "marks": 4
  },
  {
    "id": 85,
    "chapter": "Elements of Group 1 and 2",
    "question": "Causticisation process is used for the preparation of which compound?",
    "question_latex": "Causticisation process is used for the preparation of which compound?",
    "question_images": [],
    "options": [
      "A. Caustic potash",
      "B. Caustic soda",
      "C. Slaked lime",
      "D. Washing soda"
    ],
    "option_images": [],
    "answer": "B",
    "solution": "$Na_2CO_3 + Ca(OH)_2 \\rightarrow CaCO_3 + 2NaOH$. This is the Gossage (Causticisation) process.",
    "solution_images": [],
    "difficulty": "Medium",
    "marks": 4
  },
  {
    "id": 86,
    "chapter": "Elements of Group 1 and 2",
    "question": "Find the number of electrons in the outermost orbital alkaline earth metals.",
    "question_latex": "Find the number of electrons in the outermost orbital alkaline earth metals.",
    "question_images": [],
    "options": [
      "A. 5",
      "B. 2",
      "C. 1",
      "D. 4"
    ],
    "option_images": [],
    "answer": "B",
    "solution": "All Group 2 elements have an $ns^2$ outer configuration.",
    "solution_images": [],
    "difficulty": "Easy",
    "marks": 4
  },
  {
    "id": 87,
    "chapter": "Elements of Group 1 and 2",
    "question": "Where alkali metals are normally stored?",
    "question_latex": "Where alkali metals are normally stored?",
    "question_images": [],
    "options": [
      "A. Water",
      "B. Kerosene oil",
      "C. Simple packing",
      "D. Open air"
    ],
    "option_images": [],
    "answer": "B",
    "solution": "They are stored in kerosene to prevent reaction with atmospheric moisture and air.",
    "solution_images": [],
    "difficulty": "Easy",
    "marks": 4
  },
  {
    "id": 88,
    "chapter": "Elements of Group 1 and 2",
    "question": "Which from following compounds is obtained when carbon dioxide gas bubbled through slaked lime solution? [MHT-CET 2023]",
    "question_latex": "Which from following compounds is obtained when carbon dioxide gas bubbled through slaked lime solution? [MHT-CET 2023]",
    "question_images": [],
    "options": [
      "A. CaCO3(s)",
      "B. NaCl(aq)",
      "C. CaCl2(aq)",
      "D. CaSO4(s)"
    ],
    "option_images": [],
    "answer": "A",
    "solution": "The reaction produces insoluble calcium carbonate ($CaCO_3$), which turns lime water milky.",
    "solution_images": [],
    "difficulty": "Easy",
    "marks": 4
  },
  {
    "id": 89,
    "chapter": "Elements of Group 1 and 2",
    "question": "Which among the following gas is bubbled through the brine solution during the preparation of sodium carbonate in Solvay's process? [MHT-CET 2020]",
    "question_latex": "Which among the following gas is bubbled through the brine solution during the preparation of sodium carbonate in Solvay's process? [MHT-CET 2020]",
    "question_images": [],
    "options": [
      "A. NO2(g)",
      "B. N2(g)",
      "C. O2(g)",
      "D. CO2(g)"
    ],
    "option_images": [],
    "answer": "D",
    "solution": "Carbon dioxide is the gas reacted with ammoniacal brine.",
    "solution_images": [],
    "difficulty": "Easy",
    "marks": 4
  },
  {
    "id": 90,
    "chapter": "Elements of Group 1 and 2",
    "question": "Which element from following exhibits diagonal relationship with Mg? [MHT-CET 2023]",
    "question_latex": "Which element from following exhibits diagonal relationship with $Mg$? [MHT-CET 2023]",
    "question_images": [],
    "options": [
      "A. Li",
      "B. Be",
      "C. B",
      "D. Na"
    ],
    "option_images": [],
    "answer": "A",
    "solution": "$Li$ and $Mg$ have similar atomic and ionic radii and electronegativity.",
    "solution_images": [],
    "difficulty": "Easy",
    "marks": 4
  },
  {
    "id": 91,
    "chapter": "Elements of Group 1 and 2",
    "question": "Reactivity of _____ is low with halogens.",
    "question_latex": "Reactivity of _____ is low with halogens.",
    "question_images": [],
    "options": [
      "A. Na",
      "B. K",
      "C. Rb",
      "D. Li"
    ],
    "option_images": [],
    "answer": "D",
    "solution": "Lithium ($Li$) is the least reactive Group 1 metal due to its highest ionization enthalpy.",
    "solution_images": [],
    "difficulty": "Medium",
    "marks": 4
  },
  {
    "id": 92,
    "chapter": "Elements of Group 1 and 2",
    "question": "A metal M is present in the soil, plants, bones, egg shells and sea shells. It is also used to remove oxygen from molten steel. Then what will be metal M?",
    "question_latex": "A metal $M$ is present in the soil, plants, bones, egg shells and sea shells. It is also used to remove oxygen from molten steel. Then what will be metal $M$?",
    "question_images": [],
    "options": [
      "A. Mg",
      "B. Al",
      "C. Na",
      "D. Ca"
    ],
    "option_images": [],
    "answer": "D",
    "solution": "Calcium ($Ca$) is a major component of bones and shells and acts as a deoxidizer in metallurgy.",
    "solution_images": [],
    "difficulty": "Easy",
    "marks": 4
  },
  {
    "id": 93,
    "chapter": "Elements of Group 1 and 2",
    "question": "Halides of which compound are covalent and soluble in organic solvent?",
    "question_latex": "Halides of which compound are covalent and soluble in organic solvent?",
    "question_images": [],
    "options": [
      "A. Mg",
      "B. Be",
      "C. Sr",
      "D. Ca"
    ],
    "option_images": [],
    "answer": "B",
    "solution": "Beryllium ($Be$) halides are predominantly covalent because of the high polarizing power of the $Be^{2+}$ ion.",
    "solution_images": [],
    "difficulty": "Medium",
    "marks": 4
  },
  {
    "id": 94,
    "chapter": "Elements of Group 1 and 2",
    "question": "Which of the following compounds is most stable?",
    "question_latex": "Which of the following compounds is most stable?",
    "question_images": [],
    "options": [
      "A. LiF",
      "B. LiCl",
      "C. LiBr",
      "D. Lil"
    ],
    "option_images": [],
    "answer": "A",
    "solution": "Lattice energy is highest for smaller ions. Fluoride is the smallest halide, making $LiF$ the most stable.",
    "solution_images": [],
    "difficulty": "Medium",
    "marks": 4
  },
  {
    "id": 95,
    "chapter": "Elements of Group 1 and 2",
    "question": "Cs+ ion imparts violet colour to the flame. Why radiations emitted?",
    "question_latex": "$Cs^+$ ion imparts violet colour to the flame. Why radiations emitted?",
    "question_images": [],
    "options": [
      "A. Low energy",
      "B. Longer wavelength",
      "C. High energy",
      "D. None of these"
    ],
    "option_images": [],
    "answer": "C",
    "solution": "Violet light has high frequency/energy compared to other colors in the visible spectrum.",
    "solution_images": [],
    "difficulty": "Medium",
    "marks": 4
  },
  {
    "id": 96,
    "chapter": "Elements of Group 1 and 2",
    "question": "Which from the following alkaline earth metals is used as a moderator in nuclear reactors? [MHT-CET 2024]",
    "question_latex": "Which from the following alkaline earth metals is used as a moderator in nuclear reactors? [MHT-CET 2024]",
    "question_images": [],
    "options": [
      "A. Calcium",
      "B. Magnesium",
      "C. Beryllium",
      "D. Barium"
    ],
    "option_images": [],
    "answer": "C",
    "solution": "Beryllium ($Be$) is used as a reflector/moderator in nuclear reactors due to its low neutron absorption.",
    "solution_images": [],
    "difficulty": "Easy",
    "marks": 4
  },
  {
    "id": 97,
    "chapter": "Elements of Group 1 and 2",
    "question": "Which among the following statements of group-1 elements is NOT true? [MHT-CET 2023]",
    "question_latex": "Which among the following statements of group-1 elements is NOT true? [MHT-CET 2023]",
    "question_images": [],
    "options": [
      "A. Unipositive ions have inert gas configuration.",
      "B. These form colourless compounds in +1 state.",
      "C. Compounds of unipositive ions are paramagnetic.",
      "D. These have high negative values of standard reduction potential."
    ],
    "option_images": [],
    "answer": "C",
    "solution": "$M^+$ ions have paired electrons (noble gas core), thus they are diamagnetic, not paramagnetic.",
    "solution_images": [],
    "difficulty": "Medium",
    "marks": 4
  },
  {
    "id": 98,
    "chapter": "Elements of Group 1 and 2",
    "question": "Super oxides O2- is stable with which ion?",
    "question_latex": "Super oxides $O_2^-$ is stable with which ion?",
    "question_images": [],
    "options": [
      "A. M+ Large cations",
      "B. M2+ Large Cations",
      "C. M+ small cations",
      "D. Any Cation"
    ],
    "option_images": [],
    "answer": "A",
    "solution": "Large cations like $K^+, Rb^+, Cs^+$ stabilize the large superoxide anion through lattice energy effects.",
    "solution_images": [],
    "difficulty": "Medium",
    "marks": 4
  },
  {
    "id": 99,
    "chapter": "Elements of Group 1 and 2",
    "question": "Which of the following halogens combine with dihydrogen at lowest temperature? [MHT-CET 2020]",
    "question_latex": "Which of the following halogens combine with dihydrogen at lowest temperature? [MHT-CET 2020]",
    "question_images": [],
    "options": [
      "A. Bromine",
      "B. Chlorine",
      "C. Fluorine",
      "D. Iodine"
    ],
    "option_images": [],
    "answer": "C",
    "solution": "Fluorine reacts explosively with $H_2$ even in the dark at very low temperatures.",
    "solution_images": [],
    "difficulty": "Easy",
    "marks": 4
  },
  {
    "id": 100,
    "chapter": "Elements of Group 1 and 2",
    "question": "Factors affecting diagonal relationship is----",
    "question_latex": "Factors affecting diagonal relationship is----",
    "question_images": [],
    "options": [
      "A. Similar Ionisation enthalpy",
      "B. Similar atomic radii",
      "C. Unavailability of d-orbital",
      "D. all of these"
    ],
    "option_images": [],
    "answer": "D",
    "solution": "Similarities in radii, electronegativity, and electronic factors like lack of d-orbitals contribute to this relationship.",
    "solution_images": [],
    "difficulty": "Medium",
    "marks": 4
  },
  {
    "id": 101,
    "chapter": "Elements of Group 1 and 2",
    "question": "Which of the following is a source for HCl in gastric juice and bicarbonates acts as a buffer in human body?",
    "question_latex": "Which of the following is a source for $HCl$ in gastric juice and bicarbonates acts as a buffer in human body?",
    "question_images": [],
    "options": [
      "A. KCl",
      "B. NaCl",
      "C. NaOH",
      "D. KOH"
    ],
    "option_images": [],
    "answer": "B",
    "solution": "$NaCl$ provides $Cl^-$ for the production of $HCl$ in the stomach and helps maintain osmotic pressure.",
    "solution_images": [],
    "difficulty": "Easy",
    "marks": 4
  },
  {
    "id": 102,
    "chapter": "Elements of Group 1 and 2",
    "question": "Which product will not produce when BeCl2 reacted with LiAlH4?",
    "question_latex": "Which product will not produce when $BeCl_2$ reacted with $LiAlH_4$?",
    "question_images": [],
    "options": [
      "A. HCl",
      "B. BeH2",
      "C. AlCl3",
      "D. LiCl"
    ],
    "option_images": [],
    "answer": "A",
    "solution": "$2BeCl_2 + LiAlH_4 \\rightarrow 2BeH_2 + LiCl + AlCl_3$. $HCl$ is not a product.",
    "solution_images": [],
    "difficulty": "Medium",
    "marks": 4
  },
  {
    "id": 103,
    "chapter": "Elements of Group 1 and 2",
    "question": "Which of the following is required for the proper functioning of the heart?",
    "question_latex": "Which of the following is required for the proper functioning of the heart?",
    "question_images": [],
    "options": [
      "A. Be",
      "B. Mg",
      "C. Ca",
      "D. Sr"
    ],
    "option_images": [],
    "answer": "C",
    "solution": "Calcium ions play a critical role in heart muscle contraction and blood clotting.",
    "solution_images": [],
    "difficulty": "Easy",
    "marks": 4
  },
  {
    "id": 104,
    "chapter": "Elements of Group 1 and 2",
    "question": "Which of the following is not an alkali metal? [2025]",
    "question_latex": "Which of the following is not an alkali metal? [2025]",
    "question_images": [],
    "options": [
      "A. Caesium",
      "B. Lithium",
      "C. Beryllium",
      "D. Potassium"
    ],
    "option_images": [],
    "answer": "C",
    "solution": "Beryllium ($Be$) is an alkaline earth metal (Group 2).",
    "solution_images": [],
    "difficulty": "Easy",
    "marks": 4
  },
  {
    "id": 105,
    "chapter": "Elements of Group 1 and 2",
    "question": "Which among the following sets of compounds is used as raw material for the preparation of sodium carbonate by Solvay process? [MHT-CET 2019]",
    "question_latex": "Which among the following sets of compounds is used as raw material for the preparation of sodium carbonate by Solvay process? [MHT-CET 2019]",
    "question_images": [],
    "options": [
      "A. NaCl, CaCO3, H2SO4",
      "B. NH4Cl, H2O, NaCl",
      "C. NaCl, NH3, Ca(OH)2",
      "D. NaOH, HCl, CO2"
    ],
    "option_images": [],
    "answer": "C",
    "solution": "Raw materials: Brine ($NaCl$), Ammonia ($NH_3$), and Limestone (which gives $CO_2$ and $Ca(OH)_2$).",
    "solution_images": [],
    "difficulty": "Easy",
    "marks": 4
  },
  {
    "id": 106,
    "chapter": "Elements of Group 1 and 2",
    "question": "Which among the following elements has only one electron in valence shell? [MHT-CET 2022]",
    "question_latex": "Which among the following elements has only one electron in valence shell? [MHT-CET 2022]",
    "question_images": [],
    "options": [
      "A. Ba",
      "B. Ca",
      "C. Rb",
      "D. Ra"
    ],
    "option_images": [],
    "answer": "C",
    "solution": "Rubidium ($Rb$) is a Group 1 element ($ns^1$). Others are Group 2 ($ns^2$).",
    "solution_images": [],
    "difficulty": "Easy",
    "marks": 4
  },
  {
    "id": 107,
    "chapter": "Elements of Group 1 and 2",
    "question": "Which among the following reaction produces lime water? [MHT-CET 2020]",
    "question_latex": "Which among the following reaction produces lime water? [MHT-CET 2020]",
    "question_images": [],
    "options": [
      "A. CaO + 2NH4Cl -> CaCl2 + 2NH3 + H2O",
      "B. CaO + H2O -> Ca(OH)2",
      "C. CaO + CO2 -> CaCO2",
      "D. CaO + SiO2 -> CaSiO3"
    ],
    "option_images": [],
    "answer": "B",
    "solution": "Slaking of quick lime ($CaO$) with water yields lime water/slaked lime ($Ca(OH)_2$).",
    "solution_images": [],
    "difficulty": "Easy",
    "marks": 4
  },
  {
    "id": 108,
    "chapter": "Elements of Group 1 and 2",
    "question": "What LiAlH4 represents?",
    "question_latex": "What $LiAlH_4$ represents?",
    "question_images": [],
    "options": [
      "A. Strong reducing agent",
      "B. Weak reducing agent",
      "C. Weak oxidizing agent",
      "D. Strong oxidizing agent"
    ],
    "option_images": [],
    "answer": "A",
    "solution": "Lithium aluminum hydride is a powerful/strong reducing agent in chemistry.",
    "solution_images": [],
    "difficulty": "Easy",
    "marks": 4
  },
  {
    "id": 109,
    "chapter": "Elements of Group 1 and 2",
    "question": "Which from following physical properties of alkali metals increases down the group? [MHT-CET 2024]",
    "question_latex": "Which from following physical properties of alkali metals increases down the group? [MHT-CET 2024]",
    "question_images": [],
    "options": [
      "A. Electronegativity",
      "B. Ionization enthalpy",
      "C. Melting point",
      "D. Ionic radius"
    ],
    "option_images": [],
    "answer": "D",
    "solution": "Atomic and ionic radii increase down the group as new shells are added.",
    "solution_images": [],
    "difficulty": "Easy",
    "marks": 4
  },
  {
    "id": 110,
    "chapter": "Elements of Group 1 and 2",
    "question": "A metal on heating in nitrogen gas given Y. Y on treatment with H2O given a coourless gas which when passed through CuSO4 Solution gives a blue colour. Then Y become?",
    "question_latex": "A metal on heating in nitrogen gas given $Y$. $Y$ on treatment with $H_2O$ given a coourless gas which when passed through $CuSO_4$ Solution gives a blue colour. Then $Y$ become?",
    "question_images": [],
    "options": [
      "A. NH3",
      "B. MgO",
      "C. Mg(NO3)2",
      "D. Mg3N2"
    ],
    "option_images": [],
    "answer": "D",
    "solution": "$3Mg + N_2 \\rightarrow Mg_3N_2$ ($Y$). $Mg_3N_2 + 6H_2O \\rightarrow 3Mg(OH)_2 + 2NH_3$. $NH_3$ forms the blue complex $[Cu(NH_3)_4]^{2+}$.",
    "solution_images": [],
    "difficulty": "Hard",
    "marks": 4
  },
  {
    "id": 111,
    "chapter": "Elements of Group 1 and 2",
    "question": "By the interaction of Cl2 and other compound, bleaching powder is obtained. Which is that compound?",
    "question_latex": "By the interaction of $Cl_2$ and other compound, bleaching powder is obtained. Which is that compound?",
    "question_images": [],
    "options": [
      "A. Conc CaCl2",
      "B. Cold Ca(OH)2",
      "C. Hot Ca(OH)2",
      "D. Dry slaked lime"
    ],
    "option_images": [],
    "answer": "D",
    "solution": "Reaction of dry slaked lime with chlorine gas produces bleaching powder.",
    "solution_images": [],
    "difficulty": "Easy",
    "marks": 4
  },
  {
    "id": 112,
    "chapter": "Elements of Group 1 and 2",
    "question": "Which from following compounds is used to obtain syngas from coke? [MHT-CET 2023]",
    "question_latex": "Which from following compounds is used to obtain syngas from coke? [MHT-CET 2023]",
    "question_images": [],
    "options": [
      "A. NO(g)",
      "B. SO2(g)",
      "C. H2O(g)",
      "D. NH3(g)"
    ],
    "option_images": [],
    "answer": "C",
    "solution": "$C(s) + H_2O(g) \\xrightarrow{1270K} CO(g) + H_2(g)$. Steam is used.",
    "solution_images": [],
    "difficulty": "Easy",
    "marks": 4
  },
  {
    "id": 113,
    "chapter": "Elements of Group 1 and 2",
    "question": "Which of the following is water gas shift reaction? [2025]",
    "question_latex": "Which of the following is water gas shift reaction? [2025]",
    "question_images": [],
    "options": [
      "A. 2H2O(l) --electrolysis--> 2H2(g) + O2(g)",
      "B. CO(g) + H2O(g) --673K--> CO2(g) + H2(g)",
      "C. CH4(g) + H2O(g) --Ni--> CO(g) + 3H2(g)",
      "D. C(s) + H2O(g) -> CO(g) + H2(g)"
    ],
    "option_images": [],
    "answer": "B",
    "solution": "The conversion of $CO$ in syngas to $CO_2$ by reaction with steam in the presence of a catalyst is the water-gas shift reaction.",
    "solution_images": [],
    "difficulty": "Medium",
    "marks": 4
  }
]