[
    {
        "id": 1,
        "chapter": "Hydrocarbons",
        "question": "Which of the following molecules has shortest c-c bond length? [MHT-CET 2020]",
        "question_latex": "Which of the following molecules has shortest $C-C$ bond length? [MHT-CET 2020]",
        "question_images": [],
        "options": [
            "A. C3H6",
            "B. C2H2",
            "C. C2H6",
            "D. C2H4"
        ],
        "option_images": [],
        "answer": "B. C2H2",
        "solution": "Bond length decreases as bond order increases. $C_2H_2$ (ethyne) has a $C \\equiv C$ triple bond ($1.20 \\ \\AA$), which is shorter than $C=C$ ($1.34 \\ \\AA$) and $C-C$ ($1.54 \\ \\AA$).",
        "solution_images": [],
        "difficulty": "Easy",
        "marks": 4
    },
    {
        "id": 2,
        "chapter": "Hydrocarbons",
        "question": "Identify the product 'X' in the following reaction. 2,3-Dibromo-4-methyl pentane + Zn -> X + ZnBr2 [2025]",
        "question_latex": "Identify the product 'X' in the following reaction. 2,3-Dibromo-4-methyl pentane $\\xrightarrow{Zn} X + ZnBr_2$ [2025]",
        "question_images": [],
        "options": [
            "A. 2-Methylpent-1-ene",
            "B. 4-Methylpent-2-ene",
            "C. 4-Methylpent-1-ene",
            "D. 2-Methylpent-3-ene"
        ],
        "option_images": [],
        "answer": "B. 4-Methylpent-2-ene",
        "solution": "Vicinal dihalides react with Zinc metal to undergo dehalogenation, forming a double bond between the carbons that held the Bromine atoms. $CH_3-CH(Br)-CH(Br)-CH(CH_3)_2 \\xrightarrow{Zn} CH_3-CH=CH-CH(CH_3)_2$.",
        "solution_images": [],
        "difficulty": "Medium",
        "marks": 4
    },
    {
        "id": 3,
        "chapter": "Hydrocarbons",
        "question": "Wurtz reaction of methyl iodide yields",
        "question_latex": "Wurtz reaction of methyl iodide yields",
        "question_images": [],
        "options": [
            "A. Methane",
            "B. Ethane",
            "C. Propane",
            "D. Butane"
        ],
        "option_images": [],
        "answer": "B. Ethane",
        "solution": "In Wurtz reaction, two molecules of alkyl halide react with sodium in dry ether to form a higher alkane. $2CH_3I + 2Na \\rightarrow CH_3-CH_3 + 2NaI$.",
        "solution_images": [],
        "difficulty": "Easy",
        "marks": 4
    },
    {
        "id": 4,
        "chapter": "Hydrocarbons",
        "question": "Which of the following alkanes cannot be prepared by Wurtz reaction in good yield?",
        "question_latex": "Which of the following alkanes cannot be prepared by Wurtz reaction in good yield?",
        "question_images": [],
        "options": [
            "A. n-Butane",
            "B. n-Hexane",
            "C. n-Heptane",
            "D. Ethane"
        ],
        "option_images": [],
        "answer": "C. n-Heptane",
        "solution": "Wurtz reaction is best suited for the synthesis of symmetrical alkanes with an even number of carbon atoms. Synthesis of unsymmetrical alkanes like n-heptane ($C_7$) gives a mixture of products.",
        "solution_images": [],
        "difficulty": "Medium",
        "marks": 4
    },
    {
        "id": 5,
        "chapter": "Hydrocarbons",
        "question": "The most stable conformation of n-butane is",
        "question_latex": "The most stable conformation of n-butane is",
        "question_images": [],
        "options": [
            "A. Gauche",
            "B. Anti-staggered",
            "C. Partially eclipsed",
            "D. Fully eclipsed"
        ],
        "option_images": [],
        "answer": "B. Anti-staggered",
        "solution": "In the anti-staggered conformation, the two bulky methyl groups are at $180^\\circ$ to each other, minimizing steric repulsion and torsional strain.",
        "solution_images": [],
        "difficulty": "Medium",
        "marks": 4
    },
    {
        "id": 6,
        "chapter": "Hydrocarbons",
        "question": "What is the product formed when propene reacts with HBr in presence of peroxide? [MHT-CET 2021]",
        "question_latex": "What is the product formed when propene reacts with $HBr$ in presence of peroxide? [MHT-CET 2021]",
        "question_images": [],
        "options": [
            "A. 2-Bromopropane",
            "B. 1-Bromopropane",
            "C. 1,2-Dibromopropane",
            "D. 2,2-Dibromopropane"
        ],
        "option_images": [],
        "answer": "B. 1-Bromopropane",
        "solution": "In the presence of peroxide, $HBr$ adds to unsymmetrical alkenes via a free radical mechanism following Anti-Markovnikov's rule. $CH_3-CH=CH_2 + HBr \\xrightarrow{\\text{Peroxide}} CH_3-CH_2-CH_2Br$.",
        "solution_images": [],
        "difficulty": "Easy",
        "marks": 4
    },
    {
        "id": 7,
        "chapter": "Hydrocarbons",
        "question": "Identify the aromatic species from the following. [MHT-CET 2022]",
        "question_latex": "Identify the aromatic species from the following. [MHT-CET 2022]",
        "question_images": [],
        "options": [
            "A. Cyclopentadienyl anion",
            "B. Cycloheptatriene",
            "C. Cyclooctatetraene",
            "D. Cyclobutadiene"
        ],
        "option_images": [],
        "answer": "A. Cyclopentadienyl anion",
        "solution": "The cyclopentadienyl anion is cyclic, planar, fully conjugated, and has $6\\pi$ electrons ($n=1$ in $4n+2$), satisfying Huckel's rule.",
        "solution_images": [],
        "difficulty": "Hard",
        "marks": 4
    },
    {
        "id": 8,
        "chapter": "Hydrocarbons",
        "question": "Lindlar's catalyst is",
        "question_latex": "Lindlar's catalyst is",
        "question_images": [],
        "options": [
            "A. Pd/C",
            "B. Na/liquid NH3",
            "C. Palladised charcoal deactivated with quinoline",
            "D. Ni/H2"
        ],
        "option_images": [],
        "answer": "C. Palladised charcoal deactivated with quinoline",
        "solution": "Lindlar's catalyst is used for the partial reduction of alkynes to cis-alkenes. It consists of palladium on calcium carbonate (or charcoal) 'poisoned' with quinoline or sulfur.",
        "solution_images": [],
        "difficulty": "Easy",
        "marks": 4
    },
    {
        "id": 9,
        "chapter": "Hydrocarbons",
        "question": "Which of the following is most reactive towards electrophilic substitution? [MHT-CET 2023]",
        "question_latex": "Which of the following is most reactive towards electrophilic substitution? [MHT-CET 2023]",
        "question_images": [],
        "options": [
            "A. Benzene",
            "B. Toluene",
            "C. Nitrobenzene",
            "D. Chlorobenzene"
        ],
        "option_images": [],
        "answer": "B. Toluene",
        "solution": "The methyl group in toluene is activating (+I and hyperconjugation), increasing electron density in the ring. Nitro and Chloro groups are deactivating.",
        "solution_images": [],
        "difficulty": "Medium",
        "marks": 4
    },
    {
        "id": 10,
        "chapter": "Hydrocarbons",
        "question": "Ozonolysis of 2-methylbut-2-ene yields",
        "question_latex": "Ozonolysis of 2-methylbut-2-ene yields",
        "question_images": [],
        "options": [
            "A. Propanone and Ethanal",
            "B. Ethanal only",
            "C. Propanone only",
            "D. Butanone and Methanal"
        ],
        "option_images": [],
        "answer": "A. Propanone and Ethanal",
        "solution": "Structure: $(CH_3)_2C=CH-CH_3$. Cleavage at the double bond gives $(CH_3)_2C=O$ (acetone/propanone) and $CH_3CHO$ (acetaldehyde/ethanal).",
        "solution_images": [],
        "difficulty": "Hard",
        "marks": 4
    },
    {
        "id": 11,
        "chapter": "Hydrocarbons",
        "question": "Kolbe's electrolytic synthesis of sodium acetate yields",
        "question_latex": "Kolbe's electrolytic synthesis of sodium acetate yields",
        "question_images": [],
        "options": [
            "A. Methane",
            "B. Ethane",
            "C. Propane",
            "D. Butane"
        ],
        "option_images": [],
        "answer": "B. Ethane",
        "solution": "Electrolysis of aqueous sodium acetate produces ethane at the anode. $2CH_3COO^- \\rightarrow CH_3-CH_3 + 2CO_2 + 2e^-$.",
        "solution_images": [],
        "difficulty": "Medium",
        "marks": 4
    },
    {
        "id": 12,
        "chapter": "Hydrocarbons",
        "question": "What is the number of sigma bonds in benzene? [MHT-CET 2024]",
        "question_latex": "What is the number of sigma bonds in benzene? [MHT-CET 2024]",
        "question_images": [],
        "options": [
            "A. 6",
            "B. 12",
            "C. 3",
            "D. 9"
        ],
        "option_images": [],
        "answer": "B. 12",
        "solution": "Benzene ($C_6H_6$) has 6 $C-C$ sigma bonds and 6 $C-H$ sigma bonds, totaling 12.",
        "solution_images": [],
        "difficulty": "Easy",
        "marks": 4
    },
    {
        "id": 13,
        "chapter": "Hydrocarbons",
        "question": "Which catalyst is used in the Friedel-Crafts alkylation of benzene? [MHT-CET 2021]",
        "question_latex": "Which catalyst is used in the Friedel-Crafts alkylation of benzene? [MHT-CET 2021]",
        "question_images": [],
        "options": [
            "A. Anhydrous AlCl3",
            "B. Aq. KOH",
            "C. V2O5",
            "D. Ni/H2"
        ],
        "option_images": [],
        "answer": "A. Anhydrous AlCl3",
        "solution": "Anhydrous $AlCl_3$ acts as a Lewis acid catalyst to generate the electrophile (carbocation) from alkyl halides.",
        "solution_images": [],
        "difficulty": "Easy",
        "marks": 4
    },
    {
        "id": 14,
        "chapter": "Hydrocarbons",
        "question": "The conversion of n-hexane to benzene by heating in the presence of Cr2O3/Al2O3 is called",
        "question_latex": "The conversion of n-hexane to benzene by heating in the presence of $Cr_2O_3/Al_2O_3$ is called",
        "question_images": [],
        "options": [
            "A. Isomerization",
            "B. Aromatization",
            "C. Hydrogenation",
            "D. Pyrolysis"
        ],
        "option_images": [],
        "answer": "B. Aromatization",
        "solution": "Alkanes with 6 or more carbons undergo cyclization and dehydrogenation at high temperature/pressure to form aromatic hydrocarbons.",
        "solution_images": [],
        "difficulty": "Medium",
        "marks": 4
    },
    {
        "id": 15,
        "chapter": "Hydrocarbons",
        "question": "Alkynes react with water in presence of HgSO4 and H2SO4 to form",
        "question_latex": "Alkynes react with water in presence of $HgSO_4$ and $H_2SO_4$ to form",
        "question_images": [],
        "options": [
            "A. Alcohols",
            "B. Carbonyl compounds",
            "C. Alkanes",
            "D. Carboxylic acids"
        ],
        "option_images": [],
        "answer": "B. Carbonyl compounds",
        "solution": "Hydration of alkynes gives enols which tautomerize to aldehydes (from ethyne) or ketones (from higher alkynes).",
        "solution_images": [],
        "difficulty": "Medium",
        "marks": 4
    },
    {
        "id": 16,
        "chapter": "Hydrocarbons",
        "question": "Which of the following will show cis-trans isomerism?",
        "question_latex": "Which of the following will show cis-trans isomerism?",
        "question_images": [],
        "options": [
            "A. But-1-ene",
            "B. But-2-ene",
            "C. 2-Methylpropene",
            "D. Propene"
        ],
        "option_images": [],
        "answer": "B. But-2-ene",
        "solution": "For cis-trans isomerism, each carbon of the double bond must be attached to two different groups. In but-2-ene, both carbons are attached to $H$ and $CH_3$.",
        "solution_images": [],
        "difficulty": "Medium",
        "marks": 4
    },
    {
        "id": 17,
        "chapter": "Hydrocarbons",
        "question": "The major product of nitration of benzoic acid is",
        "question_latex": "The major product of nitration of benzoic acid is",
        "question_images": [],
        "options": [
            "A. o-nitrobenzoic acid",
            "B. m-nitrobenzoic acid",
            "C. p-nitrobenzoic acid",
            "D. 2,4-dinitrobenzoic acid"
        ],
        "option_images": [],
        "answer": "B. m-nitrobenzoic acid",
        "solution": "The $-COOH$ group is electron-withdrawing and acts as a meta-directing deactivator in electrophilic aromatic substitution.",
        "solution_images": [],
        "difficulty": "Medium",
        "marks": 4
    },
    {
        "id": 18,
        "chapter": "Hydrocarbons",
        "question": "Dehydrohalogenation of 2-bromobutane with alcoholic KOH yields majorly",
        "question_latex": "Dehydrohalogenation of 2-bromobutane with alcoholic $KOH$ yields majorly",
        "question_images": [],
        "options": [
            "A. But-1-ene",
            "B. But-2-ene",
            "C. Butan-2-ol",
            "D. Butane"
        ],
        "option_images": [],
        "answer": "B. But-2-ene",
        "solution": "According to Saytzeff's rule, the more substituted alkene is the major product. But-2-ene is more substituted than but-1-ene.",
        "solution_images": [],
        "difficulty": "Medium",
        "marks": 4
    },
    {
        "id": 19,
        "chapter": "Hydrocarbons",
        "question": "Which functional group is present in the product of reaction between ethene and cold alkaline KMnO4? [MHT-CET 2024]",
        "question_latex": "Which functional group is present in the product of reaction between ethene and cold alkaline $KMnO_4$? [MHT-CET 2024]",
        "question_images": [],
        "options": [
            "A. -CHO",
            "B. -OH",
            "C. -COOH",
            "D. -CO-"
        ],
        "option_images": [],
        "answer": "B. -OH",
        "solution": "Reaction with Baeyer's reagent (cold dilute alkaline $KMnO_4$) leads to hydroxylation, forming glycols (di-alcohols).",
        "solution_images": [],
        "difficulty": "Easy",
        "marks": 4
    },
    {
        "id": 20,
        "chapter": "Hydrocarbons",
        "question": "Propyne on passing through red hot iron tube at 873 K yields [MHT-CET 2022]",
        "question_latex": "Propyne on passing through red hot iron tube at 873 K yields [MHT-CET 2022]",
        "question_images": [],
        "options": [
            "A. Benzene",
            "B. Toluene",
            "C. Mesitylene",
            "D. Ethylbenzene"
        ],
        "option_images": [],
        "answer": "C. Mesitylene",
        "solution": "Trimerization of propyne ($CH_3-C \\equiv CH$) yields 1,3,5-trimethylbenzene, commonly known as mesitylene.",
        "solution_images": [],
        "difficulty": "Hard",
        "marks": 4
    },
    {
        "id": 21,
        "chapter": "Hydrocarbons",
        "question": "Chlorination of methane in presence of diffused sunlight is a",
        "question_latex": "Chlorination of methane in presence of diffused sunlight is a",
        "question_images": [],
        "options": [
            "A. Electrophilic substitution",
            "B. Nucleophilic substitution",
            "C. Free radical substitution",
            "D. Addition reaction"
        ],
        "option_images": [],
        "answer": "C. Free radical substitution",
        "solution": "The reaction proceeds via initiation, propagation, and termination steps involving chlorine and methyl free radicals.",
        "solution_images": [],
        "difficulty": "Easy",
        "marks": 4
    },
    {
        "id": 22,
        "chapter": "Hydrocarbons",
        "question": "Calcium carbide on treatment with water gives [MHT-CET 2020]",
        "question_latex": "Calcium carbide on treatment with water gives [MHT-CET 2020]",
        "question_images": [],
        "options": [
            "A. Methane",
            "B. Ethane",
            "C. Ethyne",
            "D. Ethene"
        ],
        "option_images": [],
        "answer": "C. Ethyne",
        "solution": "Calcium carbide reacts with water to produce acetylene (ethyne) gas: $CaC_2 + 2H_2O \\rightarrow Ca(OH)_2 + C_2H_2$.",
        "solution_images": [],
        "difficulty": "Easy",
        "marks": 4
    },
    {
        "id": 23,
        "chapter": "Hydrocarbons",
        "question": "Identify the non-aromatic compound from the following. [MHT-CET 2023]",
        "question_latex": "Identify the non-aromatic compound from the following. [MHT-CET 2023]",
        "question_images": [],
        "options": [
            "A. Benzene",
            "B. Naphthalene",
            "C. Cyclohexene",
            "D. Anthracene"
        ],
        "option_images": [],
        "answer": "C. Cyclohexene",
        "solution": "Cyclohexene is a cyclic alkene but lacks the continuous system of overlapping p-orbitals required for aromaticity. The others are benzenoid aromatics.",
        "solution_images": [],
        "difficulty": "Easy",
        "marks": 4
    },
    {
        "id": 24,
        "chapter": "Hydrocarbons",
        "question": "Pyrolysis of higher alkanes is also known as",
        "question_latex": "Pyrolysis of higher alkanes is also known as",
        "question_images": [],
        "options": [
            "A. Hydrogenation",
            "B. Cracking",
            "C. Alkylation",
            "D. Oxidation"
        ],
        "option_images": [],
        "answer": "B. Cracking",
        "solution": "Cracking is the process of breaking down large hydrocarbon molecules into smaller, more useful ones (like petrol or alkenes) using heat.",
        "solution_images": [],
        "difficulty": "Easy",
        "marks": 4
    },
    {
        "id": 25,
        "chapter": "Hydrocarbons",
        "question": "The compound formed by reacting benzene with excess chlorine in presence of UV light is [MHT-CET 2021]",
        "question_latex": "The compound formed by reacting benzene with excess chlorine in presence of $UV$ light is [MHT-CET 2021]",
        "question_images": [],
        "options": [
            "A. Chlorobenzene",
            "B. Hexachlorobenzene",
            "C. Benzene hexachloride (BHC)",
            "D. 1,2-Dichlorobenzene"
        ],
        "option_images": [],
        "answer": "C. Benzene hexachloride (BHC)",
        "solution": "In UV light, benzene undergoes addition (not substitution) with chlorine to form $C_6H_6Cl_6$ (Gammexane/Lindane).",
        "solution_images": [],
        "difficulty": "Medium",
        "marks": 4
    },
    {
        "id": 26,
        "chapter": "Hydrocarbons",
        "question": "Markovnikov's rule is used in which type of reactions?",
        "question_latex": "Markovnikov's rule is used in which type of reactions?",
        "question_images": [],
        "options": [
            "A. Nucleophilic substitution",
            "B. Electrophilic addition",
            "C. Free radical substitution",
            "D. Elimination"
        ],
        "option_images": [],
        "answer": "B. Electrophilic addition",
        "solution": "It predicts the orientation of addition of unsymmetrical reagents ($HX$) to unsymmetrical alkenes.",
        "solution_images": [],
        "difficulty": "Easy",
        "marks": 4
    },
    {
        "id": 27,
        "chapter": "Hydrocarbons",
        "question": "Which of the following has the highest boiling point?",
        "question_latex": "Which of the following has the highest boiling point?",
        "question_images": [],
        "options": [
            "A. n-Pentane",
            "B. Isopentane",
            "C. Neopentane",
            "D. n-Butane"
        ],
        "option_images": [],
        "answer": "A. n-Pentane",
        "solution": "Boiling point increases with molecular mass ($C_5 > C_4$). For isomers, it decreases with branching as surface area decreases. n-pentane has the highest.",
        "solution_images": [],
        "difficulty": "Medium",
        "marks": 4
    },
    {
        "id": 28,
        "chapter": "Hydrocarbons",
        "question": "Action of HBr on but-1-ene gives [MHT-CET 2024]",
        "question_latex": "Action of $HBr$ on but-1-ene gives [MHT-CET 2024]",
        "question_images": [],
        "options": [
            "A. 1-Bromobutane",
            "B. 2-Bromobutane",
            "C. 1,2-Dibromobutane",
            "D. 2,2-Dibromobutane"
        ],
        "option_images": [],
        "answer": "B. 2-Bromobutane",
        "solution": "According to Markovnikov's rule, the $Br$ adds to the carbon with fewer hydrogens (carbon-2).",
        "solution_images": [],
        "difficulty": "Easy",
        "marks": 4
    },
    {
        "id": 29,
        "chapter": "Hydrocarbons",
        "question": "Phenol is obtained by reacting benzene with",
        "question_latex": "Phenol is obtained by reacting benzene with",
        "question_images": [],
        "options": [
            "A. V2O5 at 500 K",
            "B. H2SO4 followed by NaOH",
            "C. Chlorine in UV",
            "D. Conc. HNO3"
        ],
        "option_images": [],
        "answer": "B. H2SO4 followed by NaOH",
        "solution": "Benzene is sulfonated to benzene sulfonic acid, then fused with molten $NaOH$ to give sodium phenoxide, followed by acidification to phenol.",
        "solution_images": [],
        "difficulty": "Medium",
        "marks": 4
    },
    {
        "id": 30,
        "chapter": "Hydrocarbons",
        "question": "The IUPAC name of the compound CH3-C≡C-CH(CH3)2 is",
        "question_latex": "The IUPAC name of the compound $CH_3-C \\equiv C-CH(CH_3)_2$ is",
        "question_images": [],
        "options": [
            "A. 2-Methylpent-3-yne",
            "B. 4-Methylpent-2-yne",
            "C. Isopropylmethylacetylene",
            "D. 4,4-Dimethylbut-2-yne"
        ],
        "option_images": [],
        "answer": "B. 4-Methylpent-2-yne",
        "solution": "Numbering starts from the right to give the triple bond the lower locant (2). The principal chain has 5 carbons with a methyl at carbon 4.",
        "solution_images": [],
        "difficulty": "Medium",
        "marks": 4
    },
    {
        "id": 31,
        "chapter": "Hydrocarbons",
        "question": "Which of the following is an ortho-para directing group? [MHT-CET 2021]",
        "question_latex": "Which of the following is an ortho-para directing group? [MHT-CET 2021]",
        "question_images": [],
        "options": [
            "A. -CHO",
            "B. -CN",
            "C. -OCH3",
            "D. -NO2"
        ],
        "option_images": [],
        "answer": "C. -OCH3",
        "solution": "Groups with lone pairs on the atom attached to the ring (like $-OH, -NH_2, -OR, -Cl$) show $+M$ effect and direct substituents to $o/p$ positions.",
        "solution_images": [],
        "difficulty": "Easy",
        "marks": 4
    },
    {
        "id": 32,
        "chapter": "Hydrocarbons",
        "question": "What is the order of ease of dehydration of alcohols? [MHT-CET 2023]",
        "question_latex": "What is the order of ease of dehydration of alcohols? [MHT-CET 2023]",
        "question_images": [],
        "options": [
            "A. 1° > 2° > 3°",
            "B. 3° > 2° > 1°",
            "C. 2° > 3° > 1°",
            "D. All are same"
        ],
        "option_images": [],
        "answer": "B. 3° > 2° > 1°",
        "solution": "Dehydration proceeds via carbocation intermediate. Tertiary carbocations are most stable, so $3^\\circ$ alcohols dehydrate most easily.",
        "solution_images": [],
        "difficulty": "Easy",
        "marks": 4
    },
    {
        "id": 33,
        "chapter": "Hydrocarbons",
        "question": "Benzene reacts with CH3COCl in presence of anhydrous AlCl3 to give [MHT-CET 2020]",
        "question_latex": "Benzene reacts with $CH_3COCl$ in presence of anhydrous $AlCl_3$ to give [MHT-CET 2020]",
        "question_images": [],
        "options": [
            "A. Acetone",
            "B. Acetophenone",
            "C. Ethylbenzene",
            "D. Chlorobenzene"
        ],
        "option_images": [],
        "answer": "B. Acetophenone",
        "solution": "This is Friedel-Crafts acylation. The acetyl group ($-COCH_3$) is introduced into the benzene ring.",
        "solution_images": [],
        "difficulty": "Easy",
        "marks": 4
    },
    {
        "id": 34,
        "chapter": "Hydrocarbons",
        "question": "Sodium benzoate on heating with soda lime yields",
        "question_latex": "Sodium benzoate on heating with soda lime yields",
        "question_images": [],
        "options": [
            "A. Phenol",
            "B. Benzene",
            "C. Toluene",
            "D. Benzoic acid"
        ],
        "option_images": [],
        "answer": "B. Benzene",
        "solution": "Decarboxylation of aromatic acid salts using soda lime ($NaOH + CaO$) removes $CO_2$ as carbonate, leaving the parent hydrocarbon.",
        "solution_images": [],
        "difficulty": "Easy",
        "marks": 4
    },
    {
        "id": 35,
        "chapter": "Hydrocarbons",
        "question": "Which of the following is NOT an electrophile? [MHT-CET 2021]",
        "question_latex": "Which of the following is NOT an electrophile? [MHT-CET 2021]",
        "question_images": [],
        "options": [
            "A. NO2+",
            "B. SO3",
            "C. AlCl3",
            "D. NH3"
        ],
        "option_images": [],
        "answer": "D. NH3",
        "solution": "$NH_3$ has a lone pair of electrons available for donation, making it a nucleophile.",
        "solution_images": [],
        "difficulty": "Easy",
        "marks": 4
    },
    {
        "id": 36,
        "chapter": "Hydrocarbons",
        "question": "Ethyne reacts with ammoniacal AgNO3 to form",
        "question_latex": "Ethyne reacts with ammoniacal $AgNO_3$ to form",
        "question_images": [],
        "options": [
            "A. Silver ethenide",
            "B. Silver acetylide",
            "C. Silver mirror",
            "D. Silver oxide"
        ],
        "option_images": [],
        "answer": "B. Silver acetylide",
        "solution": "Terminal alkynes are acidic and react with Tollen's reagent to give a white precipitate of silver acetylide ($Ag-C \\equiv C-Ag$).",
        "solution_images": [],
        "difficulty": "Medium",
        "marks": 4
    },
    {
        "id": 37,
        "chapter": "Hydrocarbons",
        "question": "Which among the following is a meta directing group? [MHT-CET 2024]",
        "question_latex": "Which among the following is a meta directing group? [MHT-CET 2024]",
        "question_images": [],
        "options": [
            "A. -OH",
            "B. -NH2",
            "C. -NO2",
            "D. -Cl"
        ],
        "option_images": [],
        "answer": "C. -NO2",
        "solution": "Electron-withdrawing groups ($-NO_2, -CN, -CHO, -COOH, -SO_3H$) are meta-directing.",
        "solution_images": [],
        "difficulty": "Easy",
        "marks": 4
    },
    {
        "id": 38,
        "chapter": "Hydrocarbons",
        "question": "Combustion of 1 mole of methane releases how much CO2?",
        "question_latex": "Combustion of 1 mole of methane releases how much $CO_2$?",
        "question_images": [],
        "options": [
            "A. 22.4 L at STP",
            "B. 44.8 L at STP",
            "C. 11.2 L at STP",
            "D. 2 L at STP"
        ],
        "option_images": [],
        "answer": "A. 22.4 L at STP",
        "solution": "$CH_4 + 2O_2 \\rightarrow CO_2 + 2H_2O$. 1 mole of $CH_4$ gives 1 mole of $CO_2$, which occupies $22.4 \\ L$ at STP.",
        "solution_images": [],
        "difficulty": "Easy",
        "marks": 4
    },
    {
        "id": 39,
        "chapter": "Hydrocarbons",
        "question": "What is the state of hybridization of carbons in benzene? [MHT-CET 2021]",
        "question_latex": "What is the state of hybridization of carbons in benzene? [MHT-CET 2021]",
        "question_images": [],
        "options": [
            "A. sp",
            "B. sp2",
            "C. sp3",
            "D. dsp2"
        ],
        "option_images": [],
        "answer": "B. sp2",
        "solution": "All 6 carbons in benzene are $sp^2$ hybridized to form the planar ring with delocalized $\\pi$ electrons.",
        "solution_images": [],
        "difficulty": "Easy",
        "marks": 4
    },
    {
        "id": 40,
        "chapter": "Hydrocarbons",
        "question": "Which reagent is used for the detection of unsaturation in organic compounds? [MHT-CET 2024]",
        "question_latex": "Which reagent is used for the detection of unsaturation in organic compounds? [MHT-CET 2024]",
        "question_images": [],
        "options": [
            "A. Br2 in CCl4",
            "B. Tollen's reagent",
            "C. Fehling's solution",
            "D. Schiff's reagent"
        ],
        "option_images": [],
        "answer": "A. Br2 in CCl4",
        "solution": "Bromine water or Bromine in $CCl_4$ gets decolored (from reddish-brown) when it adds across a double or triple bond.",
        "solution_images": [],
        "difficulty": "Easy",
        "marks": 4
    },
    {
        "id": 41,
        "chapter": "Hydrocarbons",
        "question": "Benzene on ozonolysis gives",
        "question_latex": "Benzene on ozonolysis gives",
        "question_images": [],
        "options": [
            "A. Glyoxal",
            "B. Formaldehyde",
            "C. Acetaldehyde",
            "D. Acetone"
        ],
        "option_images": [],
        "answer": "A. Glyoxal",
        "solution": "Triozonide of benzene on reduction with Zinc and water gives 3 molecules of glyoxal ($OHC-CHO$).",
        "solution_images": [],
        "difficulty": "Medium",
        "marks": 4
    },
    {
        "id": 42,
        "chapter": "Hydrocarbons",
        "question": "What is the general formula of alkenes? [MHT-CET 2020]",
        "question_latex": "What is the general formula of alkenes? [MHT-CET 2020]",
        "question_images": [],
        "options": [
            "A. CnH2n+2",
            "B. CnH2n",
            "C. CnH2n-2",
            "D. CnHn"
        ],
        "option_images": [],
        "answer": "B. CnH2n",
        "solution": "Alkenes are unsaturated hydrocarbons containing one carbon-carbon double bond.",
        "solution_images": [],
        "difficulty": "Easy",
        "marks": 4
    },
    {
        "id": 43,
        "chapter": "Hydrocarbons",
        "question": "Which property of benzene makes it resistant to addition reactions? [MHT-CET 2022]",
        "question_latex": "Which property of benzene makes it resistant to addition reactions? [MHT-CET 2022]",
        "question_images": [],
        "options": [
            "A. Electronegativity",
            "B. Resonance energy",
            "C. Planarity",
            "D. Unsaturation"
        ],
        "option_images": [],
        "answer": "B. Resonance energy",
        "solution": "The high resonance stabilization energy ($150 \\ kJ/mol$) of benzene favors substitution over addition to maintain the aromatic ring.",
        "solution_images": [],
        "difficulty": "Medium",
        "marks": 4
    },
    {
        "id": 44,
        "chapter": "Hydrocarbons",
        "question": "Preparation of methane from sodium acetate is an example of",
        "question_latex": "Preparation of methane from sodium acetate is an example of",
        "question_images": [],
        "options": [
            "A. Hydrolysis",
            "B. Decarboxylation",
            "C. Reduction",
            "D. Polymerization"
        ],
        "option_images": [],
        "answer": "B. Decarboxylation",
        "solution": "Heating sodium acetate with soda lime ($NaOH + CaO$) removes the carboxyl group as sodium carbonate.",
        "solution_images": [],
        "difficulty": "Easy",
        "marks": 4
    },
    {
        "id": 45,
        "chapter": "Hydrocarbons",
        "question": "But-2-yne on reduction with Na/liquid NH3 gives",
        "question_latex": "But-2-yne on reduction with $Na/\\text{liquid } NH_3$ gives",
        "question_images": [],
        "options": [
            "A. cis-But-2-ene",
            "B. trans-But-2-ene",
            "C. n-Butane",
            "D. But-1-ene"
        ],
        "option_images": [],
        "answer": "B. trans-But-2-ene",
        "solution": "Birch reduction (Sodium in liquid Ammonia) of internal alkynes specifically produces trans-alkenes.",
        "solution_images": [],
        "difficulty": "Medium",
        "marks": 4
    },
    {
        "id": 46,
        "chapter": "Hydrocarbons",
        "question": "Which of the following is the most acidic? [MHT-CET 2021]",
        "question_latex": "Which of the following is the most acidic? [MHT-CET 2021]",
        "question_images": [],
        "options": [
            "A. Ethane",
            "B. Ethene",
            "C. Ethyne",
            "D. Methane"
        ],
        "option_images": [],
        "answer": "C. Ethyne",
        "solution": "Acidity follows s-character ($sp > sp^2 > sp^3$). Ethyne ($sp$) is the most acidic.",
        "solution_images": [],
        "difficulty": "Easy",
        "marks": 4
    },
    {
        "id": 47,
        "chapter": "Hydrocarbons",
        "question": "Nitration of benzene is carried out using a mixture of",
        "question_latex": "Nitration of benzene is carried out using a mixture of",
        "question_images": [],
        "options": [
            "A. Conc. HNO3 + Conc. HCl",
            "B. Conc. HNO3 + Conc. H2SO4",
            "C. Dil. HNO3 + Dil. H2SO4",
            "D. NaNO2 + HCl"
        ],
        "option_images": [],
        "answer": "B. Conc. HNO3 + Conc. H2SO4",
        "solution": "The 'nitrating mixture' generates the nitronium ion electrophile ($NO_2^+$).",
        "solution_images": [],
        "difficulty": "Easy",
        "marks": 4
    },
    {
        "id": 48,
        "chapter": "Hydrocarbons",
        "question": "Action of Cl2 on ethane in presence of sunlight is",
        "question_latex": "Action of $Cl_2$ on ethane in presence of sunlight is",
        "question_images": [],
        "options": [
            "A. Addition",
            "B. Elimination",
            "C. Free radical substitution",
            "D. Electrophilic substitution"
        ],
        "option_images": [],
        "answer": "C. Free radical substitution",
        "solution": "Alkanes undergo substitution of Hydrogen atoms by Halogens via a free radical chain mechanism.",
        "solution_images": [],
        "difficulty": "Easy",
        "marks": 4
    },
    {
        "id": 49,
        "chapter": "Hydrocarbons",
        "question": "What is the product of reaction between propene and HCl? [MHT-CET 2023]",
        "question_latex": "What is the product of reaction between propene and $HCl$? [MHT-CET 2023]",
        "question_images": [],
        "options": [
            "A. 1-Chloropropane",
            "B. 2-Chloropropane",
            "C. 1,2-Dichloropropane",
            "D. Propyl chloride"
        ],
        "option_images": [],
        "answer": "B. 2-Chloropropane",
        "solution": "Following Markovnikov's rule, the Chlorine atom attaches to the secondary carbon.",
        "solution_images": [],
        "difficulty": "Easy",
        "marks": 4
    },
    {
        "id": 50,
        "chapter": "Hydrocarbons",
        "question": "Phenol is also known as [MHT-CET 2020]",
        "question_latex": "Phenol is also known as [MHT-CET 2020]",
        "question_images": [],
        "options": [
            "A. Carbolic acid",
            "B. Benzoic acid",
            "C. Picric acid",
            "D. Salicylic acid"
        ],
        "option_images": [],
        "answer": "A. Carbolic acid",
        "solution": "Phenol ($C_6H_5OH$) was historically called carbolic acid.",
        "solution_images": [],
        "difficulty": "Easy",
        "marks": 4
    },
    {
        "id": 51,
        "chapter": "Hydrocarbons",
        "question": "Which of the following shows the $+I$ effect? [MHT-CET 2022]",
        "question_latex": "Which of the following shows the $+I$ effect? [MHT-CET 2022]",
        "question_images": [],
        "options": [
            "A. -Cl",
            "B. -NO2",
            "C. -CH3",
            "D. -CN"
        ],
        "option_images": [],
        "answer": "C. -CH3",
        "solution": "Alkyl groups are electron-releasing and show positive inductive effect.",
        "solution_images": [],
        "difficulty": "Easy",
        "marks": 4
    },
    {
        "id": 52,
        "chapter": "Hydrocarbons",
        "question": "What is the bond angle in ethene? [MHT-CET 2021]",
        "question_latex": "What is the bond angle in ethene? [MHT-CET 2021]",
        "question_images": [],
        "options": [
            "A. 109.5°",
            "B. 120°",
            "C. 180°",
            "D. 90°"
        ],
        "option_images": [],
        "answer": "B. 120°",
        "solution": "The $sp^2$ hybridized carbons in ethene have a trigonal planar geometry with angles approximately $120^\\circ$.",
        "solution_images": [],
        "difficulty": "Easy",
        "marks": 4
    },
    {
        "id": 53,
        "chapter": "Hydrocarbons",
        "question": "Identify the incorrect statement regarding nitration of aromatic compounds.",
        "question_latex": "Identify the incorrect statement regarding nitration of aromatic compounds.",
        "question_images": [],
        "options": [
            "A. Rate of nitration of benzene is same as hexadeuterobenzene.",
            "B. Rate of nitration of toluene is greater than benzene.",
            "C. Rate of nitration of benzene is greater than hexadeuterobenzene.",
            "D. Nitration is electrophilic substitution."
        ],
        "option_images": [],
        "answer": "C. Rate of nitration of benzene is greater than hexadeuterobenzene.",
        "solution": "Aromatic nitration does not show a primary kinetic isotope effect ($k_H \\approx k_D$), so the rates are almost identical. Statement C is false.",
        "solution_images": [],
        "difficulty": "Hard",
        "marks": 4
    },
    {
        "id": 54,
        "chapter": "Hydrocarbons",
        "question": "The number of carbons in the principal chain of 2,2-dimethylbutane is [MHT-CET 2024]",
        "question_latex": "The number of carbons in the principal chain of 2,2-dimethylbutane is [MHT-CET 2024]",
        "question_images": [],
        "options": [
            "A. 4",
            "B. 5",
            "C. 6",
            "D. 2"
        ],
        "option_images": [],
        "answer": "A. 4",
        "solution": "The parent name 'butane' indicates a 4-carbon long continuous chain.",
        "solution_images": [],
        "difficulty": "Easy",
        "marks": 4
    },
    {
        "id": 55,
        "chapter": "Hydrocarbons",
        "question": "Which of the following is most reactive towards nucleophilic addition?",
        "question_latex": "Which of the following is most reactive towards nucleophilic addition?",
        "question_images": [],
        "options": [
            "A. HCHO",
            "B. CH3CHO",
            "C. CH3COCH3",
            "D. PhCOCH3"
        ],
        "option_images": [],
        "answer": "A. HCHO",
        "solution": "Formaldehyde is most reactive due to the absence of electron-releasing groups that decrease the positive charge on the carbonyl carbon and minimal steric hindrance.",
        "solution_images": [],
        "difficulty": "Medium",
        "marks": 4
    },
    {
        "id": 56,
        "chapter": "Hydrocarbons",
        "question": "Ozonolysis of propene gives",
        "question_latex": "Ozonolysis of propene gives",
        "question_images": [],
        "options": [
            "A. Formaldehyde and Acetaldehyde",
            "B. Acetone",
            "C. Formic acid",
            "D. Propanal"
        ],
        "option_images": [],
        "answer": "A. Formaldehyde and Acetaldehyde",
        "solution": "$CH_3-CH=CH_2 \\xrightarrow{O_3, Zn/H_2O} CH_3CHO + HCHO$.",
        "solution_images": [],
        "difficulty": "Medium",
        "marks": 4
    },
    {
        "id": 57,
        "chapter": "Hydrocarbons",
        "question": "The reagent used for converting alkyne to trans-alkene is [MHT-CET 2021]",
        "question_latex": "The reagent used for converting alkyne to trans-alkene is [MHT-CET 2021]",
        "question_images": [],
        "options": [
            "A. H2, Pd/BaSO4",
            "B. Na/liquid NH3",
            "C. Ni/H2",
            "D. Zn/HCl"
        ],
        "option_images": [],
        "answer": "B. Na/liquid NH3",
        "solution": "Birch reduction provides trans-alkenes, while Lindlar's catalyst provides cis-alkenes.",
        "solution_images": [],
        "difficulty": "Easy",
        "marks": 4
    },
    {
        "id": 58,
        "chapter": "Hydrocarbons",
        "question": "Which of the following hydrocarbons is a liquid at room temperature?",
        "question_latex": "Which of the following hydrocarbons is a liquid at room temperature?",
        "question_images": [],
        "options": [
            "A. Methane",
            "B. Propane",
            "C. n-Pentane",
            "D. Butane"
        ],
        "option_images": [],
        "answer": "C. n-Pentane",
        "solution": "Alkanes with $C_1$ to $C_4$ are gases, while $C_5$ to $C_{17}$ are liquids at room temperature.",
        "solution_images": [],
        "difficulty": "Easy",
        "marks": 4
    },
    {
        "id": 59,
        "chapter": "Hydrocarbons",
        "question": "Sulfonation of benzene is carried out using [MHT-CET 2020]",
        "question_latex": "Sulfonation of benzene is carried out using [MHT-CET 2020]",
        "question_images": [],
        "options": [
            "A. Dilute H2SO4",
            "B. Fuming H2SO4",
            "C. Na2SO4",
            "D. SO2 gas"
        ],
        "option_images": [],
        "answer": "B. Fuming H2SO4",
        "solution": "Fuming sulfuric acid (Oleum) or concentrated $H_2SO_4$ is used to introduce the $-SO_3H$ group.",
        "solution_images": [],
        "difficulty": "Easy",
        "marks": 4
    },
    {
        "id": 60,
        "chapter": "Hydrocarbons",
        "question": "What is the hybridisation of carbon in ethyne? [MHT-CET 2021]",
        "question_latex": "What is the hybridisation of carbon in ethyne? [MHT-CET 2021]",
        "question_images": [],
        "options": [
            "A. sp",
            "B. sp2",
            "C. sp3",
            "D. dsp2"
        ],
        "option_images": [],
        "answer": "A. sp",
        "solution": "Carbons in alkynes ($C \\equiv C$) are $sp$ hybridized, resulting in linear geometry.",
        "solution_images": [],
        "difficulty": "Easy",
        "marks": 4
    },
    {
        "id": 61,
        "chapter": "Hydrocarbons",
        "question": "The product of dehydration of propan-2-ol is [MHT-CET 2024]",
        "question_latex": "The product of dehydration of propan-2-ol is [MHT-CET 2024]",
        "question_images": [],
        "options": [
            "A. Propane",
            "B. Propene",
            "C. Propyne",
            "D. Propanal"
        ],
        "option_images": [],
        "answer": "B. Propene",
        "solution": "Dehydration of alcohols yields alkenes. $CH_3-CH(OH)-CH_3 \\xrightarrow{\\text{acid}} CH_3-CH=CH_2$.",
        "solution_images": [],
        "difficulty": "Easy",
        "marks": 4
    },
    {
        "id": 62,
        "chapter": "Hydrocarbons",
        "question": "Benzene is converted to cyclohexane by",
        "question_latex": "Benzene is converted to cyclohexane by",
        "question_images": [],
        "options": [
            "A. Reduction with Ni/H2",
            "B. Oxidation with KMnO4",
            "C. Halogenation",
            "D. Nitration"
        ],
        "option_images": [],
        "answer": "A. Reduction with Ni/H2",
        "solution": "Complete hydrogenation of benzene at high pressure and temperature in the presence of Nickel catalyst yields cyclohexane.",
        "solution_images": [],
        "difficulty": "Easy",
        "marks": 4
    },
    {
        "id": 63,
        "chapter": "Hydrocarbons",
        "question": "Which of the following shows the highest -I effect?",
        "question_latex": "Which of the following shows the highest $-I$ effect?",
        "question_images": [],
        "options": [
            "A. -NO2",
            "B. -Cl",
            "C. -OH",
            "D. -F"
        ],
        "option_images": [],
        "answer": "A. -NO2",
        "solution": "The $-NO_2$ group is a very strong electron-withdrawing group via the inductive effect.",
        "solution_images": [],
        "difficulty": "Easy",
        "marks": 4
    },
    {
        "id": 64,
        "chapter": "Hydrocarbons",
        "question": "How many pi bonds are present in naphthalene? [MHT-CET 2023]",
        "question_latex": "How many pi bonds are present in naphthalene? [MHT-CET 2023]",
        "question_images": [],
        "options": [
            "A. 3",
            "B. 5",
            "C. 10",
            "D. 8"
        ],
        "option_images": [],
        "answer": "B. 5",
        "solution": "Naphthalene ($C_{10}H_8$) consists of two fused benzene rings with 5 total $\\pi$ bonds.",
        "solution_images": [],
        "difficulty": "Easy",
        "marks": 4
    },
    {
        "id": 65,
        "chapter": "Hydrocarbons",
        "question": "Which among the following contains most acidic hydrogen? [MHT-CET 2021]",
        "question_latex": "Which among the following contains most acidic hydrogen? [MHT-CET 2021]",
        "question_images": [],
        "options": [
            "A. Methane",
            "B. Ethene",
            "C. Ethyne",
            "D. Ethane"
        ],
        "option_images": [],
        "answer": "C. Ethyne",
        "solution": "Duplicate concept from previous. Acidity increases with s-character ($sp > sp^2 > sp^3$).",
        "solution_images": [],
        "difficulty": "Easy",
        "marks": 4
    },
    {
        "id": 66,
        "chapter": "Hydrocarbons",
        "question": "Action of Cl2 on benzene in presence of anhydrous AlCl3 gives",
        "question_latex": "Action of $Cl_2$ on benzene in presence of anhydrous $AlCl_3$ gives",
        "question_images": [],
        "options": [
            "A. BHC",
            "B. Chlorobenzene",
            "C. Hexachlorobenzene",
            "D. Cyclohexane"
        ],
        "option_images": [],
        "answer": "B. Chlorobenzene",
        "solution": "Electrophilic aromatic substitution in the dark/Lewis acid catalyst yields chlorobenzene.",
        "solution_images": [],
        "difficulty": "Easy",
        "marks": 4
    },
    {
        "id": 67,
        "chapter": "Hydrocarbons",
        "question": "Markovnikov's rule is NOT applicable to",
        "question_latex": "Markovnikov's rule is NOT applicable to",
        "question_images": [],
        "options": [
            "A. Propene",
            "B. But-1-ene",
            "C. But-2-ene",
            "D. 2-Methylpropene"
        ],
        "option_images": [],
        "answer": "C. But-2-ene",
        "solution": "Markovnikov's rule only applies to unsymmetrical alkenes. But-2-ene is symmetrical.",
        "solution_images": [],
        "difficulty": "Medium",
        "marks": 4
    },
    {
        "id": 68,
        "chapter": "Hydrocarbons",
        "question": "What is the product of nitration of toluene? [MHT-CET 2020]",
        "question_latex": "What is the product of nitration of toluene? [MHT-CET 2020]",
        "question_images": [],
        "options": [
            "A. m-nitrotoluene",
            "B. mixture of o and p-nitrotoluene",
            "C. p-nitrotoluene only",
            "D. Benzoic acid"
        ],
        "option_images": [],
        "answer": "B. mixture of o and p-nitrotoluene",
        "solution": "The methyl group is activating and ortho-para directing.",
        "solution_images": [],
        "difficulty": "Easy",
        "marks": 4
    },
    {
        "id": 69,
        "chapter": "Hydrocarbons",
        "question": "Which of the following is a primary kinetic isotope effect test? [MHT-CET 2023]",
        "question_latex": "Which of the following is a primary kinetic isotope effect test? [MHT-CET 2023]",
        "question_images": [],
        "options": [
            "A. Nitration of benzene",
            "B. Sulfonation of benzene",
            "C. Halogenation of benzene",
            "D. None of these"
        ],
        "option_images": [],
        "answer": "B. Sulfonation of benzene",
        "solution": "Unlike nitration, sulfonation shows a kinetic isotope effect, suggesting $C-H$ bond breaking is part of the rate-determining step.",
        "solution_images": [],
        "difficulty": "Hard",
        "marks": 4
    },
    {
        "id": 70,
        "chapter": "Hydrocarbons",
        "question": "What is the shape of the methane molecule? [MHT-CET 2021]",
        "question_latex": "What is the shape of the methane molecule? [MHT-CET 2021]",
        "question_images": [],
        "options": [
            "A. Planar",
            "B. Tetrahedral",
            "C. Linear",
            "D. Pyramidal"
        ],
        "option_images": [],
        "answer": "B. Tetrahedral",
        "solution": "$CH_4$ is a symmetrical tetrahedral molecule with $109.5^\\circ$ angles.",
        "solution_images": [],
        "difficulty": "Easy",
        "marks": 4
    },
    {
        "id": 71,
        "chapter": "Hydrocarbons",
        "question": "Which of the following groups is meta-directing? [MHT-CET 2022]",
        "question_latex": "Which of the following groups is meta-directing? [MHT-CET 2022]",
        "question_images": [],
        "options": [
            "A. -OH",
            "B. -NH2",
            "C. -COOR",
            "D. -OCH3"
        ],
        "option_images": [],
        "answer": "C. -COOR",
        "solution": "Ester group is electron-withdrawing and meta-directing.",
        "solution_images": [],
        "difficulty": "Easy",
        "marks": 4
    },
    {
        "id": 72,
        "chapter": "Hydrocarbons",
        "question": "The number of hyperconjugative structures in toluene is",
        "question_latex": "The number of hyperconjugative structures in toluene is",
        "question_images": [],
        "options": [
            "A. 3",
            "B. 4",
            "C. 0",
            "D. 6"
        ],
        "option_images": [],
        "answer": "B. 4",
        "solution": "Toluene has 3 $\\alpha$-hydrogens on the methyl group. Including the un-resonated form, there are 4 structures.",
        "solution_images": [],
        "difficulty": "Medium",
        "marks": 4
    },
    {
        "id": 73,
        "chapter": "Hydrocarbons",
        "question": "Combustion of ethene gives",
        "question_latex": "Combustion of ethene gives",
        "question_images": [],
        "options": [
            "A. CO2 and H2O",
            "B. CO and H2O",
            "C. C and H2O",
            "D. Formaldehyde"
        ],
        "option_images": [],
        "answer": "A. CO2 and H2O",
        "solution": "$C_2H_4 + 3O_2 \\rightarrow 2CO_2 + 2H_2O$. Complete combustion yields carbon dioxide and water.",
        "solution_images": [],
        "difficulty": "Easy",
        "marks": 4
    },
    {
        "id": 74,
        "chapter": "Hydrocarbons",
        "question": "Preparation of toluene from benzene using CH3Cl and AlCl3 is",
        "question_latex": "Preparation of toluene from benzene using $CH_3Cl$ and $AlCl_3$ is",
        "question_images": [],
        "options": [
            "A. Friedel-Crafts alkylation",
            "B. Friedel-Crafts acylation",
            "C. Wurtz-Fittig reaction",
            "D. Gattermann-Koch reaction"
        ],
        "option_images": [],
        "answer": "A. Friedel-Crafts alkylation",
        "solution": "Alkylation introduces an alkyl group ($R$) into the aromatic ring.",
        "solution_images": [],
        "difficulty": "Easy",
        "marks": 4
    },
    {
        "id": 75,
        "chapter": "Hydrocarbons",
        "question": "Identify the product of propyne hydration in presence of Hg2+. [MHT-CET 2024]",
        "question_latex": "Identify the product of propyne hydration in presence of $Hg^{2+}$. [MHT-CET 2024]",
        "question_images": [],
        "options": [
            "A. Propanal",
            "B. Acetone",
            "C. Propan-1-ol",
            "D. Propan-2-ol"
        ],
        "option_images": [],
        "answer": "B. Acetone",
        "solution": "Addition of water to propyne gives an enol ($CH_3-C(OH)=CH_2$) which tautomerizes to acetone ($CH_3-CO-CH_3$).",
        "solution_images": [],
        "difficulty": "Medium",
        "marks": 4
    },
    {
        "id": 76,
        "chapter": "Hydrocarbons",
        "question": "Which of the following is most stable carbocation? [MHT-CET 2022]",
        "question_latex": "Which of the following is most stable carbocation? [MHT-CET 2022]",
        "question_images": [],
        "options": [
            "A. Methyl",
            "B. Ethyl",
            "C. Isopropyl",
            "D. tert-Butyl"
        ],
        "option_images": [],
        "answer": "D. tert-Butyl",
        "solution": "Tertiary carbocations are stabilized by +I effect and hyperconjugation from 9 $\\alpha$-hydrogens.",
        "solution_images": [],
        "difficulty": "Easy",
        "marks": 4
    },
    {
        "id": 77,
        "chapter": "Hydrocarbons",
        "question": "Benzene reacts with fuming H2SO4 to give [MHT-CET 2021]",
        "question_latex": "Benzene reacts with fuming $H_2SO_4$ to give [MHT-CET 2021]",
        "question_images": [],
        "options": [
            "A. Phenol",
            "B. Benzene sulfonic acid",
            "C. Nitrobenzene",
            "D. Benzoic acid"
        ],
        "option_images": [],
        "answer": "B. Benzene sulfonic acid",
        "solution": "Sulfonation introduces the $-SO_3H$ group into the benzene ring.",
        "solution_images": [],
        "difficulty": "Easy",
        "marks": 4
    },
    {
        "id": 78,
        "chapter": "Hydrocarbons",
        "question": "What is the product of electrolysis of sodium propionate? [MHT-CET 2023]",
        "question_latex": "What is the product of electrolysis of sodium propionate? [MHT-CET 2023]",
        "question_images": [],
        "options": [
            "A. Ethane",
            "B. Butane",
            "C. Propane",
            "D. Hexane"
        ],
        "option_images": [],
        "answer": "B. Butane",
        "solution": "Kolbe's electrolysis of $R-COONa$ yields $R-R$. Here $R$ is ethyl ($C_2H_5$), so product is $C_4H_{10}$ (n-butane).",
        "solution_images": [],
        "difficulty": "Medium",
        "marks": 4
    },
    {
        "id": 79,
        "chapter": "Hydrocarbons",
        "question": "Which of the following will undergo Friedel-Crafts reaction? [MHT-CET 2022]",
        "question_latex": "Which of the following will undergo Friedel-Crafts reaction? [MHT-CET 2022]",
        "question_images": [],
        "options": [
            "A. Aniline",
            "B. Nitrobenzene",
            "C. Toluene",
            "D. Benzoic acid"
        ],
        "option_images": [],
        "answer": "C. Toluene",
        "solution": "Aniline reacts with the catalyst. Nitrobenzene and Benzoic acid are too deactivated for Friedel-Crafts. Toluene is activated and reacts easily.",
        "solution_images": [],
        "difficulty": "Medium",
        "marks": 4
    },
    {
        "id": 80,
        "chapter": "Hydrocarbons",
        "question": "General formula for alkynes is",
        "question_latex": "General formula for alkynes is",
        "question_images": [],
        "options": [
            "A. CnH2n+2",
            "B. CnH2n",
            "C. CnH2n-2",
            "D. CnH2n-4"
        ],
        "option_images": [],
        "answer": "C. CnH2n-2",
        "solution": "Alkynes contain one triple bond, reducing the hydrogen count by 4 compared to the parent alkane.",
        "solution_images": [],
        "difficulty": "Easy",
        "marks": 4
    },
    {
        "id": 81,
        "chapter": "Hydrocarbons",
        "question": "Which of the following is an addition reaction? [MHT-CET 2024]",
        "question_latex": "Which of the following is an addition reaction? [MHT-CET 2024]",
        "question_images": [],
        "options": [
            "A. Benzene + H2 -> Cyclohexane",
            "B. Benzene + Cl2 -> Chlorobenzene",
            "C. Methane + Cl2 -> CH3Cl",
            "D. Ethane + Cl2 -> C2H5Cl"
        ],
        "option_images": [],
        "answer": "A. Benzene + H2 -> Cyclohexane",
        "solution": "Reaction (A) is the addition of hydrogen across double bonds. The others are substitution reactions.",
        "solution_images": [],
        "difficulty": "Easy",
        "marks": 4
    },
    {
        "id": 82,
        "chapter": "Hydrocarbons",
        "question": "What is the product of hydration of ethyne? [MHT-CET 2021]",
        "question_latex": "What is the product of hydration of ethyne? [MHT-CET 2021]",
        "question_images": [],
        "options": [
            "A. Ethanol",
            "B. Ethanal",
            "C. Ethanoic acid",
            "D. Acetone"
        ],
        "option_images": [],
        "answer": "B. Ethanal",
        "solution": "$HC \\equiv CH + H_2O \\xrightarrow{Hg^{2+}/H^+} [CH_2=CH(OH)] \\rightarrow CH_3CHO$.",
        "solution_images": [],
        "difficulty": "Easy",
        "marks": 4
    },
    {
        "id": 83,
        "chapter": "Hydrocarbons",
        "question": "Which of the following is most reactive towards electrophilic substitution?",
        "question_latex": "Which of the following is most reactive towards electrophilic substitution?",
        "question_images": [],
        "options": [
            "A. Phenol",
            "B. Benzene",
            "C. Nitrobenzene",
            "D. Chlorobenzene"
        ],
        "option_images": [],
        "answer": "A. Phenol",
        "solution": "The $-OH$ group is highly activating due to the $+M$ effect, making phenol far more reactive than benzene.",
        "solution_images": [],
        "difficulty": "Medium",
        "marks": 4
    },
    {
        "id": 84,
        "chapter": "Hydrocarbons",
        "question": "What is the catalyst in Baeyer's test? [MHT-CET 2024]",
        "question_latex": "What is the catalyst in Baeyer's test? [MHT-CET 2024]",
        "question_images": [],
        "options": [
            "A. Cold alkaline KMnO4",
            "B. Hot acidic KMnO4",
            "C. Br2/CCl4",
            "D. H2/Ni"
        ],
        "option_images": [],
        "answer": "A. Cold alkaline KMnO4",
        "solution": "Baeyer's reagent is used to detect unsaturation via the discharge of its purple color.",
        "solution_images": [],
        "difficulty": "Easy",
        "marks": 4
    },
    {
        "id": 85,
        "chapter": "Hydrocarbons",
        "question": "Halogenation of benzene in sunlight yields [MHT-CET 2021]",
        "question_latex": "Halogenation of benzene in sunlight yields [MHT-CET 2021]",
        "question_images": [],
        "options": [
            "A. Chlorobenzene",
            "B. BHC",
            "C. Hexachlorobenzene",
            "D. Benzyl chloride"
        ],
        "option_images": [],
        "answer": "B. BHC",
        "solution": "Addition of chlorine to benzene under UV/sunlight leads to $C_6H_6Cl_6$.",
        "solution_images": [],
        "difficulty": "Easy",
        "marks": 4
    },
    {
        "id": 86,
        "chapter": "Hydrocarbons",
        "question": "Which of the following is ortho-para directing and deactivating? [MHT-CET 2023]",
        "question_latex": "Which of the following is ortho-para directing and deactivating? [MHT-CET 2023]",
        "question_images": [],
        "options": [
            "A. -OH",
            "B. -Cl",
            "C. -NO2",
            "D. -CH3"
        ],
        "option_images": [],
        "answer": "B. -Cl",
        "solution": "Halogens are unique as they are ortho-para directing due to $+M$ effect but deactivating overall due to strong $-I$ effect.",
        "solution_images": [],
        "difficulty": "Medium",
        "marks": 4
    },
    {
        "id": 87,
        "chapter": "Hydrocarbons",
        "question": "Combustion of 1 mole of propane releases how many moles of CO2?",
        "question_latex": "Combustion of 1 mole of propane releases how many moles of $CO_2$?",
        "question_images": [],
        "options": [
            "A. 1",
            "B. 2",
            "C. 3",
            "D. 4"
        ],
        "option_images": [],
        "answer": "C. 3",
        "solution": "$C_3H_8 + 5O_2 \\rightarrow 3CO_2 + 4H_2O$.",
        "solution_images": [],
        "difficulty": "Easy",
        "marks": 4
    },
    {
        "id": 88,
        "chapter": "Hydrocarbons",
        "question": "Identify the electrophile in nitration of benzene. [MHT-CET 2021]",
        "question_latex": "Identify the electrophile in nitration of benzene. [MHT-CET 2021]",
        "question_images": [],
        "options": [
            "A. NO2",
            "B. NO2+",
            "C. NO+",
            "D. HNO3"
        ],
        "option_images": [],
        "answer": "B. NO2+",
        "solution": "The nitronium ion is generated by the reaction between sulfuric and nitric acids.",
        "solution_images": [],
        "difficulty": "Easy",
        "marks": 4
    },
    {
        "id": 89,
        "chapter": "Hydrocarbons",
        "question": "Wurtz-Fittig reaction is used to prepare",
        "question_latex": "Wurtz-Fittig reaction is used to prepare",
        "question_images": [],
        "options": [
            "A. Alkanes",
            "B. Alkylbenzenes",
            "C. Biphenyl",
            "D. Haloarenes"
        ],
        "option_images": [],
        "answer": "B. Alkylbenzenes",
        "solution": "Reaction between an aryl halide, an alkyl halide, and sodium in dry ether yields an alkylarene (e.g., toluene).",
        "solution_images": [],
        "difficulty": "Medium",
        "marks": 4
    },
    {
        "id": 90,
        "chapter": "Hydrocarbons",
        "question": "Which of the following is least reactive towards substitution? [MHT-CET 2024]",
        "question_latex": "Which of the following is least reactive towards substitution? [MHT-CET 2024]",
        "question_images": [],
        "options": [
            "A. Benzene",
            "B. Nitrobenzene",
            "C. Toluene",
            "D. Phenol"
        ],
        "option_images": [],
        "answer": "B. Nitrobenzene",
        "solution": "The nitro group is a powerful deactivator, making the ring electron-deficient and resistant to electrophilic attack.",
        "solution_images": [],
        "difficulty": "Easy",
        "marks": 4
    },
    {
        "id": 91,
        "chapter": "Hydrocarbons",
        "question": "What is the number of sigma bonds in ethyne? [MHT-CET 2021]",
        "question_latex": "What is the number of sigma bonds in ethyne? [MHT-CET 2021]",
        "question_images": [],
        "options": [
            "A. 1",
            "B. 2",
            "C. 3",
            "D. 5"
        ],
        "option_images": [],
        "answer": "C. 3",
        "solution": "$H-C \\equiv C-H$ has 2 $C-H$ sigma bonds and 1 $C-C$ sigma bond. The other two bonds are $\\pi$ bonds.",
        "solution_images": [],
        "difficulty": "Easy",
        "marks": 4
    },
    {
        "id": 92,
        "chapter": "Hydrocarbons",
        "question": "Ozonolysis of but-1-ene gives [MHT-CET 2023]",
        "question_latex": "Ozonolysis of but-1-ene gives [MHT-CET 2023]",
        "question_images": [],
        "options": [
            "A. Ethanal",
            "B. Propanal and Formaldehyde",
            "C. Butanal",
            "D. Acetone"
        ],
        "option_images": [],
        "answer": "B. Propanal and Formaldehyde",
        "solution": "$CH_3-CH_2-CH=CH_2 \\xrightarrow{O_3} CH_3-CH_2-CHO + HCHO$.",
        "solution_images": [],
        "difficulty": "Medium",
        "marks": 4
    },
    {
        "id": 93,
        "chapter": "Hydrocarbons",
        "question": "Friedel-Crafts acylation of benzene gives [MHT-CET 2020]",
        "question_latex": "Friedel-Crafts acylation of benzene gives [MHT-CET 2020]",
        "question_images": [],
        "options": [
            "A. Ethylbenzene",
            "B. Acetophenone",
            "C. Toluene",
            "D. Benzoic acid"
        ],
        "option_images": [],
        "answer": "B. Acetophenone",
        "solution": "Reaction with $CH_3COCl/AlCl_3$ introduces the acetyl group.",
        "solution_images": [],
        "difficulty": "Easy",
        "marks": 4
    },
    {
        "id": 94,
        "chapter": "Hydrocarbons",
        "question": "Identify the monomer of PVC. [MHT-CET 2024]",
        "question_latex": "Identify the monomer of $PVC$. [MHT-CET 2024]",
        "question_images": [],
        "options": [
            "A. Vinyl chloride",
            "B. Ethene",
            "C. Propene",
            "D. Tetrafluoroethene"
        ],
        "option_images": [],
        "answer": "A. Vinyl chloride",
        "solution": "Polyvinyl chloride is formed by the polymerization of vinyl chloride ($CH_2=CHCl$).",
        "solution_images": [],
        "difficulty": "Easy",
        "marks": 4
    },
    {
        "id": 95,
        "chapter": "Hydrocarbons",
        "question": "Ethyne on passing through red hot iron tube at 873 K yields [MHT-CET 2021]",
        "question_latex": "Ethyne on passing through red hot iron tube at 873 K yields [MHT-CET 2021]",
        "question_images": [],
        "options": [
            "A. Cyclohexane",
            "B. Benzene",
            "C. Naphthalene",
            "D. Toluene"
        ],
        "option_images": [],
        "answer": "B. Benzene",
        "solution": "Cyclic trimerization of acetylene gas produces benzene.",
        "solution_images": [],
        "difficulty": "Easy",
        "marks": 4
    },
    {
        "id": 96,
        "chapter": "Hydrocarbons",
        "question": "What is the product of peroxide effect on HCl addition to propene? [MHT-CET 2023]",
        "question_latex": "What is the product of peroxide effect on $HCl$ addition to propene? [MHT-CET 2023]",
        "question_images": [],
        "options": [
            "A. 1-Chloropropane",
            "B. 2-Chloropropane",
            "C. No effect",
            "D. 1,2-Dichloropropane"
        ],
        "option_images": [],
        "answer": "B. 2-Chloropropane",
        "solution": "Peroxide effect (Kharasch effect) is only observed for $HBr$. $HCl$ and $HI$ addition follow Markovnikov's rule even in the presence of peroxide.",
        "solution_images": [],
        "difficulty": "Hard",
        "marks": 4
    },
    {
        "id": 97,
        "chapter": "Hydrocarbons",
        "question": "Which of the following is used in dry cleaning? [MHT-CET 2022]",
        "question_latex": "Which of the following is used in dry cleaning? [MHT-CET 2022]",
        "question_images": [],
        "options": [
            "A. Benzene",
            "B. Ethanol",
            "C. Water",
            "D. Acetone"
        ],
        "option_images": [],
        "answer": "A. Benzene",
        "solution": "Benzene and its derivatives were historically used as solvents in dry cleaning, though replaced by safer alternatives now.",
        "solution_images": [],
        "difficulty": "Easy",
        "marks": 4
    },
    {
        "id": 98,
        "chapter": "Hydrocarbons",
        "question": "The reagent X in the reaction: (CH3)3CCH=CH2 -> X -> (CH3)3C-CH(OH)-CH3",
        "question_latex": "The reagent X in the reaction: $(CH_3)_3CCH=CH_2 \\xrightarrow{X} (CH_3)_3C-CH(OH)-CH_3$",
        "question_images": [],
        "options": [
            "A. H3O+",
            "B. (CH3COO)2Hg / THF then NaBH4/NaOH",
            "C. OH-",
            "D. HCOOH"
        ],
        "option_images": [],
        "answer": "B. (CH3COO)2Hg / THF then NaBH4/NaOH",
        "solution": "Oxymercuration-demercuration is used for Markovnikov hydration without carbocation rearrangement. Direct hydration ($H_3O^+$) would lead to a rearranged product.",
        "solution_images": [],
        "difficulty": "Hard",
        "marks": 4
    },
    {
        "id": 99,
        "chapter": "Hydrocarbons",
        "question": "Among the following statements on the nitration of aromatic compounds, the false one is",
        "question_latex": "Among the following statements on the nitration of aromatic compounds, the false one is",
        "question_images": [],
        "options": [
            "A. Rate of nitration of benzene is same as hexadeuterobenzene",
            "B. Rate of nitration of toluene is greater than benzene",
            "C. Rate of nitration of benzene is greater than hexadeuterobenzene",
            "D. Nitration is an electrophilic substitution reaction"
        ],
        "option_images": [],
        "answer": "C. Rate of nitration of benzene is greater than hexadeuterobenzene",
        "solution": "Aromatic nitration does not exhibit a kinetic isotope effect because $C-H$ bond breaking is not the rate-determining step.",
        "solution_images": [],
        "difficulty": "Hard",
        "marks": 4
    },
    {
        "id": 100,
        "chapter": "Hydrocarbons",
        "question": "Addition of hydrogen bromide to but-2-ene and but-1-ene forms [MHT-CET 2020]",
        "question_latex": "Addition of hydrogen bromide to but-2-ene and but-1-ene forms [MHT-CET 2020]",
        "question_images": [],
        "options": [
            "A. 1-Bromobutane and 2-Bromobutane",
            "B. 2-Bromobutane only",
            "C. 2-Bromobutane and 1-Bromobutane",
            "D. 1-Bromobutane only"
        ],
        "option_images": [],
        "answer": "B. 2-Bromobutane only",
        "solution": "For but-2-ene, addition gives 2-bromobutane. For but-1-ene, Markovnikov addition also gives 2-bromobutane. Thus, both yield the same product.",
        "solution_images": [],
        "difficulty": "Medium",
        "marks": 4
    }
]