[
  {
    "id": 1,
    "chapter": "Some basic concept of chemistry",
    "question": "A bivalent metal has an equivalent mass of 32. The molecular mass of the metal nitrate is",
    "question_latex": "A bivalent metal has an equivalent mass of 32. The molecular mass of the metal nitrate is",
    "question_images": [],
    "options": [
      "A. 182",
      "B. 168",
      "C. 192",
      "D. 188"
    ],
    "option_images": [],
    "answer": "D",
    "solution": "Atomic mass of the metal $= 32 \\times 2 = 64$. Formula of metal nitrate for a bivalent metal is $M(NO_3)_2$. Molecular mass $= 64 + 2(14 + 16 \\times 3) = 64 + 28 + 96 = 188$.",
    "solution_images": [],
    "difficulty": "Medium",
    "marks": 4
  },
  {
    "id": 2,
    "chapter": "Some basic concept of chemistry",
    "question": "What amount of calcium oxide will be produced by decomposition of 10 g calcium carbonate? [Atomic mass: Ca=40, C=12, O=16] [MHT-CET 2024]",
    "question_latex": "What amount of calcium oxide will be produced by decomposition of 10 g calcium carbonate? [Atomic mass: $Ca=40, C=12, O=16$] [MHT-CET 2024]",
    "question_images": [],
    "options": [
      "A. 5.6 g",
      "B. 2.8 g",
      "C. 10.0 g",
      "D. 4.4 g"
    ],
    "option_images": [],
    "answer": "A",
    "solution": "$CaCO_3 \\rightarrow CaO + CO_2$. 100 g of $CaCO_3$ produces 56 g of $CaO$. Therefore, 10 g of $CaCO_3$ produces $5.6$ g of $CaO$.",
    "solution_images": [],
    "difficulty": "Easy",
    "marks": 4
  },
  {
    "id": 3,
    "chapter": "Some basic concept of chemistry",
    "question": "Which of the following species has highest mass? [MHT-CET 2022]",
    "question_latex": "Which of the following species has highest mass? [MHT-CET 2022]",
    "question_images": [],
    "options": [
      "A. 1/2 mole of CH4",
      "B. 10 mL of water at room temperature",
      "C. 3.011 x 10^23 atoms of oxygen",
      "D. 1 mole of carbon atom"
    ],
    "option_images": [],
    "answer": "D",
    "solution": "(A) $0.5$ mol $CH_4 = 0.5 \\times 16 = 8$ g. (B) 10 mL $H_2O = 10$ g. (C) $3.011 \\times 10^{23}$ atoms $O = 0.5$ mol $O = 8$ g. (D) 1 mole $C = 12$ g. Hence, 1 mole of carbon atom has highest mass.",
    "solution_images": [],
    "difficulty": "Medium",
    "marks": 4
  },
  {
    "id": 4,
    "chapter": "Some basic concept of chemistry",
    "question": "Which one of the following has maximum number of atoms of oxygen?",
    "question_latex": "Which one of the following has maximum number of atoms of oxygen?",
    "question_images": [],
    "options": [
      "A. 2 g of carbon monoxide",
      "B. 2 g of carbon dioxide",
      "C. 2 g of sulphur dioxide",
      "D. 2 g of water"
    ],
    "option_images": [],
    "answer": "D",
    "solution": "No. of O atoms: (A) $CO = \\frac{2}{28} N_A \\times 1$. (B) $CO_2 = \\frac{2}{44} N_A \\times 2 = \\frac{1}{11} N_A$. (C) $SO_2 = \\frac{2}{64} N_A \\times 2 = \\frac{1}{16} N_A$. (D) $H_2O = \\frac{2}{18} N_A \\times 1 = \\frac{1}{9} N_A$. Since $1/9$ is largest, 2 g of $H_2O$ has max oxygen atoms.",
    "solution_images": [],
    "difficulty": "Medium",
    "marks": 4
  },
  {
    "id": 5,
    "chapter": "Some basic concept of chemistry",
    "question": "Equivalent weight of a bivalent metal is 37.2. The molecular weight of its chloride is [MHT CET 2003]",
    "question_latex": "Equivalent weight of a bivalent metal is 37.2. The molecular weight of its chloride is [MHT CET 2003]",
    "question_images": [],
    "options": [
      "A. 412.2",
      "B. 216",
      "C. 145.4",
      "D. 108.2"
    ],
    "option_images": [],
    "answer": "C",
    "solution": "Atomic weight of metal $= 37.2 \\times 2 = 74.4$. Formula of chloride is $MCl_2$. Mol wt $= 74.4 + 2(35.5) = 145.4$.",
    "solution_images": [],
    "difficulty": "Easy",
    "marks": 4
  },
  {
    "id": 6,
    "chapter": "Some basic concept of chemistry",
    "question": "2.0 g of metal burnt in oxygen to form 3.2 g of its oxide. 1.42 g of same metal heated in steam to form 2.27 g of its oxide. Which law is verified by this data?",
    "question_latex": "2.0 g of metal burnt in oxygen to form 3.2 g of its oxide. 1.42 g of same metal heated in steam to form 2.27 g of its oxide. Which law is verified by this data?",
    "question_images": [],
    "options": [
      "A. Law of definite proportion",
      "B. Law of multiple proportion",
      "C. Avogadro's law",
      "D. Law of conservation of mass"
    ],
    "option_images": [],
    "answer": "A",
    "solution": "Case 1: Ratio Metal:O $= 2.0 : 1.2 = 1.66:1$. Case 2: Ratio Metal:O $= 1.42 : 0.85 = 1.67:1$. Since the ratio is constant, it verifies the Law of definite proportion.",
    "solution_images": [],
    "difficulty": "Medium",
    "marks": 4
  },
  {
    "id": 7,
    "chapter": "Some basic concept of chemistry",
    "question": "2.76 g of silver carbonate on being strongly heated yields a residue weighing",
    "question_latex": "2.76 g of silver carbonate on being strongly heated yields a residue weighing",
    "question_images": [],
    "options": [
      "A. 3.54 g",
      "B. 3.0 g",
      "C. 1.36 g",
      "D. 2.16 g"
    ],
    "option_images": [],
    "answer": "D",
    "solution": "$Ag_2CO_3 \\xrightarrow{\\Delta} 2Ag + CO_2 + \\frac{1}{2}O_2$. 276 g of $Ag_2CO_3$ yields 216 g of $Ag$. Thus, 2.76 g yields $\\frac{216 \\times 2.76}{276} = 2.16$ g.",
    "solution_images": [],
    "difficulty": "Easy",
    "marks": 4
  },
  {
    "id": 8,
    "chapter": "Some basic concept of chemistry",
    "question": "Number of gram atoms of an element present in one atom of the element is [MHT-CET 2019]",
    "question_latex": "Number of gram atoms of an element present in one atom of the element is [MHT-CET 2019]",
    "question_images": [],
    "options": [
      "A. 1.66 x 10^-23",
      "B. 6.022 x 10^23",
      "C. 1.66 x 10^-24",
      "D. 6.022 x 10^22"
    ],
    "option_images": [],
    "answer": "C",
    "solution": "Number of gram atoms (moles) $= \\frac{\\text{No. of atoms}}{N_A} = \\frac{1}{6.022 \\times 10^{23}} = 1.66 \\times 10^{-24}$.",
    "solution_images": [],
    "difficulty": "Easy",
    "marks": 4
  },
  {
    "id": 9,
    "chapter": "Some basic concept of chemistry",
    "question": "What is the volume occupied by 24 g methane gas at STP? [MHT-CET 2021]",
    "question_latex": "What is the volume occupied by 24 g methane gas at STP? [MHT-CET 2021]",
    "question_images": [],
    "options": [
      "A. 33.6 dm^3",
      "B. 44.8 dm^3",
      "C. 22.4 dm^3",
      "D. 67.2 dm^3"
    ],
    "option_images": [],
    "answer": "A",
    "solution": "Molar mass of $CH_4 = 16$ g. 16 g occupies 22.4 $dm^3$. So, 24 g occupies $\\frac{22.4 \\times 24}{16} = 33.6$ $dm^3$.",
    "solution_images": [],
    "difficulty": "Easy",
    "marks": 4
  },
  {
    "id": 10,
    "chapter": "Some basic concept of chemistry",
    "question": "Pure samples of copper carbonate synthesized in laboratory and found naturally if both contains 51.35% copper, 38.91% carbon and 9.74% oxygen by weight. This is in accordance with",
    "question_latex": "Pure samples of copper carbonate synthesized in laboratory and found naturally if both contains 51.35% copper, 38.91% carbon and 9.74% oxygen by weight. This is in accordance with",
    "question_images": [],
    "options": [
      "A. Law of definite proportion",
      "B. Law of conservation of mass",
      "C. Law of multiple proportion",
      "D. Law of combining volumes"
    ],
    "option_images": [],
    "answer": "A",
    "solution": "The Law of Definite Proportion states that a given compound always contains its component elements in fixed ratio by mass, regardless of source.",
    "solution_images": [],
    "difficulty": "Easy",
    "marks": 4
  },
  {
    "id": 11,
    "chapter": "Some basic concept of chemistry",
    "question": "What is the number of moles present in 1 m^3 of any gas at STP?",
    "question_latex": "What is the number of moles present in 1 $m^3$ of any gas at STP?",
    "question_images": [],
    "options": [
      "A. 28.2",
      "B. 54.6",
      "C. 44.6",
      "D. 32.4"
    ],
    "option_images": [],
    "answer": "C",
    "solution": "$1$ $m^3 = 1000$ $dm^3$. Moles $= \\frac{1000}{22.4} = 44.64$ mol.",
    "solution_images": [],
    "difficulty": "Medium",
    "marks": 4
  },
  {
    "id": 12,
    "chapter": "Some basic concept of chemistry",
    "question": "The number of water molecules in 1 L of water is",
    "question_latex": "The number of water molecules in 1 L of water is",
    "question_images": [],
    "options": [
      "A. 18",
      "B. 18 x 1000",
      "C. NA",
      "D. 55.55 NA"
    ],
    "option_images": [],
    "answer": "D",
    "solution": "1 L water $= 1000$ g. Moles $= 1000/18 = 55.55$. Molecules $= 55.55 \\times N_A$.",
    "solution_images": [],
    "difficulty": "Medium",
    "marks": 4
  },
  {
    "id": 13,
    "chapter": "Some basic concept of chemistry",
    "question": "x g of Ag was dissolved in HNO3 and the solution was treated with excess of NaCl when 2.87 g of AgCl was precipitated. The value of x is",
    "question_latex": "x g of $Ag$ was dissolved in $HNO_3$ and the solution was treated with excess of $NaCl$ when 2.87 g of $AgCl$ was precipitated. The value of x is",
    "question_images": [],
    "options": [
      "A. 1.08 g",
      "B. 2.16 g",
      "C. 2.70 g",
      "D. 1.62 g"
    ],
    "option_images": [],
    "answer": "B",
    "solution": "$Ag \\rightarrow AgCl$. 108 g $Ag$ produces 143.5 g $AgCl$. So, 2.87 g $AgCl$ is produced from $\\frac{108 \\times 2.87}{143.5} = 2.16$ g of $Ag$.",
    "solution_images": [],
    "difficulty": "Medium",
    "marks": 4
  },
  {
    "id": 14,
    "chapter": "Some basic concept of chemistry",
    "question": "The number of gram molecules of chlorine in 6.02 x 10^25 hydrogen chloride molecules is",
    "question_latex": "The number of gram molecules of chlorine in $6.02 \\times 10^{25}$ hydrogen chloride molecules is",
    "question_images": [],
    "options": [
      "A. 10",
      "B. 100",
      "C. 50",
      "D. 5"
    ],
    "option_images": [],
    "answer": "C",
    "solution": "Moles of $HCl = 100$. $HCl$ contains 1 $Cl$ atom. Gram molecules of $Cl_2 = \\text{moles of } Cl_2 = 100/2 = 50$.",
    "solution_images": [],
    "difficulty": "Medium",
    "marks": 4
  },
  {
    "id": 15,
    "chapter": "Some basic concept of chemistry",
    "question": "On analysis a certain compound was found to contain iodine and oxygen in the ratio of 254 g of iodine (at. mass 127) and 80 g oxygen (at. mass 16). What is the formula of the compound?",
    "question_latex": "On analysis a certain compound was found to contain iodine and oxygen in the ratio of 254 g of iodine (at. mass 127) and 80 g oxygen (at. mass 16). What is the formula of the compound?",
    "question_images": [],
    "options": [
      "A. IO",
      "B. I2O",
      "C. I2O3",
      "D. I2O5"
    ],
    "option_images": [],
    "answer": "D",
    "solution": "Moles of $I = 254/127 = 2$. Moles of $O = 80/16 = 5$. Empirical formula $= I_2O_5$.",
    "solution_images": [],
    "difficulty": "Easy",
    "marks": 4
  },
  {
    "id": 16,
    "chapter": "Some basic concept of chemistry",
    "question": "4 g of copper was dissolved in concentrated nitric acid. The copper nitrate solution on strong heating gave 5 g of its oxide. The equivalent weight of copper is",
    "question_latex": "4 g of copper was dissolved in concentrated nitric acid. The copper nitrate solution on strong heating gave 5 g of its oxide. The equivalent weight of copper is",
    "question_images": [],
    "options": [
      "A. 23",
      "B. 32",
      "C. 12",
      "D. 20"
    ],
    "option_images": [],
    "answer": "B",
    "solution": "Mass of oxygen $= 5 - 4 = 1$ g. 1 g oxygen combines with 4 g $Cu$. 8 g oxygen (equivalent mass) combines with $4 \\times 8 = 32$ g $Cu$.",
    "solution_images": [],
    "difficulty": "Medium",
    "marks": 4
  },
  {
    "id": 17,
    "chapter": "Some basic concept of chemistry",
    "question": "If an iodized salt contains 1% KI and a person takes 2 g of the salt every day, the iodide ions going into his body every day would be approximately",
    "question_latex": "If an iodized salt contains 1% $KI$ and a person takes 2 g of the salt every day, the iodide ions going into his body every day would be approximately",
    "question_images": [],
    "options": [
      "A. 7.2 x 10^21",
      "B. 7.2 x 10^19",
      "C. 3.6 x 10^21",
      "D. 9.5 x 10^19"
    ],
    "option_images": [],
    "answer": "B",
    "solution": "Mass of $KI = 2 \\times 0.01 = 0.02$ g. Moles of $KI = 0.02/166 = 1.2 \\times 10^{-4}$. $I^-$ ions $= 1.2 \\times 10^{-4} \\times 6.022 \\times 10^{23} = 7.2 \\times 10^{19}$.",
    "solution_images": [],
    "difficulty": "Hard",
    "marks": 4
  },
  {
    "id": 18,
    "chapter": "Some basic concept of chemistry",
    "question": "A sample of a mixture of CaCl2 and NaCl weighing 4.22 g was treated to precipitate all the Ca as CaCO3. This CaCO3 is then heated and quantitatively converted into 0.959 g of CaO. Calculate the percentage of CaCl2 in the mixture.",
    "question_latex": "A sample of a mixture of $CaCl_2$ and $NaCl$ weighing 4.22 g was treated to precipitate all the $Ca$ as $CaCO_3$. This $CaCO_3$ is then heated and quantitatively converted into 0.959 g of $CaO$. Calculate the percentage of $CaCl_2$ in the mixture.",
    "question_images": [],
    "options": [
      "A. 31.5%",
      "B. 21.5%",
      "C. 45.04%",
      "D. 68.48%"
    ],
    "option_images": [],
    "answer": "C",
    "solution": "56 g $CaO \\equiv 111$ g $CaCl_2$. So, 0.959 g $CaO = \\frac{111 \\times 0.959}{56} = 1.899$ g $CaCl_2$. Percentage $= \\frac{1.899}{4.22} \\times 100 = 45.04\\%$.",
    "solution_images": [],
    "difficulty": "Hard",
    "marks": 4
  },
  {
    "id": 19,
    "chapter": "Some basic concept of chemistry",
    "question": "3 g of an oxide of a metal is converted to chloride completely and it yielded 5 g of chloride. The equivalent weight of the metal is",
    "question_latex": "3 g of an oxide of a metal is converted to chloride completely and it yielded 5 g of chloride. The equivalent weight of the metal is",
    "question_images": [],
    "options": [
      "A. 33.25",
      "B. 3.325",
      "C. 12",
      "D. 20"
    ],
    "option_images": [],
    "answer": "A",
    "solution": "$\\frac{E+8}{E+35.5} = \\frac{3}{5}$. Solving for $E$: $5E + 40 = 3E + 106.5 \\rightarrow 2E = 66.5 \\rightarrow E = 33.25$.",
    "solution_images": [],
    "difficulty": "Hard",
    "marks": 4
  },
  {
    "id": 20,
    "chapter": "Some basic concept of chemistry",
    "question": "According to reaction, Mg(s) + 2HCl(aq) -> MgCl2(aq) + H2(g); calculate the mass of Mg required to liberate 4.48 dm^3 H2 at STP. [Molar mass of Mg = 24 g/mol]",
    "question_latex": "$Mg_{(s)} + 2HCl_{(aq)} \\longrightarrow MgCl_{2(aq)} + H_{2(g)}$; calculate the mass of $Mg$ required to liberate 4.48 $dm^3$ $H_2$ at STP. [Molar mass of $Mg = 24$ $g/mol$]",
    "question_images": [],
    "options": [
      "A. 2.4 g",
      "B. 4.8 g",
      "C. 6 g",
      "D. 12 g"
    ],
    "option_images": [],
    "answer": "B",
    "solution": "22.4 $dm^3$ $H_2 \\equiv 24$ g $Mg$. So, 4.48 $dm^3$ $H_2 = \\frac{24 \\times 4.48}{22.4} = 4.8$ g.",
    "solution_images": [],
    "difficulty": "Easy",
    "marks": 4
  },
  {
    "id": 21,
    "chapter": "Some basic concept of chemistry",
    "question": "Calculate number of moles present in 9.10 x 10^-2 kg of water. [MHT-CET 2024]",
    "question_latex": "Calculate number of moles present in $9.10 \\times 10^{-2}$ kg of water. [MHT-CET 2024]",
    "question_images": [],
    "options": [
      "A. 3.0",
      "B. 5.0",
      "C. 1.8",
      "D. 0.9"
    ],
    "option_images": [],
    "answer": "B",
    "solution": "Mass $= 91.0$ g. Moles $= 91/18 = 5.05$ mol.",
    "solution_images": [],
    "difficulty": "Easy",
    "marks": 4
  },
  {
    "id": 22,
    "chapter": "Some basic concept of chemistry",
    "question": "If 6.3 g of NaHCO3 are added to 15.0 g CH3COOH solution, the residue is found to weight 18.0 g. what is the mass of CO2 released in the reaction?",
    "question_latex": "If 6.3 g of $NaHCO_3$ are added to 15.0 g $CH_3COOH$ solution, the residue is found to weight 18.0 g. what is the mass of $CO_2$ released in the reaction?",
    "question_images": [],
    "options": [
      "A. 4.5 g",
      "B. 3.3 g",
      "C. 2.6 g",
      "D. 2.8 g"
    ],
    "option_images": [],
    "answer": "B",
    "solution": "Total mass of reactants $= 6.3 + 15.0 = 21.3$ g. Mass of $CO_2 = 21.3 - 18.0 = 3.3$ g.",
    "solution_images": [],
    "difficulty": "Medium",
    "marks": 4
  },
  {
    "id": 23,
    "chapter": "Some basic concept of chemistry",
    "question": "The units J Pa^-1 is equivalent to",
    "question_latex": "The units $J \\ Pa^{-1}$ is equivalent to",
    "question_images": [],
    "options": [
      "A. m^3",
      "B. cm^3",
      "C. dm^3",
      "D. None of these"
    ],
    "option_images": [],
    "answer": "A",
    "solution": "$J/Pa = \\frac{N \\cdot m}{N/m^2} = m^3$.",
    "solution_images": [],
    "difficulty": "Hard",
    "marks": 4
  },
  {
    "id": 24,
    "chapter": "Some basic concept of chemistry",
    "question": "What is the volume occupied by 1 molecule of water, if it's density is 1 g cm^-3? [MHT-CET 2024]",
    "question_latex": "What is the volume occupied by 1 molecule of water, if it's density is 1 $g \\ cm^{-3}$? [MHT-CET 2024]",
    "question_images": [],
    "options": [
      "A. 9.0 x 10^-23 cm^3",
      "B. 6.023 x 10^-23 cm^3",
      "C. 5.50 x 10^-23 cm^3",
      "D. 2.98 x 10^-23 cm^3"
    ],
    "option_images": [],
    "answer": "D",
    "solution": "Mass of 1 molecule $= 18/N_A = 2.98 \\times 10^{-23}$ g. Volume $= mass/density = 2.98 \\times 10^{-23}$ $cm^3$.",
    "solution_images": [],
    "difficulty": "Hard",
    "marks": 4
  },
  {
    "id": 25,
    "chapter": "Some basic concept of chemistry",
    "question": "The smallest matter particle that can take part in chemical reaction is",
    "question_latex": "The smallest matter particle that can take part in chemical reaction is",
    "question_images": [],
    "options": [
      "A. Atom",
      "B. Molecule",
      "C. Both a and b",
      "D. None of these"
    ],
    "option_images": [],
    "answer": "A",
    "solution": "According to Dalton's atomic theory, atoms are the smallest unit of matter participating in reactions.",
    "solution_images": [],
    "difficulty": "Easy",
    "marks": 4
  },
  {
    "id": 26,
    "chapter": "Some basic concept of chemistry",
    "question": "Which of the following is an example of mixture? [MHT-CET 2024]",
    "question_latex": "Which of the following is an example of mixture? [MHT-CET 2024]",
    "question_images": [],
    "options": [
      "A. Distilled water",
      "B. Diamond",
      "C. Sea water",
      "D. Pure metal"
    ],
    "option_images": [],
    "answer": "C",
    "solution": "Sea water is a complex mixture of salts and water.",
    "solution_images": [],
    "difficulty": "Easy",
    "marks": 4
  },
  {
    "id": 27,
    "chapter": "Some basic concept of chemistry",
    "question": "Carbon dioxide contains 27.27% of carbon, carbon disulphide contains 15.79% of carbon and sulphur dioxide contains 50% of sulphur. This data is an agreement with",
    "question_latex": "Carbon dioxide contains 27.27% of carbon, carbon disulphide contains 15.79% of carbon and sulphur dioxide contains 50% of sulphur. This data is an agreement with",
    "question_images": [],
    "options": [
      "A. Law of conservation of mass",
      "B. Law of definite proportions",
      "C. Law of multiple proportions",
      "D. Law of reciprocal proportions"
    ],
    "option_images": [],
    "answer": "D",
    "solution": "The ratios verify the Law of reciprocal proportions (Richter's Law).",
    "solution_images": [],
    "difficulty": "Hard",
    "marks": 4
  },
  {
    "id": 28,
    "chapter": "Some basic concept of chemistry",
    "question": "Two oxides of a metal contain 50% and 40% metal (M) respectively. If the formula of fist oxide is MO2, the formula of second oxide will be",
    "question_latex": "Two oxides of a metal contain 50% and 40% metal (M) respectively. If the formula of fist oxide is $MO_2$, the formula of second oxide will be",
    "question_images": [],
    "options": [
      "A. MO2",
      "B. MO3",
      "C. M2O",
      "D. M2O3"
    ],
    "option_images": [],
    "answer": "B",
    "solution": "Oxide 1: 50% M, 50% O $\\rightarrow$ M:O $= 1:1$. Since formula is $MO_2$, At mass $M = 32$. Oxide 2: 40% M, 60% O. Moles M $= 40/32 = 1.25$. Moles O $= 60/16 = 3.75$. Ratio $1:3$. Formula $MO_3$.",
    "solution_images": [],
    "difficulty": "Hard",
    "marks": 4
  },
  {
    "id": 29,
    "chapter": "Some basic concept of chemistry",
    "question": "80 g of oxygen contains as many atoms as in",
    "question_latex": "80 g of oxygen contains as many atoms as in",
    "question_images": [],
    "options": [
      "A. 80 g of hydrogen",
      "B. 1 g of hydrogen",
      "C. 10 g of hydrogen",
      "D. 5 g of hydrogen"
    ],
    "option_images": [],
    "answer": "D",
    "solution": "80 g oxygen $= 5$ moles O atoms. 5 moles hydrogen $= 5$ g of hydrogen atoms.",
    "solution_images": [],
    "difficulty": "Medium",
    "marks": 4
  },
  {
    "id": 30,
    "chapter": "Some basic concept of chemistry",
    "question": "The mass of BaCO3 produced when excess CO2 is bubbled through a solution of 0.205 mole Ba(OH)2 is,",
    "question_latex": "The mass of $BaCO_3$ produced when excess $CO_2$ is bubbled through a solution of 0.205 mole $Ba(OH)_2$ is,",
    "question_images": [],
    "options": [
      "A. 81 g",
      "B. 40.5 g",
      "C. 20.25 g",
      "D. 162 g"
    ],
    "option_images": [],
    "answer": "B",
    "solution": "0.205 mole $Ba(OH)_2 \\equiv 0.205$ mole $BaCO_3$. Mass $= 0.205 \\times 197 = 40.5$ g.",
    "solution_images": [],
    "difficulty": "Medium",
    "marks": 4
  },
  {
    "id": 31,
    "chapter": "Some basic concept of chemistry",
    "question": "The mass of 11.2 L of ammonia gas at STP is",
    "question_latex": "The mass of 11.2 L of ammonia gas at STP is",
    "question_images": [],
    "options": [
      "A. 8.5 g",
      "B. 85 g",
      "C. 17 g",
      "D. 1.7 g"
    ],
    "option_images": [],
    "answer": "A",
    "solution": "22.4 L $= 17$ g. So, 11.2 L $= 8.5$ g.",
    "solution_images": [],
    "difficulty": "Easy",
    "marks": 4
  },
  {
    "id": 32,
    "chapter": "Some basic concept of chemistry",
    "question": "100 tons of Fe2O3 containing 20% impurities will give iron by reduction with H2 equal to",
    "question_latex": "100 tons of $Fe_2O_3$ containing 20% impurities will give iron by reduction with $H_2$ equal to",
    "question_images": [],
    "options": [
      "A. 112 tons",
      "B. 80 tons",
      "C. 160 tons",
      "D. 56 tons"
    ],
    "option_images": [],
    "answer": "D",
    "solution": "Pure $Fe_2O_3 = 80$ tons. 160 g $Fe_2O_3$ yields 112 g Fe. So, 80 tons yield 56 tons.",
    "solution_images": [],
    "difficulty": "Medium",
    "marks": 4
  },
  {
    "id": 33,
    "chapter": "Some basic concept of chemistry",
    "question": "Which of the following contains greatest number of oxygen atoms?",
    "question_latex": "Which of the following contains greatest number of oxygen atoms?",
    "question_images": [],
    "options": [
      "A. 1 g of O",
      "B. 1 g of O2",
      "C. 1 g of O3",
      "D. All have the same number of atoms"
    ],
    "option_images": [],
    "answer": "D",
    "solution": "All 1 g samples of oxygen (O, $O_2$, $O_3$) contain the same number of O atoms ($1/16 \\times N_A$).",
    "solution_images": [],
    "difficulty": "Medium",
    "marks": 4
  },
  {
    "id": 34,
    "chapter": "Some basic concept of chemistry",
    "question": "The number of hydrogen atoms present in 25.6 g of sucrose (C12H22O11) which has a molar mass of 342.3 g is",
    "question_latex": "The number of hydrogen atoms present in 25.6 g of sucrose ($C_{12}H_{22}O_{11}$) which has a molar mass of 342.3 g is",
    "question_images": [],
    "options": [
      "A. 22 x 10^23",
      "B. 9.91 x 10^23",
      "C. 11 x 10^23",
      "D. 44 x 10^23 H atoms"
    ],
    "option_images": [],
    "answer": "B",
    "solution": "Moles $= 25.6/342.3 = 0.0748$. H atoms $= 0.0748 \\times 22 \\times N_A = 9.91 \\times 10^{23}$.",
    "solution_images": [],
    "difficulty": "Hard",
    "marks": 4
  },
  {
    "id": 35,
    "chapter": "Some basic concept of chemistry",
    "question": "For the reaction, X + 2Y -> Z 5 Moles of X and 9 moles of Y will produce",
    "question_latex": "For the reaction, $X + 2Y \\rightarrow Z$ 5 Moles of X and 9 moles of Y will produce",
    "question_images": [],
    "options": [
      "A. 5 moles of Z",
      "B. 8 moles of Z",
      "C. 14 moles of Z",
      "D. 4.5 moles of Z"
    ],
    "option_images": [],
    "answer": "D",
    "solution": "Y is limiting. 2 moles Y produce 1 mole Z. So, 9 moles Y produce 4.5 moles Z.",
    "solution_images": [],
    "difficulty": "Medium",
    "marks": 4
  },
  {
    "id": 36,
    "chapter": "Some basic concept of chemistry",
    "question": "What is the volume occupied by 2.5 mol of ammonia gas at STP? [MHT-CET 2024]",
    "question_latex": "What is the volume occupied by 2.5 mol of ammonia gas at STP? [MHT-CET 2024]",
    "question_images": [],
    "options": [
      "A. 25.0 dm^3",
      "B. 33.6 dm^3",
      "C. 22.4 dm^3",
      "D. 56.0 dm^3"
    ],
    "option_images": [],
    "answer": "D",
    "solution": "$2.5 \\times 22.4 = 56.0$ $dm^3$.",
    "solution_images": [],
    "difficulty": "Easy",
    "marks": 4
  },
  {
    "id": 37,
    "chapter": "Some basic concept of chemistry",
    "question": "Which of the following species has lowest mass? [MHT-CET 2022]",
    "question_latex": "Which of the following species has lowest mass? [MHT-CET 2022]",
    "question_images": [],
    "options": [
      "A. 6.022 x 10^23 molecules of water",
      "B. 3.011 x 10^23 atoms of oxygen",
      "C. 1/4 mole of CH4 gas",
      "D. 1 g atom of carbon"
    ],
    "option_images": [],
    "answer": "C",
    "solution": "A: 18 g. B: 8 g. C: $0.25 \\times 16 = 4$ g. D: 12 g. C is lowest.",
    "solution_images": [],
    "difficulty": "Medium",
    "marks": 4
  },
  {
    "id": 38,
    "chapter": "Some basic concept of chemistry",
    "question": "Which of the following hydride does not obey law of constant proportion?",
    "question_latex": "Which of the following hydride does not obey law of constant proportion?",
    "question_images": [],
    "options": [
      "A. H2O",
      "B. CH4",
      "C. B2H6",
      "D. LaH"
    ],
    "option_images": [],
    "answer": "D",
    "solution": "Non-stoichiometric hydrides like $LaH_{x}$ do not obey constant proportions.",
    "solution_images": [],
    "difficulty": "Hard",
    "marks": 4
  },
  {
    "id": 39,
    "chapter": "Some basic concept of chemistry",
    "question": "The percentage of P2O5 in diammonium hydrogen phosphate, (NH4)2HPO4 is",
    "question_latex": "The percentage of $P_2O_5$ in diammonium hydrogen phosphate, $(NH_4)_2HPO_4$ is",
    "question_images": [],
    "options": [
      "A. 23.48",
      "B. 46.96",
      "C. 53.78",
      "D. 71.00"
    ],
    "option_images": [],
    "answer": "C",
    "solution": "Mol wt $(NH_4)_2HPO_4 = 132$. $P_2O_5 \\equiv 2$ salt. Percentage $= \\frac{142}{2 \\times 132} \\times 100 = 53.78\\%$.",
    "solution_images": [],
    "difficulty": "Hard",
    "marks": 4
  },
  {
    "id": 40,
    "chapter": "Some basic concept of chemistry",
    "question": "A metal nitride, M3N2 contains 28% of nitrogen. The atomic mass of metal, M is",
    "question_latex": "A metal nitride, $M_3N_2$ contains 28% of nitrogen. The atomic mass of metal, M is",
    "question_images": [],
    "options": [
      "A. 24",
      "B. 54",
      "C. 9",
      "D. 87.62"
    ],
    "option_images": [],
    "answer": "A",
    "solution": "28 g N $\\equiv 72$ g M. 28 g N $= 2$ moles N. So, 2 moles N combines with 3 moles M. $3M = 72 \\rightarrow M = 24$.",
    "solution_images": [],
    "difficulty": "Medium",
    "marks": 4
  },
  {
    "id": 41,
    "chapter": "Some basic concept of chemistry",
    "question": "How many moles of methane are present in 11.2 L at S.T.P.?",
    "question_latex": "How many moles of methane are present in 11.2 L at S.T.P.?",
    "question_images": [],
    "options": [
      "A. 0.5 mole",
      "B. 0.25 mole",
      "C. 0.12 mole",
      "D. 0.6 mole"
    ],
    "option_images": [],
    "answer": "A",
    "solution": "$11.2/22.4 = 0.5$.",
    "solution_images": [],
    "difficulty": "Easy",
    "marks": 4
  },
  {
    "id": 42,
    "chapter": "Some basic concept of chemistry",
    "question": "Pure samples of copper carbonate synthesized in laboratory and found naturally if both contains 51.35% copper, 38.98% carbon and 9.74% oxygen by weight. This is an accordance with",
    "question_latex": "Pure samples of copper carbonate synthesized in laboratory and found naturally if both contains 51.35% copper, 38.98% carbon and 9.74% oxygen by weight. This is an accordance with",
    "question_images": [],
    "options": [
      "A. Law of definite proportion",
      "B. Law of conservation of mass",
      "C. Law of multiple proportion",
      "D. Law of combining volumes"
    ],
    "option_images": [],
    "answer": "A",
    "solution": "Verified by consistency in mass percentages.",
    "solution_images": [],
    "difficulty": "Easy",
    "marks": 4
  },
  {
    "id": 43,
    "chapter": "Some basic concept of chemistry",
    "question": "2 g of metal carbonate is neutralised completely by 100mL of 0.1 (N) HCl. The equivalent weight of metal carbonate is",
    "question_latex": "2 g of metal carbonate is neutralised completely by 100mL of 0.1 (N) HCl. The equivalent weight of metal carbonate is",
    "question_images": [],
    "options": [
      "A. 50",
      "B. 100",
      "C. 150",
      "D. 200"
    ],
    "option_images": [],
    "answer": "D",
    "solution": "Equiv of HCl $= 0.1 \\times 0.1 = 0.01$. Equiv weight $= 2/0.01 = 200$.",
    "solution_images": [],
    "difficulty": "Hard",
    "marks": 4
  },
  {
    "id": 44,
    "chapter": "Some basic concept of chemistry",
    "question": "Gram molecular volume of oxygen at STP is",
    "question_latex": "Gram molecular volume of oxygen at STP is",
    "question_images": [],
    "options": [
      "A. 3200 cm^3",
      "B. 5600 cm^3",
      "C. 22400 cm^3",
      "D. 11200 cm^3"
    ],
    "option_images": [],
    "answer": "C",
    "solution": "Standard GMV is 22.4 L.",
    "solution_images": [],
    "difficulty": "Easy",
    "marks": 4
  },
  {
    "id": 45,
    "chapter": "Some basic concept of chemistry",
    "question": "Mixture X = 0.02 mole of [Co(NH3)5SO4] Br and 0.02 mole of [Co(NH3)5Br]SO4 was prepared in 2 L of solution. 1 L of mixture X + excess AgNO3 -> Y; 1 L of mixture X + excess BaCl2 -> Z. Number of moles of Y and Z are",
    "question_latex": "Mixture X = 0.02 mole of $[Co(NH_3)_5SO_4] Br$ and 0.02 mole of $[Co(NH_3)_5Br]SO_4$ was prepared in 2 L of solution. 1 L of mixture X + excess $AgNO_3 \\rightarrow Y$; 1 L of mixture X + excess $BaCl_2 \\rightarrow Z$. Number of moles of Y and Z are",
    "question_images": [],
    "options": [
      "A. 0.01, 0.01",
      "B. 0.02, 0.01",
      "C. 0.01, 0.02",
      "D. 0.02, 0.02"
    ],
    "option_images": [],
    "answer": "A",
    "solution": "1 L contains 0.01 mol of each. $Ag^+$ precipitates $Br^-$ (0.01 mol). $Ba^{2+}$ precipitates $SO_4^{2-}$ (0.01 mol).",
    "solution_images": [],
    "difficulty": "Hard",
    "marks": 4
  },
  {
    "id": 46,
    "chapter": "Some basic concept of chemistry",
    "question": "How many moles of helium gas occupies 22.4 L at 0 C and at 1 atmospheric pressure? [MHT-CET 2022]",
    "question_latex": "How many moles of helium gas occupies 22.4 L at $0^{\\circ}C$ and at 1 atmospheric pressure? [MHT-CET 2022]",
    "question_images": [],
    "options": [
      "A. 0.9",
      "B. 0.11",
      "C. 1.11",
      "D. 1.0"
    ],
    "option_images": [],
    "answer": "D",
    "solution": "Standard molar volume condition.",
    "solution_images": [],
    "difficulty": "Easy",
    "marks": 4
  },
  {
    "id": 47,
    "chapter": "Some basic concept of chemistry",
    "question": "The mass of 112 cm^3 of CH4 gas at STP is",
    "question_latex": "The mass of 112 $cm^3$ of $CH_4$ gas at STP is",
    "question_images": [],
    "options": [
      "A. 0.16 g",
      "B. 0.8 g",
      "C. 0.08 g",
      "D. 1.6 g"
    ],
    "option_images": [],
    "answer": "C",
    "solution": "Moles $= 0.112/22.4 = 0.005$. Mass $= 0.005 \\times 16 = 0.08$ g.",
    "solution_images": [],
    "difficulty": "Medium",
    "marks": 4
  },
  {
    "id": 48,
    "chapter": "Some basic concept of chemistry",
    "question": "Find the number of hydrogen atoms present in 6.0 g of urea (NH2CONH2).",
    "question_latex": "Find the number of hydrogen atoms present in 6.0 g of urea ($NH_2CONH_2$).",
    "question_images": [],
    "options": [
      "A. 2.16 x 10^23",
      "B. 3.01 x 10^23",
      "C. 4.06 x 10^23",
      "D. 2.4 x 10^23"
    ],
    "option_images": [],
    "answer": "D",
    "solution": "Moles $= 6/60 = 0.1$. H atoms $= 0.1 \\times 4 \\times N_A = 2.4 \\times 10^{23}$.",
    "solution_images": [],
    "difficulty": "Medium",
    "marks": 4
  },
  {
    "id": 49,
    "chapter": "Some basic concept of chemistry",
    "question": "A 400 mg iron capsule contains 100 mg of ferrous fumarate, (CHCOO)2Fe. the percentage of iron present in it is approximately [MHT-CET 2022]",
    "question_latex": "A 400 mg iron capsule contains 100 mg of ferrous fumarate, $(CHCOO)_2Fe$. the percentage of iron present in it is approximately [MHT-CET 2022]",
    "question_images": [],
    "options": [
      "A. 33%",
      "B. 25%",
      "C. 14%",
      "D. 8%"
    ],
    "option_images": [],
    "answer": "D",
    "solution": "Mass Fe $= (100 \\times 56)/170 = 32.9$ mg. Percentage in 400 mg $= 32.9/400 \\times 100 = 8.2\\%$.",
    "solution_images": [],
    "difficulty": "Hard",
    "marks": 4
  },
  {
    "id": 50,
    "chapter": "Some basic concept of chemistry",
    "question": "Calculate mass in kg of 2.5 mole ammonia. [MHT-CET 2024]",
    "question_latex": "Calculate mass in kg of 2.5 mole ammonia. [MHT-CET 2024]",
    "question_images": [],
    "options": [
      "A. 3.44 x 10^-2 kg",
      "B. 5.10 x 10^-2 kg",
      "C. 4.25 x 10^-2 kg",
      "D. 1.72 x 10^-2 kg"
    ],
    "option_images": [],
    "answer": "C",
    "solution": "$2.5 \\times 17 = 42.5$ g $= 4.25 \\times 10^{-2}$ kg.",
    "solution_images": [],
    "difficulty": "Easy",
    "marks": 4
  },
  {
    "id": 51,
    "chapter": "Some basic concept of chemistry",
    "question": "Camphor is often used in molecular mass determination because",
    "question_latex": "Camphor is often used in molecular mass determination because",
    "question_images": [],
    "options": [
      "A. It is readily available",
      "B. It has a very high cryoscopic constant",
      "C. It is volatile",
      "D. It is solvent for organic substances"
    ],
    "option_images": [],
    "answer": "C",
    "solution": "Camphor acts as a solid solvent which is volatile and has a high cryoscopic constant, facilitating molecular mass determination (Rast's method). Option (C) matches text rationale.",
    "solution_images": [],
    "difficulty": "Medium",
    "marks": 4
  },
  {
    "id": 52,
    "chapter": "Some basic concept of chemistry",
    "question": "At constant temperature and pressure when 8 volumes of dihydrogen gas react with 4 volumes of dioxygen, the mass of water vapour produced is",
    "question_latex": "At constant temperature and pressure when 8 volumes of dihydrogen gas react with 4 volumes of dioxygen, the mass of water vapour produced is",
    "question_images": [],
    "options": [
      "A. 72g",
      "B. 162g",
      "C. 144g",
      "D. 36g"
    ],
    "option_images": [],
    "answer": "C",
    "solution": "$2H_2 + O_2 \\rightarrow 2H_2O$. 8 vol $H_2$ + 4 vol $O_2 \\rightarrow 8$ vol $H_2O$. Mass $= 8 \\times 18 = 144$ g.",
    "solution_images": [],
    "difficulty": "Medium",
    "marks": 4
  },
  {
    "id": 53,
    "chapter": "Some basic concept of chemistry",
    "question": "An aromatic hydrocarbon with empirical formula C6H4 on treatment with concentrated H2SO4 gave a monosulphonic acid. 0.104 g of the acid required 10 mL of N/20 NaOH for complete neutralisation. The molecular formula of hydrocarbon is",
    "question_latex": "An aromatic hydrocarbon with empirical formula $C_6H_4$ on treatment with concentrated $H_2SO_4$ gave a monosulphonic acid. 0.104 g of the acid required 10 mL of $\\frac{N}{20}$ $NaOH$ for complete neutralisation. The molecular formula of hydrocarbon is",
    "question_images": [],
    "options": [
      "A. C5H4",
      "B. C10H8",
      "C. C15H12",
      "D. C20H16"
    ],
    "option_images": [],
    "answer": "C",
    "solution": "Eq of acid = Eq of NaOH $= (1/20) \\times 10 \\times 10^{-3} = 5 \\times 10^{-4}$. $M/n = 0.104 / (5 \\times 10^{-4}) = 208$. Empirical formula $C_5H_4$ mass $= 64$. $n = 208/64 \\approx 3$. Formula $= C_{15}H_{12}$.",
    "solution_images": [],
    "difficulty": "Hard",
    "marks": 4
  },
  {
    "id": 54,
    "chapter": "Some basic concept of chemistry",
    "question": "Which property of an element is always a whole number?",
    "question_latex": "Which property of an element is always a whole number?",
    "question_images": [],
    "options": [
      "A. Atomic volume",
      "B. Atomic weight",
      "C. Atomic number",
      "D. Equivalent weight"
    ],
    "option_images": [],
    "answer": "C",
    "solution": "Atomic number represents the number of protons, which is always an integer.",
    "solution_images": [],
    "difficulty": "Easy",
    "marks": 4
  },
  {
    "id": 55,
    "chapter": "Some basic concept of chemistry",
    "question": "Number of atoms of He in 100 u of He (atomic weight of He is 4) are",
    "question_latex": "Number of atoms of He in 100 u of He (atomic weight of He is 4) are",
    "question_images": [],
    "options": [
      "A. 25",
      "B. 100",
      "C. 50",
      "D. 100 x 6 x 10^-23"
    ],
    "option_images": [],
    "answer": "A",
    "solution": "1 atom $= 4$ u. 100 u contains $100/4 = 25$ atoms.",
    "solution_images": [],
    "difficulty": "Easy",
    "marks": 4
  },
  {
    "id": 56,
    "chapter": "Some basic concept of chemistry",
    "question": "There are two isotopes of an element with atomic mass z. Heavier one has atomic mass z+2 and lighter one has z-1, the abundance of lighter one is",
    "question_latex": "There are two isotopes of an element with atomic mass z. Heavier one has atomic mass $z+2$ and lighter one has $z-1$, the abundance of lighter one is",
    "question_images": [],
    "options": [
      "A. 66.6%",
      "B. 69.7%",
      "C. 6.67%",
      "D. 33.3%"
    ],
    "option_images": [],
    "answer": "A",
    "solution": "$z = \\frac{x(z-1) + (100-x)(z+2)}{100} \\Rightarrow 100z = xz - x + 100z + 200 - xz - 2x \\Rightarrow 3x = 200 \\Rightarrow x = 66.6\\%$.",
    "solution_images": [],
    "difficulty": "Medium",
    "marks": 4
  },
  {
    "id": 57,
    "chapter": "Some basic concept of chemistry",
    "question": "The volume of 1 mole of any pure gas at standard temperature and pressure is always equal to [MHT-CET 2019]",
    "question_latex": "The volume of 1 mole of any pure gas at standard temperature and pressure is always equal to [MHT-CET 2019]",
    "question_images": [],
    "options": [
      "A. 22.414 m^3",
      "B. 0.022414 m^3",
      "C. 2.2414 m^3",
      "D. 0.22414 m^3"
    ],
    "option_images": [],
    "answer": "B",
    "solution": "22.414 L $= 22.414 \\times 10^{-3}$ $m^3 = 0.022414$ $m^3$.",
    "solution_images": [],
    "difficulty": "Easy",
    "marks": 4
  },
  {
    "id": 58,
    "chapter": "Some basic concept of chemistry",
    "question": "How many atoms of Argon are present in 52 mole of it? [Atomic mass of Ar=39] [MHT-CET 2021]",
    "question_latex": "How many atoms of Argon are present in 52 mole of it? [Atomic mass of $Ar=39$] [MHT-CET 2021]",
    "question_images": [],
    "options": [
      "A. 3.1 x 10^25",
      "B. 1.1 x 10^23",
      "C. 1.5 x 10^25",
      "D. 1.2 x 10^23"
    ],
    "option_images": [],
    "answer": "A",
    "solution": "Atoms $= 52 \\times 6.022 \\times 10^{23} = 3.13 \\times 10^{25}$.",
    "solution_images": [],
    "difficulty": "Easy",
    "marks": 4
  },
  {
    "id": 59,
    "chapter": "Some basic concept of chemistry",
    "question": "A sample of calcium carbonate has the following percentage composition. Ca=40%, C=12% and O=48% According to law of definite proportion the weight of calcium in 4g of a sample of calcium carbonate from another source will be",
    "question_latex": "A sample of calcium carbonate has the following percentage composition. $Ca=40\\%$, $C=12\\%$ and $O=48\\%$ According to law of definite proportion the weight of calcium in 4g of a sample of calcium carbonate from another source will be",
    "question_images": [],
    "options": [
      "A. 1.6g",
      "B. 1.6 x 10^-2 g",
      "C. 0.1g",
      "D. 0.4g"
    ],
    "option_images": [],
    "answer": "A",
    "solution": "$Ca$ is $40\\%$ of $CaCO_3$. Weight in 4 g sample $= 4 \\times 0.40 = 1.6$ g.",
    "solution_images": [],
    "difficulty": "Easy",
    "marks": 4
  },
  {
    "id": 60,
    "chapter": "Some basic concept of chemistry",
    "question": "Which from following quantity of different gases contains maximum number of molecules? [2025]",
    "question_latex": "Which from following quantity of different gases contains maximum number of molecules? [2025]",
    "question_images": [],
    "options": [
      "A. 7 g N2",
      "B. 8 g O2",
      "C. 2 g H2",
      "D. 20 g NO2"
    ],
    "option_images": [],
    "answer": "C",
    "solution": "Moles: (A) $7/28 = 0.25$. (B) $8/32 = 0.25$. (C) $2/2 = 1.0$. (D) $20/46 = 0.43$. 2 g $H_2$ has max moles, hence max molecules.",
    "solution_images": [],
    "difficulty": "Medium",
    "marks": 4
  },
  {
    "id": 61,
    "chapter": "Some basic concept of chemistry",
    "question": "Which of the following set of compounds does NOT demonstrate the law of multiple proportions?",
    "question_latex": "Which of the following set of compounds does NOT demonstrate the law of multiple proportions?",
    "question_images": [],
    "options": [
      "A. H2O, H2O2",
      "B. SO2, SO3",
      "C. H2O, CO2, CH4",
      "D. NO, NO2"
    ],
    "option_images": [],
    "answer": "C",
    "solution": "Multiple proportions law applies to compounds of the same two elements. $H_2O, CO_2, CH_4$ involve three different elements.",
    "solution_images": [],
    "difficulty": "Medium",
    "marks": 4
  },
  {
    "id": 62,
    "chapter": "Some basic concept of chemistry",
    "question": "The volume of oxygen required for complete combustion of 0.25 mole of methane at S.T.P. is",
    "question_latex": "The volume of oxygen required for complete combustion of 0.25 mole of methane at S.T.P. is",
    "question_images": [],
    "options": [
      "A. 22.4 dm^3",
      "B. 5.6 dm^3",
      "C. 11.2 dm^3",
      "D. 7.46 dm^3"
    ],
    "option_images": [],
    "answer": "C",
    "solution": "$CH_4 + 2O_2 \\rightarrow CO_2 + 2H_2O$. 1 mole $CH_4$ requires 2 moles $O_2$. 0.25 mole requires 0.5 mole $O_2 = 11.2$ $dm^3$.",
    "solution_images": [],
    "difficulty": "Easy",
    "marks": 4
  },
  {
    "id": 63,
    "chapter": "Some basic concept of chemistry",
    "question": "Calculate number of molecules present in 5.4 g of urea (Molar mass of urea = 60 g/mol) [2025, 2021]",
    "question_latex": "Calculate number of molecules present in 5.4 g of urea (Molar mass of urea = 60 $g/mol$) [2025, 2021]",
    "question_images": [],
    "options": [
      "A. 9.933 x 10^22",
      "B. 6.022 x 10^22",
      "C. 5.419 x 10^22",
      "D. 4.312 x 10^22"
    ],
    "option_images": [],
    "answer": "C",
    "solution": "Moles $= 5.4/60 = 0.09$. Molecules $= 0.09 \\times 6.022 \\times 10^{23} = 5.419 \\times 10^{22}$.",
    "solution_images": [],
    "difficulty": "Easy",
    "marks": 4
  },
  {
    "id": 64,
    "chapter": "Some basic concept of chemistry",
    "question": "A mixture of CaCl2 and NaCl weighing 4.44 g is treated with sodium carbonate solution to precipitate all the Ca2+ ions as calcium carbonate. The calcium carbonate so obtained is heated strongly to get 0.56 g of CaO. The percentage of NaCl in the mixture (atomic mass of Ca=40) is",
    "question_latex": "A mixture of $CaCl_2$ and $NaCl$ weighing 4.44 g is treated with sodium carbonate solution to precipitate all the $Ca^{2+}$ ions as calcium carbonate. The calcium carbonate so obtained is heated strongly to get 0.56 g of $CaO$. The percentage of $NaCl$ in the mixture (atomic mass of $Ca=40$) is",
    "question_images": [],
    "options": [
      "A. 75",
      "B. 30.6",
      "C. 25",
      "D. 69.4"
    ],
    "option_images": [],
    "answer": "A",
    "solution": "56 g $CaO \\equiv 111$ g $CaCl_2$. 0.56 g $CaO = 1.11$ g $CaCl_2$. $NaCl = 4.44 - 1.11 = 3.33$ g. $\\% NaCl = (3.33/4.44) \\times 100 = 75\\%$.",
    "solution_images": [],
    "difficulty": "Hard",
    "marks": 4
  },
  {
    "id": 65,
    "chapter": "Some basic concept of chemistry",
    "question": "What quantity of oxygen is required for the complete combustion of 100 ml ethane under constant temperature and pressure? [MHT-CET 2023]",
    "question_latex": "What quantity of oxygen is required for the complete combustion of 100 ml ethane under constant temperature and pressure? [MHT-CET 2023]",
    "question_images": [],
    "options": [
      "A. 350 ml",
      "B. 200 ml",
      "C. 450 ml",
      "D. 100 ml"
    ],
    "option_images": [],
    "answer": "A",
    "solution": "$C_2H_6 + 3.5O_2 \\rightarrow 2CO_2 + 3H_2O$. 1 vol ethane $\\equiv 3.5$ vol oxygen. 100 ml ethane $\\equiv 350$ ml oxygen.",
    "solution_images": [],
    "difficulty": "Easy",
    "marks": 4
  },
  {
    "id": 66,
    "chapter": "Some basic concept of chemistry",
    "question": "What is the average mass of an element if it has two isotopes, one of mass 6.015u with 8.24% and other of mass 7.016u with 91.26% respectively?",
    "question_latex": "What is the average mass of an element if it has two isotopes, one of mass 6.015u with 8.24% and other of mass 7.016u with 91.26% respectively?",
    "question_images": [],
    "options": [
      "A. 7.156u",
      "B. 7.551u",
      "C. 6.515u",
      "D. 6.899u"
    ],
    "option_images": [],
    "answer": "D",
    "solution": "Avg mass $= (6.015 \\times 0.0824) + (7.016 \\times 0.9126) = 0.4956 + 6.4028 = 6.8984$ u.",
    "solution_images": [],
    "difficulty": "Medium",
    "marks": 4
  },
  {
    "id": 67,
    "chapter": "Some basic concept of chemistry",
    "question": "Mass of one molecule of oxygen in amu and in gram respectively is [MHT-CET 2022]",
    "question_latex": "Mass of one molecule of oxygen in amu and in gram respectively is [MHT-CET 2022]",
    "question_images": [],
    "options": [
      "A. 42u, 5.313 x 10^-24 g",
      "B. 16u, 6.0 x 10^-24 g",
      "C. 32u, 5.313 x 10^-23 g",
      "D. 53.13 x 10^-24 u, 32 g"
    ],
    "option_images": [],
    "answer": "C",
    "solution": "$O_2 = 32$ u. Mass in g $= 32 \\times 1.66 \\times 10^{-24} = 5.313 \\times 10^{-23}$ g.",
    "solution_images": [],
    "difficulty": "Easy",
    "marks": 4
  },
  {
    "id": 68,
    "chapter": "Some basic concept of chemistry",
    "question": "Find out number of carbon atoms present in 0.35 mole of glucose.[2025]",
    "question_latex": "Find out number of carbon atoms present in 0.35 mole of glucose.[2025]",
    "question_images": [],
    "options": [
      "A. 6.022 x 10^24",
      "B. 3.011 x 10^24",
      "C. 1.264 x 10^24",
      "D. 2.044 x 10^23"
    ],
    "option_images": [],
    "answer": "C",
    "solution": "C atoms $= 0.35 \\times 6 \\times 6.022 \\times 10^{23} = 1.2646 \\times 10^{24}$.",
    "solution_images": [],
    "difficulty": "Medium",
    "marks": 4
  },
  {
    "id": 69,
    "chapter": "Some basic concept of chemistry",
    "question": "What is the number of hydrogen atoms present in 5.4 g of urea?[2025]",
    "question_latex": "What is the number of hydrogen atoms present in 5.4 g of urea?\\[2025\\]",
    "question_images": [],
    "options": [
      "A. 3.011 x 10^23",
      "B. 9.011 x 10^23",
      "C. 6.022 x 10^23",
      "D. 2.168 x 10^23"
    ],
    "option_images": [],
    "answer": "D",
    "solution": "Moles urea $= 0.09$. H atoms $= 0.09 \\times 4 \\times 6.022 \\times 10^{23} = 2.168 \\times 10^{23}$.",
    "solution_images": [],
    "difficulty": "Medium",
    "marks": 4
  },
  {
    "id": 70,
    "chapter": "Some basic concept of chemistry",
    "question": "Calculate the number of molecules in 44.8 cm^3 of nitrogen gas at STP. [MHT-CET 2022]",
    "question_latex": "Calculate the number of molecules in 44.8 $cm^3$ of nitrogen gas at STP. [MHT-CET 2022]",
    "question_images": [],
    "options": [
      "A. 1.5 x 10^21",
      "B. 1.2 x 10^21",
      "C. 2.1 x 10^21",
      "D. 1.8 x 10^21"
    ],
    "option_images": [],
    "answer": "B",
    "solution": "Moles $= 44.8/22400 = 0.002$. Molecules $= 0.002 \\times 6.022 \\times 10^{23} = 1.204 \\times 10^{21}$.",
    "solution_images": [],
    "difficulty": "Medium",
    "marks": 4
  },
  {
    "id": 71,
    "chapter": "Some basic concept of chemistry",
    "question": "If H2SO4 ionises as H2SO4 + 2H2O -> 2H3O+ + SO4^2-, then total number of ions produced by 0.1 M H2SO4 will be",
    "question_latex": "If $H_2SO_4$ ionises as $H_2SO_4 + 2H_2O \\rightarrow 2H_3O^+ + SO_4^{2-}$, then total number of ions produced by 0.1 M $H_2SO_4$ will be",
    "question_images": [],
    "options": [
      "A. 9.03 x 10^21",
      "B. 3.01 x 10^22",
      "C. 6.02 x 10^22",
      "D. 1.8 x 10^23"
    ],
    "option_images": [],
    "answer": "D",
    "solution": "1 mol $H_2SO_4$ gives 3 moles of ions. 0.1 mol/L gives $0.3 \\times 6.022 \\times 10^{23} = 1.8 \\times 10^{23}$ ions (assuming 1L).",
    "solution_images": [],
    "difficulty": "Medium",
    "marks": 4
  },
  {
    "id": 72,
    "chapter": "Some basic concept of chemistry",
    "question": "The number of sodium atoms in 2 moles of sodium ferrocyanide is",
    "question_latex": "The number of sodium atoms in 2 moles of sodium ferrocyanide is",
    "question_images": [],
    "options": [
      "A. 12 x 10^23",
      "B. 26 x 10^23",
      "C. 34 x 10^23",
      "D. 48 x 10^23"
    ],
    "option_images": [],
    "answer": "D",
    "solution": "$Na_4[Fe(CN)_6]$. 1 mole has 4 Na atoms. 2 moles have 8 Na atoms $= 8 \\times 6.022 \\times 10^{23} = 4.8 \\times 10^{24} = 48 \\times 10^{23}$.",
    "solution_images": [],
    "difficulty": "Medium",
    "marks": 4
  },
  {
    "id": 73,
    "chapter": "Some basic concept of chemistry",
    "question": "What is the average mass of an element if it has two isotopes, one of mass 6.015u with 8.24% and other of mass 7.016u with 91.26% respectively?",
    "question_latex": "What is the average mass of an element if it has two isotopes, one of mass 6.015u with 8.24% and other of mass 7.016u with 91.26% respectively?",
    "question_images": [],
    "options": [
      "A. 7.156u",
      "B. 7.551u",
      "C. 6.515u",
      "D. 6.899u"
    ],
    "option_images": [],
    "answer": "D",
    "solution": "Calculated as: $(0.0824 \\times 6.015) + (0.9126 \\times 7.016) = 6.899$ u.",
    "solution_images": [],
    "difficulty": "Medium",
    "marks": 4
  },
  {
    "id": 74,
    "chapter": "Some basic concept of chemistry",
    "question": "Air contains 20% O2 by volume. How much volume of air will be required for 100 cc of acetylene?",
    "question_latex": "Air contains $20\\% O_2$ by volume. How much volume of air will be required for 100 cc of acetylene?",
    "question_images": [],
    "options": [
      "A. 500 cc",
      "B. 1064 cc",
      "C. 212.8 cc",
      "D. 1250 cc"
    ],
    "option_images": [],
    "answer": "D",
    "solution": "$2C_2H_2 + 5O_2 \\rightarrow 4CO_2 + 2H_2O$. 2 vol acetylene $\\equiv 5$ vol $O_2$. 100 cc acetylene $\\equiv 250$ cc $O_2$. Air required $= 250 / 0.20 = 1250$ cc.",
    "solution_images": [],
    "difficulty": "Hard",
    "marks": 4
  },
  {
    "id": 75,
    "chapter": "Some basic concept of chemistry",
    "question": "If 20 g of CaCO3 is treated with 100 mL of 20% HCl solution, the amount of CO2 produced is",
    "question_latex": "If 20 g of $CaCO_3$ is treated with 100 mL of 20\\% $HCl$ solution, the amount of $CO_2$ produced is",
    "question_images": [],
    "options": [
      "A. 22.4 L",
      "B. 8.80 g",
      "C. 4.40 g",
      "D. 2.24 L"
    ],
    "option_images": [],
    "answer": "B",
    "solution": "$CaCO_3 + 2HCl \\rightarrow CaCl_2 + CO_2 + H_2O$. 100 g $CaCO_3 \\equiv 44$ g $CO_2$. 20 g $CaCO_3 \\equiv 8.8$ g $CO_2$. HCl is in excess (20g).",
    "solution_images": [],
    "difficulty": "Hard",
    "marks": 4
  },
  {
    "id": 76,
    "chapter": "Some basic concept of chemistry",
    "question": "A hydrocarbon contains 10.5 g carbon and 1 g hydrogen. Its 2.81 g has 1L volume at 1 atm and 127 C, hydrocarbon is",
    "question_latex": "A hydrocarbon contains 10.5 g carbon and 1 g hydrogen. Its 2.81 g has 1L volume at 1 atm and $127^{\\circ}C$, hydrocarbon is",
    "question_images": [],
    "options": [
      "A. C6H7",
      "B. C7H8",
      "C. C5H6",
      "D. None of the above"
    ],
    "option_images": [],
    "answer": "B",
    "solution": "Empirical formula: Moles $C = 10.5/12 = 0.875$, Moles $H = 1/1 = 1$. Ratio $C:H = 7:8 \\Rightarrow C_7H_8$. Mol wt $= (2.81 \\times 0.0821 \\times 400) / (1 \\times 1) = 92.2$. $C_7H_8$ mass is 92. Hence $C_7H_8$.",
    "solution_images": [],
    "difficulty": "Hard",
    "marks": 4
  },
  {
    "id": 77,
    "chapter": "Some basic concept of chemistry",
    "question": "What is the mass of 33.6 dm^3 of methane gas at STP? [MHT-CET 2021]",
    "question_latex": "What is the mass of 33.6 $dm^3$ of methane gas at STP? [MHT-CET 2021]",
    "question_images": [],
    "options": [
      "A. 4.8 x 10^-2 kg",
      "B. 3.3 x 10^-2 kg",
      "C. 2.4 x 10^-2 kg",
      "D. 1.6 x 10^-2 kg"
    ],
    "option_images": [],
    "answer": "C",
    "solution": "Moles $= 33.6/22.4 = 1.5$. Mass $= 1.5 \\times 16 = 24$ g $= 2.4 \\times 10^{-2}$ kg.",
    "solution_images": [],
    "difficulty": "Medium",
    "marks": 4
  },
  {
    "id": 78,
    "chapter": "Some basic concept of chemistry",
    "question": "What is the percentage by mass of oxygen in water, if percentage by mass of hydrogen is 11.1%? [MHT-CET 2024]",
    "question_latex": "What is the percentage by mass of oxygen in water, if percentage by mass of hydrogen is 11.1\\%? [MHT-CET 2024]",
    "question_images": [],
    "options": [
      "A. 88.9%",
      "B. 80%",
      "C. 26%",
      "D. 18%"
    ],
    "option_images": [],
    "answer": "A",
    "solution": "$\\% O = 100 - 11.1 = 88.9\\%$.",
    "solution_images": [],
    "difficulty": "Easy",
    "marks": 4
  },
  {
    "id": 79,
    "chapter": "Some basic concept of chemistry",
    "question": "How many molecules of carbon dioxide are formed when 0.6 g carbon is burnt in air? [MHT-CET 2024]",
    "question_latex": "How many molecules of carbon dioxide are formed when 0.6 g carbon is burnt in air? [MHT-CET 2024]",
    "question_images": [],
    "options": [
      "A. 3.01 x 10^22",
      "B. 6.02 x 10^22",
      "C. 2.01 x 10^23",
      "D. 5.02 x 10^23"
    ],
    "option_images": [],
    "answer": "A",
    "solution": "$C + O_2 \\rightarrow CO_2$. 12 g $C \\equiv 6.022 \\times 10^{23}$ $CO_2$. 0.6 g $C = 0.05 \\times 6.022 \\times 10^{23} = 3.01 \\times 10^{22}$.",
    "solution_images": [],
    "difficulty": "Easy",
    "marks": 4
  },
  {
    "id": 80,
    "chapter": "Some basic concept of chemistry",
    "question": "One gram mole of a gas at NTP occupies 22.4 L. This fact was derived from",
    "question_latex": "One gram mole of a gas at NTP occupies 22.4 L. This fact was derived from",
    "question_images": [],
    "options": [
      "A. Law of gaseous volumes",
      "B. Avogadro's hypothesis",
      "C. Berzelius hypothesis",
      "D. Dalton's atomic theory"
    ],
    "option_images": [],
    "answer": "B",
    "solution": "Avogadro's hypothesis states that equal volumes of gases at the same T and P contain equal molecules, leading to the molar volume constant.",
    "solution_images": [],
    "difficulty": "Easy",
    "marks": 4
  },
  {
    "id": 81,
    "chapter": "Some basic concept of chemistry",
    "question": "What is the number of molecules of nitrogen gas present in 22.4 cm^3 at STP? [MHT-CET 2023]",
    "question_latex": "What is the number of molecules of nitrogen gas present in 22.4 $cm^3$ at STP? [MHT-CET 2023]",
    "question_images": [],
    "options": [
      "A. 2.24 x 10^20",
      "B. 6.022 x 10^23",
      "C. 6.022 x 10^{20}",
      "D. 2.24 x 10^23"
    ],
    "option_images": [],
    "answer": "C",
    "solution": "Moles $= 22.4/22400 = 10^{-3}$. Molecules $= 10^{-3} \\times 6.022 \\times 10^{23} = 6.022 \\times 10^{20}$.",
    "solution_images": [],
    "difficulty": "Easy",
    "marks": 4
  },
  {
    "id": 82,
    "chapter": "Some basic concept of chemistry",
    "question": "Find the number of moles of sodium atoms in 6.9 x 10^-2 kg of it. [Atomic mass = 23 g/mol] [MHT-CET 2024]",
    "question_latex": "Find the number of moles of sodium atoms in $6.9 \\times 10^{-2}$ kg of it. [Atomic mass = 23 $g/mol$] [MHT-CET 2024]",
    "question_images": [],
    "options": [
      "A. 1.5",
      "B. 0.3",
      "C. 2.3",
      "D. 3.0"
    ],
    "option_images": [],
    "answer": "D",
    "solution": "Mass $= 69$ g. Moles $= 69/23 = 3.0$ mol.",
    "solution_images": [],
    "difficulty": "Easy",
    "marks": 4
  },
  {
    "id": 83,
    "chapter": "Some basic concept of chemistry",
    "question": "In the reaction, 2KClO3(s) -> 2KCl(s) + 3O2(g). If 33.6 L of oxygen gas is liberated at STP, what is the mass of KCl(s) produced? (Atomic mass: K=39, Cl=35.5 g/mol) [MHT-CET 2020]",
    "question_latex": "$2KClO_{3(s)} \\rightarrow 2KCl_{(s)} + 3O_{2(g)}$. If 33.6 L of oxygen gas is liberated at STP, what is the mass of $KCl_{(s)}$ produced? (Atomic mass: $K=39, Cl=35.5$ $g/mol$)",
    "question_images": [],
    "options": [
      "A. 7.45 g",
      "B. 48.0 g",
      "C. 24.0 g",
      "D. 74.5 g"
    ],
    "option_images": [],
    "answer": "D",
    "solution": "3 moles $O_2$ (67.2 L) $\\equiv 2$ moles $KCl$ (149 g). So 33.6 L $O_2 \\equiv 74.5$ g $KCl$.",
    "solution_images": [],
    "difficulty": "Medium",
    "marks": 4
  },
  {
    "id": 84,
    "chapter": "Some basic concept of chemistry",
    "question": "Identify numerical value from following that has same value in C and F? [MHT-CET 2023]",
    "question_latex": "Identify numerical value from following that has same value in $^{\\circ}C$ and $^{\\circ}F$? [MHT-CET 2023]",
    "question_images": [],
    "options": [
      "A. -8",
      "B. -11.2",
      "C. 0",
      "D. -40.0"
    ],
    "option_images": [],
    "answer": "D",
    "solution": "$F = (9/5)C + 32$. If $F = C = x$, then $x = (9/5)x + 32 \\Rightarrow -4x/5 = 32 \\Rightarrow x = -40$.",
    "solution_images": [],
    "difficulty": "Easy",
    "marks": 4
  },
  {
    "id": 85,
    "chapter": "Some basic concept of chemistry",
    "question": "If 0.5 mole of BaCl2 is mixed with 0.2 mole of Na3PO4, the maximum number of moles of Ba3(PO4)2 that can be formed is",
    "question_latex": "If 0.5 mole of $BaCl_2$ is mixed with 0.2 mole of $Na_3PO_4$, the maximum number of moles of $Ba_3(PO_4)_2$ that can be formed is",
    "question_images": [],
    "options": [
      "A. 0.7",
      "B. 0.5",
      "C. 0.03",
      "D. 0.10"
    ],
    "option_images": [],
    "answer": "D",
    "solution": "$3BaCl_2 + 2Na_3PO_4 \\rightarrow Ba_3(PO_4)_2 + 6NaCl$. $Na_3PO_4$ is limiting. 0.2 mole $Na_3PO_4$ forms 0.1 mole product.",
    "solution_images": [],
    "difficulty": "Medium",
    "marks": 4
  },
  {
    "id": 86,
    "chapter": "Some basic concept of chemistry",
    "question": "The numerical value of N/n (where, N is the number of molecules in a given sample of gas and n is the number of moles of the gas) is",
    "question_latex": "The numerical value of $N/n$ (where, $N$ is the number of molecules and $n$ is number of moles) is",
    "question_images": [],
    "options": [
      "A. 8.314",
      "B. 6.022 x 10^23",
      "C. 0.0821",
      "D. 1.66 x 10^-19"
    ],
    "option_images": [],
    "answer": "B",
    "solution": "$N = n \\times N_A \\Rightarrow N/n = N_A = 6.022 \\times 10^{23}$.",
    "solution_images": [],
    "difficulty": "Easy",
    "marks": 4
  },
  {
    "id": 87,
    "chapter": "Some basic concept of chemistry",
    "question": "The formula mass of Mohr's salt is 392. The iron present in it is oxidised by KMnO4 in acid medium. The equivalent mass of Mohr's salt is",
    "question_latex": "The formula mass of Mohr's salt is 392. The iron present in it is oxidised by $KMnO_4$ in acid medium. The equivalent mass of Mohr's salt is",
    "question_images": [],
    "options": [
      "A. 392",
      "B. 31.6",
      "C. 278",
      "D. 156"
    ],
    "option_images": [],
    "answer": "A",
    "solution": "In Mohr's salt, $Fe^{2+} \\rightarrow Fe^{3+}$. $n$-factor is 1. Eq wt $= 392/1 = 392$.",
    "solution_images": [],
    "difficulty": "Medium",
    "marks": 4
  },
  {
    "id": 88,
    "chapter": "Some basic concept of chemistry",
    "question": "Which has maximum number of atoms?",
    "question_latex": "Which has maximum number of atoms?",
    "question_images": [],
    "options": [
      "A. 2.0 mol of S8",
      "B. 6.0 mol of S",
      "C. 5.5 mol of SO2",
      "D. 4.48 L of CO2 at STP"
    ],
    "option_images": [],
    "answer": "C",
    "solution": "Atoms: (A) $2 \\times 8 = 16$ mol. (B) 6 mol. (C) $5.5 \\times 3 = 16.5$ mol. (D) $(4.48/22.4) \\times 3 = 0.6$ mol. (C) is maximum.",
    "solution_images": [],
    "difficulty": "Medium",
    "marks": 4
  },
  {
    "id": 89,
    "chapter": "Some basic concept of chemistry",
    "question": "KMnO4 (mol.wt. = 158) oxidizes oxalic acid in acid medium to CO2 and water as follows 5C2O4^2- + 2MnO4^- + 16H+ -> 10CO2 + 2Mn^2+ + 8H2O. What is the equivalent weight of KMnO4?",
    "question_latex": "$KMnO_4$ (mol.wt. = 158) oxidizes oxalic acid in acid medium to $CO_2$ and water. What is the equivalent weight of $KMnO_4$?",
    "question_images": [],
    "options": [
      "A. 158",
      "B. 31.6",
      "C. 39.5",
      "D. 79"
    ],
    "option_images": [],
    "answer": "B",
    "solution": "$Mn^{7+} \\rightarrow Mn^{2+}$. $n$-factor $= 5$. Eq wt $= 158/5 = 31.6$.",
    "solution_images": [],
    "difficulty": "Easy",
    "marks": 4
  },
  {
    "id": 90,
    "chapter": "Some basic concept of chemistry",
    "question": "How many atoms of argon are present in 3.99g of it? (Atomic mass = 39.9)",
    "question_latex": "How many atoms of argon are present in 3.99g of it? (Atomic mass = 39.9)",
    "question_images": [],
    "options": [
      "A. 6.022 x 10^22",
      "B. 3.011 x 10^21",
      "C. 3.011 x 10^22",
      "D. 3.011 x 10^23"
    ],
    "option_images": [],
    "answer": "A",
    "solution": "Moles $= 3.99/39.9 = 0.1$. Atoms $= 0.1 \\times 6.022 \\times 10^{23} = 6.022 \\times 10^{22}$.",
    "solution_images": [],
    "difficulty": "Easy",
    "marks": 4
  },
  {
    "id": 91,
    "chapter": "Some basic concept of chemistry",
    "question": "Calculate the number of Cl- ions in 333 g anhydrous calcium chloride? (At. mass Ca=40, Cl=35.5) [2025]",
    "question_latex": "Calculate the number of $Cl^-$ ions in 333 g anhydrous calcium chloride? (At. mass $Ca=40, Cl=35.5$)",
    "question_images": [],
    "options": [
      "A. 6 NA",
      "B. 4 NA",
      "C. NA",
      "D. 2 NA"
    ],
    "option_images": [],
    "answer": "A",
    "solution": "Moles $CaCl_2 = 333/111 = 3$. 1 mol $CaCl_2$ has 2 mol $Cl^-$. 3 mol $CaCl_2$ has 6 mol $Cl^- = 6 N_A$.",
    "solution_images": [],
    "difficulty": "Medium",
    "marks": 4
  },
  {
    "id": 92,
    "chapter": "Some basic concept of chemistry",
    "question": "Matter is anything which occupies A... and has B. Here A and B are",
    "question_latex": "Matter is anything which occupies A... and has B. Here A and B are",
    "question_images": [],
    "options": [
      "A. Density and mass",
      "B. Volume and mass",
      "C. Space and mass",
      "D. None of these"
    ],
    "option_images": [],
    "answer": "C",
    "solution": "Matter is defined as anything that has mass and occupies space.",
    "solution_images": [],
    "difficulty": "Easy",
    "marks": 4
  },
  {
    "id": 93,
    "chapter": "Some basic concept of chemistry",
    "question": "What is the number of moles and total number of atoms respectively present in 5.6 cm^3 of ammonia gas at STP?",
    "question_latex": "What is the number of moles and total number of atoms respectively present in 5.6 $cm^3$ of ammonia gas at STP?",
    "question_images": [],
    "options": [
      "A. 1.505 mol and 6.022 x 10^20 atoms",
      "B. 2.05 mol and 1.50 x 10^20 atoms",
      "C. 2.50 x 10^-4 mol and 6.022 x 10^20 atoms",
      "D. 2.50 x 10^-3 mol and 1.5 x 10^20 atoms"
    ],
    "option_images": [],
    "answer": "C",
    "solution": "Moles $= 5.6/22400 = 2.5 \\times 10^{-4}$. Atoms $= 2.5 \\times 10^{-4} \\times 4 \\times 6.022 \\times 10^{23} = 6.022 \\times 10^{20}$.",
    "solution_images": [],
    "difficulty": "Hard",
    "marks": 4
  },
  {
    "id": 94,
    "chapter": "Some basic concept of chemistry",
    "question": "How many moles of oxygen gas at STP are equivalent to 5.6 litre? [MHT-CET 2022]",
    "question_latex": "How many moles of oxygen gas at STP are equivalent to 5.6 litre? [MHT-CET 2022]",
    "question_images": [],
    "options": [
      "A. 1/2 mole",
      "B. 1/8 mole",
      "C. 1/4 mole",
      "D. 1 mole"
    ],
    "option_images": [],
    "answer": "C",
    "solution": "Moles $= 5.6/22.4 = 1/4 = 0.25$ mol.",
    "solution_images": [],
    "difficulty": "Easy",
    "marks": 4
  },
  {
    "id": 95,
    "chapter": "Some basic concept of chemistry",
    "question": "What is the volume occupied by 16 g methane gas at STP? [MHT-CET 2021]",
    "question_latex": "What is the volume occupied by 16 g methane gas at STP? [MHT-CET 2021]",
    "question_images": [],
    "options": [
      "A. 1140 cm^3",
      "B. 214 cm^3",
      "C. 22400 cm^3",
      "D. 12.4 cm^3"
    ],
    "option_images": [],
    "answer": "C",
    "solution": "16 g $CH_4 = 1$ mole. Volume $= 22.4$ L $= 22400$ $cm^3$.",
    "solution_images": [],
    "difficulty": "Easy",
    "marks": 4
  },
  {
    "id": 96,
    "chapter": "Some basic concept of chemistry",
    "question": "What volume of CO2(g) at STP is obtained by complete combustion of 6 g carbon? [MHT-CET 2023]",
    "question_latex": "What volume of $CO_{2(g)}$ at STP is obtained by complete combustion of 6 g carbon? [MHT-CET 2023]",
    "question_images": [],
    "options": [
      "A. 2.24 dm^3",
      "B. 11.2 dm^3",
      "C. 5.6 dm^3",
      "D. 22.4 dm^3"
    ],
    "option_images": [],
    "answer": "B",
    "solution": "12 g $C \\equiv 22.4$ $dm^3$. So 6 g $C \\equiv 11.2$ $dm^3$.",
    "solution_images": [],
    "difficulty": "Easy",
    "marks": 4
  },
  {
    "id": 97,
    "chapter": "Some basic concept of chemistry",
    "question": "An example of homogeneous mixture is",
    "question_latex": "An example of homogeneous mixture is",
    "question_images": [],
    "options": [
      "A. Mixture of soil and water",
      "B. Mixture of salt and sand grains",
      "C. Sugar solution",
      "D. None of the above"
    ],
    "option_images": [],
    "answer": "C",
    "solution": "Sugar solution is uniform throughout, defining a homogeneous mixture.",
    "solution_images": [],
    "difficulty": "Easy",
    "marks": 4
  },
  {
    "id": 98,
    "chapter": "Some basic concept of chemistry",
    "question": "Which of the following pair of compounds does not explain law of multiple proportions? [MHT-CET 2021]",
    "question_latex": "Which of the following pair of compounds does not explain law of multiple proportions? [MHT-CET 2021]",
    "question_images": [],
    "options": [
      "A. O2 and O3",
      "B. H2O and H2O2",
      "C. SO2 and SO3",
      "D. CO and CO2"
    ],
    "option_images": [],
    "answer": "A",
    "solution": "$O_2$ and $O_3$ are allotropes of the same element, not different compounds of two elements.",
    "solution_images": [],
    "difficulty": "Medium",
    "marks": 4
  },
  {
    "id": 99,
    "chapter": "Some basic concept of chemistry",
    "question": "One amu is equal to",
    "question_latex": "One amu is equal to",
    "question_images": [],
    "options": [
      "A. 6.022 x 10^-23 g",
      "B. 1.6605 x 10^-24 g",
      "C. 4.7661 x 10^-25 g",
      "D. 8.302 x 10^-23 g"
    ],
    "option_images": [],
    "answer": "B",
    "solution": "1 amu is $1/12$ mass of C-12, approx $1.6605 \\times 10^{-24}$ g.",
    "solution_images": [],
    "difficulty": "Easy",
    "marks": 4
  },
  {
    "id": 100,
    "chapter": "Some basic concept of chemistry",
    "question": "What is the mass of potassium chlorate required to liberate 6.72 dm^3 of oxygen gas at STP? (molar mass KClO3=122.5 g/mol) [2025]",
    "question_latex": "What is the mass of potassium chlorate required to liberate 6.72 $dm^3$ of oxygen gas at STP? (molar mass $KClO_3=122.5$ $g/mol$) [2025]",
    "question_images": [],
    "options": [
      "A. 24.50 g",
      "B. 6.72 g",
      "C. 36.75 g",
      "D. 12.25 g"
    ],
    "option_images": [],
    "answer": "A",
    "solution": "$2KClO_3 \\rightarrow 2KCl + 3O_2$. 3 mol $O_2$ (67.2 L) $\\equiv 2$ mol $KClO_3$ (245 g). So 6.72 L $\\equiv 24.5$ g.",
    "solution_images": [],
    "difficulty": "Medium",
    "marks": 4
  },
  {
    "id": 101,
    "chapter": "Some basic concept of chemistry",
    "question": "The standard adopted for the determination of atomic weight of elements is based on",
    "question_latex": "The standard adopted for the determination of atomic weight of elements is based on",
    "question_images": [],
    "options": [
      "A. H1",
      "B. C12",
      "C. O16",
      "D. S32"
    ],
    "option_images": [],
    "answer": "B",
    "solution": "Modern atomic weights are based on the carbon-12 isotope scale.",
    "solution_images": [],
    "difficulty": "Easy",
    "marks": 4
  },
  {
    "id": 102,
    "chapter": "Some basic concept of chemistry",
    "question": "The number of significant figures in Avogadro's number is",
    "question_latex": "The number of significant figures in Avogadro's number is",
    "question_images": [],
    "options": [
      "A. Four",
      "B. Two",
      "C. Three",
      "D. Can be any of these"
    ],
    "option_images": [],
    "answer": "A",
    "solution": "In $6.022 \\times 10^{23}$, there are four significant digits.",
    "solution_images": [],
    "difficulty": "Easy",
    "marks": 4
  },
  {
    "id": 103,
    "chapter": "Some basic concept of chemistry",
    "question": "The reaction of calcium with water is represented by the equation, Ca + 2H2O -> Ca(OH)2 + H2. What volume of H2 at STP would be liberated when 8 g of calcium completely reacts with water?",
    "question_latex": "$Ca + 2H_2O \\rightarrow Ca(OH)_2 + H_2$. What volume of $H_2$ at STP would be liberated when 8 g of $Ca$ completely reacts?",
    "question_images": [],
    "options": [
      "A. 4480 cm^3",
      "B. 2240 cm^3",
      "C. 1120 cm^3",
      "D. 0.4 cm^3"
    ],
    "option_images": [],
    "answer": "A",
    "solution": "40 g $Ca \\equiv 22.4$ L $H_2$. 8 g $Ca = (22.4 \\times 8)/40 = 4.48$ L $= 4480$ $cm^3$.",
    "solution_images": [],
    "difficulty": "Medium",
    "marks": 4
  },
  {
    "id": 104,
    "chapter": "Some basic concept of chemistry",
    "question": "The equivalent weight of a certain trivalent element is 20. Molecular weight of its oxide is",
    "question_latex": "The equivalent weight of a certain trivalent element is 20. Molecular weight of its oxide is",
    "question_images": [],
    "options": [
      "A. 152",
      "B. 56",
      "C. 168",
      "D. 80"
    ],
    "option_images": [],
    "answer": "C",
    "solution": "At mass $= 20 \\times 3 = 60$. Oxide is $M_2O_3$. Mol wt $= (2 \\times 60) + (3 \\times 16) = 120 + 48 = 168$.",
    "solution_images": [],
    "difficulty": "Medium",
    "marks": 4
  },
  {
    "id": 105,
    "chapter": "Some basic concept of chemistry",
    "question": "Which of the following set of compounds does NOT demonstrate the law of multiple proportions?",
    "question_latex": "Which of the following set of compounds does NOT demonstrate the law of multiple proportions?",
    "question_images": [],
    "options": [
      "A. H2O, H2O2",
      "B. SO2, SO3",
      "C. H2O, CO2, CH4",
      "D. NO, NO2"
    ],
    "option_images": [],
    "answer": "C",
    "solution": "Law requires compounds made of the same two elements. Set C contains three different combinations.",
    "solution_images": [],
    "difficulty": "Easy",
    "marks": 4
  },
  {
    "id": 106,
    "chapter": "Some basic concept of chemistry",
    "question": "The temperature of 32 C is equivalent to [MHT-CET 2019]",
    "question_latex": "The temperature of $32^{\\circ}C$ is equivalent to [MHT-CET 2019]",
    "question_images": [],
    "options": [
      "A. 89.6 F",
      "B. 69 F",
      "C. 70 F",
      "D. 85.6 F"
    ],
    "option_images": [],
    "answer": "A",
    "solution": "$F = (9/5) \\times 32 + 32 = 57.6 + 32 = 89.6$.",
    "solution_images": [],
    "difficulty": "Easy",
    "marks": 4
  },
  {
    "id": 107,
    "chapter": "Some basic concept of chemistry",
    "question": "What amount of oxygen is used at STP to obtain 9 g water from sufficient amount of hydrogen gas? [MHT-CET 2021]",
    "question_latex": "What amount of oxygen is used at STP to obtain 9 g water from sufficient amount of hydrogen gas? [MHT-CET 2021]",
    "question_images": [],
    "options": [
      "A. 11.2 dm^3",
      "B. 5.6 dm^3",
      "C. 16.8 dm^3",
      "D. 22.4 dm^3"
    ],
    "option_images": [],
    "answer": "B",
    "solution": "18 g $H_2O \\equiv 0.5$ mol $O_2$ (11.2 L). 9 g $H_2O \\equiv 5.6$ $dm^3$.",
    "solution_images": [],
    "difficulty": "Easy",
    "marks": 4
  },
  {
    "id": 108,
    "chapter": "Some basic concept of chemistry",
    "question": "An element, X has the following isotopic composition 200X: 90% 199X:8.0% 202X: 2.0%. The weighted average atomic mass of the naturally occurring element X is close to",
    "question_latex": "An element, X has the following isotopic composition 200X: 90% 199X:8.0% 202X: 2.0%. The weighted average atomic mass of the naturally occurring element X is close to",
    "question_images": [],
    "options": [
      "A. 200 u",
      "B. 210 u",
      "C. 202 u",
      "D. 199 u"
    ],
    "option_images": [],
    "answer": "A",
    "solution": "Avg mass $= (200 \\times 0.90) + (199 \\times 0.08) + (202 \\times 0.02) = 180 + 15.92 + 4.04 = 199.96 \\approx 200$.",
    "solution_images": [],
    "difficulty": "Medium",
    "marks": 4
  },
  {
    "id": 109,
    "chapter": "Some basic concept of chemistry",
    "question": "What is the volume in dm^3 occupied by 60 g ethane at STP? [MHT-CET 2023]",
    "question_latex": "What is the volume in $dm^3$ occupied by 60 g ethane at STP? [MHT-CET 2023]",
    "question_images": [],
    "options": [
      "A. 11.2",
      "B. 56",
      "C. 22.4",
      "D. 44.8"
    ],
    "option_images": [],
    "answer": "D",
    "solution": "Ethane ($C_2H_6$) mol wt $= 30$. Moles $= 60/30 = 2$. Vol $= 2 \\times 22.4 = 44.8$ $dm^3$.",
    "solution_images": [],
    "difficulty": "Easy",
    "marks": 4
  },
  {
    "id": 110,
    "chapter": "Some basic concept of chemistry",
    "question": "Which of the following is not a mixture?",
    "question_latex": "Which of the following is not a mixture?",
    "question_images": [],
    "options": [
      "A. Gasoline",
      "B. Alcohol",
      "C. LPG",
      "D. lodized table salt"
    ],
    "option_images": [],
    "answer": "B",
    "solution": "Alcohol (pure ethanol) is a compound, whereas the others are mixtures.",
    "solution_images": [],
    "difficulty": "Easy",
    "marks": 4
  },
  {
    "id": 111,
    "chapter": "Some basic concept of chemistry",
    "question": "An ore contains 1.34% of the mineral argentite, Ag2S, by mass. How many gram of this ore would have to be processed in order to obtain 1.00 g of pure solid silver, Ag?",
    "question_latex": "An ore contains 1.34\\% of the mineral argentite, $Ag_2S$, by mass. How many gram of this ore would have to be processed in order to obtain 1.00 g of pure solid silver, Ag?",
    "question_images": [],
    "options": [
      "A. 74.6 g",
      "B. 85.7 g",
      "C. 107.9 g",
      "D. 134.0 g"
    ],
    "option_images": [],
    "answer": "B",
    "solution": "216 g $Ag \\equiv 248$ g $Ag_2S$. 1 g $Ag = 1.148$ g $Ag_2S$. Ore mass $= 1.148 / 0.0134 = 85.68$ g.",
    "solution_images": [],
    "difficulty": "Hard",
    "marks": 4
  },
  {
    "id": 112,
    "chapter": "Some basic concept of chemistry",
    "question": "A gas is found to have formula [CO]x. Its vapour density is 70, the x is",
    "question_latex": "A gas is found to have formula $[CO]_x$. Its vapour density is 70, the x is",
    "question_images": [],
    "options": [
      "A. 3.0",
      "B. 3.5",
      "C. 5.0",
      "D. 6.5"
    ],
    "option_images": [],
    "answer": "C",
    "solution": "Mol wt $= 2 \\times 70 = 140$. $28x = 140 \\Rightarrow x = 5$.",
    "solution_images": [],
    "difficulty": "Medium",
    "marks": 4
  },
  {
    "id": 113,
    "chapter": "Some basic concept of chemistry",
    "question": "Which among the following elements has highest number of atoms in 1 g each? (At. No.: Au=197, Na=23, Cu=63.5, Fe=56)",
    "question_latex": "Which among the following elements has highest number of atoms in 1 g each? (At. No.: $Au=197, Na=23, Cu=63.5, Fe=56$)",
    "question_images": [],
    "options": [
      "A. Fe(s)",
      "B. Au(s)",
      "C. Na(s)",
      "D. Cu(s)"
    ],
    "option_images": [],
    "answer": "C",
    "solution": "Moles in 1g $\\propto 1/(\\text{Atomic weight})$. Sodium ($Na$) has the smallest atomic weight among the options, so it has the most atoms.",
    "solution_images": [],
    "difficulty": "Medium",
    "marks": 4
  }
]