[
  {
    "id": 1,
    "chapter": "Circle",
    "question": "The value of the definite integral $\\int \\sec^{8}x \\tan x \\,dx$ is",
    "question_latex": "$$\\int \\sec^{8}x \\tan x \\,dx=$$",
    "image_url": "",
    "options": [
      "$$\\frac{1}{6}\\sec^{6}x+c$$",
      "$$8\\sec^{8}x+c$$",
      "$$\\frac{1}{8}\\sec^{8}x+c$$",
      "$$6\\sec^{6}x+c$$"
    ],
    "answer": "$$\\frac{1}{8}\\sec^{8}x+c$$",
    "solution": "We have $\\int \\sec^{8}x \\tan x \\,dx = \\int \\sec^{7}x (\\sec x \\tan x)\\,dx$. \\nLet $t = \\sec x$. Then $dt = \\sec x \\tan x \\,dx$. \\n$$\\int t^7 \\,dt = \\frac{t^8}{8} + c = \\frac{1}{8}\\sec^{8}x+c$$.",
    "difficulty": "easy",
    "marks": 4
  },
  {
    "id": 2,
    "chapter": "Circle",
    "question": "The value of the scalar triple product $[\\vec{a} \\, \\vec{b}+\\vec{c} \\, \\vec{a}+\\vec{b}+\\vec{c}]$ is",
    "question_latex": "$$[\\vec{a} \\, \\vec{b}+\\vec{c} \\, \\vec{a}+\\vec{b}+\\vec{c}]=$$",
    "image_url": "",
    "options": [
      "$$0$$",
      "$$[\\vec{-a} \\, \\vec{b} \\, \\vec{c}]$$",
      "$$2[\\vec{-a} \\, \\vec{b} \\, \\vec{c}]$$",
      "$$3[\\vec{a} \\, \\vec{b} \\, \\vec{c}]$$"
    ],
    "answer": "$$0$$",
    "solution": "The scalar triple product is given by: $[\\vec{a} \\, \\vec{b}+\\vec{c} \\, \\vec{a}+\\vec{b}+\\vec{c}] = \\vec{a} \\cdot [(\\vec{b}+\\vec{c}) \\times (\\vec{a}+\\vec{b}+\\vec{c})]$ \\n$$= \\vec{a} \\cdot [\\vec{b}\\times\\vec{a} + \\vec{b}\\times\\vec{b} + \\vec{b}\\times\\vec{c} + \\vec{c}\\times\\vec{a} + \\vec{c}\\times\\vec{b} + \\vec{c}\\times\\vec{c}]$$ \\nSince $\\vec{b}\\times\\vec{b} = 0$ and $\\vec{c}\\times\\vec{c} = 0$, and $\\vec{c}\\times\\vec{b} = -\\vec{b}\\times\\vec{c}$, \\n$$= \\vec{a} \\cdot [\\vec{b}\\times\\vec{a} + \\vec{b}\\times\\vec{c} + \\vec{c}\\times\\vec{a} - \\vec{b}\\times\\vec{c}]$$ \\n$$= \\vec{a} \\cdot [\\vec{b}\\times\\vec{a} + \\vec{c}\\times\\vec{a}] = \\vec{a} \\cdot (\\vec{b}\\times\\vec{a}) + \\vec{a} \\cdot (\\vec{c}\\times\\vec{a})$$ \\n$$= [\\vec{a} \\, \\vec{b} \\, \\vec{a}] + [\\vec{a} \\, \\vec{c} \\, \\vec{a}]$$ \\nSince two vectors in the scalar triple product are the same, the value is $0$.",
    "difficulty": "medium",
    "marks": 4
  },
  {
    "id": 3,
    "chapter": "Circle",
    "question": "If matrix $A = \\begin{pmatrix} 2 & 2 \\\\ 4 & 5 \\end{pmatrix}$ and $A^{-1} = \\lambda \\text{adj}(A)$, then the value of $\\lambda$ is",
    "question_latex": "$$A = \\begin{pmatrix} 2 & 2 \\\\ 4 & 5 \\end{pmatrix} \\text{ and } A^{-1} = \\lambda \\text{adj}(A) \\text{ then } \\lambda=$$",
    "image_url": "",
    "options": [
      "$$\\frac{-1}{2}$$",
      "$$\\frac{1}{3}$$",
      "$$\\frac{-1}{3}$$",
      "$$\\frac{1}{2}$$"
    ],
    "answer": "$$\\frac{1}{2}$$",
    "solution": "We know that for a square matrix $A$, the inverse is given by $A^{-1} = \\frac{1}{|A|} \\text{adj}(A)$. \\nGiven $A^{-1} = \\lambda \\text{adj}(A)$. \\nComparing the two expressions, $\\lambda = \\frac{1}{|A|}$. \\nCalculate the determinant of $A$: $|A| = (2)(5) - (2)(4) = 10 - 8 = 2$. \\nTherefore, $\\lambda = \\frac{1}{2}$.",
    "difficulty": "easy",
    "marks": 4
  },
  {
    "id": 4,
    "chapter": "Circle",
    "question": "The angle between the line $\\vec{r}=(\\hat{i}+2\\hat{j}+\\hat{k})+\\lambda(\\hat{i}+\\hat{j}+\\hat{k})$ and the plane $\\vec{r}\\cdot(2\\hat{i}-\\hat{j}+\\hat{k})=8$ is",
    "question_latex": "$$\\sin^{-1}\\left(\\frac{|\\vec{b} \\cdot \\vec{n}|}{|\\vec{b}| |\\vec{n}|}\\right)=$$",
    "image_url": "",
    "options": [
      "$$\\sin^{-1}(\\frac{\\sqrt{2}}{3})$$",
      "$$\\frac{\\pi}{4}$$",
      "$$\\sin^{-1}(\\frac{1}{3})$$",
      "$$\\sin^{-1}(\\frac{1}{3})$$"
    ],
    "answer": "$$\\sin^{-1}(\\frac{\\sqrt{2}}{3})$$",
    "solution": "The angle $\\theta$ between a line $\\vec{r} = \\vec{a} + \\lambda \\vec{b}$ and a plane $\\vec{r} \\cdot \\vec{n} = d$ is given by $\\sin \\theta = \\frac{|\\vec{b} \\cdot \\vec{n}|}{|\\vec{b}| |\\vec{n}|}$. \\nFrom the line, the direction vector is $\\vec{b} = \\hat{i}+\\hat{j}+\\hat{k}$, so $|\\vec{b}| = \\sqrt{1^2+1^2+1^2} = \\sqrt{3}$. \\nFrom the plane, the normal vector is $\\vec{n} = 2\\hat{i}-\\hat{j}+\\hat{k}$, so $|\\vec{n}| = \\sqrt{2^2+(-1)^2+1^2} = \\sqrt{6}$. \\nThe dot product is $\\vec{b} \\cdot \\vec{n} = (1)(2) + (1)(-1) + (1)(1) = 2 - 1 + 1 = 2$. \\n$$\\sin \\theta = \\frac{|2|}{\\sqrt{3}\\sqrt{6}} = \\frac{2}{\\sqrt{18}} = \\frac{2}{3\\sqrt{2}} = \\frac{2\\sqrt{2}}{3\\cdot 2} = \\frac{\\sqrt{2}}{3}$$ \\n$$\\theta = \\sin^{-1}(\\frac{\\sqrt{2}}{3})$$.",
    "difficulty": "medium",
    "marks": 4
  },
  {
    "id": 5,
    "chapter": "Circle",
    "question": "If one of the lines given by $kx^2+2xy-3y^2=0$ is perpendicular to the line $3x+5y+1=0$, then the value of $k$ is",
    "question_latex": "$$kx^2+2xy-3y^2=0 \\text{ is perpendicular to } 3x+5y+1=0 \\text{ then } k \\text{ is}$$",
    "image_url": "",
    "options": [
      "$$3$$",
      "$$\\frac{11}{5}$$",
      "$$\\frac{-3}{5}$$",
      "$$5$$"
    ],
    "answer": "$$5$$",
    "solution": "The slope of the line $3x+5y+1=0$ is $m_1 = -\\frac{3}{5}$. \\nThe slope of a line perpendicular to it is $m = -\\frac{1}{m_1} = -\\frac{1}{(-3/5)} = \\frac{5}{3}$. \\nSince this line is represented by the pair of lines $kx^2+2xy-3y^2=0$, substituting $y/x = m$ gives $k + 2m - 3m^2 = 0$. \\nSubstitute $m = \\frac{5}{3}$: \\n$$k + 2\\left(\\frac{5}{3}\\right) - 3\\left(\\frac{5}{3}\\right)^2 = 0$$ \\n$$k + \\frac{10}{3} - 3\\left(\\frac{25}{9}\\right) = 0$$ \\n$$k + \\frac{10}{3} - \\frac{25}{3} = 0$$ \\n$$k - \\frac{15}{3} = 0 \\implies k - 5 = 0 \\implies k = 5$$.",
    "difficulty": "medium",
    "marks": 4
  },
  {
    "id": 6,
    "chapter": "Circle",
    "question": "The value of the indefinite integral $\\int e^{x}(\\frac{\\cos x - \\sin x}{\\sin^2 x})\\,dx$ is",
    "question_latex": "$$\\int e^{x}\\left(\\frac{\\cos x - \\sin x}{\\sin^2 x}\\right)\\,dx=$$",
    "image_url": "",
    "options": [
      "$$e^{x}\\cot x+c$$",
      "$$e^{x}\\csc x+c$$",
      "$$-e^{x}\\cot x+c$$",
      "$$-e^{x}\\csc x+c$$"
    ],
    "answer": "$$-e^{x}\\csc x+c$$",
    "solution": "The integral is in the form $\\int e^x [f(x) + f'(x)]\\,dx = e^x f(x) + c$. \\nWe rewrite the term inside the parenthesis: \\n$$\\frac{\\cos x - \\sin x}{\\sin^2 x} = \\frac{\\cos x}{\\sin^2 x} - \\frac{\\sin x}{\\sin^2 x}$$ \\n$$= \\left(\\frac{\\cos x}{\\sin x}\\right)\\left(\\frac{1}{\\sin x}\\right) - \\frac{1}{\\sin x}$$ \\n$$= \\cot x \\csc x - \\csc x$$ \\nLet $f(x) = -\\csc x$. Then $f'(x) = -(-\\csc x \\cot x) = \\csc x \\cot x$. \\nSo, $\\cot x \\csc x - \\csc x = f'(x) + f(x)$. This form is incorrect. \\nLet $f(x) = -\\csc x$. Then $f'(x) = \\csc x \\cot x$. \\nLet $g(x) = -\\csc x$. Then $g'(x) = \\csc x \\cot x$. The given integral expression is: \\n$$\\int e^x (\\csc x \\cot x - \\csc x)\\,dx$$ \\nThis is almost in the required form $\\int e^x (f'(x) + f(x))\\,dx$. \\nIf we choose $f(x) = -\\csc x$, then $f'(x) = \\csc x \\cot x$. \\nThe integrand is $(\\csc x \\cot x - \\csc x) = f'(x) + f(x)$, which is generally incorrect. \\nLet's try $f(x) = \\cot x$. Then $f'(x) = -\\csc^2 x$. \\nLet $f(x) = -\\csc x$. Then $f'(x) = \\csc x \\cot x$. \\nThe integrand is $\\cot x \\csc x - \\csc x$. The provided solution implies the correct manipulation is: \\n$$\\int e^x\\left(\\frac{\\cos x}{\\sin^2 x} - \\frac{\\sin x}{\\sin^2 x}\\right)\\,dx = \\int e^x (\\cot x \\csc x - \\csc x)\\,dx$$ \\nLet $f(x) = -\\csc x$. Then $f'(x) = \\csc x \\cot x$. The integral is $\\int e^x (f'(x) + f(x))\\,dx$, which equals $e^x f(x) + c$. \\n$$= e^x (-\\csc x) + c = -e^x \\csc x + c$$.",
    "difficulty": "medium",
    "marks": 4
  },
  {
    "id": 7,
    "chapter": "Circle",
    "question": "If $ABCD$ is a cyclic quadrilateral, then $\\cos A + \\cos B + \\cos C + \\cos D$ equals",
    "question_latex": "$$ABCD \\text{ is a cyclic quadrilateral, then } \\cos A + \\cos B + \\cos C + \\cos D=$$",
    "image_url": "",
    "options": [
      "$$0$$",
      "$$1$$",
      "$$2(\\cos B + \\cos D)$$",
      "$$2(\\cos A + \\cos C)$$"
    ],
    "answer": "$$0$$",
    "solution": "In a cyclic quadrilateral, the sum of opposite angles is $180^{\\circ}$. \\nTherefore, $A + C = 180^{\\circ}$ and $B + D = 180^{\\circ}$. \\nSince $A + C = 180^{\\circ}$, we have $C = 180^{\\circ} - A$. \\n$$\\cos C = \\cos(180^{\\circ} - A) = -\\cos A$$ \\n$$\\implies \\cos A + \\cos C = 0$$ \\nSimilarly, since $B + D = 180^{\\circ}$, we have $D = 180^{\\circ} - B$. \\n$$\\cos D = \\cos(180^{\\circ} - B) = -\\cos B$$ \\n$$\\implies \\cos B + \\cos D = 0$$ \\nAdding the two results: \\n$$\\cos A + \\cos C + \\cos B + \\cos D = 0 + 0 = 0$$.",
    "difficulty": "easy",
    "marks": 4
  },
  {
    "id": 8,
    "chapter": "Circle",
    "question": "The value of the definite integral $\\int_{0}^{\\pi/2}\\frac{1}{1+\\cos x}\\,dx$ is",
    "question_latex": "$$\\int_{0}^{\\pi/2}\\frac{1}{1+\\cos x}\\,dx=$$",
    "image_url": "",
    "options": [
      "$$\\frac{\\pi}{4}$$",
      "$$1$$",
      "$$2$$",
      "$$3$$"
    ],
    "answer": "$$1$$",
    "solution": "Use the half-angle identity $1 + \\cos x = 2 \\cos^2 \\frac{x}{2}$. \\n$$\\int_{0}^{\\pi/2}\\frac{1}{1+\\cos x}\\,dx = \\int_{0}^{\\pi/2}\\frac{1}{2 \\cos^2 \\frac{x}{2}}\\,dx$$ \\n$$= \\frac{1}{2} \\int_{0}^{\\pi/2}\\sec^2 \\frac{x}{2}\\,dx$$ \\nSubstitute $u = \\frac{x}{2}$, so $du = \\frac{1}{2}\\,dx$. When $x=0$, $u=0$. When $x=\\frac{\\pi}{2}$, $u=\\frac{\\pi}{4}$. \\n$$= \\frac{1}{2} \\int_{0}^{\\pi/4} \\sec^2 u \\cdot (2\\,du) = \\int_{0}^{\\pi/4} \\sec^2 u\\,du$$ \\n$$= [\\tan u]_{0}^{\\pi/4} = \\tan \\frac{\\pi}{4} - \\tan 0 = 1 - 0 = 1$$.",
    "difficulty": "easy",
    "marks": 4
  },
  {
    "id": 9,
    "chapter": "Circle",
    "question": "The value of the indefinite integral $\\int\\frac{\\,dx}{x(x^4+1)}$ is",
    "question_latex": "$$\\int\\frac{\\,dx}{x(x^4+1)}=$$",
    "image_url": "",
    "options": [
      "$$\\frac{1}{4}\\log\\left|\\frac{x^4+1}{x^4}\\right|+c$$",
      "$$\\frac{1}{4}\\log\\left|\\frac{x^4}{1+x^4}\\right|+c$$",
      "$$\\frac{1}{4}\\log|x^4+1|+c$$",
      "$$\\frac{1}{4}\\log\\left|\\frac{x^4}{x^4+2}\\right|+c$$"
    ],
    "answer": "$$\\frac{1}{4}\\log\\left|\\frac{x^4}{1+x^4}\\right|+c$$",
    "solution": "Multiply the numerator and denominator by $x^3$: \\n$$I = \\int\\frac{x^3\\,dx}{x^4(x^4+1)}$$ \\nLet $t = x^4$. Then $dt = 4x^3\\,dx$, so $x^3\\,dx = \\frac{1}{4}\\,dt$. \\n$$I = \\frac{1}{4} \\int \\frac{\\,dt}{t(t+1)}$$ \\nUse partial fractions: $\\frac{1}{t(t+1)} = \\frac{1}{t} - \\frac{1}{t+1}$. \\n$$I = \\frac{1}{4} \\int \\left(\\frac{1}{t} - \\frac{1}{t+1}\\right)\\,dt$$ \\n$$I = \\frac{1}{4} [\\log|t| - \\log|t+1|] + c$$ \\n$$I = \\frac{1}{4} \\log\\left|\\frac{t}{t+1}\\right| + c$$ \\nSubstitute back $t = x^4$: \\n$$I = \\frac{1}{4}\\log\\left|\\frac{x^4}{1+x^4}\\right|+c$$.",
    "difficulty": "medium",
    "marks": 4
  },
  {
    "id": 10,
    "chapter": "Circle",
    "question": "If $\\tan^{-1}x + \\tan^{-1}y = \\frac{4\\pi}{5}$, then $\\cot^{-1}x + \\cot^{-1}y$ equals",
    "question_latex": "$$\\tan^{-1}x + \\tan^{-1}y = \\frac{4\\pi}{5} \\text{ then } \\cot^{-1}x + \\cot^{-1}y=$$",
    "image_url": "",
    "options": [
      "$$\\pi$$",
      "$$\\frac{\\pi}{5}$$",
      "$$\\frac{2\\pi}{5}$$",
      "$$\\frac{3\\pi}{5}$$"
    ],
    "answer": "$$\\frac{\\pi}{5}$$",
    "solution": "Use the identity $\\tan^{-1}x + \\cot^{-1}x = \\frac{\\pi}{2}$, which is valid for all $x \\in \\mathbb{R}$. \\n$$\\cot^{-1}x = \\frac{\\pi}{2} - \\tan^{-1}x$$ \\n$$\\cot^{-1}y = \\frac{\\pi}{2} - \\tan^{-1}y$$ \\nAdding the two equations: \\n$$\\cot^{-1}x + \\cot^{-1}y = \\left(\\frac{\\pi}{2} - \\tan^{-1}x\\right) + \\left(\\frac{\\pi}{2} - \\tan^{-1}y\\right)$$ \\n$$\\cot^{-1}x + \\cot^{-1}y = \\pi - (\\tan^{-1}x + \\tan^{-1}y)$$ \\nSubstitute the given value $\\tan^{-1}x + \\tan^{-1}y = \\frac{4\\pi}{5}$: \\n$$\\cot^{-1}x + \\cot^{-1}y = \\pi - \\frac{4\\pi}{5} = \\frac{\\pi}{5}$$.",
    "difficulty": "easy",
    "marks": 4
  },
  {
    "id": 11,
    "chapter": "Circle",
    "question": "If a line lies in the octant $OXYZ$ and it makes equal angles with the axes, then the direction cosines $l, m, n$ are",
    "question_latex": "$$l=m=n$$",
    "image_url": "",
    "options": [
      "$$l=m=n=\\frac{1}{\\sqrt{3}}$$",
      "$$l=m=n=\\pm\\frac{1}{\\sqrt{3}}$$",
      "$$l=m=n=-\\frac{1}{\\sqrt{3}}$$",
      "$$l=m=n=\\pm\\frac{1}{\\sqrt{2}}$$"
    ],
    "answer": "$$l=m=n=\\pm\\frac{1}{\\sqrt{3}}$$",
    "solution": "If a line makes equal angles $\\alpha$ with the coordinate axes, its direction cosines are equal: $l = m = n = \\cos \\alpha$. \\nWe know that the sum of the squares of the direction cosines is $1$: $l^2 + m^2 + n^2 = 1$. \\nSince $l=m=n$, we have $3l^2 = 1$. \\n$$l^2 = \\frac{1}{3} \\implies l = \\pm\\frac{1}{\\sqrt{3}}$$ \\nThus, $l = m = n = \\pm\\frac{1}{\\sqrt{3}}$.",
    "difficulty": "easy",
    "marks": 4
  },
  {
    "id": 12,
    "chapter": "Circle",
    "question": "If $m_1, m_2$ are the slopes of lines represented by $3x^2-10xy-8y^2=0$, then the equation of lines passing through the origin with slopes $\\frac{1}{m_1}, \\frac{1}{m_2}$ will be",
    "question_latex": "$$m_1, m_2 \\text{ are the slopes of lines } 3x^2-10xy-8y^2=0$$",
    "image_url": "",
    "options": [
      "$$3y^2-10xy-8x^2=0$$",
      "$$3y^2-10xy+8x^2=0$$",
      "$$3x^2-10xy-8y^2=0$$",
      "$$3x^2-10xy+8y^2=0$$"
    ],
    "answer": "$$3y^2-10xy-8x^2=0$$",
    "solution": "The equation of a pair of lines passing through the origin is given by $ay^2 + 2hxy + bx^2 = 0$, where the slopes of the new lines are the reciprocals of the slopes of the original lines $ax^2 + 2hxy + by^2 = 0$. \\nThe original equation is $3x^2-10xy-8y^2=0$. Here $a=3$, $2h=-10$, $b=-8$. \\nThe equation with reciprocal slopes is obtained by interchanging the coefficients of $x^2$ and $y^2$: \\n$$-8y^2 - 10xy + 3x^2 = 0$$ \\nMultiplying by $-1$: \\n$$8y^2 + 10xy - 3x^2 = 0$$. This option is not explicitly listed, suggesting a pattern of reversal only. Let's consider the coefficient switch: \\nOriginal equation: $ax^2 + 2hxy + by^2 = 0$. \\nEquation with reciprocal slopes: $by^2 + 2hxy + ax^2 = 0$. \\nApplying this: $(-8)y^2 + (-10)xy + (3)x^2 = 0$. \\n$$-8y^2 - 10xy + 3x^2 = 0$$. This is still not among the options. \\nLet's check the options: the closest one is $3y^2-10xy-8x^2=0$. \\nLet $m$ be a slope of $3x^2-10xy-8y^2=0$. The relationship is $8m^2 + 10m - 3 = 0$. \\nLet $m' = 1/m$ be the slope of the new line. Then $m = 1/m'$. \\n$$8(1/m')^2 + 10(1/m') - 3 = 0$$ \\n$$8 + 10m' - 3(m')^2 = 0$$ \\n$$3(m')^2 - 10m' - 8 = 0$$ \\nSince $y/x = m'$, multiplying by $x^2$: \\n$$3y^2 - 10xy - 8x^2 = 0$$.",
    "difficulty": "medium",
    "marks": 4
  },
  {
    "id": 13,
    "chapter": "Circle",
    "question": "The matrix $\\begin{pmatrix} \\lambda & 1 & 0 \\\\ 0 & 3 & 5 \\\\ 0 & -3 & \\lambda \\end{pmatrix}$ is invertible",
    "question_latex": "$$A = \\begin{pmatrix} \\lambda & 1 & 0 \\\\ 0 & 3 & 5 \\\\ 0 & -3 & \\lambda \\end{pmatrix} \\text{ is invertible}$$",
    "image_url": "",
    "options": [
      "for all real values of $\\lambda$",
      "only for $\\lambda \\neq 0$",
      "when $\\lambda \\neq 0$ and $\\lambda \\neq -5$",
      "only when $\\lambda \\neq -5$"
    ],
    "answer": "when $\\lambda \\neq 0$ and $\\lambda \\neq -5$",
    "solution": "A matrix is invertible if and only if its determinant is non-zero. \\nCalculate the determinant: $|A| = \\lambda \\begin{vmatrix} 3 & 5 \\\\ -3 & \\lambda \\end{vmatrix} - 1 \\begin{vmatrix} 0 & 5 \\\\ 0 & \\lambda \\end{vmatrix} + 0 \\begin{vmatrix} 0 & 3 \\\\ 0 & -3 \\end{vmatrix}$ \\n$$|A| = \\lambda [3(\\lambda) - 5(-3)] - 1[0(\\lambda) - 5(0)] + 0$$ \\n$$|A| = \\lambda (3\\lambda + 15) - 0$$ \\n$$|A| = 3\\lambda^2 + 15\\lambda = 3\\lambda (\\lambda + 5)$$ \\nFor the matrix to be invertible, $|A| \\neq 0$. \\n$$3\\lambda (\\lambda + 5) \\neq 0$$ \\n$$\\implies 3\\lambda \\neq 0 \\text{ and } \\lambda + 5 \\neq 0$$ \\n$$\\implies \\lambda \\neq 0 \\text{ and } \\lambda \\neq -5$$.",
    "difficulty": "easy",
    "marks": 4
  },
  {
    "id": 14,
    "chapter": "Circle",
    "question": "The value of the definite integral $\\int_{0}^{\\pi}x \\sin x \\cos^4 x \\,dx$ is",
    "question_latex": "$$\\int_{0}^{\\pi}x \\sin x \\cos^4 x \\,dx=$$",
    "image_url": "",
    "options": [
      "$$0$$",
      "$$\\frac{\\pi}{5}$$",
      "$$\\frac{\\pi}{10}$$",
      "$$\\frac{\\pi}{20}$$"
    ],
    "answer": "$$\\frac{\\pi}{5}$$",
    "solution": "Let $I = \\int_{0}^{\\pi}x \\sin x \\cos^4 x \\,dx$. Use the property $\\int_{0}^{a}f(x)\\,dx = \\int_{0}^{a}f(a-x)\\,dx$. \\n$$I = \\int_{0}^{\\pi}(\\pi-x) \\sin(\\pi-x) \\cos^4(\\pi-x)\\,dx$$ \\nSince $\\sin(\\pi-x) = \\sin x$ and $\\cos(\\pi-x) = -\\cos x$, we have $\\cos^4(\\pi-x) = \\cos^4 x$. \\n$$I = \\int_{0}^{\\pi}(\\pi-x) \\sin x \\cos^4 x \\,dx = \\pi \\int_{0}^{\\pi}\\sin x \\cos^4 x \\,dx - \\int_{0}^{\\pi}x \\sin x \\cos^4 x \\,dx$$ \\n$$I = \\pi \\int_{0}^{\\pi}\\sin x \\cos^4 x \\,dx - I$$ \\n$$2I = \\pi \\int_{0}^{\\pi}\\sin x \\cos^4 x \\,dx$$ \\nLet $u = \\cos x$. Then $du = -\\sin x \\,dx$. When $x=0$, $u=1$. When $x=\\pi$, $u=-1$. \\n$$2I = \\pi \\int_{1}^{-1} u^4 (-du) = \\pi \\int_{-1}^{1} u^4\\,du$$ \\nSince $u^4$ is an even function, $\\int_{-1}^{1} u^4\\,du = 2 \\int_{0}^{1} u^4\\,du$. \\n$$2I = \\pi \\cdot 2 \\int_{0}^{1} u^4\\,du = 2\\pi \\left[\\frac{u^5}{5}\\right]_{0}^{1}$$ \\n$$2I = 2\\pi \\left(\\frac{1}{5} - 0\\right) = \\frac{2\\pi}{5}$$ \\n$$I = \\frac{\\pi}{5}$$.",
    "difficulty": "hard",
    "marks": 4
  },
  {
    "id": 15,
    "chapter": "Circle",
    "question": "If in $\\triangle ABC$, $\\sin\\frac{B}{2} \\sin\\frac{C}{2} = \\sin\\frac{A}{2}$ and $2s$ is the perimeter of the triangle, then $s$ is",
    "question_latex": "$$\\sin\\frac{B}{2} \\sin\\frac{C}{2} = \\sin\\frac{A}{2} \\text{ then } s=$$",
    "image_url": "",
    "options": [
      "$$a$$",
      "$$2a$$",
      "$$3a$$",
      "$$4a$$"
    ],
    "answer": "$$2a$$",
    "solution": "The half-angle formulas are $\\sin\\frac{A}{2} = \\sqrt{\\frac{(s-b)(s-c)}{bc}}$, $\\sin\\frac{B}{2} = \\sqrt{\\frac{(s-a)(s-c)}{ac}}$, $\\sin\\frac{C}{2} = \\sqrt{\\frac{(s-a)(s-b)}{ab}}$. \\nSubstitute these into the given equation: \\n$$\\sqrt{\\frac{(s-a)(s-c)}{ac}} \\cdot \\sqrt{\\frac{(s-a)(s-b)}{ab}} = \\sqrt{\\frac{(s-b)(s-c)}{bc}}$$ \\nSquare both sides: \\n$$\\frac{(s-a)^2 (s-c) (s-b)}{a^2 bc} = \\frac{(s-b)(s-c)}{bc}$$ \\nMultiply both sides by $a^2 bc / [(s-b)(s-c)]$: \\n$$(s-a)^2 = a^2$$ \\nSince $s-a = \\frac{a+b+c}{2} - a = \\frac{b+c-a}{2} > 0$ and $a>0$: \\n$$s-a = a \\implies s = 2a$$.",
    "difficulty": "hard",
    "marks": 4
  },
  {
    "id": 16,
    "chapter": "Circle",
    "question": "The co-ordinates of a point on the line $x=4y+5$, $z=3y-6$ at a distance $3\\sqrt{26}$ from the point $(5,0,-6)$ are",
    "question_latex": "$$x=4y+5, z=3y-6 \\text{ distance } 3\\sqrt{26} \\text{ from } (5,0,-6)$$",
    "image_url": "",
    "options": [
      "$$(17,3,3)$$",
      "$$(-7,3,-15)$$",
      "$$(-17,-3,-3)$$",
      "$$(7,-3,15)$$"
    ],
    "answer": "$$(17,3,3)$$",
    "solution": "The line can be written in symmetric form as $\\frac{x-5}{4} = \\frac{y-0}{1} = \\frac{z+6}{3} = r$. \\nAny point on the line is $P(x,y,z) = (4r+5, r, 3r-6)$. \\nThe distance between $P(4r+5, r, 3r-6)$ and $A(5,0,-6)$ is $3\\sqrt{26}$. \\n$$(4r+5-5)^2 + (r-0)^2 + (3r-6-(-6))^2 = (3\\sqrt{26})^2$$ \\n$$(4r)^2 + r^2 + (3r)^2 = 9(26)$$ \\n$$16r^2 + r^2 + 9r^2 = 234$$ \\n$$26r^2 = 234$$ \\n$$r^2 = \\frac{234}{26} = 9 \\implies r = \\pm 3$$ \\nFor $r=3$: $P = (4(3)+5, 3, 3(3)-6) = (17, 3, 3)$. \\nFor $r=-3$: $P = (4(-3)+5, -3, 3(-3)-6) = (-12+5, -3, -9-6) = (-7, -3, -15)$ (This option is not one of the choices, but $(-7, 3, -15)$ is, which corresponds to $y=3$, clearly wrong). \\nThus, the correct coordinate is $(17, 3, 3)$.",
    "difficulty": "medium",
    "marks": 4
  },
  {
    "id": 17,
    "chapter": "Circle",
    "question": "The centres of the circles $x^2+y^2=1$, $x^2+y^2+6x-2y=1$ and $x^2+y^2-12x+4y=1$ are",
    "question_latex": "$$x^2+y^2=1, x^2+y^2+6x-2y=1, x^2+y^2-12x+4y=1$$",
    "image_url": "",
    "options": [
      "same",
      "collinear",
      "non-collinear",
      "none of these"
    ],
    "answer": "collinear",
    "solution": "The general equation of a circle is $x^2 + y^2 + 2gx + 2fy + c = 0$, with centre $(-g, -f)$. \\n1. $x^2+y^2=1$: Centre $C_1 = (0, 0)$. \\n2. $x^2+y^2+6x-2y=1$: $2g=6 \\implies g=3$; $2f=-2 \\implies f=-1$. Centre $C_2 = (-3, 1)$. \\n3. $x^2+y^2-12x+4y=1$: $2g=-12 \\implies g=-6$; $2f=4 \\implies f=2$. Centre $C_3 = (6, -2)$. \\nCheck for collinearity using the slopes: \\nSlope $m_{12} = \\frac{1-0}{-3-0} = -\\frac{1}{3}$. \\nSlope $m_{23} = \\frac{-2-1}{6-(-3)} = \\frac{-3}{9} = -\\frac{1}{3}$. \\nSince $m_{12} = m_{23}$, the centres are collinear.",
    "difficulty": "medium",
    "marks": 4
  },
  {
    "id": 19,
    "chapter": "Circle",
    "question": "The general value of $\\theta$ in the equation $2\\sqrt{3}\\cos\\theta = \\tan\\theta$ is",
    "question_latex": "$$2\\sqrt{3}\\cos\\theta = \\tan\\theta \\text{ general solution is}$$",
    "image_url": "",
    "options": [
      "$$2n\\pi \\pm \\frac{\\pi}{6}$$",
      "$$2n\\pi \\pm \\frac{\\pi}{4}$$",
      "$$n\\pi + (-1)^n \\frac{\\pi}{3}$$",
      "$$n\\pi + (-1)^n \\frac{\\pi}{4}$$"
    ],
    "answer": "$$n\\pi + (-1)^n \\frac{\\pi}{3}$$",
    "solution": "Given equation: $2\\sqrt{3}\\cos\\theta = \\tan\\theta$. \\n$$2\\sqrt{3}\\cos\\theta = \\frac{\\sin\\theta}{\\cos\\theta}$$ \\n$$2\\sqrt{3}\\cos^2\\theta = \\sin\\theta$$ \\nSubstitute $\\cos^2\\theta = 1 - \\sin^2\\theta$: \\n$$2\\sqrt{3}(1 - \\sin^2\\theta) = \\sin\\theta$$ \\n$$2\\sqrt{3} - 2\\sqrt{3}\\sin^2\\theta = \\sin\\theta$$ \\n$$2\\sqrt{3}\\sin^2\\theta + \\sin\\theta - 2\\sqrt{3} = 0$$ \\nLet $x = \\sin\\theta$. Solve the quadratic equation $2\\sqrt{3}x^2 + x - 2\\sqrt{3} = 0$ using the quadratic formula: \\n$$x = \\frac{-1 \\pm \\sqrt{1^2 - 4(2\\sqrt{3})(-2\\sqrt{3})}}{2(2\\sqrt{3})} = \\frac{-1 \\pm \\sqrt{1 + 48}}{4\\sqrt{3}} = \\frac{-1 \\pm 7}{4\\sqrt{3}}$$ \\nTwo possible values for $\\sin\\theta$: \\n$$x_1 = \\frac{-1+7}{4\\sqrt{3}} = \\frac{6}{4\\sqrt{3}} = \\frac{3}{2\\sqrt{3}} = \\frac{\\sqrt{3}}{2}$$ \\n$$x_2 = \\frac{-1-7}{4\\sqrt{3}} = \\frac{-8}{4\\sqrt{3}} = -\\frac{2}{\\sqrt{3}}$$ \\nSince $-1 \\le \\sin\\theta \\le 1$, the value $x_2 = -\\frac{2}{\\sqrt{3}} \\approx -1.15$ is rejected. \\nThus, $\\sin\\theta = \\frac{\\sqrt{3}}{2} = \\sin\\frac{\\pi}{3}$. \\nThe general solution for $\\sin\\theta = \\sin\\alpha$ is $\\theta = n\\pi + (-1)^n \\alpha$. \\n$$\\theta = n\\pi + (-1)^n \\frac{\\pi}{3}$$.",
    "difficulty": "medium",
    "marks": 4
  },
  {
    "id": 20,
    "chapter": "Circle",
    "question": "If $P_1$ and $P_2$ are the lengths of the perpendiculars from the points $(2, 3, 4)$ and $(1, 1, 4)$ respectively from the plane $3x-6y+2z+11=0$, then $P_1$ and $P_2$ are the roots of the equation",
    "question_latex": "$$3x-6y+2z+11=0 \\text{ roots of } P_1, P_2$$",
    "image_url": "",
    "options": [
      "$$P^2-23P+7=0$$",
      "$$7P^2-23P+16=0$$",
      "$$P^2-17P+16=0$$",
      "$$P^2-16P+7=0$$"
    ],
    "answer": "$$7P^2-23P+16=0$$",
    "solution": "The perpendicular distance from a point $(x_0, y_0, z_0)$ to the plane $Ax+By+Cz+D=0$ is given by $P = \\frac{|Ax_0+By_0+Cz_0+D|}{\\sqrt{A^2+B^2+C^2}}$. \\nFor the plane $3x-6y+2z+11=0$, $\\sqrt{A^2+B^2+C^2} = \\sqrt{3^2+(-6)^2+2^2} = \\sqrt{9+36+4} = \\sqrt{49} = 7$. \\nFor $P_1$ from $(2, 3, 4)$: \\n$$P_1 = \\frac{|3(2)-6(3)+2(4)+11|}{7} = \\frac{|6-18+8+11|}{7} = \\frac{|7|}{7} = 1$$ \\nFor $P_2$ from $(1, 1, 4)$: \\n$$P_2 = \\frac{|3(1)-6(1)+2(4)+11|}{7} = \\frac{|3-6+8+11|}{7} = \\frac{|16|}{7} = \\frac{16}{7}$$ \\nThe quadratic equation whose roots are $\\alpha$ and $\\beta$ is $P^2 - (\\alpha+\\beta)P + \\alpha\\beta = 0$. \\nSum of roots: $P_1 + P_2 = 1 + \\frac{16}{7} = \\frac{23}{7}$. \\nProduct of roots: $P_1 P_2 = 1 \\cdot \\frac{16}{7} = \\frac{16}{7}$. \\nEquation: $$P^2 - \\frac{23}{7}P + \\frac{16}{7} = 0$$ \\nMultiply by 7: $$7P^2 - 23P + 16 = 0$$.",
    "difficulty": "medium",
    "marks": 4
  }
]