[
    {
        "id": 1,
        "chapter": "Dual Nature of Radiation and Matter",
        "question": "The work function of a metal is 2.5 eV. The threshold frequency of the metal is [h = 6.63 x 10^-34 Js] [MHT-CET 2021]",
        "question_latex": "The work function of a metal is $2.5~eV$. The threshold frequency of the metal is [$h = 6.63 \\times 10^{-34}~Js$] [MHT-CET 2021]",
        "question_images": [],
        "options": [
            "A. 6.03 x 10^14 Hz",
            "B. 3.01 x 10^14 Hz",
            "C. 12.06 x 10^14 Hz",
            "D. 1.5 x 10^14 Hz"
        ],
        "option_images": [],
        "answer": "A",
        "solution": "Work function $\\phi_{0} = h \\nu_{0} \\Rightarrow \\nu_{0} = \\phi_{0} / h$. \n $\\nu_{0} = \\frac{2.5 \\times 1.6 \\times 10^{-19}}{6.63 \\times 10^{-34}} = \\frac{4 \\times 10^{-19}}{6.63 \\times 10^{-34}} \\approx 0.6033 \\times 10^{15} = 6.03 \\times 10^{14}$ Hz.",
        "difficulty": "Easy",
        "marks": 4
    },
    {
        "id": 2,
        "chapter": "Dual Nature of Radiation and Matter",
        "question": "An electron is accelerated through a potential difference of 100 V. Its de Broglie wavelength is nearly [MHT-CET 2022]",
        "question_latex": "An electron is accelerated through a potential difference of $100~V$. Its de Broglie wavelength is nearly [MHT-CET 2022]",
        "question_images": [],
        "options": [
            "A. 1.227 Angstrom",
            "B. 12.27 Angstrom",
            "C. 0.1227 Angstrom",
            "D. 122.7 Angstrom"
        ],
        "option_images": [],
        "answer": "A",
        "solution": "$\\lambda = \\frac{12.27}{\\sqrt{V}} \\text{ \\AA} = \\frac{12.27}{\\sqrt{100}} = 1.227 \\text{ \\AA}$.",
        "difficulty": "Easy",
        "marks": 4
    },
    {
        "id": 3,
        "chapter": "Dual Nature of Radiation and Matter",
        "question": "The stopping potential for a certain metal is 3.2 V when incident light has wavelength 4000 Angstrom. If wavelength is changed to 3000 Angstrom, the stopping potential will be [MHT-CET 2023]",
        "question_latex": "The stopping potential for a certain metal is $3.2~V$ when incident light has wavelength $4000 \\text{ \\AA}$. If wavelength is changed to $3000 \\text{ \\AA}$, the stopping potential will be [MHT-CET 2023]",
        "question_images": [],
        "options": [
            "A. > 3.2 V",
            "B. < 3.2 V",
            "C. 3.2 V",
            "D. zero"
        ],
        "option_images": [],
        "answer": "A",
        "solution": "Einstein's equation: $eV_{s} = \\frac{hc}{\\lambda} - \\phi$. Decreasing the wavelength $\\lambda$ increases the photon energy $hc/\\lambda$. Since $\\phi$ is constant, the stopping potential $V_{s}$ must increase.",
        "difficulty": "Medium",
        "marks": 4
    },
    {
        "id": 4,
        "chapter": "Dual Nature of Radiation and Matter",
        "question": "The number of photoelectrons emitted per second is directly proportional to [MHT-CET 2019]",
        "question_latex": "The number of photoelectrons emitted per second is directly proportional to [MHT-CET 2019]",
        "question_images": [],
        "options": [
            "A. Intensity of incident light",
            "B. Frequency of incident light",
            "C. Wavelength of incident light",
            "D. Threshold frequency"
        ],
        "option_images": [],
        "answer": "A",
        "solution": "The photoelectric current (or rate of emission) is directly proportional to the intensity of incident radiation, provided frequency is above threshold.",
        "difficulty": "Easy",
        "marks": 4
    },
    {
        "id": 5,
        "chapter": "Dual Nature of Radiation and Matter",
        "question": "A photon of frequency 'v' has momentum 'p'. If frequency is doubled, the momentum becomes [MHT-CET 2024]",
        "question_latex": "A photon of frequency '$v$' has momentum '$p$'. If frequency is doubled, the momentum becomes [MHT-CET 2024]",
        "question_images": [],
        "options": [
            "A. p/2",
            "B. 2p",
            "C. p",
            "D. 4p"
        ],
        "option_images": [],
        "answer": "B",
        "solution": "$p = E/c = hv/c$. Momentum is directly proportional to frequency. Doubling frequency doubles the momentum.",
        "difficulty": "Easy",
        "marks": 4
    },
    {
        "id": 6,
        "chapter": "Dual Nature of Radiation and Matter",
        "question": "Which of the following phenomena proves the particle nature of light? [MHT-CET 2020]",
        "question_latex": "Which of the following phenomena proves the particle nature of light? [MHT-CET 2020]",
        "question_images": [],
        "options": [
            "A. Interference",
            "B. Diffraction",
            "C. Photoelectric effect",
            "D. Polarization"
        ],
        "option_images": [],
        "answer": "C",
        "solution": "The photoelectric effect can only be explained by considering light as discrete packets of energy (photons).",
        "difficulty": "Easy",
        "marks": 4
    },
    {
        "id": 7,
        "chapter": "Dual Nature of Radiation and Matter",
        "question": "The de Broglie wavelength of a particle of mass m and kinetic energy K is [MHT-CET 2021]",
        "question_latex": "The de Broglie wavelength of a particle of mass $m$ and kinetic energy $K$ is [MHT-CET 2021]",
        "question_images": [],
        "options": [
            "A. h / sqrt(2mK)",
            "B. h / (2mK)",
            "C. sqrt(2mK) / h",
            "D. h sqrt(2mK)"
        ],
        "option_images": [],
        "answer": "A",
        "solution": "$p = \\sqrt{2mK}$. Using $\\lambda = h/p$, we get $\\lambda = \\frac{h}{\\sqrt{2mK}}$.",
        "difficulty": "Easy",
        "marks": 4
    },
    {
        "id": 8,
        "chapter": "Dual Nature of Radiation and Matter",
        "question": "If the momentum of a particle is doubled, its de Broglie wavelength becomes [MHT-CET 2023]",
        "question_latex": "If the momentum of a particle is doubled, its de Broglie wavelength becomes [MHT-CET 2023]",
        "question_images": [],
        "options": [
            "A. double",
            "B. half",
            "C. same",
            "D. four times"
        ],
        "option_images": [],
        "answer": "B",
        "solution": "$\\lambda = h/p$. Wavelength is inversely proportional to momentum. Doubling $p$ makes $\\lambda' = \\lambda/2$.",
        "difficulty": "Easy",
        "marks": 4
    },
    {
        "id": 9,
        "chapter": "Dual Nature of Radiation and Matter",
        "question": "The threshold wavelength for a metal is 5000 Angstrom. If light of 6000 Angstrom is incident, then [MHT-CET 2024]",
        "question_latex": "The threshold wavelength for a metal is $5000 \\text{ \\AA}$. If light of $6000 \\text{ \\AA}$ is incident, then [MHT-CET 2024]",
        "question_images": [],
        "options": [
            "A. photoelectrons are emitted",
            "B. no photoelectrons are emitted",
            "C. current is maximum",
            "D. velocity is maximum"
        ],
        "option_images": [],
        "answer": "B",
        "solution": "Photoelectric emission occurs only if incident wavelength $\\lambda \\le \\lambda_{0}$ (threshold). Since $6000 > 5000$, no emission occurs.",
        "difficulty": "Easy",
        "marks": 4
    },
    {
        "id": 10,
        "chapter": "Dual Nature of Radiation and Matter",
        "question": "Einstein's photoelectric equation is [MHT-CET 2022]",
        "question_latex": "Einstein's photoelectric equation is [MHT-CET 2022]",
        "question_images": [],
        "options": [
            "A. hv = phi + Kmax",
            "B. hv = phi - Kmax",
            "C. Kmax = phi - hv",
            "D. hv = Kmax"
        ],
        "option_images": [],
        "answer": "A",
        "solution": "Photon energy ($hv$) is used to overcome work function ($\\phi$) and provide kinetic energy ($K_{max}$) to the electron.",
        "difficulty": "Easy",
        "marks": 4
    },
    {
        "id": 11,
        "chapter": "Dual Nature of Radiation and Matter",
        "question": "Maximum kinetic energy of photoelectrons depends on [MHT-CET 2021]",
        "question_latex": "Maximum kinetic energy of photoelectrons depends on [MHT-CET 2021]",
        "question_images": [],
        "options": [
            "A. Intensity of light",
            "B. Frequency of light",
            "C. Wavelength of light",
            "D. Both B and C"
        ],
        "option_images": [],
        "answer": "D",
        "solution": "Kinetic energy is determined by photon energy, which is a function of frequency ($hf$) and wavelength ($hc/\\lambda$).",
        "difficulty": "Easy",
        "marks": 4
    },
    {
        "id": 12,
        "chapter": "Dual Nature of Radiation and Matter",
        "question": "A bullet of mass 0.04 kg moving at 1000 m/s has de Broglie wavelength of [MHT-CET 2024]",
        "question_latex": "A bullet of mass $0.04$ kg moving at $1000~m/s$ has de Broglie wavelength of [MHT-CET 2024]",
        "question_images": [],
        "options": [
            "A. 1.66 x 10^-35 m",
            "B. 6.63 x 10^-34 m",
            "C. 10^-35 m",
            "D. 1.66 x 10^-34 m"
        ],
        "option_images": [],
        "answer": "A",
        "solution": "$\\lambda = h / (mv) = \\frac{6.63 \\times 10^{-34}}{0.04 \\times 1000} = \\frac{6.63 \\times 10^{-34}}{40} \\approx 1.66 \\times 10^{-35}$ m.",
        "difficulty": "Medium",
        "marks": 4
    },
    {
        "id": 13,
        "chapter": "Dual Nature of Radiation and Matter",
        "question": "The slope of the graph of stopping potential vs frequency of incident light is [MHT-CET 2020]",
        "question_latex": "The slope of the graph of stopping potential vs frequency of incident light is [MHT-CET 2020]",
        "question_images": [],
        "options": [
            "A. h",
            "B. e/h",
            "C. h/e",
            "D. phi/e"
        ],
        "option_images": [],
        "answer": "C",
        "solution": "$V_{s} = (h/e) \\nu - \\phi/e$. The coefficient of $\\nu$ is the slope, which is $h/e$.",
        "difficulty": "Medium",
        "marks": 4
    },
    {
        "id": 14,
        "chapter": "Dual Nature of Radiation and Matter",
        "question": "The work function of a metal is 4.0 eV. The longest wavelength that can cause emission is [MHT-CET 2023]",
        "question_latex": "The work function of a metal is $4.0~eV$. The longest wavelength that can cause emission is [MHT-CET 2023]",
        "question_images": [],
        "options": [
            "A. 3100 Angstrom",
            "B. 5400 Angstrom",
            "C. 4000 Angstrom",
            "D. 2500 Angstrom"
        ],
        "option_images": [],
        "answer": "A",
        "solution": "$\\lambda_{0} = \\frac{12400}{\\phi_{0}(eV)} \\text{ \\AA} = \\frac{12400}{4} = 3100 \\text{ \\AA}$.",
        "difficulty": "Easy",
        "marks": 4
    },
    {
        "id": 15,
        "chapter": "Dual Nature of Radiation and Matter",
        "question": "Davisson-Germer experiment proved [MHT-CET 2019]",
        "question_latex": "Davisson-Germer experiment proved [MHT-CET 2019]",
        "question_images": [],
        "options": [
            "A. Wave nature of light",
            "B. Wave nature of electrons",
            "C. Particle nature of light",
            "D. Quantization of charge"
        ],
        "option_images": [],
        "answer": "B",
        "solution": "The experiment observed electron diffraction, confirming the wave nature of matter hypothesized by de Broglie.",
        "difficulty": "Easy",
        "marks": 4
    },
    {
        "id": 16,
        "chapter": "Dual Nature of Radiation and Matter",
        "question": "Light of frequency 1.5 times the threshold frequency is incident on a metal. If intensity is doubled, the photoelectric current [MHT-CET 2024]",
        "question_latex": "Light of frequency $1.5$ times the threshold frequency is incident on a metal. If intensity is doubled, the photoelectric current [MHT-CET 2024]",
        "question_images": [],
        "options": [
            "A. doubles",
            "B. halves",
            "C. stays same",
            "D. quadruples"
        ],
        "option_images": [],
        "answer": "A",
        "solution": "Photoelectric current is directly proportional to intensity of incident light.",
        "difficulty": "Easy",
        "marks": 4
    },
    {
        "id": 17,
        "chapter": "Dual Nature of Radiation and Matter",
        "question": "For a fixed frequency above threshold, if intensity of light increases [MHT-CET 2022]",
        "question_latex": "For a fixed frequency above threshold, if intensity of light increases [MHT-CET 2022]",
        "question_images": [],
        "options": [
            "A. Stopping potential increases",
            "B. Maximum speed increases",
            "C. Photoelectric current increases",
            "D. Threshold frequency increases"
        ],
        "option_images": [],
        "answer": "C",
        "solution": "Intensity only affects the number of emitted electrons, not their individual energies.",
        "difficulty": "Easy",
        "marks": 4
    },
    {
        "id": 18,
        "chapter": "Dual Nature of Radiation and Matter",
        "question": "Rest mass of a photon is [MHT-CET 2020]",
        "question_latex": "Rest mass of a photon is [MHT-CET 2020]",
        "question_images": [],
        "options": [
            "A. 1.6 x 10^-27 kg",
            "B. zero",
            "C. infinite",
            "D. depends on frequency"
        ],
        "option_images": [],
        "answer": "B",
        "solution": "Photons always travel at the speed of light and have zero rest mass.",
        "difficulty": "Easy",
        "marks": 4
    },
    {
        "id": 19,
        "chapter": "Dual Nature of Radiation and Matter",
        "question": "If the energy of a photon is E, its momentum is [MHT-CET 2023]",
        "question_latex": "If the energy of a photon is $E$, its momentum is [MHT-CET 2023]",
        "question_images": [],
        "options": [
            "A. E/c",
            "B. Ec",
            "C. E/c^2",
            "D. h/E"
        ],
        "option_images": [],
        "answer": "A",
        "solution": "$E = pc \\Rightarrow p = E/c$.",
        "difficulty": "Easy",
        "marks": 4
    },
    {
        "id": 20,
        "chapter": "Dual Nature of Radiation and Matter",
        "question": "Photoelectric effect supports [MHT-CET 2024]",
        "question_latex": "Photoelectric effect supports [MHT-CET 2024]",
        "question_images": [],
        "options": [
            "A. Wave theory",
            "B. Quantum theory",
            "C. Corpuscular theory",
            "D. Electromagnetic theory"
        ],
        "option_images": [],
        "answer": "B",
        "solution": "It demonstrates the quantization of light energy.",
        "difficulty": "Easy",
        "marks": 4
    },
    {
        "id": 21,
        "chapter": "Dual Nature of Radiation and Matter",
        "question": "The de Broglie wavelength of an alpha particle and a proton accelerated by same potential is in ratio [MHT-CET 2021]",
        "question_latex": "The de Broglie wavelength of an alpha particle and a proton accelerated by same potential is in ratio [MHT-CET 2021]",
        "question_images": [],
        "options": [
            "A. 1 : 2 sqrt(2)",
            "B. 2 sqrt(2) : 1",
            "C. 1 : 4",
            "D. 1 : 1"
        ],
        "option_images": [],
        "answer": "A",
        "solution": "$\\lambda = \\frac{h}{\\sqrt{2mqV}}$. $\\lambda \\propto \\frac{1}{\\sqrt{mq}}$. \n $\\lambda_{\\alpha} / \\lambda_{p} = \\sqrt{\\frac{m_{p}q_{p}}{m_{\\alpha}q_{\\alpha}}} = \\sqrt{\\frac{1 \\times 1}{4 \\times 2}} = \\sqrt{1/8} = 1 : 2\\sqrt{2}$.",
        "difficulty": "Hard",
        "marks": 4
    },
    {
        "id": 22,
        "chapter": "Dual Nature of Radiation and Matter",
        "question": "If intensity is increased, stopping potential [MHT-CET 2020]",
        "question_latex": "If intensity is increased, stopping potential [MHT-CET 2020]",
        "question_images": [],
        "options": [
            "A. increases",
            "B. decreases",
            "C. remains constant",
            "D. becomes zero"
        ],
        "option_images": [],
        "answer": "C",
        "solution": "Stopping potential depends on the energy of individual photons (frequency), not the number of photons (intensity).",
        "difficulty": "Easy",
        "marks": 4
    },
    {
        "id": 23,
        "chapter": "Dual Nature of Radiation and Matter",
        "question": "Energy of a photon of wavelength 663 nm is [MHT-CET 2023]",
        "question_latex": "Energy of a photon of wavelength $663$ nm is [MHT-CET 2023]",
        "question_images": [],
        "options": [
            "A. 3 x 10^-19 J",
            "B. 1.5 x 10^-19 J",
            "C. 4.5 x 10^-19 J",
            "D. 6.63 x 10^-19 J"
        ],
        "option_images": [],
        "answer": "A",
        "solution": "$E = hc/\\lambda = \\frac{6.63 \\times 10^{-34} \\times 3 \\times 10^{8}}{663 \\times 10^{-9}} = 3 \\times 10^{-19}$ J.",
        "difficulty": "Medium",
        "marks": 4
    },
    {
        "id": 24,
        "chapter": "Dual Nature of Radiation and Matter",
        "question": "At threshold frequency, stopping potential is [MHT-CET 2024]",
        "question_latex": "At threshold frequency, stopping potential is [MHT-CET 2024]",
        "question_images": [],
        "options": [
            "A. maximum",
            "B. zero",
            "C. negative",
            "D. infinite"
        ],
        "option_images": [],
        "answer": "B",
        "solution": "At threshold frequency, the kinetic energy of emitted electrons is zero, so no potential is needed to stop them.",
        "difficulty": "Easy",
        "marks": 4
    },
    {
        "id": 25,
        "chapter": "Dual Nature of Radiation and Matter",
        "question": "Mass of photon in motion is [MHT-CET 2022]",
        "question_latex": "Mass of photon in motion is [MHT-CET 2022]",
        "question_images": [],
        "options": [
            "A. hv / c^2",
            "B. h / c lambda",
            "C. zero",
            "D. Both A and B"
        ],
        "option_images": [],
        "answer": "D",
        "solution": "$E = mc^{2} = hv \\Rightarrow m = hv/c^{2}$. Also $v = c/\\lambda \\Rightarrow m = h/c\\lambda$. (This is the 'effective' or 'relativistic' mass).",
        "difficulty": "Medium",
        "marks": 4
    },
    {
        "id": 26,
        "chapter": "Dual Nature of Radiation and Matter",
        "question": "A material has work function 2 eV. Light of 5 eV is incident. Max K.E. is [MHT-CET 2021]",
        "question_latex": "A material has work function $2~eV$. Light of $5~eV$ is incident. Max K.E. is [MHT-CET 2021]",
        "question_images": [],
        "options": [
            "A. 7 eV",
            "B. 3 eV",
            "C. 2.5 eV",
            "D. zero"
        ],
        "option_images": [],
        "answer": "B",
        "solution": "$K_{max} = E - \\phi = 5 - 2 = 3$ eV.",
        "difficulty": "Easy",
        "marks": 4
    },
    {
        "id": 27,
        "chapter": "Dual Nature of Radiation and Matter",
        "question": "The slope of h vs lambda is zero. [MHT-CET 2023]",
        "question_latex": "The slope of $h$ vs $\\lambda$ is zero. [MHT-CET 2023]",
        "question_images": [],
        "options": [
            "A. True",
            "B. False",
            "C. only at 0K",
            "D. none"
        ],
        "option_images": [],
        "answer": "A",
        "solution": "Planck's constant $h$ is a universal constant and does not vary with wavelength.",
        "difficulty": "Easy",
        "marks": 4
    },
    {
        "id": 28,
        "chapter": "Dual Nature of Radiation and Matter",
        "question": "Ratio of de Broglie wavelength of electron and proton with same velocity [MHT-CET 2024]",
        "question_latex": "Ratio of de Broglie wavelength of electron and proton with same velocity is [MHT-CET 2024]",
        "question_images": [],
        "options": [
            "A. 1",
            "B. mp / me",
            "C. me / mp",
            "D. sqrt(mp / me)"
        ],
        "option_images": [],
        "answer": "B",
        "solution": "$\\lambda = h/mv \\Rightarrow \\lambda \\propto 1/m$. $\\lambda_{e}/\\lambda_{p} = m_{p}/m_{e}$.",
        "difficulty": "Easy",
        "marks": 4
    },
    {
        "id": 29,
        "chapter": "Dual Nature of Radiation and Matter",
        "question": "Work function depends on [MHT-CET 2020]",
        "question_latex": "Work function depends on [MHT-CET 2020]",
        "question_images": [],
        "options": [
            "A. Nature of metal",
            "B. Temperature",
            "C. Both A and B",
            "D. Intensity of light"
        ],
        "option_images": [],
        "answer": "C",
        "solution": "Work function is primarily a property of the material but also varies slightly with surface conditions and temperature.",
        "difficulty": "Easy",
        "marks": 4
    },
    {
        "id": 30,
        "chapter": "Dual Nature of Radiation and Matter",
        "question": "Units of work function are [MHT-CET 2019]",
        "question_latex": "Units of work function are [MHT-CET 2019]",
        "question_images": [],
        "options": [
            "A. Joule",
            "B. eV",
            "C. both A and B",
            "D. Watt"
        ],
        "option_images": [],
        "answer": "C",
        "solution": "It is energy.",
        "difficulty": "Easy",
        "marks": 4
    },
    {
        "id": 31,
        "chapter": "Dual Nature of Radiation and Matter",
        "question": "If frequency of incident light doubles, kinetic energy [MHT-CET 2022]",
        "question_latex": "If frequency of incident light doubles, kinetic energy [MHT-CET 2022]",
        "question_images": [],
        "options": [
            "A. doubles",
            "B. more than doubles",
            "C. less than doubles",
            "D. stays same"
        ],
        "option_images": [],
        "answer": "B",
        "solution": "$K_{1} = hv - \\phi$. $K_{2} = 2hv - \\phi$. $K_{2} = 2(K_{1} + \\phi) - \\phi = 2K_{1} + \\phi$. Thus $K_{2} > 2K_{1}$.",
        "difficulty": "Hard",
        "marks": 4
    },
    {
        "id": 32,
        "chapter": "Dual Nature of Radiation and Matter",
        "question": "Photoelectric effect occurs [MHT-CET 2021]",
        "question_latex": "Photoelectric effect occurs [MHT-CET 2021]",
        "question_images": [],
        "options": [
            "A. instantaneously",
            "B. with long delay",
            "C. only at high temp",
            "D. never in metals"
        ],
        "option_images": [],
        "answer": "A",
        "solution": "The emission starts almost immediately ($< 10^{-9}$ s) after irradiation.",
        "difficulty": "Easy",
        "marks": 4
    },
    {
        "id": 33,
        "chapter": "Dual Nature of Radiation and Matter",
        "question": "A photon and electron have same wavelength. Which has more energy? [MHT-CET 2024]",
        "question_latex": "A photon and electron have same wavelength. Which has more energy? [MHT-CET 2024]",
        "question_images": [],
        "options": [
            "A. Photon",
            "B. Electron",
            "C. Both same",
            "D. Cannot be determined"
        ],
        "option_images": [],
        "answer": "A",
        "solution": "$E_{p} = hc/\\lambda$. $E_{e} = h^{2}/(2m\\lambda^{2})$. For typical atomic scales, the photon energy is much higher.",
        "difficulty": "Hard",
        "marks": 4
    },
    {
        "id": 34,
        "chapter": "Dual Nature of Radiation and Matter",
        "question": "Davisson-Germer used which crystal? [MHT-CET 2020]",
        "question_latex": "Davisson-Germer used which crystal? [MHT-CET 2020]",
        "question_images": [],
        "options": [
            "A. Silicon",
            "B. Nickel",
            "C. Diamond",
            "D. Quartz"
        ],
        "option_images": [],
        "answer": "B",
        "solution": "They used a Nickel crystal to diffract the electron beam.",
        "difficulty": "Easy",
        "marks": 4
    },
    {
        "id": 35,
        "chapter": "Dual Nature of Radiation and Matter",
        "question": "Stopping potential vs Intensity graph is [MHT-CET 2023]",
        "question_latex": "Stopping potential vs Intensity graph is [MHT-CET 2023]",
        "question_images": [],
        "options": [
            "A. Straight line through origin",
            "B. Straight line parallel to intensity axis",
            "C. Parabola",
            "D. Exponential"
        ],
        "option_images": [],
        "answer": "B",
        "solution": "$V_{s}$ is independent of intensity.",
        "difficulty": "Easy",
        "marks": 4
    },
    {
        "id": 36,
        "chapter": "Dual Nature of Radiation and Matter",
        "question": "Threshold frequency for a metal is 10^15 Hz. Will it show effect for 10^14 Hz? [MHT-CET 2019]",
        "question_latex": "Threshold frequency for a metal is $10^{15}$ Hz. Will it show effect for $10^{14}$ Hz? [MHT-CET 2019]",
        "question_images": [],
        "options": [
            "A. Yes",
            "B. No",
            "C. only if intense",
            "D. none"
        ],
        "option_images": [],
        "answer": "B",
        "solution": "Frequency is below threshold.",
        "difficulty": "Easy",
        "marks": 4
    },
    {
        "id": 37,
        "chapter": "Dual Nature of Radiation and Matter",
        "question": "Wavelength of photon of energy 1 keV [MHT-CET 2022]",
        "question_latex": "Wavelength of photon of energy $1~keV$ is [MHT-CET 2022]",
        "question_images": [],
        "options": [
            "A. 12.4 Angstrom",
            "B. 124 Angstrom",
            "C. 1.24 Angstrom",
            "D. 1240 Angstrom"
        ],
        "option_images": [],
        "answer": "A",
        "solution": "$\\lambda = 12400 / 1000 = 12.4 \\text{ \\AA}$.",
        "difficulty": "Easy",
        "marks": 4
    },
    {
        "id": 38,
        "chapter": "Dual Nature of Radiation and Matter",
        "question": "Momentum of photon with wavelength lambda [MHT-CET 2024]",
        "question_latex": "Momentum of photon with wavelength $\\lambda$ is [MHT-CET 2024]",
        "question_images": [],
        "options": [
            "A. h / lambda",
            "B. h lambda",
            "C. lambda / h",
            "D. zero"
        ],
        "option_images": [],
        "answer": "A",
        "solution": "Standard de Broglie relation for photons.",
        "difficulty": "Easy",
        "marks": 4
    },
    {
        "id": 39,
        "chapter": "Dual Nature of Radiation and Matter",
        "question": "Maximum velocity of photoelectrons is v. If frequency is quadrupled, new v is [MHT-CET 2021]",
        "question_latex": "Maximum velocity of photoelectrons is $v$. If frequency is quadrupled, new $v'$ is [MHT-CET 2021]",
        "question_images": [],
        "options": [
            "A. 2v",
            "B. > 2v",
            "C. < 2v",
            "D. 4v"
        ],
        "option_images": [],
        "answer": "B",
        "solution": "$v = \\sqrt{2(hf - \\phi)/m}$. $v' = \\sqrt{2(4hf - \\phi)/m} = \\sqrt{2(4(hf - \\phi) + 3\\phi)/m} > 2v$.",
        "difficulty": "Hard",
        "marks": 4
    },
    {
        "id": 40,
        "chapter": "Dual Nature of Radiation and Matter",
        "question": "Work function of alkali metals is [MHT-CET 2023]",
        "question_latex": "Work function of alkali metals is [MHT-CET 2023]",
        "question_images": [],
        "options": [
            "A. very high",
            "B. very low",
            "C. zero",
            "D. infinite"
        ],
        "option_images": [],
        "answer": "B",
        "solution": "Alkali metals emit electrons easily even with visible light.",
        "difficulty": "Easy",
        "marks": 4
    },
    {
        "id": 41,
        "chapter": "Dual Nature of Radiation and Matter",
        "question": "Slope of stopping potential vs 1/lambda is [MHT-CET 2024]",
        "question_latex": "Slope of stopping potential vs $1/\\lambda$ is [MHT-CET 2024]",
        "question_images": [],
        "options": [
            "A. hc/e",
            "B. h/e",
            "C. hc",
            "D. e/hc"
        ],
        "option_images": [],
        "answer": "A",
        "solution": "$V_{s} = (hc/e) (1/\\lambda) - \\phi/e$.",
        "difficulty": "Medium",
        "marks": 4
    },
    {
        "id": 42,
        "chapter": "Dual Nature of Radiation and Matter",
        "question": "Light of 400 nm is incident on metal of 2 eV. Emission possible? [MHT-CET 2020]",
        "question_latex": "Light of $400$ nm is incident on metal of $2~eV$. Emission possible? [MHT-CET 2020]",
        "question_images": [],
        "options": [
            "A. Yes",
            "B. No",
            "C. only if intensity high",
            "D. none"
        ],
        "option_images": [],
        "answer": "A",
        "solution": "$E = 1240 / 400 = 3.1$ eV. Since $3.1 > 2$, emission occurs.",
        "difficulty": "Medium",
        "marks": 4
    },
    {
        "id": 43,
        "chapter": "Dual Nature of Radiation and Matter",
        "question": "Mass of electron is m. If accelerated by V, its wavelength is [MHT-CET 2021]",
        "question_latex": "Mass of electron is $m$. If accelerated by $V$, its wavelength is [MHT-CET 2021]",
        "question_images": [],
        "options": [
            "A. h / sqrt(2meV)",
            "B. h / (2meV)",
            "C. sqrt(2meV) / h",
            "D. zero"
        ],
        "option_images": [],
        "answer": "A",
        "solution": "$K = eV$. Substitute in $\\lambda = h/\\sqrt{2mK}$.",
        "difficulty": "Easy",
        "marks": 4
    },
    {
        "id": 44,
        "chapter": "Dual Nature of Radiation and Matter",
        "question": "Heisenberg's uncertainty principle deals with [MHT-CET 2022]",
        "question_latex": "Heisenberg's uncertainty principle deals with [MHT-CET 2022]",
        "question_images": [],
        "options": [
            "A. Position and Momentum",
            "B. Energy and Time",
            "C. Both A and B",
            "D. Velocity and mass"
        ],
        "option_images": [],
        "answer": "C",
        "solution": "Standard quantum mechanical uncertainty pairs.",
        "difficulty": "Easy",
        "marks": 4
    },
    {
        "id": 45,
        "chapter": "Dual Nature of Radiation and Matter",
        "question": "A photon of 300 nm is absorbed. Momentum transferred is [MHT-CET 2024]",
        "question_latex": "A photon of $300$ nm is absorbed. Momentum transferred is [MHT-CET 2024]",
        "question_images": [],
        "options": [
            "A. 2.21 x 10^-27 kg m/s",
            "B. 1.1 x 10^-27 kg m/s",
            "C. 6.6 x 10^-34 kg m/s",
            "D. zero"
        ],
        "option_images": [],
        "answer": "A",
        "solution": "$p = h/\\lambda = 6.63 \\times 10^{-34} / (3 \\times 10^{-7}) = 2.21 \\times 10^{-27}$ kg m/s.",
        "difficulty": "Medium",
        "marks": 4
    },
    {
        "id": 46,
        "chapter": "Dual Nature of Radiation and Matter",
        "question": "Relation for threshold frequency [MHT-CET 2019]",
        "question_latex": "Relation for threshold frequency is [MHT-CET 2019]",
        "question_images": [],
        "options": [
            "A. nu0 = phi / h",
            "B. nu0 = h / phi",
            "C. nu0 = phi h",
            "D. none"
        ],
        "option_images": [],
        "answer": "A",
        "solution": "From $\\phi = h \\nu_{0}$.",
        "difficulty": "Easy",
        "marks": 4
    },
    {
        "id": 47,
        "chapter": "Dual Nature of Radiation and Matter",
        "question": "Photoelectric cell converts [MHT-CET 2023]",
        "question_latex": "Photoelectric cell converts [MHT-CET 2023]",
        "question_images": [],
        "options": [
            "A. Light into electricity",
            "B. Electricity into light",
            "C. Heat into light",
            "D. none"
        ],
        "option_images": [],
        "answer": "A",
        "solution": "Basis of solar cells and sensors.",
        "difficulty": "Easy",
        "marks": 4
    },
    {
        "id": 48,
        "chapter": "Dual Nature of Radiation and Matter",
        "question": "Stopping potential depends on [MHT-CET 2021]",
        "question_latex": "Stopping potential depends on [MHT-CET 2021]",
        "question_images": [],
        "options": [
            "A. frequency",
            "B. nature of material",
            "C. intensity",
            "D. both A and B"
        ],
        "option_images": [],
        "answer": "D",
        "solution": "Both the incident energy and the metal's work function determine $V_{s}$.",
        "difficulty": "Easy",
        "marks": 4
    },
    {
        "id": 49,
        "chapter": "Dual Nature of Radiation and Matter",
        "question": "de Broglie wavelength of gas molecule at T [MHT-CET 2024]",
        "question_latex": "de Broglie wavelength of gas molecule at $T$ is proportional to [MHT-CET 2024]",
        "question_images": [],
        "options": [
            "A. 1 / sqrt(T)",
            "B. sqrt(T)",
            "C. T",
            "D. 1/T"
        ],
        "option_images": [],
        "answer": "A",
        "solution": "$K = 1.5 kT \\Rightarrow \\lambda = h/\\sqrt{3mkT} \\propto 1/\\sqrt{T}$.",
        "difficulty": "Medium",
        "marks": 4
    },
    {
        "id": 50,
        "chapter": "Dual Nature of Radiation and Matter",
        "question": "Planck's constant has units [MHT-CET 2020]",
        "question_latex": "Planck's constant has units [MHT-CET 2020]",
        "question_images": [],
        "options": [
            "A. J s",
            "B. J/s",
            "C. J/m",
            "D. J s^-2"
        ],
        "option_images": [],
        "answer": "A",
        "solution": "Standard Joule-second.",
        "difficulty": "Easy",
        "marks": 4
    },
    {
        "id": 51,
        "chapter": "Dual Nature of Radiation and Matter",
        "question": "For light, E = pc. For matter, p = mv. de Broglie wavelength lambda is [MHT-CET 2021]",
        "question_latex": "For light, $E = pc$. For matter, $p = mv$. de Broglie wavelength $\\lambda$ is [MHT-CET 2021]",
        "question_images": [],
        "options": [
            "A. h/p",
            "B. p/h",
            "C. h p",
            "D. zero"
        ],
        "option_images": [],
        "answer": "A",
        "solution": "Standard dual nature equation.",
        "difficulty": "Easy",
        "marks": 4
    },
    {
        "id": 52,
        "chapter": "Dual Nature of Radiation and Matter",
        "question": "If frequency of incident light is increased, photoelectric current [MHT-CET 2022]",
        "question_latex": "If frequency of incident light is increased, photoelectric current [MHT-CET 2022]",
        "question_images": [],
        "options": [
            "A. remains same",
            "B. increases",
            "C. decreases",
            "D. becomes zero"
        ],
        "option_images": [],
        "answer": "A",
        "solution": "Current only depends on intensity, provided frequency is above threshold.",
        "difficulty": "Easy",
        "marks": 4
    },
    {
        "id": 53,
        "chapter": "Dual Nature of Radiation and Matter",
        "question": "A photon of frequency v collides with electron. Change in wavelength is [MHT-CET 2024]",
        "question_latex": "A photon of frequency $v$ collides with electron. Change in wavelength is [MHT-CET 2024]",
        "question_images": [],
        "options": [
            "A. Compton effect",
            "B. Photoelectric effect",
            "C. Raman effect",
            "D. Zeeman effect"
        ],
        "option_images": [],
        "answer": "A",
        "solution": "Compton scattering describes wavelength increase in scattered photons.",
        "difficulty": "Easy",
        "marks": 4
    },
    {
        "id": 54,
        "chapter": "Dual Nature of Radiation and Matter",
        "question": "Maximum K.E. of emitted electron is independent of [MHT-CET 2023]",
        "question_latex": "Maximum $K.E.$ of emitted electron is independent of [MHT-CET 2023]",
        "question_images": [],
        "options": [
            "A. Intensity",
            "B. Frequency",
            "C. Nature of metal",
            "D. Wavelength"
        ],
        "option_images": [],
        "answer": "A",
        "solution": "Intensity only changes the count of electrons.",
        "difficulty": "Easy",
        "marks": 4
    },
    {
        "id": 55,
        "chapter": "Dual Nature of Radiation and Matter",
        "question": "Work function of Caesium is [MHT-CET 2019]",
        "question_latex": "Work function of Caesium is [MHT-CET 2019]",
        "question_images": [],
        "options": [
            "A. 2.14 eV",
            "B. 4.5 eV",
            "C. 5.6 eV",
            "D. 1.1 eV"
        ],
        "option_images": [],
        "answer": "A",
        "solution": "Cs has one of the lowest work functions among metals.",
        "difficulty": "Easy",
        "marks": 4
    },
    {
        "id": 56,
        "chapter": "Dual Nature of Radiation and Matter",
        "question": "Threshold frequency is characteristic of [MHT-CET 2020]",
        "question_latex": "Threshold frequency is characteristic of [MHT-CET 2020]",
        "question_images": [],
        "options": [
            "A. incident light",
            "B. emitting metal",
            "C. both",
            "D. intensity"
        ],
        "option_images": [],
        "answer": "B",
        "solution": "It depends on the specific metal used.",
        "difficulty": "Easy",
        "marks": 4
    },
    {
        "id": 57,
        "chapter": "Dual Nature of Radiation and Matter",
        "question": "Energy of photon is [MHT-CET 2024]",
        "question_latex": "Energy of photon is [MHT-CET 2024]",
        "question_images": [],
        "options": [
            "A. h v",
            "B. h c / lambda",
            "C. both A and B",
            "D. zero"
        ],
        "option_images": [],
        "answer": "C",
        "solution": "Standard energy formulas.",
        "difficulty": "Easy",
        "marks": 4
    },
    {
        "id": 58,
        "chapter": "Dual Nature of Radiation and Matter",
        "question": "Mass and velocity are doubled. de Broglie wavelength [MHT-CET 2021]",
        "question_latex": "Mass and velocity are doubled. de Broglie wavelength [MHT-CET 2021]",
        "question_images": [],
        "options": [
            "A. halves",
            "B. doubles",
            "C. becomes 1/4",
            "D. same"
        ],
        "option_images": [],
        "answer": "C",
        "solution": "$\\lambda \\propto 1/mv$. Factor of 4 in denominator.",
        "difficulty": "Easy",
        "marks": 4
    },
    {
        "id": 59,
        "chapter": "Dual Nature of Radiation and Matter",
        "question": "Photoelectric effect supports wave theory? [MHT-CET 2023]",
        "question_latex": "Photoelectric effect supports wave theory? [MHT-CET 2023]",
        "question_images": [],
        "options": [
            "A. No",
            "B. Yes",
            "C. partially",
            "D. none"
        ],
        "option_images": [],
        "answer": "A",
        "solution": "Wave theory fails to explain the existence of threshold frequency and instantaneous emission.",
        "difficulty": "Easy",
        "marks": 4
    },
    {
        "id": 60,
        "chapter": "Dual Nature of Radiation and Matter",
        "question": "Wavelength of electron at 54 V [MHT-CET 2022]",
        "question_latex": "Wavelength of electron at $54~V$ is [MHT-CET 2022]",
        "question_images": [],
        "options": [
            "A. 1.66 Angstrom",
            "B. 1.22 Angstrom",
            "C. 0.66 Angstrom",
            "D. 2.2 Angstrom"
        ],
        "option_images": [],
        "answer": "A",
        "solution": "Davisson-Germer peak value $\\lambda = 12.27 / \\sqrt{54} \\approx 1.66 \\text{ \\AA}$.",
        "difficulty": "Medium",
        "marks": 4
    },
    {
        "id": 61,
        "chapter": "Dual Nature of Radiation and Matter",
        "question": "Intensity of light in quantum theory refers to [MHT-CET 2024]",
        "question_latex": "Intensity of light in quantum theory refers to [MHT-CET 2024]",
        "question_images": [],
        "options": [
            "A. Number of photons per unit area per unit time",
            "B. Amplitude squared",
            "C. Energy of each photon",
            "D. Momentum of photon"
        ],
        "option_images": [],
        "answer": "A",
        "solution": "Quantum definition of intensity.",
        "difficulty": "Easy",
        "marks": 4
    },
    {
        "id": 62,
        "chapter": "Dual Nature of Radiation and Matter",
        "question": "A photon of wavelength 400 nm hits a metal of threshold 600 nm. Emission? [MHT-CET 2020]",
        "question_latex": "A photon of wavelength $400$ nm hits a metal of threshold $600$ nm. Emission? [MHT-CET 2020]",
        "question_images": [],
        "options": [
            "A. Yes",
            "B. No",
            "C. only if frequency high",
            "D. none"
        ],
        "option_images": [],
        "answer": "A",
        "solution": "$\\lambda < \\lambda_{0}$, so emission occurs.",
        "difficulty": "Easy",
        "marks": 4
    },
    {
        "id": 63,
        "chapter": "Dual Nature of Radiation and Matter",
        "question": "Angular momentum of electron in nth orbit is nh / 2 pi. [MHT-CET 2021]",
        "question_latex": "Angular momentum of electron in $n^{th}$ orbit is $nh / 2 \\pi$. [MHT-CET 2021]",
        "question_images": [],
        "options": [
            "A. Bohr's quantization",
            "B. de Broglie's hypothesis",
            "C. Both",
            "D. none"
        ],
        "option_images": [],
        "answer": "C",
        "solution": "de Broglie explained Bohr's postulate using stationary matter waves.",
        "difficulty": "Medium",
        "marks": 4
    },
    {
        "id": 64,
        "chapter": "Dual Nature of Radiation and Matter",
        "question": "Kinetic energy of photoelectron is 2 eV. Stopping potential is [MHT-CET 2024]",
        "question_latex": "Kinetic energy of photoelectron is $2~eV$. Stopping potential is [MHT-CET 2024]",
        "question_images": [],
        "options": [
            "A. 2 V",
            "B. 1 V",
            "C. 0.5 V",
            "D. zero"
        ],
        "option_images": [],
        "answer": "A",
        "solution": "$K_{max} = eV_{s}$.",
        "difficulty": "Easy",
        "marks": 4
    },
    {
        "id": 65,
        "chapter": "Dual Nature of Radiation and Matter",
        "question": "Value of h is [MHT-CET 2023]",
        "question_latex": "Value of $h$ is [MHT-CET 2023]",
        "question_images": [],
        "options": [
            "A. 6.63 x 10^-34 J s",
            "B. 6.63 x 10^-27 J s",
            "C. 1.6 x 10^-19 J s",
            "D. zero"
        ],
        "option_images": [],
        "answer": "A",
        "solution": "Standard physical constant.",
        "difficulty": "Easy",
        "marks": 4
    },
    {
        "id": 66,
        "chapter": "Dual Nature of Radiation and Matter",
        "question": "de Broglie wavelength of thermal neutron at T is [MHT-CET 2022]",
        "question_latex": "de Broglie wavelength of thermal neutron at $T$ is [MHT-CET 2022]",
        "question_images": [],
        "options": [
            "A. h / sqrt(3mkT)",
            "B. h / sqrt(2mkT)",
            "C. h / (3mkT)",
            "D. none"
        ],
        "option_images": [],
        "answer": "A",
        "solution": "$K = 3/2 kT$.",
        "difficulty": "Medium",
        "marks": 4
    },
    {
        "id": 67,
        "chapter": "Dual Nature of Radiation and Matter",
        "question": "Work function of copper is 4.5 eV. If incident energy is 4.0 eV [MHT-CET 2021]",
        "question_latex": "Work function of copper is $4.5~eV$. If incident energy is $4.0~eV$ [MHT-CET 2021]",
        "question_images": [],
        "options": [
            "A. no emission",
            "B. emission with 0.5 eV",
            "C. emission with 8.5 eV",
            "D. emission depends on intensity"
        ],
        "option_images": [],
        "answer": "A",
        "solution": "$E < \\phi$.",
        "difficulty": "Easy",
        "marks": 4
    },
    {
        "id": 68,
        "chapter": "Dual Nature of Radiation and Matter",
        "question": "Number of photons in beam is proportional to [MHT-CET 2024]",
        "question_latex": "Number of photons in beam is proportional to [MHT-CET 2024]",
        "question_images": [],
        "options": [
            "A. Intensity",
            "B. Frequency",
            "C. Potential",
            "D. zero"
        ],
        "option_images": [],
        "answer": "A",
        "solution": "Direct relation in particle model.",
        "difficulty": "Easy",
        "marks": 4
    },
    {
        "id": 69,
        "chapter": "Dual Nature of Radiation and Matter",
        "question": "Stopping potential for violet light vs red light [MHT-CET 2020]",
        "question_latex": "Stopping potential for violet light ($V_{v}$) vs red light ($V_{r}$) [MHT-CET 2020]",
        "question_images": [],
        "options": [
            "A. Vv > Vr",
            "B. Vr > Vv",
            "C. Vv = Vr",
            "D. zero"
        ],
        "option_images": [],
        "answer": "A",
        "solution": "Violet has higher frequency.",
        "difficulty": "Easy",
        "marks": 4
    },
    {
        "id": 70,
        "chapter": "Dual Nature of Radiation and Matter",
        "question": "Relation between frequency and stopping potential is [MHT-CET 2019]",
        "question_latex": "Relation between frequency and stopping potential is [MHT-CET 2019]",
        "question_images": [],
        "options": [
            "A. Linear",
            "B. Parabolic",
            "C. Inverse",
            "D. none"
        ],
        "option_images": [],
        "answer": "A",
        "solution": "$eV_{s} = hv - \\phi$.",
        "difficulty": "Easy",
        "marks": 4
    },
    {
        "id": 71,
        "chapter": "Dual Nature of Radiation and Matter",
        "question": "A particle moves with speed 0.6c. Its mass is [MHT-CET 2024]",
        "question_latex": "A particle moves with speed $0.6c$. Its mass is [MHT-CET 2024]",
        "question_images": [],
        "options": [
            "A. 1.25 m0",
            "B. m0",
            "C. 0.8 m0",
            "D. 2 m0"
        ],
        "option_images": [],
        "answer": "A",
        "solution": "$m = m_{0} / \\sqrt{1 - (0.6)^{2}} = m_{0} / \\sqrt{0.64} = m_{0} / 0.8 = 1.25 m_{0}$.",
        "difficulty": "Medium",
        "marks": 4
    },
    {
        "id": 72,
        "chapter": "Dual Nature of Radiation and Matter",
        "question": "Photon energy E. Momentum p. c is [MHT-CET 2021]",
        "question_latex": "Photon energy $E$. Momentum $p$. $c$ is [MHT-CET 2021]",
        "question_images": [],
        "options": [
            "A. E / p",
            "B. p / E",
            "C. sqrt(E/p)",
            "D. zero"
        ],
        "option_images": [],
        "answer": "A",
        "solution": "$E = pc$.",
        "difficulty": "Easy",
        "marks": 4
    },
    {
        "id": 73,
        "chapter": "Dual Nature of Radiation and Matter",
        "question": "Electron wavelength is 1 nm. Momentum is [MHT-CET 2023]",
        "question_latex": "Electron wavelength is $1$ nm. Momentum is [MHT-CET 2023]",
        "question_images": [],
        "options": [
            "A. 6.63 x 10^-25 kg m/s",
            "B. 6.63 x 10^-34 kg m/s",
            "C. 10^-25 kg m/s",
            "D. zero"
        ],
        "option_images": [],
        "answer": "A",
        "solution": "$p = h/\\lambda = 6.63 \\times 10^{-34} / 10^{-9} = 6.63 \\times 10^{-25}$.",
        "difficulty": "Easy",
        "marks": 4
    },
    {
        "id": 74,
        "chapter": "Dual Nature of Radiation and Matter",
        "question": "If h was zero, then [MHT-CET 2020]",
        "question_latex": "If $h$ was zero, then [MHT-CET 2020]",
        "question_images": [],
        "options": [
            "A. Quantum effects disappear",
            "B. Classical physics applies always",
            "C. Both A and B",
            "D. Universe explodes"
        ],
        "option_images": [],
        "answer": "C",
        "solution": "Classical physics is the limit where $h \\to 0$.",
        "difficulty": "Medium",
        "marks": 4
    },
    {
        "id": 75,
        "chapter": "Dual Nature of Radiation and Matter",
        "question": "Threshold frequency for photo-emission is [MHT-CET 2024]",
        "question_latex": "Threshold frequency for photo-emission is [MHT-CET 2024]",
        "question_images": [],
        "options": [
            "A. Minimum frequency",
            "B. Maximum frequency",
            "C. Average frequency",
            "D. zero"
        ],
        "option_images": [],
        "answer": "A",
        "solution": "Minimum required to eject electrons.",
        "difficulty": "Easy",
        "marks": 4
    },
    {
        "id": 76,
        "chapter": "Dual Nature of Radiation and Matter",
        "question": "Energy of photon in eV for 1240 nm is [MHT-CET 2021]",
        "question_latex": "Energy of photon in $eV$ for $1240$ nm is [MHT-CET 2021]",
        "question_images": [],
        "options": [
            "A. 1 eV",
            "B. 10 eV",
            "C. 0.1 eV",
            "D. 12.4 eV"
        ],
        "option_images": [],
        "answer": "A",
        "solution": "$1240/1240 = 1$.",
        "difficulty": "Easy",
        "marks": 4
    },
    {
        "id": 77,
        "chapter": "Dual Nature of Radiation and Matter",
        "question": "de Broglie wavelength is independent of [MHT-CET 2023]",
        "question_latex": "de Broglie wavelength is independent of [MHT-CET 2023]",
        "question_images": [],
        "options": [
            "A. Charge",
            "B. Mass",
            "C. Velocity",
            "D. Momentum"
        ],
        "option_images": [],
        "answer": "A",
        "solution": "$\\lambda = h/mv$. (It depends on $m, v$ and thus $p$. It only depends on charge if accelerated by potential).",
        "difficulty": "Medium",
        "marks": 4
    },
    {
        "id": 78,
        "chapter": "Dual Nature of Radiation and Matter",
        "question": "Intensity increases, then [MHT-CET 2024]",
        "question_latex": "Intensity increases, then [MHT-CET 2024]",
        "question_images": [],
        "options": [
            "A. Current increases",
            "B. Speed increases",
            "C. potential increases",
            "D. none"
        ],
        "option_images": [],
        "answer": "A",
        "solution": "Basic photoelectric law.",
        "difficulty": "Easy",
        "marks": 4
    },
    {
        "id": 79,
        "chapter": "Dual Nature of Radiation and Matter",
        "question": "Wavelength of electron accelerated by V is 1.227/sqrt(V) nm. [MHT-CET 2020]",
        "question_latex": "Wavelength of electron accelerated by $V$ is $1.227/\\sqrt{V}$ nm. [MHT-CET 2020]",
        "question_images": [],
        "options": [
            "A. True",
            "B. False",
            "C. only for large V",
            "D. none"
        ],
        "option_images": [],
        "answer": "A",
        "solution": "Standard approximation.",
        "difficulty": "Easy",
        "marks": 4
    },
    {
        "id": 80,
        "chapter": "Dual Nature of Radiation and Matter",
        "question": "Einstein won Nobel for [MHT-CET 2019]",
        "question_latex": "Einstein won Nobel for [MHT-CET 2019]",
        "question_images": [],
        "options": [
            "A. Photoelectric effect",
            "B. Relativity",
            "C. Brownian motion",
            "D. E=mc2"
        ],
        "option_images": [],
        "answer": "A",
        "solution": "Explicitly cited in his award.",
        "difficulty": "Easy",
        "marks": 4
    },
    {
        "id": 81,
        "chapter": "Dual Nature of Radiation and Matter",
        "question": "Maximum velocity depends on frequency. [MHT-CET 2024]",
        "question_latex": "Maximum velocity depends on frequency. [MHT-CET 2024]",
        "question_images": [],
        "options": [
            "A. True",
            "B. False",
            "C. depends on intensity",
            "D. none"
        ],
        "option_images": [],
        "answer": "A",
        "solution": "$v \\propto \\sqrt{hf - \\phi}$.",
        "difficulty": "Easy",
        "marks": 4
    },
    {
        "id": 82,
        "chapter": "Dual Nature of Radiation and Matter",
        "question": "Photon mass m = E/c2. [MHT-CET 2021]",
        "question_latex": "Photon mass $m = E/c^{2}$. [MHT-CET 2021]",
        "question_images": [],
        "options": [
            "A. True",
            "B. False",
            "C. only at rest",
            "D. none"
        ],
        "option_images": [],
        "answer": "A",
        "solution": "Effective mass.",
        "difficulty": "Easy",
        "marks": 4
    },
    {
        "id": 83,
        "chapter": "Dual Nature of Radiation and Matter",
        "question": "Electron diffraction proves wave nature. [MHT-CET 2023]",
        "question_latex": "Electron diffraction proves wave nature. [MHT-CET 2023]",
        "question_images": [],
        "options": [
            "A. True",
            "B. False",
            "C. only in Nickel",
            "D. none"
        ],
        "option_images": [],
        "answer": "A",
        "solution": "Diffraction is a wave property.",
        "difficulty": "Easy",
        "marks": 4
    },
    {
        "id": 84,
        "chapter": "Dual Nature of Radiation and Matter",
        "question": "Momentum p = h / lambda. [MHT-CET 2022]",
        "question_latex": "Momentum $p = h / \\lambda$. [MHT-CET 2022]",
        "question_images": [],
        "options": [
            "A. True",
            "B. False",
            "C. for light only",
            "D. none"
        ],
        "option_images": [],
        "answer": "A",
        "solution": "General de Broglie relation.",
        "difficulty": "Easy",
        "marks": 4
    },
    {
        "id": 85,
        "chapter": "Dual Nature of Radiation and Matter",
        "question": "Stopping potential is zero at threshold. [MHT-CET 2020]",
        "question_latex": "Stopping potential is zero at threshold. [MHT-CET 2020]",
        "question_images": [],
        "options": [
            "A. True",
            "B. False",
            "C. negative",
            "D. none"
        ],
        "option_images": [],
        "answer": "A",
        "solution": "K.E. is zero.",
        "difficulty": "Easy",
        "marks": 4
    },
    {
        "id": 86,
        "chapter": "Dual Nature of Radiation and Matter",
        "question": "Light has dual nature. [MHT-CET 2024]",
        "question_latex": "Light has dual nature. [MHT-CET 2024]",
        "question_images": [],
        "options": [
            "A. True",
            "B. False",
            "C. wave only",
            "D. none"
        ],
        "option_images": [],
        "answer": "A",
        "solution": "Core chapter concept.",
        "difficulty": "Easy",
        "marks": 4
    },
    {
        "id": 87,
        "chapter": "Dual Nature of Radiation and Matter",
        "question": "Energy of photon E = 1242 / lambda(nm) eV. [MHT-CET 2019]",
        "question_latex": "Energy of photon $E = 1242 / \\lambda(nm)~eV$. [MHT-CET 2019]",
        "question_images": [],
        "options": [
            "A. True",
            "B. False",
            "C. for X-rays only",
            "D. none"
        ],
        "option_images": [],
        "answer": "A",
        "solution": "Standard approximation.",
        "difficulty": "Easy",
        "marks": 4
    },
    {
        "id": 88,
        "chapter": "Dual Nature of Radiation and Matter",
        "question": "Threshold frequency exists for waves? [MHT-CET 2021]",
        "question_latex": "Threshold frequency exists for waves? [MHT-CET 2021]",
        "question_images": [],
        "options": [
            "A. No",
            "B. Yes",
            "C. only if long",
            "D. none"
        ],
        "option_images": [],
        "answer": "A",
        "solution": "Threshold is specific to particle model of emission.",
        "difficulty": "Easy",
        "marks": 4
    },
    {
        "id": 89,
        "chapter": "Dual Nature of Radiation and Matter",
        "question": "Stopping potential increases with intensity. [MHT-CET 2023]",
        "question_latex": "Stopping potential increases with intensity. [MHT-CET 2023]",
        "question_images": [],
        "options": [
            "A. False",
            "B. True",
            "C. sometimes",
            "D. none"
        ],
        "option_images": [],
        "answer": "A",
        "solution": "It is independent.",
        "difficulty": "Easy",
        "marks": 4
    },
    {
        "id": 90,
        "chapter": "Dual Nature of Radiation and Matter",
        "question": "Photon speed is c always. [MHT-CET 2022]",
        "question_latex": "Photon speed is $c$ always. [MHT-CET 2022]",
        "question_images": [],
        "options": [
            "A. True",
            "B. False",
            "C. in glass only",
            "D. none"
        ],
        "option_images": [],
        "answer": "A",
        "solution": "Universal constant.",
        "difficulty": "Easy",
        "marks": 4
    },
    {
        "id": 91,
        "chapter": "Dual Nature of Radiation and Matter",
        "question": "Work function unit [MHT-CET 2024]",
        "question_latex": "Work function unit [MHT-CET 2024]",
        "question_images": [],
        "options": [
            "A. Joule",
            "B. eV",
            "C. both",
            "D. Watt"
        ],
        "option_images": [],
        "answer": "C",
        "solution": "Energy units.",
        "difficulty": "Easy",
        "marks": 4
    },
    {
        "id": 92,
        "chapter": "Dual Nature of Radiation and Matter",
        "question": "de Broglie wavelength for large bodies is negligible. [MHT-CET 2020]",
        "question_latex": "de Broglie wavelength for large bodies is negligible. [MHT-CET 2020]",
        "question_images": [],
        "options": [
            "A. True",
            "B. False",
            "C. only at low speed",
            "D. none"
        ],
        "option_images": [],
        "answer": "A",
        "solution": "Due to large mass $m$, $\\lambda = h/mv$ is tiny.",
        "difficulty": "Easy",
        "marks": 4
    },
    {
        "id": 93,
        "chapter": "Dual Nature of Radiation and Matter",
        "question": "Stopping potential V is measured in [MHT-CET 2021]",
        "question_latex": "Stopping potential $V$ is measured in [MHT-CET 2021]",
        "question_images": [],
        "options": [
            "A. Volt",
            "B. Joule",
            "C. eV",
            "D. none"
        ],
        "option_images": [],
        "answer": "A",
        "solution": "It's a voltage.",
        "difficulty": "Easy",
        "marks": 4
    },
    {
        "id": 94,
        "chapter": "Dual Nature of Radiation and Matter",
        "question": "Photoelectric effect is a surface phenomenon. [MHT-CET 2023]",
        "question_latex": "Photoelectric effect is a surface phenomenon. [MHT-CET 2023]",
        "question_images": [],
        "options": [
            "A. True",
            "B. False",
            "C. only for alkali",
            "D. none"
        ],
        "option_images": [],
        "answer": "A",
        "solution": "Interaction happens at the boundary.",
        "difficulty": "Easy",
        "marks": 4
    },
    {
        "id": 95,
        "chapter": "Dual Nature of Radiation and Matter",
        "question": "Threshold frequency for Zinc is in UV range. [MHT-CET 2022]",
        "question_latex": "Threshold frequency for Zinc is in UV range. [MHT-CET 2022]",
        "question_images": [],
        "options": [
            "A. True",
            "B. False",
            "C. Visible range",
            "D. none"
        ],
        "option_images": [],
        "answer": "A",
        "solution": "Zinc requires higher energy photons.",
        "difficulty": "Easy",
        "marks": 4
    },
    {
        "id": 96,
        "chapter": "Dual Nature of Radiation and Matter",
        "question": "Mass of photon is zero? [MHT-CET 2024]",
        "question_latex": "Mass of photon is zero? [MHT-CET 2024]",
        "question_images": [],
        "options": [
            "A. only rest mass",
            "B. always",
            "C. never",
            "D. none"
        ],
        "option_images": [],
        "answer": "A",
        "solution": "Standard relativistic definition.",
        "difficulty": "Easy",
        "marks": 4
    },
    {
        "id": 97,
        "chapter": "Dual Nature of Radiation and Matter",
        "question": "The threshold frequency for a certain metal is 3.3 x 10^14 Hz. If light of frequency 8.2 x 10^14 Hz is incident on the metal, then cut-off voltage for photoelectric emission is:",
        "question_latex": "The threshold frequency for a certain metal is $3.3 \\times 10^{14}$ Hz. If light of frequency $8.2 \\times 10^{14}$ Hz is incident on the metal, then cut-off voltage for photoelectric emission is:",
        "question_images": [],
        "options": [
            "A. 1 V",
            "B. 2 V",
            "C. 3 V",
            "D. 5 V"
        ],
        "option_images": [],
        "answer": "B",
        "solution": "$eV_{s} = h(\\nu - \\nu_{0}) = 6.63 \\times 10^{-34} \\times (8.2 - 3.3) \\times 10^{14} = 6.63 \\times 4.9 \\times 10^{-20} \\approx 32.5 \\times 10^{-20}$ J. \n $V_{s} = \\frac{3.25 \\times 10^{-19}}{1.6 \\times 10^{-19}} \\approx 2.03$ V.",
        "difficulty": "Medium",
        "marks": 4
    },
    {
        "id": 98,
        "chapter": "Dual Nature of Radiation and Matter",
        "question": "Radiation of energy E falls normally on a perfectly reflecting surface. The momentum transferred to the surface is",
        "question_latex": "Radiation of energy $E$ falls normally on a perfectly reflecting surface. The momentum transferred to the surface is",
        "question_images": [],
        "options": [
            "A. E / c",
            "B. 2E / c",
            "C. Ec",
            "D. E / c^2"
        ],
        "option_images": [],
        "answer": "B",
        "solution": "Change in momentum $\\Delta p = p - (-p) = 2p = 2E/c$.",
        "difficulty": "Medium",
        "marks": 4
    },
    {
        "id": 99,
        "chapter": "Dual Nature of Radiation and Matter",
        "question": "The de-Broglie wavelength of an electron moving with velocity 1.5 x 10^8 m/s is equal to that of a photon. The ratio of kinetic energy of electron to energy of photon is [MHT-CET 2021]",
        "question_latex": "The de-Broglie wavelength of an electron moving with velocity $1.5 \\times 10^{8}~m/s$ is equal to that of a photon. The ratio of kinetic energy of electron to energy of photon is [MHT-CET 2021]",
        "question_images": [],
        "options": [
            "A. 1/4",
            "B. 1/2",
            "C. 2",
            "D. 4"
        ],
        "option_images": [],
        "answer": "A",
        "solution": "$E_{e} = 0.5 mv^{2} = p^{2}/2m$. $E_{p} = pc$. Ratio $= p/2mc = v/2c = (1.5 \\times 10^{8}) / (2 \\times 3 \\times 10^{8}) = 1.5/6 = 1/4$.",
        "difficulty": "Hard",
        "marks": 4
    },
    {
        "id": 100,
        "chapter": "Dual Nature of Radiation and Matter",
        "question": "An electron, an alpha particle and a proton have the same kinetic energy. Which of these particles has the shortest de-Broglie wavelength?",
        "question_latex": "An electron, an alpha particle and a proton have the same kinetic energy. Which of these particles has the shortest de-Broglie wavelength?",
        "question_images": [],
        "options": [
            "A. Electron",
            "B. Proton",
            "C. Alpha particle",
            "D. All have same"
        ],
        "option_images": [],
        "answer": "C",
        "solution": "$\\lambda = h/\\sqrt{2mK}$. For same $K$, $\\lambda \\propto 1/\\sqrt{m}$. Alpha particle has the largest mass, so it has the shortest wavelength.",
        "difficulty": "Easy",
        "marks": 4
    }
]