[
    {
        "id": 1,
        "chapter": "Reproduction in Lower and Higher Animals",
        "question": "Select the correct sequence of different phases of menstrual cycle.",
        "question_latex": "Select the correct sequence of different phases of menstrual cycle.",
        "question_images": [],
        "options": [
            "A. Menstrual phase → Ovulatory phase → Follicular phase → Secretory phase",
            "B. Menstrual phase → Follicular phase → Ovulatory phase → Secretory phase",
            "C. Menstrual phase → Secretory phase → Follicular phase → Ovulatory phase",
            "D. Menstrual phase → Secretory phase → Follicular phase → Ovulatory phase"
        ],
        "option_images": [],
        "answer": "B. Menstrual phase → Follicular phase → Ovulatory phase → Secretory phase",
        "solution": "The correct sequence of the human menstrual cycle is: \\n1. Menstrual phase (days 1-5) \\n2. Follicular/Proliferative phase (days 5-13) \\n3. Ovulatory phase (day 14) \\n4. Secretory/Luteal phase (days 15-28).",
        "solution_images": [],
        "difficulty": "easy",
        "marks": 4
    },
    {
        "id": 2,
        "chapter": "Reproduction in Lower and Higher Animals",
        "question": "Vulva does not include",
        "question_latex": "Vulva does not include",
        "question_images": [],
        "options": [
            "A. Mons pubis",
            "B. Clitoris",
            "C. Hymen",
            "D. Labia majora"
        ],
        "option_images": [],
        "answer": "C. Hymen",
        "solution": "The vulva (external female genitalia) consists of the mons pubis, labia majora, labia minora, clitoris, and the vestibule. The hymen is a thin membrane partially covering the vaginal opening and is technically considered an internal boundary structure rather than a primary component of the external vulva list.",
        "solution_images": [],
        "difficulty": "medium",
        "marks": 4
    },
    {
        "id": 3,
        "chapter": "Reproduction in Lower and Higher Animals",
        "question": "Following features are seen during dilation stage of parturition EXCEPT",
        "question_latex": "Following features are seen during dilation stage of parturition EXCEPT",
        "question_images": [],
        "options": [
            "A. Foetus gives signals for uterine contractions.",
            "B. Amniotic membrane of Foetus ruptures.",
            "C. Uterine contractions become stronger.",
            "D. Baby is pushed down in the uterus."
        ],
        "option_images": [],
        "answer": "A. Foetus gives signals for uterine contractions.",
        "solution": "The foetus and placenta give signals for parturition (fetal ejection reflex), which triggers the release of oxytocin *before* the dilation stage properly begins. Rupture of membranes and strengthening of contractions are hallmarks of the dilation stage itself.",
        "solution_images": [],
        "difficulty": "medium",
        "marks": 4
    },
    {
        "id": 4,
        "chapter": "Reproduction in Lower and Higher Animals",
        "question": "If vasectomized man attempts rape, then presence of which of the following confirms it?",
        "question_latex": "If vasectomized man attempts rape, then presence of which of the following confirms it?",
        "question_images": [],
        "options": [
            "A. Fructose in the vagina of female",
            "B. Uterine fluid in the vagina of female",
            "C. Sperms in the vagina of female",
            "D. Lactic acid in the vagina of female"
        ],
        "option_images": [],
        "answer": "A. Fructose in the vagina of female",
        "solution": "In a vasectomy, the vasa deferentia are ligated, preventing sperms from entering the semen. However, the seminal vesicles (which produce fructose) still contribute to the ejaculated fluid. Therefore, detecting fructose in the vagina proves the presence of semen.",
        "solution_images": [],
        "difficulty": "hard",
        "marks": 4
    },
    {
        "id": 5,
        "chapter": "Reproduction in Lower and Higher Animals",
        "question": "Testes are retained in scrotum by a short fibro-muscular band called ........",
        "question_latex": "Testes are retained in scrotum by a short fibro-muscular band called ........",
        "question_images": [],
        "options": [
            "A. dartos muscles",
            "B. pudendum",
            "C. detrusor muscles",
            "D. gubernaculum"
        ],
        "option_images": [],
        "answer": "D. gubernaculum",
        "solution": "The gubernaculum is a fibro-muscular cord that connects the testis to the bottom of the scrotal sac, guiding its descent and holding it in place.",
        "solution_images": [],
        "difficulty": "medium",
        "marks": 4
    },
    {
        "id": 6,
        "chapter": "Reproduction in Lower and Higher Animals",
        "question": "Absence of menstruation in a breast feeding mother is called",
        "question_latex": "Absence of menstruation in a breast feeding mother is called",
        "question_images": [],
        "options": [
            "A. Lactational amenorrhea",
            "B. menopause",
            "C. atresia",
            "D. menarche"
        ],
        "option_images": [],
        "answer": "A. Lactational amenorrhea",
        "solution": "Lactational amenorrhea is the temporary postnatal infertility that occurs when a woman is fully breastfeeding, as high levels of prolactin inhibit the release of $GnRH$ and subsequent ovulation.",
        "solution_images": [],
        "difficulty": "easy",
        "marks": 4
    },
    {
        "id": 7,
        "chapter": "Reproduction in Lower and Higher Animals",
        "question": "Select the INCORRECT statement with respect to secretory phase of ovarian cycle.",
        "question_latex": "Select the INCORRECT statement with respect to secretory phase of ovarian cycle.",
        "question_images": [],
        "options": [
            "A. After release of secondary oocyte, remaining tissue of graafian follicle transforms into corpus luteum.",
            "B. Corpus luteum begins to secrete progesterone under the effect of FSH.",
            "C. In absence of fertilization corpus luteum degenerates to form corpus albicans.",
            "D. This phase lasts from $15^{th}$ to 28th day of the cycle."
        ],
        "option_images": [],
        "answer": "B. Corpus luteum begins to secrete progesterone under the effect of FSH.",
        "solution": "Progesterone secretion by the corpus luteum is primarily stimulated by $LH$ (Luteinizing Hormone), not $FSH$.",
        "solution_images": [],
        "difficulty": "medium",
        "marks": 4
    },
    {
        "id": 8,
        "chapter": "Reproduction in Lower and Higher Animals",
        "question": "Human placenta is called haemochorial because",
        "question_latex": "Human placenta is called haemochorial because",
        "question_images": [],
        "options": [
            "A. It supplies nutrients and antibodies to developing foetus.",
            "B. Placenta acts as endocrine gland and produces hCG hormone.",
            "C. Foetal placenta is formed on chorionic villi and maternal placenta has rich supply of blood.",
            "D. Umblical cord is formed of three blood vessels."
        ],
        "option_images": [],
        "answer": "C. Foetal placenta is formed on chorionic villi and maternal placenta has rich supply of blood.",
        "solution": "In a haemochorial placenta, the fetal chorionic villi are in direct contact with the maternal blood, which pool in spaces (lacunae) within the endometrium.",
        "solution_images": [],
        "difficulty": "medium",
        "marks": 4
    },
    {
        "id": 9,
        "chapter": "Reproduction in Lower and Higher Animals",
        "question": "Which of the following processes is initiated by FSH?",
        "question_latex": "Which of the following processes is initiated by $FSH$?",
        "question_images": [],
        "options": [
            "A. Degeneration of endometrium",
            "B. Growth of Graafian follicle",
            "C. Maturation of spermatozoa",
            "D. Secretion of progesterone"
        ],
        "option_images": [],
        "answer": "B. Growth of Graafian follicle",
        "solution": "$FSH$ (Follicle Stimulating Hormone) targets the ovary to stimulate the growth and development of primary follicles into mature Graafian follicles.",
        "solution_images": [],
        "difficulty": "easy",
        "marks": 4
    },
    {
        "id": 10,
        "chapter": "Reproduction in Lower and Higher Animals",
        "question": "Select the correct pairs of germ layers and their derivates from the following: and choose the correct option given below.",
        "question_latex": "Select the correct pairs of germ layers and their derivates from the following: and choose the correct option given below.",
        "question_images": [
            "q10_1"
        ],
        "options": [
            "A. II, III & V only",
            "B. I, III & V only",
            "C. I and II only",
            "D. III, IV & V only"
        ],
        "option_images": [],
        "answer": "A. II, III & V only",
        "solution": "II (Ectoderm $\\rightarrow$ Iris/Ciliary muscles), III (Endoderm $\\rightarrow$ Lining of Middle ear), and V (Mesoderm $\\rightarrow$ Sclera/Choroid) are correct matches. Muscle groups (I) and Adrenal parts (IV) in the table were mismatched (e.g., adrenal medulla is ectodermal while cortex is mesodermal).",
        "solution_images": [],
        "difficulty": "hard",
        "marks": 4
    },
    {
        "id": 11,
        "chapter": "Reproduction in Lower and Higher Animals",
        "question": "Process such as menarche, menopause and reproductive cycles are controlled by",
        "question_latex": "Process such as menarche, menopause and reproductive cycles are controlled by",
        "question_images": [],
        "options": [
            "A. gonadotropins",
            "B. hCG",
            "C. relaxin",
            "D. oxytocin"
        ],
        "option_images": [],
        "answer": "A. gonadotropins",
        "solution": "Gonadotropins ($FSH$ and $LH$) from the anterior pituitary gland are the primary regulators of the female reproductive system and its life stages.",
        "solution_images": [],
        "difficulty": "easy",
        "marks": 4
    },
    {
        "id": 12,
        "chapter": "Reproduction in Lower and Higher Animals",
        "question": "As per the provision of the MTP Act, consent of is required for termination of pregnancy.",
        "question_latex": "As per the provision of the $MTP$ Act, consent of is required for termination of pregnancy.",
        "question_images": [],
        "options": [
            "A. pregnant women only",
            "B. registered medical practitioner only",
            "C. pregnant women and her husband",
            "D. pregnant women and her mother"
        ],
        "option_images": [],
        "answer": "A. pregnant women only",
        "solution": "According to the Medical Termination of Pregnancy ($MTP$) Act, only the consent of the pregnant woman is legally required to undergo the procedure.",
        "solution_images": [],
        "difficulty": "medium",
        "marks": 4
    },
    {
        "id": 13,
        "chapter": "Reproduction in Lower and Higher Animals",
        "question": "Following events occur during follicular phase EXCEPT",
        "question_latex": "Following events occur during follicular phase EXCEPT",
        "question_images": [],
        "options": [
            "A. other secondary follicles degenerate.",
            "B. developing follicles secrete progesterone.",
            "C. endometrium in uterus begins to regenerate.",
            "D. secondary follicle develops to form Graafian follicle."
        ],
        "option_images": [],
        "answer": "B. developing follicles secrete progesterone.",
        "solution": "During the follicular phase, follicles secrete *estrogen*. Progesterone is secreted by the corpus luteum during the *luteal/secretory phase*.",
        "solution_images": [],
        "difficulty": "medium",
        "marks": 4
    },
    {
        "id": 14,
        "chapter": "Reproduction in Lower and Higher Animals",
        "question": "Cowper's gland is a",
        "question_latex": "Cowper's gland is a",
        "question_images": [],
        "options": [
            "A. Gland that produces spermatic fluid in human males.",
            "B. Single, large accessory gland present in females, opens into vestibule and releases lubricating fluid.",
            "C. Gland present in human males and females and secretes many hromones.",
            "D. Paired, pea sized accessory gland in males situated on either side of urethra and secrets lubricating fluid."
        ],
        "option_images": [],
        "answer": "D. Paired, pea sized accessory gland in males situated on either side of urethra and secrets lubricating fluid.",
        "solution": "Cowper's glands (bulbourethral glands) are paired male accessory glands that secrete an alkaline, mucus-rich fluid to lubricate the urethra and neutralize urine acidity.",
        "solution_images": [],
        "difficulty": "easy",
        "marks": 4
    },
    {
        "id": 15,
        "chapter": "Reproduction in Lower and Higher Animals",
        "question": "Forceful muscular contractions of uterine wall is involved in",
        "question_latex": "Forceful muscular contractions of uterine wall is involved in",
        "question_images": [],
        "options": [
            "A. Implantation",
            "B. Lactation",
            "C. Micturition",
            "D. Parturition"
        ],
        "option_images": [],
        "answer": "D. Parturition",
        "solution": "Parturition (childbirth) requires powerful rhythmic contractions of the uterine myometrium, stimulated by the hormone oxytocin.",
        "solution_images": [],
        "difficulty": "easy",
        "marks": 4
    },
    {
        "id": 16,
        "chapter": "Reproduction in Lower and Higher Animals",
        "question": "Prostatic fluid contains",
        "question_latex": "Prostatic fluid contains",
        "question_images": [],
        "options": [
            "A. Citric acid, fructose and other enzymes.",
            "B. Prostaglandins, fibrinogen and acid phosphatase.",
            "C. Citric acid, acid phosphatase and other enzymes.",
            "D. Fructose, fibrinogen and prostaglandin."
        ],
        "option_images": [],
        "answer": "C. Citric acid, acid phosphatase and other enzymes.",
        "solution": "The prostate gland secretes a milky fluid containing citric acid, acid phosphatase, and various proteolytic enzymes. Fructose and prostaglandins are characteristic of seminal vesicle secretion.",
        "solution_images": [],
        "difficulty": "medium",
        "marks": 4
    },
    {
        "id": 17,
        "chapter": "Reproduction in Lower and Higher Animals",
        "question": "The cavity enclosed by ectoderm during gastrulation is called",
        "question_latex": "The cavity enclosed by ectoderm during gastrulation is called",
        "question_images": [],
        "options": [
            "A. amniotic cavity",
            "B. coelom",
            "C. antrum",
            "D. yolk sac"
        ],
        "option_images": [],
        "answer": "A. amniotic cavity",
        "solution": "During development, the amniotic cavity forms above the epiblast (which becomes ectoderm) and is lined by the amnion.",
        "solution_images": [],
        "difficulty": "medium",
        "marks": 4
    },
    {
        "id": 18,
        "chapter": "Reproduction in Lower and Higher Animals",
        "question": "The glycoprotein, fertilizin is secreted by",
        "question_latex": "The glycoprotein, fertilizin is secreted by",
        "question_images": [],
        "options": [
            "A. Ovum",
            "B. Ovary",
            "C. Sperm",
            "D. Testis"
        ],
        "option_images": [],
        "answer": "A. Ovum",
        "solution": "Fertilizin is a glycoprotein secreted by the plasma membrane of the ovum to attract and bind with the antifertilizin on the sperm head.",
        "solution_images": [],
        "difficulty": "easy",
        "marks": 4
    },
    {
        "id": 19,
        "chapter": "Reproduction in Lower and Higher Animals",
        "question": "The sperms undergo physiological maturation and acquire fertilizing capacity in",
        "question_latex": "The sperms undergo physiological maturation and acquire fertilizing capacity in",
        "question_images": [],
        "options": [
            "A. Cauda epididymis",
            "B. Caput epididymis",
            "C. Vasa efferentia",
            "D. Seminiferous tubules"
        ],
        "option_images": [],
        "answer": "B. Caput epididymis",
        "solution": "Sperms produced in the seminiferous tubules are non-motile. They gain physiological maturity and the ability to fertilize as they pass through the epididymis, starting in the caput (head) region.",
        "solution_images": [],
        "difficulty": "medium",
        "marks": 4
    },
    {
        "id": 20,
        "chapter": "Reproduction in Lower and Higher Animals",
        "question": "Menstrual cycle is completed in:",
        "question_latex": "Menstrual cycle is completed in:",
        "question_images": [],
        "options": [
            "A. 30 Days",
            "B. 31 Days",
            "C. 28 Days",
            "D. 27 Days"
        ],
        "option_images": [],
        "answer": "C. 28 Days",
        "solution": "On average, the human menstrual cycle lasts for 28 days.",
        "solution_images": [],
        "difficulty": "easy",
        "marks": 4
    },
    {
        "id": 21,
        "chapter": "Reproduction in Lower and Higher Animals",
        "question": "The phenomenon of development of unfertilized egg into adult is called",
        "question_latex": "The phenomenon of development of unfertilized egg into adult is called",
        "question_images": [],
        "options": [
            "A. Spermatogenesis",
            "B. Heterogametic",
            "C. Transgenesis",
            "D. Parthenogenesis"
        ],
        "option_images": [],
        "answer": "D. Parthenogenesis",
        "solution": "Parthenogenesis is the development of an embryo from an unfertilized egg cell.",
        "solution_images": [],
        "difficulty": "easy",
        "marks": 4
    },
    {
        "id": 22,
        "chapter": "Reproduction in Lower and Higher Animals",
        "question": "HCG is similar to",
        "question_latex": "$HCG$ is similar to",
        "question_images": [],
        "options": [
            "A. Estrogen",
            "B. LH",
            "C. FSH",
            "D. Progesterone"
        ],
        "option_images": [],
        "answer": "B. LH",
        "solution": "Human Chorionic Gonadotropin ($hCG$) is structurally and functionally similar to Luteinizing Hormone ($LH$). It maintains the corpus luteum in early pregnancy.",
        "solution_images": [],
        "difficulty": "medium",
        "marks": 4
    },
    {
        "id": 23,
        "chapter": "Reproduction in Lower and Higher Animals",
        "question": "Given below are two statements. Statement I: The spermatid is non-motile and non-functional, which gets transformed into functional spermatozoa by process of spermiogenesis. Statement II: During process of this change, the spermatids remain held to each other and to Leydig's cell by cytoplasmic bridges.",
        "question_latex": "Given below are two statements. Statement I: The spermatid is non-motile and non-functional, which gets transformed into functional spermatozoa by process of spermiogenesis. Statement II: During process of this change, the spermatids remain held to each other and to Leydig's cell by cytoplasmic bridges.",
        "question_images": [],
        "options": [
            "A. Both Statement I and Statement II are incorrect.",
            "B. Statement I is incorrect but Statement II is correct.",
            "C. Both Statement I and Statement II are correct.",
            "D. Statement I is correct but Statement II is incorrect."
        ],
        "option_images": [],
        "answer": "D. Statement I is correct but Statement II is incorrect.",
        "solution": "Statement I is correct. Statement II is incorrect because spermatids remain attached to *Sertoli cells* (nursing cells) for nutrition and support, not Leydig cells.",
        "solution_images": [],
        "difficulty": "hard",
        "marks": 4
    },
    {
        "id": 24,
        "chapter": "Reproduction in Lower and Higher Animals",
        "question": "What is \"After birth\" referred to?",
        "question_latex": "What is \"After birth\" referred to?",
        "question_images": [],
        "options": [
            "A. Amniotic fluid passing out",
            "B. Expulsion of baby",
            "C. Expulsion of placenta, umbilical cord and foetal membrane",
            "D. Secretion of hormone relaxin"
        ],
        "option_images": [],
        "answer": "C. Expulsion of placenta, umbilical cord and foetal membrane",
        "solution": "The third stage of labor, occurring after the birth of the baby, involves the expulsion of the placenta and fetal membranes, collectively called the 'afterbirth'.",
        "solution_images": [],
        "difficulty": "medium",
        "marks": 4
    },
    {
        "id": 25,
        "chapter": "Reproduction in Lower and Higher Animals",
        "question": "Protoplasm with many nuclei is present in cells.",
        "question_latex": "Protoplasm with many nuclei is present in cells.",
        "question_images": [],
        "options": [
            "A. epiblast",
            "B. hypoblast",
            "C. cytotrophoblast",
            "D. syncytiotrophoblast"
        ],
        "option_images": [],
        "answer": "D. syncytiotrophoblast",
        "solution": "The syncytiotrophoblast is a multinucleated, non-cellular layer formed by the fusion of trophoblast cells that invades the uterine lining during implantation.",
        "solution_images": [],
        "difficulty": "medium",
        "marks": 4
    },
    {
        "id": 26,
        "chapter": "Reproduction in Lower and Higher Animals",
        "question": "In human, unfertilized egg when released from ovary shows following features EXCEPT it is",
        "question_latex": "In human, unfertilized egg when released from ovary shows following features EXCEPT it is",
        "question_images": [],
        "options": [
            "A. Secondary oocyte",
            "B. Microlecithal",
            "C. Cleidoic",
            "D. Non motile"
        ],
        "option_images": [],
        "answer": "C. Cleidoic",
        "solution": "Cleidoic eggs are shelled eggs found in reptiles and birds. Human eggs are non-cleidoic (unshelled). They are secondary oocytes, contain very little yolk (microlecithal), and are non-motile.",
        "solution_images": [],
        "difficulty": "medium",
        "marks": 4
    },
    {
        "id": 27,
        "chapter": "Reproduction in Lower and Higher Animals",
        "question": "Which one of the following is a primary sex organ in human male?",
        "question_latex": "Which one of the following is a primary sex organ in human male?",
        "question_images": [],
        "options": [
            "A. Penis",
            "B. Vas deferens",
            "C. Scrotal sac",
            "D. Testis"
        ],
        "option_images": [],
        "answer": "D. Testis",
        "solution": "Primary sex organs (gonads) are those that produce gametes. In males, the testes are the primary sex organs because they produce spermatozoa.",
        "solution_images": [],
        "difficulty": "easy",
        "marks": 4
    },
    {
        "id": 28,
        "chapter": "Reproduction in Lower and Higher Animals",
        "question": "The testes are suspended in scrotal sac by",
        "question_latex": "The testes are suspended in scrotal sac by",
        "question_images": [],
        "options": [
            "A. Suspensory ligaments.",
            "B. Tunica vaginalis.",
            "C. Spermatic cord.",
            "D. Gubernaculum."
        ],
        "option_images": [],
        "answer": "C. Spermatic cord.",
        "solution": "The spermatic cord suspends the testis within the scrotum and contains the ductus deferens, blood vessels, and nerves.",
        "solution_images": [],
        "difficulty": "medium",
        "marks": 4
    },
    {
        "id": 29,
        "chapter": "Reproduction in Lower and Higher Animals",
        "question": "Which one of the following is INCORRECT about asexual reproduction?",
        "question_latex": "Which one of the following is INCORRECT about asexual reproduction?",
        "question_images": [],
        "options": [
            "A. Offsprings produced are genetically identical to parents.",
            "B. It is more common in lower organisms.",
            "C. It is uniparental.",
            "D. Exchange of genes between individuals is common."
        ],
        "option_images": [],
        "answer": "D. Exchange of genes between individuals is common.",
        "solution": "Asexual reproduction does not involve the fusion of gametes or the exchange of genetic material; offspring are clones of the single parent.",
        "solution_images": [],
        "difficulty": "easy",
        "marks": 4
    },
    {
        "id": 30,
        "chapter": "Reproduction in Lower and Higher Animals",
        "question": "Given below are the two statements regarding Graffian follicle. Statement I - In the Graffian follicle, the secondary oocyte lies eccentrically in liquor folliculli, which is enclosed by corona radiata. Statement II - Following ovulation, the Graafian follicle changes into temporary endocrine gland called corpus luteum.",
        "question_latex": "Given below are the two statements regarding Graffian follicle. Statement I - In the Graffian follicle, the secondary oocyte lies eccentrically in liquor folliculli, which is enclosed by corona radiata. Statement II - Following ovulation, the Graafian follicle changes into temporary endocrine gland called corpus luteum.",
        "question_images": [],
        "options": [
            "A. Both statement I and statement II are correct.",
            "B. Statement I is correct but statement II is incorrect.",
            "C. Both statement I and statement II are incorrect.",
            "D. Statement I is incorrect but statement II is correct."
        ],
        "option_images": [],
        "answer": "D. Statement I is incorrect but statement II is correct.",
        "solution": "Statement I is technically inaccurate because the secondary oocyte is directly surrounded by the *zona pellucida* first, then the corona radiata. Statement II is a standard biological fact.",
        "solution_images": [],
        "difficulty": "hard",
        "marks": 4
    },
    {
        "id": 31,
        "chapter": "Reproduction in Lower and Higher Animals",
        "question": "Given below is a graph with respect to levels of hormones in a pregnant female. Select the correct option.",
        "question_latex": "Given below is a graph with respect to levels of hormones in a pregnant female. Select the correct option.",
        "question_images": [
            "q31_1"
        ],
        "options": [
            "A. A is hCG and B is estrogen.",
            "B. A is estrogen and B is hCG.",
            "C. A is hCG and B is progesterone.",
            "D. A is estrogen and B is progesterone."
        ],
        "option_images": [],
        "answer": "D. A is estrogen and B is progesterone.",
        "solution": "In a pregnancy graph showing hormonal levels maintained after day 28, the curves for Estrogen ($A$) and Progesterone ($B$) both continue to rise to maintain the gestation period.",
        "solution_images": [],
        "difficulty": "hard",
        "marks": 4
    },
    {
        "id": 32,
        "chapter": "Reproduction in Lower and Higher Animals",
        "question": "Cumulus oophorus is formed of",
        "question_latex": "Cumulus oophorus is formed of",
        "question_images": [],
        "options": [
            "A. Corona radiata cells and discus proligerus",
            "B. Spermatocytes and Sertoli cells",
            "C. Theca interna and membrana granulosa",
            "D. Oocyte and surrounding granulosa cells"
        ],
        "option_images": [],
        "answer": "D. Oocyte and surrounding granulosa cells",
        "solution": "The cumulus oophorus is a cluster of follicular granulosa cells that surrounds the oocyte in the Graafian follicle.",
        "solution_images": [],
        "difficulty": "medium",
        "marks": 4
    },
    {
        "id": 33,
        "chapter": "Reproduction in Lower and Higher Animals",
        "question": "Usually at which pH, the human sperms become motile?",
        "question_latex": "Usually at which pH, the human sperms become motile?",
        "question_images": [],
        "options": [
            "A. 6.0 to 6.5",
            "B. 7.5 to 8.5",
            "C. 4.0 to 4.5",
            "D. 4.5 to 5.0"
        ],
        "option_images": [],
        "answer": "A. 6.0 to 6.5",
        "solution": "Sperms gain motility in a slightly acidic environment around pH 6.0-6.5.",
        "solution_images": [],
        "difficulty": "hard",
        "marks": 4
    },
    {
        "id": 34,
        "chapter": "Reproduction in Lower and Higher Animals",
        "question": "Inhibin hormone mostly inhibits production of and hormones.",
        "question_latex": "Inhibin hormone mostly inhibits production of and hormones.",
        "question_images": [],
        "options": [
            "A. PTH and MSH",
            "B. GIP and GRP",
            "C. CCK and PZ",
            "D. FSH and GnRH"
        ],
        "option_images": [],
        "answer": "D. FSH and GnRH",
        "solution": "Inhibin, produced by Sertoli cells or the corpus luteum, provides negative feedback primarily to $FSH$ and can influence $GnRH$.",
        "solution_images": [],
        "difficulty": "medium",
        "marks": 4
    },
    {
        "id": 35,
        "chapter": "Reproduction in Lower and Higher Animals",
        "question": "A solid ball of blastomere formed in the embryogenesis is called",
        "question_latex": "A solid ball of blastomere formed in the embryogenesis is called",
        "question_images": [],
        "options": [
            "A. Synkaryon",
            "B. Morula",
            "C. Gastrula",
            "D. Blastomeric vesicle"
        ],
        "option_images": [],
        "answer": "B. Morula",
        "solution": "The morula is the 16 to 32 cell solid ball stage of the developing embryo.",
        "solution_images": [],
        "difficulty": "easy",
        "marks": 4
    },
    {
        "id": 36,
        "chapter": "Reproduction in Lower and Higher Animals",
        "question": "Human embryo is solid ball of 16-32 cells by the end of day after fertilization.",
        "question_latex": "Human embryo is solid ball of 16-32 cells by the end of day after fertilization.",
        "question_images": [],
        "options": [
            "A. 6th",
            "B. 5th",
            "C. 4th",
            "D. 3rd"
        ],
        "option_images": [],
        "answer": "C. 4th",
        "solution": "The morula stage is reached approximately 4 days after fertilization as the embryo travels through the Fallopian tube.",
        "solution_images": [],
        "difficulty": "medium",
        "marks": 4
    },
    {
        "id": 37,
        "chapter": "Reproduction in Lower and Higher Animals",
        "question": "The carriers (heterozygous) of sickle cell anaemia trait can be identified by microscopic examination of their",
        "question_latex": "The carriers (heterozygous) of sickle cell anaemia trait can be identified by microscopic examination of their",
        "question_images": [],
        "options": [
            "A. embryonal cell",
            "B. blood",
            "C. somatic cell",
            "D. nervous tissue"
        ],
        "option_images": [],
        "answer": "B. blood",
        "solution": "Sickle cell carriers are identified by observing sickled red blood cells in a blood smear under low oxygen conditions.",
        "solution_images": [],
        "difficulty": "medium",
        "marks": 4
    },
    {
        "id": 38,
        "chapter": "Reproduction in Lower and Higher Animals",
        "question": "With reference to adolescence, what is mhGAP?",
        "question_latex": "With reference to adolescence, what is $mhGAP$?",
        "question_images": [],
        "options": [
            "A. A programmer by Maharashtra State Government for the treatment of physical disorder.",
            "B. A programme by WHO for the treatment of mental disorder.",
            "C. A programme by WHO to improve reproduction health.",
            "D. A programme by Maharashtra Statement Government to improves reproduction health."
        ],
        "option_images": [],
        "answer": "B. A programme by WHO for the treatment of mental disorder.",
        "solution": "The Mental Health Gap Action Programme ($mhGAP$) is a $WHO$ initiative for the management of mental, neurological, and substance use disorders.",
        "solution_images": [],
        "difficulty": "hard",
        "marks": 4
    },
    {
        "id": 39,
        "chapter": "Reproduction in Lower and Higher Animals",
        "question": "Colostrum, secreted by mammary glands of mother soon after child birth, contains",
        "question_latex": "Colostrum, secreted by mammary glands of mother soon after child birth, contains",
        "question_images": [],
        "options": [
            "A. Fats, lactose, Alpha-l-acid glycoprotein.",
            "B. Soluble proteins, Serum Amyloid P, IgA antibodies",
            "C. Fats, proteins and a -interferon.",
            "D. Proteins, lactose and IgA antibodies."
        ],
        "option_images": [],
        "answer": "D. Proteins, lactose and IgA antibodies.",
        "solution": "Colostrum is the first milk produced after birth. It is rich in proteins, lactose, and $IgA$ antibodies which provide passive immunity to the newborn.",
        "solution_images": [],
        "difficulty": "medium",
        "marks": 4
    },
    {
        "id": 40,
        "chapter": "Reproduction in Lower and Higher Animals",
        "question": "Which contraceptive device attracts macrophages in the uterine cavity for phagocytosis of sperms?",
        "question_latex": "Which contraceptive device attracts macrophages in the uterine cavity for phagocytosis of sperms?",
        "question_images": [],
        "options": [
            "A. Multiload 375",
            "B. LNG-20",
            "C. Vaults",
            "D. Lippes loop"
        ],
        "option_images": [],
        "answer": "D. Lippes loop",
        "solution": "Lippes loop is a non-medicated $IUD$ that causes a mild inflammatory response in the uterus, attracting macrophages that engulf sperms.",
        "solution_images": [],
        "difficulty": "medium",
        "marks": 4
    },
    {
        "id": 41,
        "chapter": "Reproduction in Lower and Higher Animals",
        "question": "The glans penis is a derivative of",
        "question_latex": "The glans penis is a derivative of",
        "question_images": [],
        "options": [
            "A. Corpus albicans",
            "B. Corpus callosum",
            "C. Corpus spongiosum",
            "D. Corpora cavernosa"
        ],
        "option_images": [],
        "answer": "C. Corpus spongiosum",
        "solution": "The corpus spongiosum erectile tissue surrounds the urethra and its distal expanded end forms the glans penis.",
        "solution_images": [],
        "difficulty": "medium",
        "marks": 4
    },
    {
        "id": 42,
        "chapter": "Reproduction in Lower and Higher Animals",
        "question": "Nebenkern, located in the middle piece of sperm is composed of",
        "question_latex": "Nebenkern, located in the middle piece of sperm is composed of",
        "question_images": [],
        "options": [
            "A. Lysosomes",
            "B. Mitochondria",
            "C. Ribosomes",
            "D. Distal centriole"
        ],
        "option_images": [],
        "answer": "B. Mitochondria",
        "solution": "The Nebenkern is a spiral of mitochondria found in the middle piece of a spermatozoon, providing energy for motility.",
        "solution_images": [],
        "difficulty": "medium",
        "marks": 4
    },
    {
        "id": 43,
        "chapter": "Reproduction in Lower and Higher Animals",
        "question": "The corona radiate present around the female gamete is made up of",
        "question_latex": "The corona radiate present around the female gamete is made up of",
        "question_images": [],
        "options": [
            "A. Cells of theca externa",
            "B. Granulosa cells",
            "C. Cells of theca interna",
            "D. Cortical cells of ovary"
        ],
        "option_images": [],
        "answer": "B. Granulosa cells",
        "solution": "The corona radiata is a layer of follicular granulosa cells that remains attached to the oocyte after ovulation.",
        "solution_images": [],
        "difficulty": "medium",
        "marks": 4
    },
    {
        "id": 44,
        "chapter": "Reproduction in Lower and Higher Animals",
        "question": "Complete the analogy with respect to reproductive system.",
        "question_latex": "Complete the analogy with respect to reproductive system.",
        "question_images": [],
        "options": [
            "A. Vulva",
            "B. Clitoris",
            "C. Cervix",
            "D. Vagina"
        ],
        "option_images": [],
        "answer": "B. Clitoris",
        "solution": "Assuming the analogy relates to homologous structures (e.g., Penis : Clitoris), the Clitoris is the correct answer.",
        "solution_images": [],
        "difficulty": "medium",
        "marks": 4
    },
    {
        "id": 45,
        "chapter": "Reproduction in Lower and Higher Animals",
        "question": "Match column I and II with respect to male reproductive system and select the correct option given below.",
        "question_latex": "Match column I and II with respect to male reproductive system and select the correct option given below.",
        "question_images": [
            "q45_1"
        ],
        "options": [
            "A. (a)-(iv), (b)-(iii), (c)-(ii), (d)-(i)",
            "B. (a)-(iii), (b)-(i), (c)-(iv), (d)-(ii)",
            "C. (a)-(iii), (b)-(ii), (c)-(i), (d)-(iv)",
            "D. (a)-(i), (b)-(iv), (c)-(iii), (d)-(ii)"
        ],
        "option_images": [],
        "answer": "A. (a)-(iv), (b)-(iii), (c)-(ii), (d)-(i)",
        "solution": "(a) Prostaglandins $\\rightarrow$ (iv) Aid movement in female body. (b) Fructose $\\rightarrow$ (iii) Energy for motility. (c) Acid phosphatase $\\rightarrow$ (ii) Protection. (d) Fibrinogen $\\rightarrow$ (i) Coagulation.",
        "solution_images": [],
        "difficulty": "hard",
        "marks": 4
    },
    {
        "id": 46,
        "chapter": "Reproduction in Lower and Higher Animals",
        "question": "How many spermatozoa will be produced from 10 million spermatids?",
        "question_latex": "How many spermatozoa will be produced from 10 million spermatids?",
        "question_images": [],
        "options": [
            "A. 80 million",
            "B. 20 million",
            "C. 10 million",
            "D. 40 million"
        ],
        "option_images": [],
        "answer": "C. 10 million",
        "solution": "Spermiogenesis is the transformation of spermatids into spermatozoa. Since it is a differentiation process (not division), 10 million spermatids will produce 10 million spermatozoa.",
        "solution_images": [],
        "difficulty": "medium",
        "marks": 4
    },
    {
        "id": 47,
        "chapter": "Reproduction in Lower and Higher Animals",
        "question": "A girl of 16 years age has following features: Webbed neck, lack of secondary sexual characters and under-developed ovaries. These features are related to following chromosomal disorder EXCEPT",
        "question_latex": "A girl of 16 years age has following features: Webbed neck, lack of secondary sexual characters and under-developed ovaries. These features are related to following chromosomal disorder EXCEPT",
        "question_images": [],
        "options": [
            "A. 44+XO",
            "B. Aneuploidy",
            "C. Monosomy of X",
            "D. Trisomy of X"
        ],
        "option_images": [],
        "answer": "D. Trisomy of X",
        "solution": "The described features are characteristic of Turner's syndrome (44+XO), which is a case of aneuploidy and monosomy. It is *not* a case of trisomy.",
        "solution_images": [],
        "difficulty": "hard",
        "marks": 4
    },
    {
        "id": 48,
        "chapter": "Reproduction in Lower and Higher Animals",
        "question": "Release of semen into the vagina during coitus is called",
        "question_latex": "Release of semen into the vagina during coitus is called",
        "question_images": [],
        "options": [
            "A. Insemination",
            "B. Capacitation",
            "C. Implantation",
            "D. Gametogenesis"
        ],
        "option_images": [],
        "answer": "A. Insemination",
        "solution": "Insemination is the act of depositing semen into the female reproductive tract.",
        "solution_images": [],
        "difficulty": "easy",
        "marks": 4
    },
    {
        "id": 49,
        "chapter": "Reproduction in Lower and Higher Animals",
        "question": "Which of the following hormones initiates parturition?",
        "question_latex": "Which of the following hormones initiates parturition?",
        "question_images": [],
        "options": [
            "A. hCG",
            "B. Estrogen",
            "C. Progesterone",
            "D. ACTH"
        ],
        "option_images": [],
        "answer": "D. ACTH",
        "solution": "Parturition is initiated by signals from the mature foetus, which triggers the release of $ACTH$ from the fetal pituitary, eventually leading to oxytocin release in the mother.",
        "solution_images": [],
        "difficulty": "hard",
        "marks": 4
    },
    {
        "id": 50,
        "chapter": "Reproduction in Lower and Higher Animals",
        "question": "Which one of the following glands is situated on either side of the vaginal opening?",
        "question_latex": "Which one of the following glands is situated on either side of the vaginal opening?",
        "question_images": [],
        "options": [
            "A. Cowper's gland",
            "B. Bartholin's gland",
            "C. Bulbourethral gland",
            "D. Prostate gland"
        ],
        "option_images": [],
        "answer": "B. Bartholin's gland",
        "solution": "Bartholin's glands (greater vestibular glands) are located on either side of the vaginal orifice and secrete lubricating fluid.",
        "solution_images": [],
        "difficulty": "medium",
        "marks": 4
    },
    {
        "id": 51,
        "chapter": "Reproduction in Lower and Higher Animals",
        "question": "During secretory phase, the thickness of endometrium increases up to",
        "question_latex": "During secretory phase, the thickness of endometrium increases up to",
        "question_images": [],
        "options": [
            "A. 3 mm to 5 mm",
            "B. 1 mm to 3 mm",
            "C. 2 mm to 4 mm",
            "D. 8 mm to 10 mm"
        ],
        "option_images": [],
        "answer": "D. 8 mm to 10 mm",
        "solution": "Under the influence of progesterone in the secretory phase, the endometrium becomes very thick (approx. 8-10 mm) and vascular for potential implantation.",
        "solution_images": [],
        "difficulty": "medium",
        "marks": 4
    },
    {
        "id": 52,
        "chapter": "Reproduction in Lower and Higher Animals",
        "question": "Relaxin is secreted by which part of the female reproductive system?",
        "question_latex": "Relaxin is secreted by which part of the female reproductive system?",
        "question_images": [],
        "options": [
            "A. Ovary",
            "B. Uterus",
            "C. Cervix",
            "D. Fallopian tube"
        ],
        "option_images": [],
        "answer": "A. Ovary",
        "solution": "Relaxin is secreted by the corpus luteum of the ovary during pregnancy to soften the pelvic ligaments and cervix.",
        "solution_images": [],
        "difficulty": "medium",
        "marks": 4
    },
    {
        "id": 53,
        "chapter": "Reproduction in Lower and Higher Animals",
        "question": "Given below is diagram of T. S of testis. Select the option which gives correct identification of function of cells labeled A, B, C and D from the options given below.",
        "question_latex": "Given below is diagram of $T.S.$ of testis. Select the option which gives correct identification of function of cells labeled $A, B, C$ and $D$ from the options given below.",
        "question_images": [
            "q53_1"
        ],
        "options": [
            "A. IV only",
            "B. III and IV only",
            "C. I and IV only",
            "D. I and II only"
        ],
        "option_images": [],
        "answer": "C. I and IV only",
        "solution": "In the T.S. of testis: $I$ represents the germinal epithelium (cell production) and $IV$ represents the spermatozoa (gametes). Sertoli and Leydig matches are often flipped in distractor options.",
        "solution_images": [],
        "difficulty": "hard",
        "marks": 4
    },
    {
        "id": 54,
        "chapter": "Reproduction in Lower and Higher Animals",
        "question": "The middle layer of the uterine wall is",
        "question_latex": "The middle layer of the uterine wall is",
        "question_images": [],
        "options": [
            "A. Epimetrium",
            "B. Perimetrium",
            "C. Myometrium",
            "D. Endometrium"
        ],
        "option_images": [],
        "answer": "C. Myometrium",
        "solution": "The middle thick muscular layer of the uterus is the myometrium.",
        "solution_images": [],
        "difficulty": "easy",
        "marks": 4
    },
    {
        "id": 55,
        "chapter": "Reproduction in Lower and Higher Animals",
        "question": "In humans, the blastocyst gets implanted in the uterus about days after fertilization.",
        "question_latex": "In humans, the blastocyst gets implanted in the uterus about days after fertilization.",
        "question_images": [],
        "options": [
            "A. 2",
            "B. 4",
            "C. 7",
            "D. 10"
        ],
        "option_images": [],
        "answer": "C. 7",
        "solution": "Implantation of the blastocyst typically occurs 7 days after fertilization.",
        "solution_images": [],
        "difficulty": "medium",
        "marks": 4
    },
    {
        "id": 56,
        "chapter": "Reproduction in Lower and Higher Animals",
        "question": "What is the function of the acrosome in human sperm?",
        "question_latex": "What is the function of the acrosome in human sperm?",
        "question_images": [],
        "options": [
            "A. Provides energy for swimming",
            "B. Contains genetic material",
            "C. Helps in penetration of the egg",
            "D. Controls sperm motility"
        ],
        "option_images": [],
        "answer": "C. Helps in penetration of the egg",
        "solution": "The acrosome contains hydrolytic enzymes (like hyaluronidase) that help the sperm penetrate the protective layers of the egg.",
        "solution_images": [],
        "difficulty": "easy",
        "marks": 4
    },
    {
        "id": 57,
        "chapter": "Reproduction in Lower and Higher Animals",
        "question": "The first menstrual period at puberty is called",
        "question_latex": "The first menstrual period at puberty is called",
        "question_images": [],
        "options": [
            "A. Menopause",
            "B. Menarche",
            "C. Amenorrhea",
            "D. Dysmenorrhea"
        ],
        "option_images": [],
        "answer": "B. Menarche",
        "solution": "Menarche marks the onset of puberty and reproductive capability in females.",
        "solution_images": [],
        "difficulty": "easy",
        "marks": 4
    },
    {
        "id": 58,
        "chapter": "Reproduction in Lower and Higher Animals",
        "question": "Sertoli cells are found in",
        "question_latex": "Sertoli cells are found in",
        "question_images": [],
        "options": [
            "A. Ovaries",
            "B. Adrenal cortex",
            "C. Pancreas",
            "D. Seminiferous tubules"
        ],
        "option_images": [],
        "answer": "D. Seminiferous tubules",
        "solution": "Sertoli cells provide nourishment and support to developing sperm cells within the seminiferous tubules.",
        "solution_images": [],
        "difficulty": "easy",
        "marks": 4
    },
    {
        "id": 59,
        "chapter": "Reproduction in Lower and Higher Animals",
        "question": "Capacitation refers to changes in the",
        "question_latex": "Capacitation refers to changes in the",
        "question_images": [],
        "options": [
            "A. Ovum before fertilization",
            "B. Ovum after fertilization",
            "C. Sperm before fertilization",
            "D. Sperm after fertilization"
        ],
        "option_images": [],
        "answer": "C. Sperm before fertilization",
        "solution": "Capacitation is the physiological change that occurs to sperms within the female reproductive tract, making them capable of fertilizing an egg.",
        "solution_images": [],
        "difficulty": "medium",
        "marks": 4
    },
    {
        "id": 60,
        "chapter": "Reproduction in Lower and Higher Animals",
        "question": "In which stage of the cell cycle is the secondary oocyte arrested?",
        "question_latex": "In which stage of the cell cycle is the secondary oocyte arrested?",
        "question_images": [],
        "options": [
            "A. Prophase I",
            "B. Metaphase I",
            "C. Prophase II",
            "D. Metaphase II"
        ],
        "option_images": [],
        "answer": "D. Metaphase II",
        "solution": "The secondary oocyte is released during ovulation and remains arrested in Metaphase II until fertilization occurs.",
        "solution_images": [],
        "difficulty": "medium",
        "marks": 4
    },
    {
        "id": 61,
        "chapter": "Reproduction in Lower and Higher Animals",
        "question": "Which hormone is primarily responsible for ovulation?",
        "question_latex": "Which hormone is primarily responsible for ovulation?",
        "question_images": [],
        "options": [
            "A. Estrogen",
            "B. Progesterone",
            "C. FSH",
            "D. LH"
        ],
        "option_images": [],
        "answer": "D. LH",
        "solution": "A sudden surge in $LH$ (Luteinizing Hormone) triggers the release of the egg from the Graafian follicle.",
        "solution_images": [],
        "difficulty": "easy",
        "marks": 4
    },
    {
        "id": 62,
        "chapter": "Reproduction in Lower and Higher Animals",
        "question": "The funnel-shaped part of the Fallopian tube is the",
        "question_latex": "The funnel-shaped part of the Fallopian tube is the",
        "question_images": [],
        "options": [
            "A. Isthmus",
            "B. Ampulla",
            "C. Infundibulum",
            "D. Fimbriae"
        ],
        "option_images": [],
        "answer": "C. Infundibulum",
        "solution": "The infundibulum is the proximal funnel-shaped portion of the oviduct that opens into the peritoneal cavity.",
        "solution_images": [],
        "difficulty": "easy",
        "marks": 4
    },
    {
        "id": 63,
        "chapter": "Reproduction in Lower and Higher Animals",
        "question": "The part of the sperm that contains enzymes for egg penetration is",
        "question_latex": "The part of the sperm that contains enzymes for egg penetration is",
        "question_images": [],
        "options": [
            "A. Tail",
            "B. Middle piece",
            "C. Head",
            "D. Neck"
        ],
        "option_images": [],
        "answer": "C. Head",
        "solution": "The head of the sperm contains the nucleus and the acrosome, which has the necessary enzymes.",
        "solution_images": [],
        "difficulty": "easy",
        "marks": 4
    },
    {
        "id": 64,
        "chapter": "Reproduction in Lower and Higher Animals",
        "question": "Which of the following is the site of sperm production?",
        "question_latex": "Which of the following is the site of sperm production?",
        "question_images": [],
        "options": [
            "A. Epididymis",
            "B. Vas deferens",
            "C. Seminiferous tubules",
            "D. Prostate gland"
        ],
        "option_images": [],
        "answer": "C. Seminiferous tubules",
        "solution": "Spermatogenesis occurs within the seminiferous tubules of the testes.",
        "solution_images": [],
        "difficulty": "easy",
        "marks": 4
    },
    {
        "id": 65,
        "chapter": "Reproduction in Lower and Higher Animals",
        "question": "Total number of polar bodies formed during oogenesis in human is",
        "question_latex": "Total number of polar bodies formed during oogenesis in human is",
        "question_images": [],
        "options": [
            "A. 1",
            "B. 2",
            "C. 3",
            "D. 4"
        ],
        "option_images": [],
        "answer": "B. 2",
        "solution": "During oogenesis, one polar body is formed at the end of Meiosis I and a second is formed at the end of Meiosis II (after fertilization).",
        "solution_images": [],
        "difficulty": "medium",
        "marks": 4
    },
    {
        "id": 66,
        "chapter": "Reproduction in Lower and Higher Animals",
        "question": "The fluid-filled cavity in a Graafian follicle is called",
        "question_latex": "The fluid-filled cavity in a Graafian follicle is called",
        "question_images": [],
        "options": [
            "A. Coelom",
            "B. Blastocoel",
            "C. Antrum",
            "D. Amniotic cavity"
        ],
        "option_images": [],
        "answer": "C. Antrum",
        "solution": "The antrum is the characteristic fluid-filled space within a secondary or mature follicle.",
        "solution_images": [],
        "difficulty": "easy",
        "marks": 4
    },
    {
        "id": 67,
        "chapter": "Reproduction in Lower and Higher Animals",
        "question": "Fructose present in semen is secreted by",
        "question_latex": "Fructose present in semen is secreted by",
        "question_images": [],
        "options": [
            "A. Prostate gland",
            "B. Cowper's gland",
            "C. Bartholin's gland",
            "D. Seminal vesicle"
        ],
        "option_images": [],
        "answer": "D. Seminal vesicle",
        "solution": "Seminal vesicles secrete a nutrient-rich alkaline fluid containing fructose for sperm energy.",
        "solution_images": [],
        "difficulty": "easy",
        "marks": 4
    },
    {
        "id": 68,
        "chapter": "Reproduction in Lower and Higher Animals",
        "question": "How many autosomes are present in a human secondary spermatocyte?",
        "question_latex": "How many autosomes are present in a human secondary spermatocyte?",
        "question_images": [],
        "options": [
            "A. 22",
            "B. 23",
            "C. 44",
            "D. 46"
        ],
        "option_images": [],
        "answer": "A. 22",
        "solution": "A secondary spermatocyte is haploid ($n=23$). It consists of 22 autosomes and 1 sex chromosome ($X$ or $Y$).",
        "solution_images": [],
        "difficulty": "hard",
        "marks": 4
    },
    {
        "id": 69,
        "chapter": "Reproduction in Lower and Higher Animals",
        "question": "What is the chromosomal constitution of a mature sperm?",
        "question_latex": "What is the chromosomal constitution of a mature sperm?",
        "question_images": [],
        "options": [
            "A. 44 + XY",
            "B. 22 + X or 22 + Y",
            "C. 22 + XY",
            "D. 44 + X or 44 + Y"
        ],
        "option_images": [],
        "answer": "B. 22 + X or 22 + Y",
        "solution": "A mature sperm is a haploid cell ($n$) containing 23 chromosomes.",
        "solution_images": [],
        "difficulty": "easy",
        "marks": 4
    },
    {
        "id": 70,
        "chapter": "Reproduction in Lower and Higher Animals",
        "question": "Which part of the ovary secretes progesterone?",
        "question_latex": "Which part of the ovary secretes progesterone?",
        "question_images": [],
        "options": [
            "A. Germinal epithelium",
            "B. Stroma",
            "C. Corpus luteum",
            "D. Graafian follicle"
        ],
        "option_images": [],
        "answer": "C. Corpus luteum",
        "solution": "The corpus luteum, formed after ovulation, is a temporary endocrine gland that secretes large amounts of progesterone.",
        "solution_images": [],
        "difficulty": "easy",
        "marks": 4
    },
    {
        "id": 71,
        "chapter": "Reproduction in Lower and Higher Animals",
        "question": "Cleavage in human zygote is",
        "question_latex": "Cleavage in human zygote is",
        "question_images": [],
        "options": [
            "A. Holoblastic and unequal",
            "B. Meroblastic and equal",
            "C. Holoblastic and equal",
            "D. Meroblastic and unequal"
        ],
        "option_images": [],
        "answer": "C. Holoblastic and equal",
        "solution": "Since human eggs have very little yolk (isolecithal), the entire zygote divides completely (holoblastic) and relatively equally.",
        "solution_images": [],
        "difficulty": "hard",
        "marks": 4
    },
    {
        "id": 72,
        "chapter": "Reproduction in Lower and Higher Animals",
        "question": "The trophoblast cells in contact with the inner cell mass are called",
        "question_latex": "The trophoblast cells in contact with the inner cell mass are called",
        "question_images": [],
        "options": [
            "A. Cells of Rauber",
            "B. Hensen's cells",
            "C. Germinal cells",
            "D. Follicular cells"
        ],
        "option_images": [],
        "answer": "A. Cells of Rauber",
        "solution": "Cells of Rauber are the specific trophoblast cells located directly over the embryonic disc/inner cell mass.",
        "solution_images": [],
        "difficulty": "hard",
        "marks": 4
    },
    {
        "id": 73,
        "chapter": "Reproduction in Lower and Higher Animals",
        "question": "Vaginal opening is also called",
        "question_latex": "Vaginal opening is also called",
        "question_images": [],
        "options": [
            "A. Ostium",
            "B. Orifice",
            "C. Vestibule",
            "D. Ampulla"
        ],
        "option_images": [],
        "answer": "B. Orifice",
        "solution": "The vaginal orifice is the opening of the vagina to the exterior.",
        "solution_images": [],
        "difficulty": "easy",
        "marks": 4
    },
    {
        "id": 74,
        "chapter": "Reproduction in Lower and Higher Animals",
        "question": "The structure that connects the fetus to the placenta is the",
        "question_latex": "The structure that connects the fetus to the placenta is the",
        "question_images": [],
        "options": [
            "A. Amnion",
            "B. Chorion",
            "C. Umbilical cord",
            "D. Yolk sac"
        ],
        "option_images": [],
        "answer": "C. Umbilical cord",
        "solution": "The umbilical cord carries blood between the placenta and the fetus.",
        "solution_images": [],
        "difficulty": "easy",
        "marks": 4
    },
    {
        "id": 75,
        "chapter": "Reproduction in Lower and Higher Animals",
        "question": "In humans, the sex of the child is determined by the",
        "question_latex": "In humans, the sex of the child is determined by the",
        "question_images": [],
        "options": [
            "A. Mother",
            "B. Father",
            "C. Environment",
            "D. Both parents equally"
        ],
        "option_images": [],
        "answer": "B. Father",
        "solution": "Since males are heterogametic ($XY$), the sperm (carrying either $X$ or $Y$) determines the sex of the zygote.",
        "solution_images": [],
        "difficulty": "easy",
        "marks": 4
    },
    {
        "id": 76,
        "chapter": "Reproduction in Lower and Higher Animals",
        "question": "Which of the following is not an accessory gland of the human male?",
        "question_latex": "Which of the following is not an accessory gland of the human male?",
        "question_images": [],
        "options": [
            "A. Seminal vesicle",
            "B. Bulbourethral gland",
            "C. Prostate gland",
            "D. Bartholin's gland"
        ],
        "option_images": [],
        "answer": "D. Bartholin's gland",
        "solution": "Bartholin's glands are female accessory glands.",
        "solution_images": [],
        "difficulty": "easy",
        "marks": 4
    },
    {
        "id": 77,
        "chapter": "Reproduction in Lower and Higher Animals",
        "question": "Which part of the sperm provides energy for movement?",
        "question_latex": "Which part of the sperm provides energy for movement?",
        "question_images": [],
        "options": [
            "A. Head",
            "B. Neck",
            "C. Middle piece",
            "D. Tail"
        ],
        "option_images": [],
        "answer": "C. Middle piece",
        "solution": "The middle piece contains mitochondria that produce $ATP$.",
        "solution_images": [],
        "difficulty": "easy",
        "marks": 4
    },
    {
        "id": 78,
        "chapter": "Reproduction in Lower and Higher Animals",
        "question": "Given is the diagram of human male reproductive system. Identify A, B and C and select the correct option given below.",
        "question_latex": "Given is the diagram of human male reproductive system. Identify $A, B$ and $C$ and select the correct option given below.",
        "question_images": [
            "q78_1"
        ],
        "options": [
            "A. A - Prostate gland, B - Cowper's gland, C - seminal vesicle",
            "B. A-Cowper's gland, B - Seminal vesicle, C- prostate gland",
            "C. A - Prostate gland, B - Seminal vesicle, C - Cowper's gland",
            "D. A-Seminal vesicle, B - Prostate gland, C - Cowper's gland"
        ],
        "option_images": [],
        "answer": "D. A-Seminal vesicle, B - Prostate gland, C - Cowper's gland",
        "solution": "In the diagram: $A$ is the Seminal vesicle, $B$ is the Prostate gland, and $C$ is the Cowper's gland.",
        "solution_images": [],
        "difficulty": "medium",
        "marks": 4
    },
    {
        "id": 79,
        "chapter": "Reproduction in Lower and Higher Animals",
        "question": "Match the phase of menstrual cycle in Column I with the respective levels of hormones in Column II.",
        "question_latex": "Match the phase of menstrual cycle in Column I with the respective levels of hormones in Column II.",
        "question_images": [
            "q79_1"
        ],
        "options": [
            "A. (a)-(iii), (b)-(ii), (c)-(i), (d)-(iv)",
            "B. (a)-(ii), (b)-(i), (c)-(iv), (d)-(iii)",
            "C. (a)-(i), (b)-(iv), (c)-(iii), (d)-(ii)",
            "D. (a)-(iv), (b)-(iii), (c)-(ii), (d)-(i)"
        ],
        "option_images": [],
        "answer": "D. (a)-(iv), (b)-(iii), (c)-(ii), (d)-(i)",
        "solution": "Luteal phase (a) $\\rightarrow$ Progesterone increase (iv). Ovulatory phase (b) $\\rightarrow$ $LH$ increase (iii). Menstrual phase (c) $\\rightarrow$ Prostaglandins increase (ii). Follicular phase (d) $\\rightarrow$ $GnRH$ and estrogens (i).",
        "solution_images": [],
        "difficulty": "hard",
        "marks": 4
    },
    {
        "id": 80,
        "chapter": "Reproduction in Lower and Higher Animals",
        "question": "In humans, gestation period lasts for about",
        "question_latex": "In humans, gestation period lasts for about",
        "question_images": [],
        "options": [
            "A. 280 days",
            "B. 300 days",
            "C. 250 days",
            "D. 365 days"
        ],
        "option_images": [],
        "answer": "A. 280 days",
        "solution": "The human pregnancy period is approximately 280 days from the last menstrual period.",
        "solution_images": [],
        "difficulty": "easy",
        "marks": 4
    },
    {
        "id": 81,
        "chapter": "Reproduction in Lower and Higher Animals",
        "question": "Which embryonic layer gives rise to the nervous system?",
        "question_latex": "Which embryonic layer gives rise to the nervous system?",
        "question_images": [],
        "options": [
            "A. Ectoderm",
            "B. Mesoderm",
            "C. Endoderm",
            "D. Trophoblast"
        ],
        "option_images": [],
        "answer": "A. Ectoderm",
        "solution": "The ectoderm is the outermost germ layer and develops into the brain, spinal cord, and peripheral nerves.",
        "solution_images": [],
        "difficulty": "easy",
        "marks": 4
    },
    {
        "id": 82,
        "chapter": "Reproduction in Lower and Higher Animals",
        "question": "The secretion of which gland makes the semen alkaline?",
        "question_latex": "The secretion of which gland makes the semen alkaline?",
        "question_images": [],
        "options": [
            "A. Prostate",
            "B. Seminal vesicle",
            "C. Cowper's gland",
            "D. All of the above"
        ],
        "option_images": [],
        "answer": "B. Seminal vesicle",
        "solution": "Seminal vesicle fluid is highly alkaline to neutralize the acidity of the male urethra and female vagina. Cowper's gland also secretes alkaline fluid, but seminal vesicles contribute the majority volume.",
        "solution_images": [],
        "difficulty": "medium",
        "marks": 4
    },
    {
        "id": 83,
        "chapter": "Reproduction in Lower and Higher Animals",
        "question": "ZIFT stands for",
        "question_latex": "$ZIFT$ stands for",
        "question_images": [],
        "options": [
            "A. Zygote Intrafallopian Transfer",
            "B. Zygote In vitro Fertilization Technique",
            "C. Zygote Intrauterine Fertilization Transfer",
            "D. Zygote Internal Fallopian Transfer"
        ],
        "option_images": [],
        "answer": "A. Zygote Intrafallopian Transfer",
        "solution": "Zygote Intrafallopian Transfer ($ZIFT$) involves transferring a zygote into the Fallopian tube.",
        "solution_images": [],
        "difficulty": "easy",
        "marks": 4
    },
    {
        "id": 84,
        "chapter": "Reproduction in Lower and Higher Animals",
        "question": "The hormone responsible for the ejection of milk is",
        "question_latex": "The hormone responsible for the ejection of milk is",
        "question_images": [],
        "options": [
            "A. Prolactin",
            "B. Estrogen",
            "C. Progesterone",
            "D. Oxytocin"
        ],
        "option_images": [],
        "answer": "D. Oxytocin",
        "solution": "Oxytocin causes the contraction of myoepithelial cells in the mammary glands, resulting in milk ejection. Prolactin is for production.",
        "solution_images": [],
        "difficulty": "easy",
        "marks": 4
    },
    {
        "id": 85,
        "chapter": "Reproduction in Lower and Higher Animals",
        "question": "Which of the following is a mechanical barrier method of contraception?",
        "question_latex": "Which of the following is a mechanical barrier method of contraception?",
        "question_images": [],
        "options": [
            "A. IUD",
            "B. Oral pills",
            "C. Diaphragm",
            "D. Tubectomy"
        ],
        "option_images": [],
        "answer": "C. Diaphragm",
        "solution": "Diaphragms are mechanical barriers that prevent sperm from entering the uterus.",
        "solution_images": [],
        "difficulty": "easy",
        "marks": 4
    },
    {
        "id": 86,
        "chapter": "Reproduction in Lower and Higher Animals",
        "question": "The temporary endocrine gland formed in the ovary after ovulation is",
        "question_latex": "The temporary endocrine gland formed in the ovary after ovulation is",
        "question_images": [],
        "options": [
            "A. Corpus luteum",
            "B. Corpus albicans",
            "C. Corpus callosum",
            "D. Antrum"
        ],
        "option_images": [],
        "answer": "A. Corpus luteum",
        "solution": "The ruptured Graafian follicle transforms into the corpus luteum.",
        "solution_images": [],
        "difficulty": "easy",
        "marks": 4
    },
    {
        "id": 87,
        "chapter": "Reproduction in Lower and Higher Animals",
        "question": "What is the function of the Sertoli cells?",
        "question_latex": "What is the function of the Sertoli cells?",
        "question_images": [],
        "options": [
            "A. Secrete testosterone",
            "B. Secrete estrogen",
            "C. Provide nutrition to sperms",
            "D. Carry sperms to vas deferens"
        ],
        "option_images": [],
        "answer": "C. Provide nutrition to sperms",
        "solution": "Sertoli cells are also known as 'nurse cells'.",
        "solution_images": [],
        "difficulty": "easy",
        "marks": 4
    },
    {
        "id": 88,
        "chapter": "Reproduction in Lower and Higher Animals",
        "question": "The average duration of menstrual cycle in human females is",
        "question_latex": "The average duration of menstrual cycle in human females is",
        "question_images": [],
        "options": [
            "A. 14 days",
            "B. 21 days",
            "C. 28 days",
            "D. 35 days"
        ],
        "option_images": [],
        "answer": "C. 28 days",
        "solution": "Standard cyclic period.",
        "solution_images": [],
        "difficulty": "easy",
        "marks": 4
    },
    {
        "id": 89,
        "chapter": "Reproduction in Lower and Higher Animals",
        "question": "Identify the correct sequence of development of sperm.",
        "question_latex": "Identify the correct sequence of development of sperm.",
        "question_images": [],
        "options": [
            "A. Spermatogonia → Spermatocyte → Spermatid → Spermatozoa",
            "B. Spermatid → Spermatocyte → Spermatogonia → Spermatozoa",
            "C. Spermatogonia → Spermatid → Spermatocyte → Spermatozoa",
            "D. Spermatocyte → Spermatogonia → Spermatid → Spermatozoa"
        ],
        "option_images": [],
        "answer": "A. Spermatogonia → Spermatocyte → Spermatid → Spermatozoa",
        "solution": "Correct developmental stages during spermatogenesis.",
        "solution_images": [],
        "difficulty": "medium",
        "marks": 4
    },
    {
        "id": 90,
        "chapter": "Reproduction in Lower and Higher Animals",
        "question": "Match the parts of adrenal gland in Column I with their hormones in Column II.",
        "question_latex": "Match the parts of adrenal gland in Column I with their hormones in Column II.",
        "question_images": [
            "q90_1"
        ],
        "options": [
            "A. A-III, B-II, C-I, D-IV",
            "B. A-IV, B-III, C-I, D-II",
            "C. A-IV, B-I, C-II, D-III",
            "D. A-IV, B-III, C-II, D-I"
        ],
        "option_images": [],
        "answer": "C. A-IV, B-I, C-II, D-III",
        "solution": "Zona Glomerulosa ($A$) $\\rightarrow$ Mineralocorticoids (IV). Zona Fasciculata ($B$) $\\rightarrow$ Glucocorticoids (I). Zona Reticularis ($C$) $\\rightarrow$ Androgens (II). Adrenal Medulla ($D$) $\\rightarrow$ Adrenaline (III).",
        "solution_images": [],
        "difficulty": "hard",
        "marks": 4
    },
    {
        "id": 91,
        "chapter": "Reproduction in Lower and Higher Animals",
        "question": "Which hormone is detected in a pregnancy test?",
        "question_latex": "Which hormone is detected in a pregnancy test?",
        "question_images": [],
        "options": [
            "A. LH",
            "B. FSH",
            "C. hCG",
            "D. Estrogen"
        ],
        "option_images": [],
        "answer": "C. hCG",
        "solution": "Human Chorionic Gonadotropin ($hCG$) is present in the urine of pregnant women.",
        "solution_images": [],
        "difficulty": "easy",
        "marks": 4
    },
    {
        "id": 92,
        "chapter": "Reproduction in Lower and Higher Animals",
        "question": "The site of implantation in humans is",
        "question_latex": "The site of implantation in humans is",
        "question_images": [],
        "options": [
            "A. Ovary",
            "B. Cervix",
            "C. Uterus",
            "D. Vagina"
        ],
        "option_images": [],
        "answer": "C. Uterus",
        "solution": "The blastocyst attaches to the endometrium of the uterus.",
        "solution_images": [],
        "difficulty": "easy",
        "marks": 4
    },
    {
        "id": 93,
        "chapter": "Reproduction in Lower and Higher Animals",
        "question": "The process of sperm formation is known as",
        "question_latex": "The process of sperm formation is known as",
        "question_images": [],
        "options": [
            "A. Oogenesis",
            "B. Spermatogenesis",
            "C. Parthenogenesis",
            "D. Fertilization"
        ],
        "option_images": [],
        "answer": "B. Spermatogenesis",
        "solution": "Spermatogenesis is the biological process of producing mature sperm cells.",
        "solution_images": [],
        "difficulty": "easy",
        "marks": 4
    },
    {
        "id": 94,
        "chapter": "Reproduction in Lower and Higher Animals",
        "question": "The main function of the prostate gland is",
        "question_latex": "The main function of the prostate gland is",
        "question_images": [],
        "options": [
            "A. Sperm storage",
            "B. Sperm production",
            "C. Secretion of fluid that activates sperms",
            "D. Production of testosterone"
        ],
        "option_images": [],
        "answer": "C. Secretion of fluid that activates sperms",
        "solution": "The prostate secretes enzymes and fluid that aid in sperm activation and motility.",
        "solution_images": [],
        "difficulty": "medium",
        "marks": 4
    },
    {
        "id": 95,
        "chapter": "Reproduction in Lower and Higher Animals",
        "question": "In which part of the female reproductive tract does fertilization usually occur?",
        "question_latex": "In which part of the female reproductive tract does fertilization usually occur?",
        "question_images": [],
        "options": [
            "A. Uterus",
            "B. Ovary",
            "C. Ampulla of Fallopian tube",
            "D. Vagina"
        ],
        "option_images": [],
        "answer": "C. Ampulla of Fallopian tube",
        "solution": "The ampulla is the widest part of the Fallopian tube where fertilization occurs.",
        "solution_images": [],
        "difficulty": "easy",
        "marks": 4
    },
    {
        "id": 96,
        "chapter": "Reproduction in Lower and Higher Animals",
        "question": "Which one of the following glands is NOT a part of human male reproductive system?",
        "question_latex": "Which one of the following glands is NOT a part of human male reproductive system?",
        "question_images": [],
        "options": [
            "A. Seminal vesicles",
            "B. Uterine glands",
            "C. Prostate glands",
            "D. Bartholin's glands"
        ],
        "option_images": [],
        "answer": "D. Bartholin's glands",
        "solution": "Bartholin's glands are female accessory glands. Seminal vesicles and prostate are male accessory glands.",
        "solution_images": [],
        "difficulty": "easy",
        "marks": 4
    },
    {
        "id": 97,
        "chapter": "Reproduction in Lower and Higher Animals",
        "question": "After release of secondary oocyte, remaining tissue of Graafian follicle forms a temporary endocrine gland called",
        "question_latex": "After release of secondary oocyte, remaining tissue of Graafian follicle forms a temporary endocrine gland called",
        "question_images": [],
        "options": [
            "A. Corpus luteum",
            "B. Corpus callosum",
            "C. Corpus albicans",
            "D. Corpus spongiosum"
        ],
        "option_images": [],
        "answer": "A. Corpus luteum",
        "solution": "The corpus luteum secretes progesterone to maintain the uterine lining.",
        "solution_images": [],
        "difficulty": "easy",
        "marks": 4
    },
    {
        "id": 98,
        "chapter": "Reproduction in Lower and Higher Animals",
        "question": "Vaginal bacteria which mainly maintain acidic medium are",
        "question_latex": "Vaginal bacteria which mainly maintain acidic medium are",
        "question_images": [],
        "options": [
            "A. Lactobacilli",
            "B. Clostridium",
            "C. Escherichia coli",
            "D. Pseudomonas"
        ],
        "option_images": [],
        "answer": "A. Lactobacilli",
        "solution": "Lactobacilli ferment glycogen to produce lactic acid, maintaining a protective acidic pH in the vagina.",
        "solution_images": [],
        "difficulty": "medium",
        "marks": 4
    },
    {
        "id": 99,
        "chapter": "Reproduction in Lower and Higher Animals",
        "question": "The part where fertilization of ovum takes place in rabbit, humans and other placental mammals is:",
        "question_latex": "The part where fertilization of ovum takes place in rabbit, humans and other placental mammals is:",
        "question_images": [],
        "options": [
            "A. Ovary",
            "B. Uterus",
            "C. Vagina",
            "D. Fallopian tube"
        ],
        "option_images": [],
        "answer": "D. Fallopian tube",
        "solution": "Standard anatomical location for mammalian fertilization.",
        "solution_images": [],
        "difficulty": "easy",
        "marks": 4
    },
    {
        "id": 100,
        "chapter": "Reproduction in Lower and Higher Animals",
        "question": "Which of the following is a derivative of embryonic endoderm?",
        "question_latex": "Which of the following is a derivative of embryonic endoderm?",
        "question_images": [],
        "options": [
            "A. Pigmented epithelium of retina",
            "B. Sensory epithelium of organ of Corti",
            "C. Urethral epithelium",
            "D. Nasal epithelium"
        ],
        "option_images": [],
        "answer": "C. Urethral epithelium",
        "solution": "The endoderm gives rise to the lining of the digestive and respiratory systems, as well as the urinary bladder and parts of the urethra. Retina and nasal epithelium are ectodermal.",
        "solution_images": [],
        "difficulty": "medium",
        "marks": 4
    }
]