[
    {
        "id": 1,
        "chapter": "Gravitation",
        "question": "Two satellites of masses M1 and M2 (M1 > M2) are moving around the earth in orbits of radii R1 and R2 (R1 > R2) respectively, V1 and V2 are their velocities then [MHT-CET 2023]",
        "question_latex": "Two satellites of masses $M_{1}$ and $M_{2}$ ($M_{1} > M_{2}$) are moving around the earth in orbits of radii $R_{1}$ and $R_{2}$ ($R_{1} > R_{2}$) respectively, $V_{1}$ and $V_{2}$ are their velocities then [MHT-CET 2023]",
        "question_images": [],
        "options": [
            "A. V1 < V2",
            "B. V1 V2 = R1 R2",
            "C. V1 = V2",
            "D. V1 > V2"
        ],
        "option_images": [],
        "answer": "A",
        "solution": "The orbital velocity is given by $V = \\sqrt{\\frac{GM}{R}}$. Since $V \\propto \\frac{1}{\\sqrt{R}}$, for $R_{1} > R_{2}$, we have $V_{1} < V_{2}$.",
        "solution_images": [],
        "difficulty": "Easy",
        "marks": 4
    },
    {
        "id": 2,
        "chapter": "Gravitation",
        "question": "The depth at which acceleration due to gravity becomes g / 2n is (R = radius of earth, g acceleration due to gravity on earth's surface, n is integer) [MHT-CET 2023]",
        "question_latex": "The depth at which acceleration due to gravity becomes $\\frac{g}{2n}$ is ($R = $ radius of earth, $g$ acceleration due to gravity on earth's surface, $n$ is integer) [MHT-CET 2023]",
        "question_images": [],
        "options": [
            "A. R(2n - 1) / 2n",
            "B. R(n - 1) / n",
            "C. R(1 - n) / 2n",
            "D. R(1 - 2n) / n"
        ],
        "option_images": [],
        "answer": "A",
        "solution": "Using $g' = g(1 - \\frac{d}{R})$. Given $g' = \\frac{g}{2n}$, so $\\frac{g}{2n} = g(1 - \\frac{d}{R}) \\Rightarrow \\frac{1}{2n} = 1 - \\frac{d}{R} \\Rightarrow \\frac{d}{R} = 1 - \\frac{1}{2n} = \\frac{2n - 1}{2n} \\Rightarrow d = \\frac{R(2n - 1)}{2n}$.",
        "solution_images": [],
        "difficulty": "Medium",
        "marks": 4
    },
    {
        "id": 3,
        "chapter": "Gravitation",
        "question": "Earth is assumed to be sphere of radius R. If 'g1' is value of effective acceleration due to gravity at latitude 30° and 'g2' is the value at equator, then the value of |g1 - g2| is (omega is angular velocity of rotation of earth) [MHT-CET 2023]",
        "question_latex": "Earth is assumed to be sphere of radius $R$. If '$g_{1}$' is value of effective acceleration due to gravity at latitude $30^{\\circ}$ and '$g_{2}$' is the value at equator, then the value of $|g_{1} - g_{2}|$ is ($\\omega$ is angular velocity of rotation of earth, $\\cos 30^{\\circ} = \\frac{\\sqrt{3}}{2}$) [MHT-CET 2023]",
        "question_images": [],
        "options": [
            "A. 1/4 omega^2 R",
            "B. 3/4 omega^2 R",
            "C. omega^2 R",
            "D. 1/2 omega^2 R"
        ],
        "option_images": [],
        "answer": "A",
        "solution": "$g' = g - R\\omega^{2}\\cos^{2}\\theta$. For $\\theta = 30^{\\circ}$, $g_{1} = g - R\\omega^{2}(\\frac{\\sqrt{3}}{2})^{2} = g - \\frac{3}{4}R\\omega^{2}$. For $\\theta = 0^{\\circ}$ (equator), $g_{2} = g - R\\omega^{2}$. $|g_{1} - g_{2}| = |(g - \\frac{3}{4}R\\omega^{2}) - (g - R\\omega^{2})| = \\frac{1}{4}R\\omega^{2}$.",
        "solution_images": [],
        "difficulty": "Hard",
        "marks": 4
    },
    {
        "id": 4,
        "chapter": "Gravitation",
        "question": "A satellite is launched into a circular orbit of radius R around earth while a second satellite is launched into a orbit of radius 1.02 R. The difference in the time periods of two satellites is",
        "question_latex": "A satellite is launched into a circular orbit of radius $R$ around earth while a second satellite is launched into a orbit of radius $1.02 R$. The difference in the time periods of two satellites is",
        "question_images": [],
        "options": [
            "A. 0.7 times",
            "B. 2.0 times",
            "C. 0.05 times",
            "D. 0.03 times"
        ],
        "option_images": [],
        "answer": "D",
        "solution": "From Kepler's third law, $T \\propto R^{3/2}$. $\\frac{T_{2}}{T_{1}} = (\\frac{R_{2}}{R_{1}})^{3/2} = (1.02)^{3/2} \\approx 1 + \\frac{3}{2}(0.02) = 1.03$. Difference $\\Delta T = T_{2} - T_{1} = 0.03 T_{1}$.",
        "solution_images": [],
        "difficulty": "Medium",
        "marks": 4
    },
    {
        "id": 5,
        "chapter": "Gravitation",
        "question": "The height at which the acceleration due to gravity becomes g / 4 in terms of R is [R = the radius of the earth] [MHT-CET 2024]",
        "question_latex": "The height at which the acceleration due to gravity becomes $\\frac{g}{4}$ in terms of $R$ is [$R = $ the radius of the earth] [MHT-CET 2024]",
        "question_images": [],
        "options": [
            "A. sqrt(2) R",
            "B. R / sqrt(2)",
            "C. 2 R",
            "D. R"
        ],
        "option_images": [],
        "answer": "D",
        "solution": "$g_{h} = g(\\frac{R}{R+h})^{2}$. Given $\\frac{g}{4} = g(\\frac{R}{R+h})^{2} \\Rightarrow \\frac{1}{2} = \\frac{R}{R+h} \\Rightarrow R + h = 2R \\Rightarrow h = R$.",
        "solution_images": [],
        "difficulty": "Easy",
        "marks": 4
    },
    {
        "id": 6,
        "chapter": "Gravitation",
        "question": "How much energy will be required if a mass of 100 kg escapes from the earth? [Re = 6.4 x 10^6 m, g = 10 m/s^2]",
        "question_latex": "How much energy will be required if a mass of $100$ kg escapes from the earth? [$R_{e} = 6.4 \\times 10^{6}$ m, $g = 10~m/s^{2}$]",
        "question_images": [],
        "options": [
            "A. 3.2 x 10^9 J",
            "B. 6.4 x 10^9 J",
            "C. 1.6 x 10^9 J",
            "D. 8 x 10^9 J"
        ],
        "option_images": [],
        "answer": "B",
        "solution": "$E = \\frac{GMm}{R} = mgR = 100 \\times 10 \\times 6.4 \\times 10^{6} = 6.4 \\times 10^{9}$ J.",
        "solution_images": [],
        "difficulty": "Easy",
        "marks": 4
    },
    {
        "id": 7,
        "chapter": "Gravitation",
        "question": "The depth from the surface of the earth where acceleration due to gravity is 20% of its value on the surface of the earth is (R = 6400 km)",
        "question_latex": "The depth from the surface of the earth where acceleration due to gravity is $20\\%$ of its value on the surface of the earth is ($R = 6400$ km)",
        "question_images": [],
        "options": [
            "A. 1280 km",
            "B. 5120 km",
            "C. 800 km",
            "D. 640 km"
        ],
        "option_images": [],
        "answer": "B",
        "solution": "$g' = 0.2g$. $g' = g(1 - \\frac{d}{R}) \\Rightarrow 0.2 = 1 - \\frac{d}{6400} \\Rightarrow \\frac{d}{6400} = 0.8 \\Rightarrow d = 6400 \\times 0.8 = 5120$ km.",
        "solution_images": [],
        "difficulty": "Medium",
        "marks": 4
    },
    {
        "id": 8,
        "chapter": "Gravitation",
        "question": "Four particles, each of mass M and equidistant from each other, move along a circle of radius R under the action of their mutual gravitational attraction, the speed of each particle is",
        "question_latex": "Four particles, each of mass $M$ and equidistant from each other, move along a circle of radius $R$ under the action of their mutual gravitational attraction, the speed of each particle is",
        "question_images": [],
        "options": [
            "A. sqrt(GM/R)",
            "B. sqrt(2 sqrt(2) GM / R)",
            "C. sqrt(GM/R * (1 + 2 sqrt(2)) / 4)",
            "D. 1/2 sqrt(GM/R * (1 + 2 sqrt(2)))"
        ],
        "option_images": [],
        "answer": "D",
        "solution": "Net force towards center: $F_{net} = \\frac{GM^{2}}{(2R)^{2}} + 2\\frac{GM^{2}}{(\\sqrt{2}R)^{2}} \\cos 45^{\\circ} = \\frac{GM^{2}}{4R^{2}} + \\frac{\\sqrt{2}GM^{2}}{2R^{2}} = \\frac{GM^{2}}{R^{2}}(\\frac{1}{4} + \\frac{1}{\\sqrt{2}})$. Equating to centripetal force $\\frac{Mv^{2}}{R}$, we get $v = \\frac{1}{2}\\sqrt{\\frac{GM}{R}(1 + 2\\sqrt{2})}$.",
        "solution_images": [
            "8_so_1.png",
            "q208_solution_1"
        ],
        "difficulty": "Hard",
        "marks": 4
    },
    {
        "id": 9,
        "chapter": "Gravitation",
        "question": "If the acceleration due to gravity at the earth s surface is 9.8 m/s^2 and the mass of the earth is 80 times that of the moon and radius of earth 4 times that of moon, the value of g at the moon s surface will be",
        "question_latex": "If the acceleration due to gravity at the earth s surface is $9.8~m/s^{2}$ and the mass of the earth is $80$ times that of the moon and radius of earth $4$ times that of moon, the value of $g$ at the moon s surface will be",
        "question_images": [],
        "options": [
            "A. 9.8 m/s^2",
            "B. 1.96 m/s^2",
            "C. 4.9 m/s^2",
            "D. None of above"
        ],
        "option_images": [],
        "answer": "B",
        "solution": "$g = \\frac{GM}{R^{2}}$. $\\frac{g_{m}}{g_{e}} = \\frac{M_{m}}{M_{e}} (\\frac{R_{e}}{R_{m}})^{2} = \\frac{1}{80} (4)^{2} = \\frac{16}{80} = \\frac{1}{5}$. $g_{m} = 9.8/5 = 1.96~m/s^{2}$.",
        "solution_images": [],
        "difficulty": "Easy",
        "marks": 4
    },
    {
        "id": 10,
        "chapter": "Gravitation",
        "question": "A stone falls from infinite far away distance to the earth. What is the velocity it can attain in terms of the radius of the earth and acceleration due to gravity g?",
        "question_latex": "A stone falls from infinite far away distance to the earth. What is the velocity it can attain in terms of the radius of the earth and acceleration due to gravity $g$?",
        "question_images": [],
        "options": [
            "A. sqrt(gR)",
            "B. sqrt(2gR)",
            "C. sqrt(3gR)",
            "D. 2 sqrt(gR)"
        ],
        "option_images": [],
        "answer": "B",
        "solution": "The velocity attained from infinity is equal to the escape velocity: $v = \\sqrt{\\frac{2GM}{R}} = \\sqrt{2gR}$.",
        "solution_images": [],
        "difficulty": "Medium",
        "marks": 4
    },
    {
        "id": 11,
        "chapter": "Gravitation",
        "question": "Four point masses (each of mass m) are placed at the corners of a square of side' L'. The escape velocity of a body from the centre of the square is (G = universal constant of gravitation) [2025]",
        "question_latex": "Four point masses (each of mass $m$) are placed at the corners of a square of side '$L$'. The escape velocity of a body from the centre of the square is ($G = $ universal constant of gravitation) [2025]",
        "question_images": [
            "q211_1"
        ],
        "options": [
            "A. sqrt(8 sqrt(2) Gm / L)",
            "B. sqrt(16 Gm / L)",
            "C. sqrt(8 Gm / L)",
            "D. sqrt(4 sqrt(2) Gm / L)"
        ],
        "option_images": [],
        "answer": "A",
        "solution": "Distance from center to corner $r = \\frac{L}{\\sqrt{2}}$. Potential at center $V = -4\\frac{Gm}{r} = -\\frac{4\\sqrt{2}Gm}{L}$. To escape, $\\frac{1}{2}Mv^{2} + MV = 0 \\Rightarrow v = \\sqrt{-2V} = \\sqrt{\\frac{8\\sqrt{2}Gm}{L}}$.",
        "solution_images": [
            "11_so_1.png"
        ],
        "difficulty": "Hard",
        "marks": 4
    },
    {
        "id": 12,
        "chapter": "Gravitation",
        "question": "Time period of simple pendulum is T1 when on the earth's surface and T2 when taken to a height ' 2R' above the earth's surface where' R' is the radius of the earth. The ratio T1: T2 is [MHT-CET 2023]",
        "question_latex": "Time period of simple pendulum is $T_{1}$ when on the earth's surface and $T_{2}$ when taken to a height '$2R$' above the earth's surface where '$R$' is the radius of the earth. The ratio $T_{1}:T_{2}$ is [MHT-CET 2023]",
        "question_images": [],
        "options": [
            "A. 1:4",
            "B. 1:2",
            "C. 1:3",
            "D. 1:5"
        ],
        "option_images": [],
        "answer": "C",
        "solution": "$T \\propto \\frac{1}{\\sqrt{g}}$. At height $2R$, $g_{h} = g(\\frac{R}{R+2R})^{2} = g/9$. $\\frac{T_{1}}{T_{2}} = \\sqrt{\\frac{g_{h}}{g}} = \\sqrt{1/9} = 1/3$.",
        "solution_images": [],
        "difficulty": "Medium",
        "marks": 4
    },
    {
        "id": 13,
        "chapter": "Gravitation",
        "question": "If two planets have their radii in the ratio x:y and densities in the ratio m:n, then the acceleration due to gravity on them are in the ratio [MHT-CET 2023]",
        "question_latex": "If two planets have their radii in the ratio $x:y$ and densities in the ratio $m:n$, then the acceleration due to gravity on them are in the ratio [MHT-CET 2023]",
        "question_images": [],
        "options": [
            "A. mx / ny",
            "B. my / nx",
            "C. nx / my",
            "D. ny / mx"
        ],
        "option_images": [],
        "answer": "A",
        "solution": "$g = \\frac{GM}{R^{2}} = \\frac{G(\\frac{4}{3}\\pi R^{3}\\rho)}{R^{2}} = \\frac{4}{3}\\pi GR\\rho$. $g \\propto R\\rho$. Ratio $= (x)(m) / (y)(n) = mx/ny$.",
        "solution_images": [],
        "difficulty": "Easy",
        "marks": 4
    },
    {
        "id": 14,
        "chapter": "Gravitation",
        "question": "Radius of earth is around 6000 km. The weight of body at height of 6000 km from earth surface becomes",
        "question_latex": "Radius of earth is around $6000$ km. The weight of body at height of $6000$ km from earth surface becomes",
        "question_images": [],
        "options": [
            "A. half",
            "B. one-fourth",
            "C. one third",
            "D. no change"
        ],
        "option_images": [],
        "answer": "B",
        "solution": "$W_{h} = W(\\frac{R}{R+h})^{2}$. For $h=R=6000$, $W_{h} = W(\\frac{R}{2R})^{2} = W/4$.",
        "solution_images": [],
        "difficulty": "Easy",
        "marks": 4
    },
    {
        "id": 15,
        "chapter": "Gravitation",
        "question": "According to Kepler s law, the period of revolution of a planet (T) and its mean distance from the sun (r) are related by the equation",
        "question_latex": "According to Kepler s law, the period of revolution of a planet ($T$) and its mean distance from the sun ($r$) are related by the equation",
        "question_images": [],
        "options": [
            "A. T^2 r = Constant",
            "B. T^2 r^-3 = Constant",
            "C. T r^3 = Constant",
            "D. T^3 r^3 = Constant"
        ],
        "option_images": [],
        "answer": "B",
        "solution": "Kepler's Third Law: $T^{2} \\propto r^{3} \\Rightarrow T^{2}/r^{3} = \\text{Constant} \\Rightarrow T^{2}r^{-3} = \\text{Constant}$.",
        "solution_images": [],
        "difficulty": "Easy",
        "marks": 4
    },
    {
        "id": 16,
        "chapter": "Gravitation",
        "question": "The escape velocity of a projectile from the earth is approximately",
        "question_latex": "The escape velocity of a projectile from the earth is approximately",
        "question_images": [],
        "options": [
            "A. 7 km/s",
            "B. 11.2 km/s",
            "C. 1.2 km/s",
            "D. 1.1 km/s"
        ],
        "option_images": [],
        "answer": "B",
        "solution": "$v_{e} = \\sqrt{2gR} \\approx 11.2$ km/s.",
        "solution_images": [],
        "difficulty": "Easy",
        "marks": 4
    },
    {
        "id": 17,
        "chapter": "Gravitation",
        "question": "When a body is taken from the equator to the poles, its weight",
        "question_latex": "When a body is taken from the equator to the poles, its weight",
        "question_images": [],
        "options": [
            "A. Remains constant",
            "B. Increases",
            "C. Decreases",
            "D. Increases at N-pole and decrease at S-pole"
        ],
        "option_images": [],
        "answer": "B",
        "solution": "$g$ is minimum at equator and maximum at poles due to earth's shape and rotation. Hence, weight increases.",
        "solution_images": [],
        "difficulty": "Easy",
        "marks": 4
    },
    {
        "id": 18,
        "chapter": "Gravitation",
        "question": "If the radius of the earth shrinks by 1.5% (mass remaining same), then the value of acceleration due to gravity changes by",
        "question_latex": "If the radius of the earth shrinks by $1.5\\%$ (mass remaining same), then the value of acceleration due to gravity changes by",
        "question_images": [],
        "options": [
            "A. 1%",
            "B. 2%",
            "C. 3%",
            "D. 4%"
        ],
        "option_images": [],
        "answer": "C",
        "solution": "$g = \\frac{GM}{R^{2}} \\Rightarrow \\frac{\\Delta g}{g} = -2\\frac{\\Delta R}{R} = -2(-1.5\\%) = 3\\%$.",
        "solution_images": [],
        "difficulty": "Medium",
        "marks": 4
    },
    {
        "id": 19,
        "chapter": "Gravitation",
        "question": "Earth is assumed to be a sphere of radius 'R' and uniform density. The variation of acceleration due to gravity (g) according to the depth and the height (h) from the earth's surface is shown correctly by graph [MHT-CET 2020]",
        "question_latex": "Earth is assumed to be a sphere of radius '$R$' and uniform density. The variation of acceleration due to gravity ($g$) according to the depth and the height ($h$) from the earth's surface is shown correctly by graph [MHT-CET 2020]",
        "question_images": [],
        "options": [
            "A. Graph A",
            "B. Graph B",
            "C. Graph C",
            "D. Graph D"
        ],
        "option_images": [
            "q219_option_a1",
            "q219_option_b1",
            "q219_option_c1",
            "q219_option_d1",
            "19_opA_1.png",
            "19_opB_1.png",
            "19_opC_1.png",
            "19_opD_1.png"
        ],
        "answer": "D",
        "solution": "$g$ increases linearly with distance from center inside the earth ($g \\propto r$) and decreases as $1/r^{2}$ outside the earth.",
        "solution_images": [],
        "difficulty": "Medium",
        "marks": 4
    },
    {
        "id": 20,
        "chapter": "Gravitation",
        "question": "A body is projected in vertically upward direction from the surface of the earth of radius 'R' into the space with velocity 'nV' (n < 1). The maximum height from the surface of earth to which a body can reach is (Ve = escape velocity) [MHT-CET 2020]",
        "question_latex": "A body is projected in vertically upward direction from the surface of the earth of radius '$R$' into the space with velocity '$nV_{e}$' ($n < 1$). The maximum height from the surface of earth to which a body can reach is ($V_{e} = $ escape velocity) [MHT-CET 2020]",
        "question_images": [],
        "options": [
            "A. n^2 R^2 / (1 - n)",
            "B. n^2 R / (1 - n^2)",
            "C. n^2 R / (1 + n^2)",
            "D. n R / (1 + n)"
        ],
        "option_images": [],
        "answer": "B",
        "solution": "By energy conservation: $\\frac{1}{2}m(nv_{e})^{2} - \\frac{GMm}{R} = -\\frac{GMm}{R+h}$. Substituting $v_{e}^{2} = \\frac{2GM}{R}$ gives $\\frac{GMmn^{2}}{R} = GMm(\\frac{1}{R} - \\frac{1}{R+h}) \\Rightarrow \\frac{n^{2}}{R} = \\frac{h}{R(R+h)} \\Rightarrow n^{2}(R+h) = h \\Rightarrow h = \\frac{n^{2}R}{1-n^{2}}$.",
        "solution_images": [],
        "difficulty": "Hard",
        "marks": 4
    },
    {
        "id": 21,
        "chapter": "Gravitation",
        "question": "Two brass balls of masses 2 kg and 0.5 kg experience a force of attraction of 2N. When the distance between their Centers is doubled. Then the force of attraction is",
        "question_latex": "Two brass balls of masses $2$ kg and $0.5$ kg experience a force of attraction of $2$N. When the distance between their Centers is doubled. Then the force of attraction is",
        "question_images": [],
        "options": [
            "A. 1/2 N",
            "B. 1/4 N",
            "C. 1 N",
            "D. 2 N"
        ],
        "option_images": [],
        "answer": "A",
        "solution": "$F \\propto 1/r^{2}$. If distance is doubled, force becomes $1/4$ of initial. $2/4 = 0.5$ N.",
        "solution_images": [],
        "difficulty": "Easy",
        "marks": 4
    },
    {
        "id": 22,
        "chapter": "Gravitation",
        "question": "Two satellites of same mass are launched in circular orbits at heights 'R' and '2R' above the surface of the earth. The ratio of their kinetic energies is (R = radius of the earth) [MHT-CET 2021]",
        "question_latex": "Two satellites of same mass are launched in circular orbits at heights '$R$' and '$2R$' above the surface of the earth. The ratio of their kinetic energies is ($R = $ radius of the earth) [MHT-CET 2021]",
        "question_images": [],
        "options": [
            "A. 9:4",
            "B. 1:3",
            "C. 4:9",
            "D. 3:2"
        ],
        "option_images": [],
        "answer": "D",
        "solution": "$K.E. = \\frac{GMm}{2r}$. $r_{1} = R+R = 2R, r_{2} = R+2R = 3R$. Ratio $K_{1}/K_{2} = r_{2}/r_{1} = 3R/2R = 3/2$.",
        "solution_images": [],
        "difficulty": "Medium",
        "marks": 4
    },
    {
        "id": 23,
        "chapter": "Gravitation",
        "question": "The acceleration due to gravity at a height 1/20th of the radius of the earth above the earth surface is 9 ms^-2 Its value at a point at an equal distance below the surface of the earth in ms^-2 is about:",
        "question_latex": "The acceleration due to gravity at a height $1/20^{th}$ of the radius of the earth above the earth surface is $9~ms^{-2}$ Its value at a point at an equal distance below the surface of the earth in $ms^{-2}$ is about:",
        "question_images": [],
        "options": [
            "A. 8.5",
            "B. 9.5",
            "C. 9.8",
            "D. 11.5"
        ],
        "option_images": [],
        "answer": "B",
        "solution": "$g_{h} = g(1 - \\frac{2h}{R}) \\Rightarrow 9 = g(1 - \\frac{2}{20}) = 0.9g \\Rightarrow g = 10$. At depth $d=h$: $g_{d} = g(1 - \\frac{d}{R}) = 10(1 - \\frac{1}{20}) = 10(19/20) = 9.5~ms^{-2}$.",
        "solution_images": [],
        "difficulty": "Medium",
        "marks": 4
    },
    {
        "id": 24,
        "chapter": "Gravitation",
        "question": "A satellite of mass 'm' is revolving around the earth of mass 'M' in an orbit of radius 'r' with constant angular velocity 'omega'. The angular momentum of the satellite is (G = gravitational constant) [MHT-CET 2020]",
        "question_latex": "A satellite of mass '$m$' is revolving around the earth of mass '$M$' in an orbit of radius '$r$' with constant angular velocity '$\\omega$'. The angular momentum of the satellite is ($G = $ gravitational constant) [MHT-CET 2020]",
        "question_images": [],
        "options": [
            "A. (GMr / m)^2",
            "B. m(GMr)^1/2",
            "C. m(GMr)",
            "D. (GMmr)^1/2"
        ],
        "option_images": [],
        "answer": "B",
        "solution": "$L = mvr = m\\sqrt{\\frac{GM}{r}}r = m\\sqrt{GMr} = m(GMr)^{1/2}$.",
        "solution_images": [],
        "difficulty": "Medium",
        "marks": 4
    },
    {
        "id": 25,
        "chapter": "Gravitation",
        "question": "The acceleration due to gravity on the planet whose mass and radius is half of that of earth, will be (g is acceleration due to gravity at earth's surface) [MHT-CET 2019]",
        "question_latex": "The acceleration due to gravity on the planet whose mass and radius is half of that of earth, will be ($g$ is acceleration due to gravity at earth's surface) [MHT-CET 2019]",
        "question_images": [],
        "options": [
            "A. g/4",
            "B. g",
            "C. 2 g",
            "D. g/2"
        ],
        "option_images": [],
        "answer": "C",
        "solution": "$g = \\frac{GM}{R^{2}}$. $g' = \\frac{G(M/2)}{(R/2)^{2}} = \\frac{GM/2}{R^{2}/4} = 2\\frac{GM}{R^{2}} = 2g$. (Note: Solution in PDF text says g/2, but calculation $2g$ is correct. Option C is $2g$).",
        "solution_images": [],
        "difficulty": "Easy",
        "marks": 4
    },
    {
        "id": 26,
        "chapter": "Gravitation",
        "question": "The height above the earth's surface at which the acceleration due to gravity becomes (1/n) times the value at the surface is (R = radius of earth) [MHT-CET 2022]",
        "question_latex": "The height above the earth's surface at which the acceleration due to gravity becomes $(\\frac{1}{n})$ times the value at the surface is ($R = $ radius of earth) [MHT-CET 2022]",
        "question_images": [],
        "options": [
            "A. R sqrt(n)",
            "B. R / sqrt(n)",
            "C. (sqrt(n) - 1)R",
            "D. (sqrt(n) + 1)R"
        ],
        "option_images": [],
        "answer": "C",
        "solution": "$\\frac{g}{n} = g(\\frac{R}{R+h})^{2} \\Rightarrow \\frac{1}{n} = (\\frac{R}{R+h})^{2} \\Rightarrow \\sqrt{n} = \\frac{R+h}{R} \\Rightarrow \\sqrt{n}R = R + h \\Rightarrow h = (\\sqrt{n} - 1)R$.",
        "solution_images": [],
        "difficulty": "Easy",
        "marks": 4
    },
    {
        "id": 27,
        "chapter": "Gravitation",
        "question": "What is the percentage decrease in the weight of a body when it is taken to a height of 32 km from the surface of earth? [MHT-CET 2020]",
        "question_latex": "What is the percentage decrease in the weight of a body when it is taken to a height of $32$ km from the surface of earth? [MHT-CET 2020]",
        "question_images": [],
        "options": [
            "A. 0.5%",
            "B. 2%",
            "C. 1.5%",
            "D. 1%"
        ],
        "option_images": [],
        "answer": "D",
        "solution": "For small $h$, percentage decrease $= \\frac{2h}{R} \\times 100 = \\frac{2 \\times 32}{6400} \\times 100 = 1\\%$.",
        "solution_images": [],
        "difficulty": "Easy",
        "marks": 4
    },
    {
        "id": 28,
        "chapter": "Gravitation",
        "question": "The ratio of a acceleration due to gravity at a height 3R above earths surface to the acceleration due to gravity on the surface of earth is (R = radius of earth)",
        "question_latex": "The ratio of a acceleration due to gravity at a height $3R$ above earths surface to the acceleration due to gravity on the surface of earth is ($R = $ radius of earth)",
        "question_images": [],
        "options": [
            "A. 1/9",
            "B. 1/16",
            "C. 1/4",
            "D. 1/3"
        ],
        "option_images": [],
        "answer": "B",
        "solution": "$g_{h}/g = (\\frac{R}{R+3R})^{2} = (1/4)^{2} = 1/16$.",
        "solution_images": [],
        "difficulty": "Easy",
        "marks": 4
    },
    {
        "id": 29,
        "chapter": "Gravitation",
        "question": "The earth revolves round the sun in one year if the distance between them becomes double the new period of revolution will be",
        "question_latex": "The earth revolves round the sun in one year if the distance between them becomes double the new period of revolution will be",
        "question_images": [],
        "options": [
            "A. 1/2 year",
            "B. 2 sqrt(2) year",
            "C. 4 year",
            "D. 8 year"
        ],
        "option_images": [],
        "answer": "B",
        "solution": "$T_{2}/T_{1} = (r_{2}/r_{1})^{3/2} = (2)^{1.5} = 2\\sqrt{2}$. New period is $2\\sqrt{2}$ years.",
        "solution_images": [],
        "difficulty": "Medium",
        "marks": 4
    },
    {
        "id": 30,
        "chapter": "Gravitation",
        "question": "For a satellite escape velocity is 11 km/s. If the satellite is launched at an angle of 60° with the vertical, then escape velocity will be",
        "question_latex": "For a satellite escape velocity is $11~km/s.$ If the satellite is launched at an angle of $60^{\\circ}$ with the vertical, then escape velocity will be",
        "question_images": [],
        "options": [
            "A. 11 km/s",
            "B. 11 sqrt(3) km/s",
            "C. 11 / sqrt(3) km/s",
            "D. 33 km/s"
        ],
        "option_images": [],
        "answer": "A",
        "solution": "Escape velocity is independent of the angle of projection. It remains 11 km/s.",
        "solution_images": [],
        "difficulty": "Easy",
        "marks": 4
    },
    {
        "id": 31,
        "chapter": "Gravitation",
        "question": "The ratio of binding energy of a satellite at rest on earth's surface to the binding energy of a satellite of same mass revolving around the earth at a height 'h' above the earth's surface is (R = radius of the earth). [MHT-CET 2017]",
        "question_latex": "The ratio of binding energy of a satellite at rest on earth's surface to the binding energy of a satellite of same mass revolving around the earth at a height '$h$' above the earth's surface is ($R = $ radius of the earth). [MHT-CET 2017]",
        "question_images": [],
        "options": [
            "A. 2(R + h) / R",
            "B. (R + h) / 2R",
            "C. (R + h) / R",
            "D. R / (R + h)"
        ],
        "option_images": [],
        "answer": "A",
        "solution": "Binding energy at rest $= \\frac{GMm}{R}$. Binding energy in orbit $= \\frac{GMm}{2(R+h)}$. Ratio $= (GMm/R) / (GMm/2(R+h)) = 2(R+h)/R$.",
        "solution_images": [],
        "difficulty": "Medium",
        "marks": 4
    },
    {
        "id": 32,
        "chapter": "Gravitation",
        "question": "Binding energy of a revolving satellite at height' h' is 3.5 x 10^8 J. Its potential energy is. [MHT-CET 2022]",
        "question_latex": "Binding energy of a revolving satellite at height '$h$' is $3.5 \\times 10^{8}$ J. Its potential energy is. [MHT-CET 2022]",
        "question_images": [],
        "options": [
            "A. -3.5 x 10^8 J",
            "B. 7 x 10^8 J",
            "C. 3.5 x 10^8 J",
            "D. -7 x 10^8 J"
        ],
        "option_images": [],
        "answer": "D",
        "solution": "$B.E. = -T.E. = - (P.E./2)$. So $P.E. = -2 B.E. = -2(3.5 \\times 10^{8}) = -7 \\times 10^{8}$ J.",
        "solution_images": [],
        "difficulty": "Medium",
        "marks": 4
    },
    {
        "id": 33,
        "chapter": "Gravitation",
        "question": "The difference in the acceleration due to gravity at the pole and equator is (g = acceleration due to gravity, R = radius of earth, theta = latitude, omega = angular velocity, cos 0°=1, cos 90°=0) [MHT-CET 2022]",
        "question_latex": "The difference in the acceleration due to gravity at the pole and equator is ($g = $ acceleration due to gravity, $R = $ radius of earth, $\\theta = $ latitude, $\\omega = $ angular velocity, $\\cos 0^{\\circ}=1, \\cos 90^{\\circ}=0$) [MHT-CET 2022]",
        "question_images": [],
        "options": [
            "A. R omega^2",
            "B. R omega^2 cos^2 theta",
            "C. omega cos^2 theta",
            "D. R omega^2 / g^2"
        ],
        "option_images": [],
        "answer": "A",
        "solution": "$g_{pole} = g$. $g_{eq} = g - R\\omega^{2}$. Difference $= R\\omega^{2}$.",
        "solution_images": [],
        "difficulty": "Easy",
        "marks": 4
    },
    {
        "id": 34,
        "chapter": "Gravitation",
        "question": "Earth revolves round the sun in a circular orbit of radius 'R'. The angular momentum of the moving earth is directly proportional to [MHT-CET 2022]",
        "question_latex": "Earth revolves round the sun in a circular orbit of radius '$R$'. The angular momentum of the moving earth is directly proportional to [MHT-CET 2022]",
        "question_images": [],
        "options": [
            "A. R^2",
            "B. R^3",
            "C. sqrt(R)",
            "D. R"
        ],
        "option_images": [],
        "answer": "C",
        "solution": "$L = mvr = m\\sqrt{\\frac{GM}{R}}R = m\\sqrt{GMR} \\propto \\sqrt{R}$.",
        "solution_images": [],
        "difficulty": "Easy",
        "marks": 4
    },
    {
        "id": 35,
        "chapter": "Gravitation",
        "question": "A thin rod of length 'L' is bent in the form of a circle. It mass is 'M'. What force will act on mass'm'placed at the centre of this circle? (G = constant of gravitation) [MHT-CET 2023]",
        "question_latex": "A thin rod of length '$L$' is bent in the form of a circle. It mass is '$M$'. What force will act on mass '$m$' placed at the centre of this circle? ($G = $ constant of gravitation) [MHT-CET 2023]",
        "question_images": [],
        "options": [
            "A. zero",
            "B. GMm / 4 L^2 pi^2",
            "C. 2 GMm / L^2",
            "D. 4 pi^2 GMm / L"
        ],
        "option_images": [],
        "answer": "A",
        "solution": "Due to symmetry, gravitational forces from diametrically opposite parts of the ring cancel each other at the center. Net force is zero.",
        "solution_images": [],
        "difficulty": "Easy",
        "marks": 4
    },
    {
        "id": 36,
        "chapter": "Gravitation",
        "question": "A satellite of mass 'm' revolving around the earth of radius'r' has kinetic energy 'E'. Its angular momentum is [MHT-CET 2022]",
        "question_latex": "A satellite of mass '$m$' revolving around the earth of radius '$r$' has kinetic energy '$E$'. Its angular momentum is [MHT-CET 2022]",
        "question_images": [],
        "options": [
            "A. 4mEr^2",
            "B. sqrt(2mEr^2)",
            "C. 2mEr",
            "D. sqrt(2mEr)"
        ],
        "option_images": [],
        "answer": "B",
        "solution": "$E = \\frac{1}{2}mv^{2} \\Rightarrow v = \\sqrt{2E/m}$. $L = mvr = m\\sqrt{2E/m}r = \\sqrt{2mEr^{2}}$.",
        "solution_images": [],
        "difficulty": "Medium",
        "marks": 4
    },
    {
        "id": 37,
        "chapter": "Gravitation",
        "question": "If the horizontal velocity given to the satellite is less than critical velocity, the satellite performs",
        "question_latex": "If the horizontal velocity given to the satellite is less than critical velocity, the satellite performs",
        "question_images": [],
        "options": [
            "A. Circular path",
            "B. Elliptical path",
            "C. Parabolic path",
            "D. Tangent to the curve path"
        ],
        "option_images": [],
        "answer": "B",
        "solution": "If $v < v_{c}$, the satellite moves in an elliptical orbit with the center of the earth as the far focus, or falls back if it intersects the surface.",
        "solution_images": [],
        "difficulty": "Easy",
        "marks": 4
    },
    {
        "id": 38,
        "chapter": "Gravitation",
        "question": "A uniform solid sphere of mass'm' and radius 'r' is surrounded by a uniform thin spherical shell of radius' 2r' and mass 'm' then the gravitational field [2025]",
        "question_latex": "A uniform solid sphere of mass '$m$' and radius '$r$' is surrounded by a uniform thin spherical shell of radius '$2r$' and mass '$m$' then the gravitational field [2025]",
        "question_images": [],
        "options": [
            "A. at a distance of (2.5)r from the centre 8/25 Gm / r^2",
            "B. at a distance of (1.5)r from the centre is zero.",
            "C. between the sphere and spherical shell is uniform.",
            "D. at a distance of 15 r from the centre is 2/9 Gm / r^2"
        ],
        "option_images": [],
        "answer": "A",
        "solution": "For $x > 2r$, field $g = \\frac{G(m+m)}{x^{2}} = \\frac{2Gm}{x^{2}}$. At $x = 2.5r$, $g = \\frac{2Gm}{(2.5r)^{2}} = \\frac{2Gm}{6.25r^{2}} = \\frac{8}{25}\\frac{Gm}{r^{2}}$. Option A is correct.",
        "solution_images": [],
        "difficulty": "Hard",
        "marks": 4
    },
    {
        "id": 39,
        "chapter": "Gravitation",
        "question": "The radius of the Earth shrinks by 1%, its mass remaining the same. The percentage change in the value of g is:",
        "question_latex": "The radius of the Earth shrinks by $1\\%$, its mass remaining the same. The percentage change in the value of $g$ is:",
        "question_images": [],
        "options": [
            "A. -2%",
            "B. +2%",
            "C. -3%",
            "D. +4%"
        ],
        "option_images": [],
        "answer": "B",
        "solution": "$g \\propto 1/R^{2} \\Rightarrow \\frac{\\Delta g}{g} = -2\\frac{\\Delta R}{R} = -2(-1\\%) = +2\\%$.",
        "solution_images": [],
        "difficulty": "Easy",
        "marks": 4
    },
    {
        "id": 40,
        "chapter": "Gravitation",
        "question": "The height'h' from the surface of the earth at which the value of 'g' will be reduced by 64% than the value at surface of the earth is (R = radius of the earth) [MHT-CET 2024]",
        "question_latex": "The height '$h$' from the surface of the earth at which the value of '$g$' will be reduced by $64\\%$ than the value at surface of the earth is ($R = $ radius of the earth) [MHT-CET 2024]",
        "question_images": [],
        "options": [
            "A. 2 R",
            "B. 3/2 R",
            "C. 2/3 R",
            "D. 1/3 R"
        ],
        "option_images": [],
        "answer": "C",
        "solution": "Reduced by $64\\%$ means $g' = 0.36g$. $\\sqrt{0.36} = \\frac{R}{R+h} \\Rightarrow 0.6 = \\frac{R}{R+h} \\Rightarrow 0.6R + 0.6h = R \\Rightarrow 0.6h = 0.4R \\Rightarrow h = 2/3 R$.",
        "solution_images": [],
        "difficulty": "Medium",
        "marks": 4
    },
    {
        "id": 41,
        "chapter": "Gravitation",
        "question": "The period of revolution of planet A around the sun is 8 times that of planet B. How many times the distance of A from the sun is greater than that of B from the sun? [MHT-CET 2021]",
        "question_latex": "The period of revolution of planet A around the sun is $8$ times that of planet B. How many times the distance of A from the sun is greater than that of B from the sun? [MHT-CET 2021]",
        "question_images": [],
        "options": [
            "A. 6 times",
            "B. 3 times",
            "C. 5 times",
            "D. 2 times"
        ],
        "option_images": [],
        "answer": "B",
        "solution": "$\\frac{r_{A}}{r_{B}} = (\\frac{T_{A}}{T_{B}})^{2/3} = (8)^{2/3} = 4$. So $r_{A} = 4r_{B}$. The distance is greater by $r_{A} - r_{B} = 3r_{B}$. Answer is 3 times.",
        "solution_images": [],
        "difficulty": "Medium",
        "marks": 4
    },
    {
        "id": 42,
        "chapter": "Gravitation",
        "question": "A body is projected with a velocity equal to twice the escape velocity (Ve) from the surface of earth. The velocity with which it will be travel in space is [MHT-CET 2024]",
        "question_latex": "A body is projected with a velocity equal to twice the escape velocity ($V_{e}$) from the surface of earth. The velocity with which it will be travel in space is [MHT-CET 2024]",
        "question_images": [],
        "options": [
            "A. sqrt(6GM/R)",
            "B. sqrt(GM/R)",
            "C. sqrt(3GM/R)",
            "D. sqrt(5GM/R)"
        ],
        "option_images": [],
        "answer": "A",
        "solution": "$v_{space} = \\sqrt{v^{2} - v_{e}^{2}} = \\sqrt{(2v_{e})^{2} - v_{e}^{2}} = \\sqrt{3v_{e}^{2}}$. Since $v_{e}^{2} = \\frac{2GM}{R}$, $v_{space} = \\sqrt{3 \\times \\frac{2GM}{R}} = \\sqrt{\\frac{6GM}{R}}$.",
        "solution_images": [],
        "difficulty": "Hard",
        "marks": 4
    },
    {
        "id": 43,
        "chapter": "Gravitation",
        "question": "Three-point masses, each of mass 'm' are kept at the corners of an equilateral triangle of side 'L'. The system rotates about the centre of the triangle without any change in the separation of masses during rotation. The period of rotation is directly proportional to [MHT-CET 2020]",
        "question_latex": "Three-point masses, each of mass '$m$' are kept at the corners of an equilateral triangle of side '$L$'. The system rotates about the centre of the triangle without any change in the separation of masses during rotation. The period of rotation is directly proportional to [MHT-CET 2020]",
        "question_images": [
            "q243_1"
        ],
        "options": [
            "A. L^3",
            "B. L",
            "C. L^3/2",
            "D. L^-2"
        ],
        "option_images": [],
        "answer": "C",
        "solution": "$F_{net} = \\sqrt{3}\\frac{Gm^{2}}{L^{2}}$. Centripetal force $m\\omega^{2}r = m\\omega^{2}(\\frac{L}{\\sqrt{3}})$. $\\sqrt{3}\\frac{Gm^{2}}{L^{2}} = m\\omega^{2}\\frac{L}{\\sqrt{3}} \\Rightarrow \\omega^{2} = \\frac{3GM}{L^{3}} \\Rightarrow T \\propto L^{3/2}$.",
        "solution_images": [
            "43_so_1.png"
        ],
        "difficulty": "Hard",
        "marks": 4
    },
    {
        "id": 44,
        "chapter": "Gravitation",
        "question": "V is the orbital velocity of a geostationary satellite orbiting in a circular orbit at an altitude 6 times radius of a satellite revolving very close to the surface of earth is",
        "question_latex": "V is the orbital velocity of a geostationary satellite orbiting in a circular orbit at an altitude $6$ times radius of a satellite revolving very close to the surface of earth is",
        "question_images": [],
        "options": [
            "A. sqrt(7) v",
            "B. v / sqrt(7)",
            "C. sqrt(6) v",
            "D. v / sqrt(6)"
        ],
        "option_images": [],
        "answer": "A",
        "solution": "$v = \\sqrt{\\frac{GM}{R+6R}} = \\sqrt{\\frac{GM}{7R}}$. For close satellite $v' = \\sqrt{\\frac{GM}{R}} = \\sqrt{7} v$.",
        "solution_images": [],
        "difficulty": "Medium",
        "marks": 4
    },
    {
        "id": 45,
        "chapter": "Gravitation",
        "question": "Match the column I with column II: [MHT-CET 2023]",
        "question_latex": "Match the column I with column II: [MHT-CET 2023]",
        "question_images": [],
        "options": [
            "A. (a)->(i); (b)->(iv), (c)->(ii), (d)->(iii)",
            "B. (a)->(iii); (b)->(ii), (c)->(i), (d)->(iv)",
            "C. (a)->(iii); (b)->(iv), (c)->(ii), (d)->(i)",
            "D. (a)->(iv); (b)->(iii), (c)->(ii), (d)->(i)"
        ],
        "option_images": [
            "q245_1"
        ],
        "answer": "C",
        "solution": "Kepler's First: Ellipse/Orbit. Kepler's Second: Conservation of Angular Momentum. Kepler's Third: $T^{2} \\propto a^{3}$. Newton's Universal Law: Inverse square law.",
        "solution_images": [],
        "difficulty": "Easy",
        "marks": 4
    },
    {
        "id": 46,
        "chapter": "Gravitation",
        "question": "The escape velocity from the surface of earth and that from the surface of planet are ' Ve and ' Vp respectively. The radius of the planet is twice that of earth and mean density of planet is thrice that of earth. The ratio Ve:Vp is [2025]",
        "question_latex": "The escape velocity from the surface of earth and that from the surface of planet are '$V_{e}$' and '$V_{p}$' respectively. The radius of the planet is twice that of earth and mean density of planet is thrice that of earth. The ratio $V_{e}:V_{p}$ is [2025]",
        "question_images": [],
        "options": [
            "A. 1: 2 sqrt(2)",
            "B. 1:6",
            "C. 1:3",
            "D. 1: 2 sqrt(3)"
        ],
        "option_images": [],
        "answer": "D",
        "solution": "$v_{e} \\propto R\\sqrt{\\rho}$. $\\frac{V_{e}}{V_{p}} = \\frac{R_{e}}{2R_{e}} \\sqrt{\\frac{\\rho_{e}}{3\\rho_{e}}} = \\frac{1}{2} \\frac{1}{\\sqrt{3}} = \\frac{1}{2\\sqrt{3}}$.",
        "solution_images": [],
        "difficulty": "Medium",
        "marks": 4
    },
    {
        "id": 47,
        "chapter": "Gravitation",
        "question": "Assertion: When an object is weighed with a physical balance, then its mass will be the same both at the pole and at the equator. Reason: When body is weighed with a spring balance, then its weight will be maximum at pole",
        "question_latex": "Assertion: When an object is weighed with a physical balance, then its mass will be the same both at the pole and at the equator. Reason: When body is weighed with a spring balance, then its weight will be maximum at pole",
        "question_images": [],
        "options": [
            "A. Both are true, Reason explains Assertion",
            "B. Both are true, Reason does not explain Assertion",
            "C. Assertion is true, Reason is False",
            "D. Assertion is False, Reason is True"
        ],
        "option_images": [],
        "answer": "B",
        "solution": "Physical balance measures mass, which is invariant. Spring balance measures weight, which depends on local $g$. Both statements are true independently.",
        "solution_images": [],
        "difficulty": "Medium",
        "marks": 4
    },
    {
        "id": 48,
        "chapter": "Gravitation",
        "question": "The mass and radius of earth is ' Me' and ' Re respectively and that of moon is ' Mm ' and ' Rm respectively. The distance between the centre of the earth and that of moon is ' D'. The minimum speed required for a body (mass 'm') to project from a point midway between their centres to escape to infinity is [MHT-CET 2020]",
        "question_latex": "The mass and radius of earth is '$M_{E}$' and '$R_{E}$' respectively and that of moon is '$M_{m}$' and '$R_{m}$' respectively. The distance between the centre of the earth and that of moon is '$D$'. The minimum speed required for a body (mass '$m$') to project from a point midway between their centres to escape to infinity is [MHT-CET 2020]",
        "question_images": [],
        "options": [
            "A. G(Me + Mm) / 2D",
            "B. (GD / Me)^1/2",
            "C. 2 sqrt(G(Me + Mm) / D)",
            "D. sqrt(G(Me + Mm) / D)"
        ],
        "option_images": [],
        "answer": "C",
        "solution": "$U = -\\frac{GM_{E}m}{D/2} - \\frac{GM_{m}m}{D/2} = -\\frac{2Gm}{D}(M_{E} + M_{m})$. $\\frac{1}{2}mv^{2} + U = 0 \\Rightarrow v = \\sqrt{2(-U/m)} = \\sqrt{\\frac{4G}{D}(M_{E} + M_{m})} = 2\\sqrt{\\frac{G(M_{E} + M_{m})}{D}}$.",
        "solution_images": [],
        "difficulty": "Hard",
        "marks": 4
    },
    {
        "id": 49,
        "chapter": "Gravitation",
        "question": "The radius of a geostationary satellite is (mean radius of earth is 'R', angular velocity about own axis is 'omega' and acceleration due to gravity on earth's surface is 'g') [MHT-CET 2023]",
        "question_latex": "The radius of a geostationary satellite is (mean radius of earth is '$R$', angular velocity about own axis is '$\\omega$' and acceleration due to gravity on earth's surface is '$g$') [MHT-CET 2023]",
        "question_images": [],
        "options": [
            "A. g R^2 / omega^2",
            "B. (g R^2 / omega^2)^2/3",
            "C. (g R^2 / omega^2)^1/2",
            "D. (g R^2 / omega^2)^1/3"
        ],
        "option_images": [],
        "answer": "D",
        "solution": "$r^{3} = \\frac{GM}{\\omega^{2}} = \\frac{gR^{2}}{\\omega^{2}} \\Rightarrow r = (\\frac{gR^{2}}{\\omega^{2}})^{1/3}$.",
        "solution_images": [],
        "difficulty": "Medium",
        "marks": 4
    },
    {
        "id": 50,
        "chapter": "Gravitation",
        "question": "For the weight of body of mass 5 kg to be zero on equator of the earth, angular velocity of the earth must be The radius of earth = 6400 km, acceleration due to gravity = 10 m/s^2 [MHT-CET 2020]",
        "question_latex": "For the weight of body of mass $5$ kg to be zero on equator of the earth, angular velocity of the earth must be The radius of earth $= 6400$ km, acceleration due to gravity $= 10~m/s^{2}$ [MHT-CET 2020]",
        "question_images": [],
        "options": [
            "A. 1/800 rad/s",
            "B. 1/400 rad/s",
            "C. 1/80 rad/s",
            "D. 1/1600 rad/s"
        ],
        "option_images": [],
        "answer": "A",
        "solution": "$g - R\\omega^{2} = 0 \\Rightarrow \\omega = \\sqrt{g/R} = \\sqrt{10 / 6.4 \\times 10^{6}} = \\sqrt{1 / 640000} = 1/800$ rad/s.",
        "solution_images": [],
        "difficulty": "Medium",
        "marks": 4
    },
    {
        "id": 51,
        "chapter": "Gravitation",
        "question": "A revolving body of mass 'm'kg starts falling from a point' 2R' above earth's surface. Its gain in kinetic energy when it has fallen to a point' R' above the earth's surface is (R = Radius of earth, M = Mass of earth, G = Universal gravitational constant) [MHT-CET 2023]",
        "question_latex": "A revolving body of mass '$m$'kg starts falling from a point '$2R$' above earth's surface. Its gain in kinetic energy when it has fallen to a point '$R$' above the earth's surface is ($R = $ Radius of earth, $M = $ Mass of earth, $G = $ Universal gravitational constant) [MHT-CET 2023]",
        "question_images": [],
        "options": [
            "A. 1/2 GMm / R",
            "B. 1/3 GMm / R",
            "C. 1/6 GMm / R",
            "D. 2/3 GMm / R"
        ],
        "option_images": [],
        "answer": "C",
        "solution": "$\\Delta K.E. = -\\Delta P.E. = U_{i} - U_{f} = -\\frac{GMm}{R+2R} - (-\\frac{GMm}{R+R}) = -\\frac{GMm}{3R} + \\frac{GMm}{2R} = \\frac{GMm}{6R}$.",
        "solution_images": [],
        "difficulty": "Medium",
        "marks": 4
    },
    {
        "id": 52,
        "chapter": "Gravitation",
        "question": "The acceleration due to gravity on the surface of the moon is one sixth that on the earth. The radius of the moon is about one fourth that of the earth. If ve is the escape velocity on the surface of the earth, then escape velocity on the surface of the moon will be:",
        "question_latex": "The acceleration due to gravity on the surface of the moon is one sixth that on the earth. The radius of the moon is about one fourth that of the earth. If $v_{e}$ is the escape velocity on the surface of the earth, then escape velocity on the surface of the moon will be:",
        "question_images": [],
        "options": [
            "A. v_e / 6",
            "B. v_e / 24",
            "C. v_e sqrt(4/6)",
            "D. v_e / sqrt(24)"
        ],
        "option_images": [],
        "answer": "D",
        "solution": "$v_{e} = \\sqrt{2gR}$. $\\frac{v_{m}}{v_{e}} = \\sqrt{\\frac{g_{m}R_{m}}{g_{e}R_{e}}} = \\sqrt{(1/6)(1/4)} = \\sqrt{1/24} \\Rightarrow v_{m} = v_{e} / \\sqrt{24}$.",
        "solution_images": [],
        "difficulty": "Medium",
        "marks": 4
    },
    {
        "id": 53,
        "chapter": "Gravitation",
        "question": "In a gravitational field, at a point where the gravitational potential is zero",
        "question_latex": "In a gravitational field, at a point where the gravitational potential is zero",
        "question_images": [],
        "options": [
            "A. The gravitational field is necessarily zero",
            "B. The gravitational field is not necessarily zero",
            "C. Nothing can be said definitely about the gravitational field",
            "D. None of these"
        ],
        "option_images": [],
        "answer": "A",
        "solution": "Potential is defined relative to infinity. In a standard setup with finite masses, potential is only zero at infinity, where the field is also zero.",
        "solution_images": [],
        "difficulty": "Easy",
        "marks": 4
    },
    {
        "id": 54,
        "chapter": "Gravitation",
        "question": "A planet revolves round the sun in an elliptical orbit of minor and major axes x and y respectively. Then time period of its revolution is proportional to",
        "question_latex": "A planet revolves round the sun in an elliptical orbit of minor and major axes $x$ and $y$ respectively. Then time period of its revolution is proportional to",
        "question_images": [],
        "options": [
            "A. (x + y)^3/2",
            "B. (y - x)^3/2",
            "C. x^3/2",
            "D. y^3/2"
        ],
        "option_images": [],
        "answer": "D",
        "solution": "Kepler's Third Law states $T^{2} \\propto a^{3}$, where $a$ is the semi-major axis. $a = y/2 \\Rightarrow T \\propto y^{3/2}$. (Assuming $y$ is the full major axis).",
        "solution_images": [],
        "difficulty": "Medium",
        "marks": 4
    },
    {
        "id": 55,
        "chapter": "Gravitation",
        "question": "In order to find time, the astronaut orbiting in an earth satellite should use :",
        "question_latex": "In order to find time, the astronaut orbiting in an earth satellite should use :",
        "question_images": [],
        "options": [
            "A. A pendulum clock",
            "B. A watch having main spring to keep it going",
            "C. Either a pendulum clock or a watch",
            "D. Neither a pendulum clock nor a watch"
        ],
        "option_images": [],
        "answer": "B",
        "solution": "Pendulum clocks depend on $g$ (which is effectively zero in free-fall). Spring-based watches work independently of $g$.",
        "solution_images": [],
        "difficulty": "Easy",
        "marks": 4
    },
    {
        "id": 56,
        "chapter": "Gravitation",
        "question": "The mass of a planet is six times that of the earth. The radius of the planet is twice that of the earth. If the escape velocity from the earth is ' Ve' then the escape velocity from the planet is [MHT-CET 2021]",
        "question_latex": "The mass of a planet is six times that of the earth. The radius of the planet is twice that of the earth. If the escape velocity from the earth is '$V_{e}$' then the escape velocity from the planet is [MHT-CET 2021]",
        "question_images": [],
        "options": [
            "A. sqrt(2) V_e",
            "B. sqrt(5) V_e",
            "C. V_e",
            "D. sqrt(3) V_e"
        ],
        "option_images": [],
        "answer": "D",
        "solution": "$v_{e} \\propto \\sqrt{M/R}$. $v_{p}/v_{e} = \\sqrt{6/2} = \\sqrt{3}$.",
        "solution_images": [],
        "difficulty": "Easy",
        "marks": 4
    },
    {
        "id": 57,
        "chapter": "Gravitation",
        "question": "A satellite of mass m is launched from the earth s surface in a circular orbit. If the mass of the earth is M and its radius R, the energy of the satellite at an altitude 2R is",
        "question_latex": "A satellite of mass $m$ is launched from the earth s surface in a circular orbit. If the mass of the earth is $M$ and its radius $R$, the energy of the satellite at an altitude $2R$ is",
        "question_images": [],
        "options": [
            "A. -GMm / 6R",
            "B. -GMm / 3R",
            "C. GMm / 6R",
            "D. None of these"
        ],
        "option_images": [],
        "answer": "A",
        "solution": "$T.E. = -\\frac{GMm}{2r} = -\\frac{GMm}{2(R+2R)} = -\\frac{GMm}{6R}$.",
        "solution_images": [],
        "difficulty": "Medium",
        "marks": 4
    },
    {
        "id": 58,
        "chapter": "Gravitation",
        "question": "An iron sphere and an aluminium sphere. Both of same radius are dropped from the top of a tower 100 m high. At a height 40 m above the ground. Both of them will have same",
        "question_latex": "An iron sphere and an aluminium sphere. Both of same radius are dropped from the top of a tower $100$ m high. At a height $40$ m above the ground. Both of them will have same",
        "question_images": [],
        "options": [
            "A. Momentum",
            "B. Kinetic energy",
            "C. Potential energy",
            "D. Acceleration"
        ],
        "option_images": [],
        "answer": "D",
        "solution": "In vacuum, all objects fall with same acceleration $g$ regardless of mass.",
        "solution_images": [],
        "difficulty": "Easy",
        "marks": 4
    },
    {
        "id": 59,
        "chapter": "Gravitation",
        "question": "The mass of earth is 81 times that of the moon and the radius of the earth is 3.5 times that of the moon. The ratio of the escape velocity on the surface on earth to that on the surface of moon will be [MHT-CET 2011]",
        "question_latex": "The mass of earth is $81$ times that of the moon and the radius of the earth is $3.5$ times that of the moon. The ratio of the escape velocity on the surface on earth to that on the surface of moon will be [MHT-CET 2011]",
        "question_images": [],
        "options": [
            "A. 0.2",
            "B. 2.57",
            "C. 4.81",
            "D. 0.39"
        ],
        "option_images": [],
        "answer": "C",
        "solution": "$v_{e}/v_{m} = \\sqrt{\\frac{M_{e}}{M_{m}} \\frac{R_{m}}{R_{e}}} = \\sqrt{81 / 3.5} \\approx \\sqrt{23.1} \\approx 4.81$.",
        "solution_images": [],
        "difficulty": "Medium",
        "marks": 4
    },
    {
        "id": 60,
        "chapter": "Gravitation",
        "question": "A satellite is orbiting just above the Earth's surface with periodic time 'T's. Assuming the Earth to be a sphere of density ' d' and radius ' R' the square of the periodic time, T^2 is equal to (KGdx), where K and x are constants. The respective values of K and x are [MHT-CET 2024]",
        "question_latex": "A satellite is orbiting just above the Earth's surface with periodic time '$T$'s. Assuming the Earth to be a sphere of density '$d$' and radius '$R$' the square of the periodic time, $T^{2}$ is equal to ($KGd^{x}$), where $K$ and $x$ are constants. The respective values of $K$ and $x$ are [MHT-CET 2024]",
        "question_images": [],
        "options": [
            "A. 2 pi and 1",
            "B. 3 pi and -1",
            "C. 3 pi and -1/2",
            "D. pi and -1"
        ],
        "option_images": [],
        "answer": "B",
        "solution": "$T = 2\\pi\\sqrt{\\frac{R^{3}}{GM}}$. $M = \\frac{4}{3}\\pi R^{3}d$. So $T^{2} = 4\\pi^{2}\\frac{R^{3}}{G(4/3 \\pi R^{3}d)} = \\frac{3\\pi}{Gd}$. So $K = 3\\pi/G$ (simplified in text as $3\\pi$) and $x = -1$.",
        "solution_images": [],
        "difficulty": "Hard",
        "marks": 4
    },
    {
        "id": 61,
        "chapter": "Gravitation",
        "question": "The mass and radius of the earth and moon are M1 R1 and M2, R2 respectively. Their centres are at a distance' d' apart. The minimum speed with which a body of mass 'm' should be projected from a distance (2 d/3) from the centre of M1 so as to escape is [MHT-CET 2022]",
        "question_latex": "The mass and radius of the earth and moon are $M_{1}, R_{1}$ and $M_{2}, R_{2}$ respectively. Their centres are at a distance '$d$' apart. The minimum speed with which a body of mass '$m$' should be projected from a distance ($2d/3$) from the centre of $M_{1}$ so as to escape is [MHT-CET 2022]",
        "question_images": [],
        "options": [
            "A. [6G(M1 - M2) / 2 d]^1/2",
            "B. [6G(M1/2 + M2) / d]^1/2",
            "C. [3G(M1 - M2) / 2d]^1/2",
            "D. [3G(M1 - M2) / d]^1/2"
        ],
        "option_images": [],
        "answer": "B",
        "solution": "$U = -\\frac{GM_{1}m}{2d/3} - \\frac{GM_{2}m}{d/3} = -\\frac{3Gm}{d}(\\frac{M_{1}}{2} + M_{2})$. $\\frac{1}{2}mv^{2} + U = 0 \\Rightarrow v = \\sqrt{2(-U/m)} = \\sqrt{\\frac{6G}{d}(\\frac{M_{1}}{2} + M_{2})}$.",
        "solution_images": [],
        "difficulty": "Hard",
        "marks": 4
    },
    {
        "id": 62,
        "chapter": "Gravitation",
        "question": "A mass mass' m' suspended from a spring stretches it by 5 cm when on the surface of the earth. The mass is then taken on to a height of 1600 km above earth's surface and again suspended from the same spring. At this altitude the extension of the spring is (Radius of earth = 6400 km) [MHT-CET 2020]",
        "question_latex": "A mass mass '$m$' suspended from a spring stretches it by $5$ cm when on the surface of the earth. The mass is then taken on to a height of $1600$ km above earth's surface and again suspended from the same spring. At this altitude the extension of the spring is (Radius of $earth = 6400~km$) [MHT-CET 2020]",
        "question_images": [],
        "options": [
            "A. 3.2 cm",
            "B. 1.6 cm",
            "C. 6.4 cm",
            "D. 0.8 cm"
        ],
        "option_images": [],
        "answer": "A",
        "solution": "$e \\propto g$. $\\frac{e'}{e} = \\frac{g_{h}}{g} = (\\frac{R}{R+h})^{2} = (\\frac{6400}{8000})^{2} = (4/5)^{2} = 16/25$. $e' = 5 \\times 16/25 = 3.2$ cm.",
        "solution_images": [],
        "difficulty": "Medium",
        "marks": 4
    },
    {
        "id": 63,
        "chapter": "Gravitation",
        "question": "The speed with which the earth would have to rotate about its axis so that a person on the equator would weigh 3/5 th as much as at present weight is (g = gravitational acceleration, R = equatorial radius of the earth) [MHT-CET 2024]",
        "question_latex": "The speed with which the earth would have to rotate about its axis so that a person on the equator would weigh $\\frac{3}{5}^{th}$ as much as at present weight is ($g = $ gravitational acceleration, $R = $ equatorial radius of the earth) [MHT-CET 2024]",
        "question_images": [],
        "options": [
            "A. sqrt(3g / 5R)",
            "B. sqrt(3/5 gR)",
            "C. sqrt(5R / 3g)",
            "D. sqrt(2g / 5R)"
        ],
        "option_images": [],
        "answer": "D",
        "solution": "$g' = g - R\\omega^{2} = 3/5 g \\Rightarrow R\\omega^{2} = 2/5 g \\Rightarrow \\omega = \\sqrt{\\frac{2g}{5R}}$.",
        "solution_images": [],
        "difficulty": "Medium",
        "marks": 4
    },
    {
        "id": 64,
        "chapter": "Gravitation",
        "question": "The maximum possible velocity of a satellite orbiting round the earth in a stable orbit is:",
        "question_latex": "The maximum possible velocity of a satellite orbiting round the earth in a stable orbit is:",
        "question_images": [],
        "options": [
            "A. sqrt(2 R_z g)",
            "B. sqrt(R_z g)",
            "C. sqrt(R_z g / 2)",
            "D. Infinite"
        ],
        "option_images": [],
        "answer": "B",
        "solution": "Critical velocity is max when radius is min ($r=R$). $v_{c} = \\sqrt{gR}$.",
        "solution_images": [],
        "difficulty": "Easy",
        "marks": 4
    },
    {
        "id": 65,
        "chapter": "Gravitation",
        "question": "The gravitational force between two bodies each of mass 1 kg situated 1m apart is",
        "question_latex": "The gravitational force between two bodies each of mass $1$ kg situated $1$m apart is",
        "question_images": [],
        "options": [
            "A. Equal to G",
            "B. Less than G",
            "C. More that G",
            "D. Zero"
        ],
        "option_images": [],
        "answer": "A",
        "solution": "$F = G(1)(1)/(1)^{2} = G$.",
        "solution_images": [],
        "difficulty": "Easy",
        "marks": 4
    },
    {
        "id": 66,
        "chapter": "Gravitation",
        "question": "The gravitational force of earth on a ball of mass one kilogram is 9.8 N. The attraction of ball on the earth is",
        "question_latex": "The gravitational force of earth on a ball of mass one kilogram is $9.8$ N. The attraction of ball on the earth is",
        "question_images": [],
        "options": [
            "A. 9.8 N",
            "B. Negligible",
            "C. Slightly less than 9.8 N",
            "D. More than 9.8 N"
        ],
        "option_images": [],
        "answer": "A",
        "solution": "By Newton's Third Law, the force exerted by the ball on the earth is equal and opposite to the force exerted by the earth on the ball.",
        "solution_images": [],
        "difficulty": "Easy",
        "marks": 4
    },
    {
        "id": 67,
        "chapter": "Gravitation",
        "question": "The percentage decrease in the weight of a body when taken 32 km below the surface of the earth is (Radius of the earth = 6400 km) [MHT-CET 2024]",
        "question_latex": "The percentage decrease in the weight of a body when taken $32$ km below the surface of the earth is (Radius of the earth $= 6400$ km) [MHT-CET 2024]",
        "question_images": [],
        "options": [
            "A. 0.50%",
            "B. 0.25%",
            "C. 0.75%",
            "D. 5.0%"
        ],
        "option_images": [],
        "answer": "A",
        "solution": "Percentage decrease in depth $= \\frac{d}{R} \\times 100 = \\frac{32}{6400} \\times 100 = 0.5\\%$.",
        "solution_images": [],
        "difficulty": "Easy",
        "marks": 4
    },
    {
        "id": 68,
        "chapter": "Gravitation",
        "question": "If 'T' is the length of a day on earth, ' M' & ' R' are the mass and radius of the earth respectively, then the height of a geostationary satellite is [ G = Universal gravitational constant] [MHT-CET 2022]",
        "question_latex": "If '$T$' is the length of a day on earth, '$M$' & '$R$' are the mass and radius of the earth respectively, then the height of a geostationary satellite is [$G = $ Universal gravitational constant] [MHT-CET 2022]",
        "question_images": [],
        "options": [
            "A. [4 pi^2 GM / T^2]^1/3",
            "B. [GMT^2 / 4 pi^2]^1/3 + R",
            "C. [GMT^2 / 4 pi^2]^1/3 - R",
            "D. [4 pi GM / R^2]^1/3 - R"
        ],
        "option_images": [],
        "answer": "C",
        "solution": "$T = 2\\pi\\sqrt{\\frac{(R+h)^{3}}{GM}} \\Rightarrow (R+h)^{3} = \\frac{GMT^{2}}{4\\pi^{2}} \\Rightarrow h = (\\frac{GMT^{2}}{4\\pi^{2}})^{1/3} - R$.",
        "solution_images": [],
        "difficulty": "Medium",
        "marks": 4
    },
    {
        "id": 69,
        "chapter": "Gravitation",
        "question": "Choose the correct statement from the following: The radius of the orbit of a geostationary satellite depends upon :",
        "question_latex": "Choose the correct statement from the following: The radius of the orbit of a geostationary satellite depends upon :",
        "question_images": [],
        "options": [
            "A. Mass of the satellite, its time period and the gravitational constant",
            "B. Mass of the satellite, mass of the earth and the gravitational constant",
            "C. Mass of the earth, mass of the satellite, time period of the satellite and the gravitational constant",
            "D. Mass of the earth, time period of the satellite and the gravitational constant."
        ],
        "option_images": [],
        "answer": "D",
        "solution": "$r = (\\frac{GMT^{2}}{4\\pi^{2}})^{1/3}$. It depends on Mass of earth, Time period, and G. It is independent of mass of the satellite.",
        "solution_images": [],
        "difficulty": "Easy",
        "marks": 4
    },
    {
        "id": 70,
        "chapter": "Gravitation",
        "question": "A satellite is moving with a constant speed v in a circular orbit about the earth. An object of mass m is ejected from the satellite such that it just escapes from the gravitational pull of the earth. At the time of its ejection, the kinetic energy of the object",
        "question_latex": "A satellite is moving with a constant speed $v$ in a circular orbit about the earth. An object of mass $m$ is ejected from the satellite such that it just escapes from the gravitational pull of the earth. At the time of its ejection, the kinetic energy of the object",
        "question_images": [],
        "options": [
            "A. 1/2 mv^2",
            "B. mv^2",
            "C. 3/2 mv^2",
            "D. 2 mv^2"
        ],
        "option_images": [],
        "answer": "B",
        "solution": "$v_{orb} = \\sqrt{GM/r}$. $v_{esc} = \\sqrt{2GM/r} = \\sqrt{2}v$. $K.E. = \\frac{1}{2}m(\\sqrt{2}v)^{2} = mv^{2}$.",
        "solution_images": [],
        "difficulty": "Medium",
        "marks": 4
    },
    {
        "id": 71,
        "chapter": "Gravitation",
        "question": "Assertion: A body weighs X newton on the surface of the earth. Its weight at a height equal to half the radius of the earth will be 2X / 5 Reason: g' = g R^2 / (R+h)^2",
        "question_latex": "Assertion: A body weighs $X$ newton on the surface of the earth. Its weight at a height equal to half the radius of the earth will be $\\frac{2X}{5}$ Reason: $g' = g\\frac{R^{2}}{(R+h)^{2}}$",
        "question_images": [],
        "options": [
            "A. Both True, Reason explains Assertion",
            "B. Both True, Reason does not explain Assertion",
            "C. Assertion True, Reason False",
            "D. Assertion False, Reason True"
        ],
        "option_images": [],
        "answer": "D",
        "solution": "$g' = g(\\frac{R}{R+R/2})^{2} = g(2/3)^{2} = 4/9 g$. So weight is $4/9 X$, not $2/5 X$. Assertion is false, Reason is true formula.",
        "solution_images": [],
        "difficulty": "Medium",
        "marks": 4
    },
    {
        "id": 72,
        "chapter": "Gravitation",
        "question": "Earth revolves round the sun in a circular orbit of radius 'R'. The angular momentum of the revolving earth is directly proportional to [MHT-CET 2024]",
        "question_latex": "Earth revolves round the sun in a circular orbit of radius '$R$'. The angular momentum of the revolving earth is directly proportional to [MHT-CET 2024]",
        "question_images": [],
        "options": [
            "A. R",
            "B. R^2",
            "C. R^3",
            "D. R^1/2"
        ],
        "option_images": [],
        "answer": "D",
        "solution": "$L = mvr = m\\sqrt{GM/R}R = m\\sqrt{GMR} \\propto R^{1/2}$.",
        "solution_images": [],
        "difficulty": "Easy",
        "marks": 4
    },
    {
        "id": 73,
        "chapter": "Gravitation",
        "question": "Two satellites of masses' m' and ' 4m' are revolving in a same orbit around the earth. Which one of the following statements is correct? [MHT-CET 2020]",
        "question_latex": "Two satellites of masses '$m$' and '$4m$' are revolving in a same orbit around the earth. Which one of the following statements is correct? [MHT-CET 2020]",
        "question_images": [],
        "options": [
            "A. They have same kinetic energy",
            "B. They have same potential energy",
            "C. They have periods in the ratio 1:4",
            "D. They have same period"
        ],
        "option_images": [],
        "answer": "D",
        "solution": "Period $T = 2\\pi\\sqrt{\\frac{r^{3}}{GM}}$ is independent of the mass of the satellite.",
        "solution_images": [],
        "difficulty": "Easy",
        "marks": 4
    },
    {
        "id": 74,
        "chapter": "Gravitation",
        "question": "The ratio of escape velocity at earth (Ve) to the escape velocity at a planet (Vp) whose radius is thrice that of earth and mean density twice that of earth is [MHT-CET 2024]",
        "question_latex": "The ratio of escape velocity at earth ($V_{e}$) to the escape velocity at a planet ($V_{p}$) whose radius is thrice that of earth and mean density twice that of earth is [MHT-CET 2024]",
        "question_images": [],
        "options": [
            "A. 1: 2 sqrt(3)",
            "B. 1: 3 sqrt(2)",
            "C. 3 sqrt(2) : 1",
            "D. 1:6"
        ],
        "option_images": [],
        "answer": "B",
        "solution": "$v_{e} \\propto R\\sqrt{\\rho}$. $V_{e}/V_{p} = (R/3R) \\sqrt{\\rho/2\\rho} = (1/3) (1/\\sqrt{2}) = 1 / 3\\sqrt{2}$.",
        "solution_images": [],
        "difficulty": "Medium",
        "marks": 4
    },
    {
        "id": 75,
        "chapter": "Gravitation",
        "question": "The potential energy of a circularly orbiting satellite around the earth at height' h ' from the earth's surface, is given by P.E.=x(KE.) where K.E. is the kinetic energy of this satellite. The value of'x' is [MHT-CET 2021]",
        "question_latex": "The potential energy of a circularly orbiting satellite around the earth at height '$h$' from the earth's surface, is given by $P.E.=x(K.E.)$ where $K.E.$ is the kinetic energy of this satellite. The value of '$x$' is [MHT-CET 2021]",
        "question_images": [],
        "options": [
            "A. 2",
            "B. -0.5",
            "C. -2",
            "D. 0.5"
        ],
        "option_images": [],
        "answer": "C",
        "solution": "$P.E. = -\\frac{GMm}{r}$ and $K.E. = \\frac{GMm}{2r}$. So $P.E. = -2 K.E. \\Rightarrow x = -2$.",
        "solution_images": [],
        "difficulty": "Easy",
        "marks": 4
    },
    {
        "id": 76,
        "chapter": "Gravitation",
        "question": "Two identical metal spheres are kept in contact with each other, each having radius' R' cm and ' rho' is the density of material of metal spheres. The gravitational force 'F' of attraction between them is proportional to [MHT-CET 2024]",
        "question_latex": "Two identical metal spheres are kept in contact with each other, each having radius '$R$' cm and '$\\rho$' is the density of material of metal spheres. The gravitational force '$F$' of attraction between them is proportional to [MHT-CET 2024]",
        "question_images": [],
        "options": [
            "A. R^3 rho",
            "B. R^4 rho^2",
            "C. R^4 rho",
            "D. R^3 rho^2"
        ],
        "option_images": [],
        "answer": "B",
        "solution": "$M \\propto R^{3}\\rho$. $F \\propto M^{2}/(2R)^{2} \\propto (R^{3}\\rho)^{2}/R^{2} = R^{6}\\rho^{2}/R^{2} = R^{4}\\rho^{2}$.",
        "solution_images": [],
        "difficulty": "Hard",
        "marks": 4
    },
    {
        "id": 77,
        "chapter": "Gravitation",
        "question": "A body is projected vertically upwards from earth's surface of radius' R' with velocity equal to 1/3rd of escape velocity. The maximum height reached by the body is [MHT-CET 2023]",
        "question_latex": "A body is projected vertically upwards from earth's surface of radius '$R$' with velocity equal to $\\frac{1}{3}^{rd}$ of escape velocity. The maximum height reached by the body is [MHT-CET 2023]",
        "question_images": [],
        "options": [
            "A. R/6",
            "B. R/4",
            "C. R/3",
            "D. R/8"
        ],
        "option_images": [],
        "answer": "D",
        "solution": "$\\frac{1}{2}m(v_{e}/3)^{2} = GMm(\\frac{1}{R} - \\frac{1}{R+h})$. $\\frac{1}{2}m(\\frac{2GM}{9R}) = \\frac{GMmh}{R(R+h)} \\Rightarrow \\frac{1}{9R} = \\frac{h}{R(R+h)} \\Rightarrow R+h = 9h \\Rightarrow 8h = R \\Rightarrow h = R/8$.",
        "solution_images": [],
        "difficulty": "Medium",
        "marks": 4
    },
    {
        "id": 78,
        "chapter": "Gravitation",
        "question": "The escape velocity from the surface of earth of mass 'M' and radius 'R' is ' Ve'. The escape velocity from the surface of a planet whose mass and radius are 3 times that of the earth, will be [MHT-CET 2020]",
        "question_latex": "The escape velocity from the surface of earth of mass '$M$' and radius '$R$' is '$V_{e}$'. The escape velocity from the surface of a planet whose mass and radius are $3$ times that of the earth, will be [MHT-CET 2020]",
        "question_images": [],
        "options": [
            "A. Ve",
            "B. 3Ve",
            "C. 12Ve",
            "D. 9Ve"
        ],
        "option_images": [],
        "answer": "A",
        "solution": "$v' \\propto \\sqrt{M/R} = \\sqrt{3/3} = 1$. It remains $V_{e}$.",
        "solution_images": [],
        "difficulty": "Easy",
        "marks": 4
    },
    {
        "id": 79,
        "chapter": "Gravitation",
        "question": "Time period of an artificial satellite close to the spherical planet of radius 'R' is T. The period of revolution for the same satellite close to the surface of another planet of radius 3R ' is Density of both the planets is same [MHT-CET 2019]",
        "question_latex": "Time period of an artificial satellite close to the spherical planet of radius '$R$' is $T$. The period of revolution for the same satellite close to the surface of another planet of radius '$3R$' is Density of both the planets is same [MHT-CET 2019]",
        "question_images": [],
        "options": [
            "A. sqrt(3) T",
            "B. T",
            "C. 3T",
            "D. 9T"
        ],
        "option_images": [],
        "answer": "B",
        "solution": "$T = \\sqrt{\\frac{3\\pi}{G\\rho}}$. If density is same, the period close to the surface is the same, independent of radius.",
        "solution_images": [],
        "difficulty": "Medium",
        "marks": 4
    },
    {
        "id": 80,
        "chapter": "Gravitation",
        "question": "The acceleration due to gravity at a height'h' above the earth's surface is gh. At the depth 90 km below the earth's surface, the acceleration due to gravity is also gh. The value of 'h' is [2025]",
        "question_latex": "The acceleration due to gravity at a height '$h$' above the earth's surface is $g_{h}$. At the depth $90$ km below the earth's surface, the acceleration due to gravity is also $g_{h}$. The value of '$h$' is [2025]",
        "question_images": [],
        "options": [
            "A. 60 km",
            "B. 90 km",
            "C. 45 km",
            "D. 180 km"
        ],
        "option_images": [],
        "answer": "C",
        "solution": "For small $h$: $g(1 - 2h/R) = g(1 - d/R) \\Rightarrow 2h = d \\Rightarrow 2h = 90 \\Rightarrow h = 45$ km.",
        "solution_images": [],
        "difficulty": "Medium",
        "marks": 4
    },
    {
        "id": 81,
        "chapter": "Gravitation",
        "question": "A particle is dropped on Earth from height R (radius of earth) and it bounces back to height h. If the coefficient of restitution of collision is sqrt(2/3), then find h.",
        "question_latex": "A particle is dropped on Earth from height $R$ (radius of earth) and it bounces back to height $h$. If the coefficient of restitution of collision is $\\sqrt{\\frac{2}{3}},$ then find $h$.",
        "question_images": [],
        "options": [
            "A. R/3",
            "B. R/4",
            "C. R",
            "D. R/2"
        ],
        "option_images": [],
        "answer": "D",
        "solution": "Velocity before impact $v_{1} = \\sqrt{2g(R_{eff})}$. For a fall from $R$, $v = \\sqrt{gR}$ (using potential energy). After bounce $v_{2} = e v_{1} = \\sqrt{2/3} \\sqrt{gR}$. Height $h = v_{2}^{2}/2g = (2/3 gR) / 2g = R/3$? Checking energy: $U = -GMm/2R$. Gain in $KE$ hitting ground $= GMm/2R = 1/2 mv^{2} \\Rightarrow v^{2} = gR$. $v'^{2} = (2/3)gR$. Height $h$ from surface: $-GMm/(R+h) = -GMm/R + 1/2 m (2/3)gR = -GMm/R + GMm/3R = -2GMm/3R \\Rightarrow R+h = 1.5R \\Rightarrow h = R/2$.",
        "solution_images": [],
        "difficulty": "Hard",
        "marks": 4
    },
    {
        "id": 82,
        "chapter": "Gravitation",
        "question": "Weight of a body on the surface of two planet is the same if their densities are d1 and d2 then ratio of their radii is",
        "question_latex": "Weight of a body on the surface of two planet is the same if their densities are $d_{1}$ and $d_{2}$ then ratio of their radii is",
        "question_images": [],
        "options": [
            "A. d1/d2",
            "B. d2/d1",
            "C. d1^2 / d2^2",
            "D. d2^2 / d1^2"
        ],
        "option_images": [],
        "answer": "B",
        "solution": "$g \\propto R\\rho$. If $g_{1} = g_{2}$, then $R_{1}d_{1} = R_{2}d_{2} \\Rightarrow R_{1}/R_{2} = d_{2}/d_{1}$.",
        "solution_images": [],
        "difficulty": "Easy",
        "marks": 4
    },
    {
        "id": 83,
        "chapter": "Gravitation",
        "question": "The weight of a body at the centre of the earth is",
        "question_latex": "The weight of a body at the centre of the earth is",
        "question_images": [],
        "options": [
            "A. Zero",
            "B. Infinity",
            "C. Same as on the surface of earth",
            "D. None of the above"
        ],
        "option_images": [],
        "answer": "A",
        "solution": "Acceleration due to gravity is zero at the center of the earth.",
        "solution_images": [],
        "difficulty": "Easy",
        "marks": 4
    },
    {
        "id": 84,
        "chapter": "Gravitation",
        "question": "Let gh and gd be the acceleration due to gravity at height h above the earth surface and at depth d below the earths surface respectively. If gh = gd then the relation between h and d is",
        "question_latex": "Let $g_{h}$ and $g_{d}$ be the acceleration due to gravity at height $h$ above the earth surface and at depth $d$ below the earths surface respectively. If $g_{h} = g_{d}$ then the relation between $h$ and $d$ is",
        "question_images": [],
        "options": [
            "A. d = h",
            "B. d = h/2",
            "C. d = 3h",
            "D. d = 2h"
        ],
        "option_images": [],
        "answer": "D",
        "solution": "For small $h$: $g(1 - 2h/R) = g(1 - d/R) \\Rightarrow d = 2h$.",
        "solution_images": [],
        "difficulty": "Easy",
        "marks": 4
    },
    {
        "id": 85,
        "chapter": "Gravitation",
        "question": "A satellite is orbiting the earth. If its distance from the earth is increased is",
        "question_latex": "A satellite is orbiting the earth. If its distance from the earth is increased is",
        "question_images": [],
        "options": [
            "A. Angular velocity would increases",
            "B. Linear velocity would increases",
            "C. Time period would increases",
            "D. None of the above"
        ],
        "option_images": [],
        "answer": "C",
        "solution": "$T^{2} \\propto r^{3}$. If distance increases, time period increases.",
        "solution_images": [],
        "difficulty": "Easy",
        "marks": 4
    },
    {
        "id": 86,
        "chapter": "Gravitation",
        "question": "A mass M is broken into two parts of masses m1 and m2. How are m1 are m2 related if we want the gravitation attraction between the two parts to be maximum?",
        "question_latex": "A mass $M$ is broken into two parts of masses $m_{1}$ and $m_{2}.$ How are $m_{1}$ are $m_{2}$ related if we want the gravitation attraction between the two parts to be maximum?",
        "question_images": [],
        "options": [
            "A. m1 = m2",
            "B. m1 = M",
            "C. m2 = M",
            "D. None of these"
        ],
        "option_images": [],
        "answer": "A",
        "solution": "$F \\propto m_{1}m_{2} = m_{1}(M - m_{1})$. For max value, $d/dm_{1} (Mm_{1} - m_{1}^{2}) = M - 2m_{1} = 0 \\Rightarrow m_{1} = M/2$. So $m_{1} = m_{2}$.",
        "solution_images": [],
        "difficulty": "Medium",
        "marks": 4
    },
    {
        "id": 87,
        "chapter": "Gravitation",
        "question": "If ge is the acceleration due to gravity at the equator and gp is that at the poles. Consider the earth to be a sphere of radius Re rotating about its own axis with angular speed omega, then gp - ge is given by",
        "question_latex": "If $g_{e}$ is the acceleration due to gravity at the equator and $g_{p}$ is that at the poles. Consider the earth to be a sphere of radius $R_{e}$ rotating about its own axis with angular speed $\\omega$, then $g_{p} - g_{e}$ is given by",
        "question_images": [],
        "options": [
            "A. omega^2 / Re",
            "B. Re omega^2",
            "C. omega^2 Re^2",
            "D. omega^2 / Re^2"
        ],
        "option_images": [],
        "answer": "B",
        "solution": "$g_{p} = g$ and $g_{e} = g - R_{e}\\omega^{2}$. So $g_{p} - g_{e} = R_{e}\\omega^{2}$.",
        "solution_images": [],
        "difficulty": "Easy",
        "marks": 4
    },
    {
        "id": 88,
        "chapter": "Gravitation",
        "question": "The graph that represents the relation between orbital velocity (v0) of a satellite and radius (r) of the orbit around earth is",
        "question_latex": "The graph that represents the relation between orbital velocity ($v_{0}$) of a satellite and radius ($r$) of the orbit around earth is",
        "question_images": [],
        "options": [
            "A. Graph A",
            "B. Graph B",
            "C. Graph C",
            "D. Graph D"
        ],
        "option_images": [
            "q288_option_a1",
            "q288_option_b1",
            "q288_option_c1",
            "q288_option_d1"
        ],
        "answer": "A",
        "solution": "$v_{0} = \\sqrt{GM/r} \\Rightarrow v_{0}^{2} \\propto 1/r$. The graph is a hyperbola-like curve.",
        "solution_images": [],
        "difficulty": "Medium",
        "marks": 4
    },
    {
        "id": 89,
        "chapter": "Gravitation",
        "question": "A body is projected in vertically upward direction from the surface of the earth of radius 'R' into the space with velocity 'nV_e' (n < 1). The maximum height from the surface of earth to which a body can reach is [MHT-CET 2023]",
        "question_latex": "A body is projected in vertically upward direction from the surface of the earth of radius '$R$' into the space with velocity '$nV_{e}$' ($n < 1$). The maximum height from the surface of earth to which a body can reach is [MHT-CET 2023]",
        "question_images": [],
        "options": [
            "A. n^2 R^2 / (1 - n)",
            "B. n^2 R / (1 - n^2)",
            "C. n R^2 / (1 + n^2)",
            "D. n^2 R^2 / (1 + n)"
        ],
        "option_images": [],
        "answer": "B",
        "solution": "Duplicate of Q220. $h = \\frac{n^{2}R}{1-n^{2}}$.",
        "solution_images": [],
        "difficulty": "Hard",
        "marks": 4
    },
    {
        "id": 90,
        "chapter": "Gravitation",
        "question": "If the earth rotates faster than its present speed. The weight of an object will",
        "question_latex": "If the earth rotates faster than its present speed. The weight of an object will",
        "question_images": [],
        "options": [
            "A. Increase at the equator but remain unchanged at the pole",
            "B. Decrease at the equator but remain unchanged at the poles",
            "C. Remain unchanged at the equator but decrease at the poles",
            "D. Remain unchanged at the equator but increase at the poles"
        ],
        "option_images": [],
        "answer": "B",
        "solution": "Centrifugal force $R\\omega^{2}$ increases with speed, reducing $g_{eff}$ at the equator. At poles, latitude is 90°, so $R\\omega^{2}\\cos^{2}90 = 0$, thus no effect.",
        "solution_images": [],
        "difficulty": "Easy",
        "marks": 4
    },
    {
        "id": 91,
        "chapter": "Gravitation",
        "question": "The acceleration due to gravity on the surface of earth varies :",
        "question_latex": "The acceleration due to gravity on the surface of earth varies :",
        "question_images": [],
        "options": [
            "A. Directly with longitude",
            "B. Directly with latitude",
            "C. Inversely with longitude",
            "D. Inversely with latitude"
        ],
        "option_images": [],
        "answer": "B",
        "solution": "$g_{\\theta} = g - R\\omega^{2}\\cos^{2}\\theta$. It varies with latitude.",
        "solution_images": [],
        "difficulty": "Easy",
        "marks": 4
    },
    {
        "id": 92,
        "chapter": "Gravitation",
        "question": "The tidal waves in the sea are primarily due to",
        "question_latex": "The tidal waves in the sea are primarily due to",
        "question_images": [],
        "options": [
            "A. The gravitational effect of the moon on the earth",
            "B. The gravitational effect of the sun on the earth",
            "C. The gravitational effect of Venus on the earth",
            "D. The atmospheric effect of the earth itself"
        ],
        "option_images": [],
        "answer": "A",
        "solution": "Tides are mainly caused by the differential gravitational pull of the moon on the earth's oceans.",
        "solution_images": [],
        "difficulty": "Easy",
        "marks": 4
    },
    {
        "id": 93,
        "chapter": "Gravitation",
        "question": "Escape velocity of a body surface of a spherical planet of mass M, radius R and density rho is",
        "question_latex": "Escape velocity of a body surface of a spherical planet of mass $M$, radius $R$ and density $\\rho$ is",
        "question_images": [],
        "options": [
            "A. 2 sqrt(pi rho G R)",
            "B. R sqrt(8/3 pi G rho)",
            "C. 4 G pi rho R",
            "D. 4/3 G pi rho R"
        ],
        "option_images": [],
        "answer": "B",
        "solution": "$v_{e} = \\sqrt{2GM/R} = \\sqrt{2G(4/3 \\pi R^{3}\\rho)/R} = \\sqrt{8/3 \\pi G \\rho R^{2}} = R\\sqrt{8/3 \\pi G \\rho}$.",
        "solution_images": [],
        "difficulty": "Medium",
        "marks": 4
    },
    {
        "id": 94,
        "chapter": "Gravitation",
        "question": "The height 'h' above the earth's surface at which the value of acceleration due to gravity (g) becomes (g / 3) is (R = radius of the earth) [MHT-CET 2024]",
        "question_latex": "The height 'h' above the earth's surface at which the value of acceleration due to gravity ($g$) becomes $(\\frac{g}{3})$ is ($R = $ radius of the earth) [MHT-CET 2024]",
        "question_images": [],
        "options": [
            "A. sqrt(3) R",
            "B. (sqrt(3) + 1)R",
            "C. 3 sqrt(R)",
            "D. (sqrt(3) - 1)R"
        ],
        "option_images": [],
        "answer": "D",
        "solution": "$\\frac{1}{3} = (\\frac{R}{R+h})^{2} \\Rightarrow \\frac{1}{\\sqrt{3}} = \\frac{R}{R+h} \\Rightarrow R+h = \\sqrt{3}R \\Rightarrow h = (\\sqrt{3} - 1)R$.",
        "solution_images": [],
        "difficulty": "Easy",
        "marks": 4
    },
    {
        "id": 95,
        "chapter": "Gravitation",
        "question": "Energy required to move a body of mass m from an orbit of radius 2R to 3R above the Earth's surface is [M and R are the mass and radius of the Earth respectively] [MHT-CET 2021]",
        "question_latex": "Energy required to move a body of mass $m$ from an orbit of radius $2R$ to $3R$ above the Earth's surface is [$M$ and $R$ are the mass and radius of the Earth respectively] [MHT-CET 2021]",
        "question_images": [],
        "options": [
            "A. GMm / 8R",
            "B. GMm / 12R^2",
            "C. GMm / 24R",
            "D. GMm / 3R^2"
        ],
        "option_images": [],
        "answer": "C",
        "solution": "$E = T.E._{f} - T.E._{i} = -\\frac{GMm}{2(4R)} - (-\\frac{GMm}{2(3R)}) = \\frac{GMm}{6R} - \\frac{GMm}{8R} = \\frac{GMm}{24R}$.",
        "solution_images": [],
        "difficulty": "Hard",
        "marks": 4
    },
    {
        "id": 96,
        "chapter": "Gravitation",
        "question": "The acceleration due to gravity at the surface of the planet is same as that at the surface of the earth, but the density of planet is thrice that of the earth. If ' R' is the radius of earth, the radius of the planet will be [MHT-CET 2024]",
        "question_latex": "The acceleration due to gravity at the surface of the planet is same as that at the surface of the earth, but the density of planet is thrice that of the earth. If '$R$' is the radius of earth, the radius of the planet will be [MHT-CET 2024]",
        "question_images": [],
        "options": [
            "A. R / 3",
            "B. 3 R",
            "C. R / 9",
            "D. 9 R"
        ],
        "option_images": [],
        "answer": "A",
        "solution": "$g \\propto R\\rho$. If $g$ is same, $R_{e}\\rho_{e} = R_{p}(3\\rho_{e}) \\Rightarrow R_{p} = R_{e}/3$.",
        "solution_images": [],
        "difficulty": "Easy",
        "marks": 4
    },
    {
        "id": 97,
        "chapter": "Gravitation",
        "question": "The minimum number of communication satellites necessary for intercontinental telecast will be",
        "question_latex": "The minimum number of communication satellites necessary for intercontinental telecast will be",
        "question_images": [],
        "options": [
            "A. 3",
            "B. 4",
            "C. 5",
            "D. 6"
        ],
        "option_images": [],
        "answer": "A",
        "solution": "Three geostationary satellites, placed 120° apart, can cover the entire globe for telecasting.",
        "solution_images": [],
        "difficulty": "Easy",
        "marks": 4
    },
    {
        "id": 98,
        "chapter": "Gravitation",
        "question": "For a satellite that orbits as close to the earth s surface as possible, which of the following statements is INCORRECT?",
        "question_latex": "For a satellite that orbits as close to the earth s surface as possible, which of the following statements is INCORRECT?",
        "question_images": [],
        "options": [
            "A. Its speed is maximum",
            "B. Time period of its rotation is minimum",
            "C. The total energy of the earth plus satellite system is minimum",
            "D. The total energy of the earth plus satellite system is maximum."
        ],
        "option_images": [],
        "answer": "D",
        "solution": "Total energy $E = -GMm/2r$. At min $r$, $E$ is most negative, hence minimum. Speed and period statements are correct.",
        "solution_images": [],
        "difficulty": "Medium",
        "marks": 4
    },
    {
        "id": 99,
        "chapter": "Gravitation",
        "question": "The escape velocity from earth surface is 11 km/s. The escape velocity from a planet having twice the radius and same mean density as earth is [MHT-CET 2024]",
        "question_latex": "The escape velocity from earth surface is $11~km/s$. The escape velocity from a planet having twice the radius and same mean density as earth is [MHT-CET 2024]",
        "question_images": [],
        "options": [
            "A. 11 km/s",
            "B. 22 km/s",
            "C. 15.5 km/s",
            "D. 5.5 km/s"
        ],
        "option_images": [],
        "answer": "B",
        "solution": "$v_{e} \\propto R\\sqrt{\\rho}$. Since density is same, $v_{e} \\propto R$. Double the radius means double the escape velocity: $2 \\times 11 = 22$ km/s.",
        "solution_images": [],
        "difficulty": "Easy",
        "marks": 4
    },
    {
        "id": 100,
        "chapter": "Gravitation",
        "question": "Given mass of the moon is 1/81 th of the mass of the earth and corresponding radius is 1/4th of the earth. If escape velocity on earth surface is 11.2 km/s the value of same on the surface of the moon is",
        "question_latex": "Given mass of the moon is $1/81$ th of the mass of the earth and corresponding radius is $1/4th$ of the earth. If escape velocity on earth surface is $11.2~km/s$ the value of same on the surface of the moon is",
        "question_images": [],
        "options": [
            "A. 0.14 km/s",
            "B. 0.5 km/s",
            "C. 2.5 km/s",
            "D. 5 km/s"
        ],
        "option_images": [],
        "answer": "C",
        "solution": "$v_{m}/v_{e} = \\sqrt{\\frac{1}{81} \\frac{4}{1}} = 2/9$. $v_{m} = 11.2 \\times 2/9 \\approx 2.5$ km/s.",
        "solution_images": [],
        "difficulty": "Medium",
        "marks": 4
    }
]