[
    {
        "id": 1,
        "chapter": "Semiconductors",
        "question": "Current amplification factor in CE mode amplifier is 99. If the input base current is 20 microampere, the current through emitter is",
        "question_latex": "Current amplification factor in CE mode amplifier is $99$. If the input base current is $20~\\mu A$, the current through emitter is",
        "question_images": [],
        "options": [
            "A. 20 micro A",
            "B. 2000 micro A",
            "C. 1980 micro A",
            "D. 2020 micro A"
        ],
        "option_images": [],
        "answer": "B",
        "solution": "$\\beta = 99$, $I_{B} = 20~\\mu A$. \n $I_{C} = \\beta I_{B} = 99 \\times 20 = 1980~\\mu A$. \n $I_{E} = I_{C} + I_{B} = 1980 + 20 = 2000~\\mu A$.",
        "solution_images": [],
        "difficulty": "Easy",
        "marks": 4
    },
    {
        "id": 2,
        "chapter": "Semiconductors",
        "question": "Pure silicon crystal at 300 K has equal electron (ne) and hole (nh) concentration of 1.5 x 10^16 m^-3. Doping by indium increases nh to 4.5 x 10^22 m^-3. The ne in the doped silicon is [MHT-CET 2022]",
        "question_latex": "Pure silicon crystal at $300$ K has equal electron ($n_{e}$) and hole ($n_{h}$) concentration of $1.5 \\times 10^{16}~m^{-3}$. Doping by indium increases $n_{h}$ to $4.5 \\times 10^{22}~m^{-3}$. The $n_{e}$ in the doped silicon is [MHT-CET 2022]",
        "question_images": [],
        "options": [
            "A. 3.0 x 10^12 m^-3",
            "B. 5.0 x 10^9 m^-3",
            "C. 0.5 x 10^10 m^-3",
            "D. 4.5 x 10^10 m^-3"
        ],
        "option_images": [],
        "answer": "B",
        "solution": "$n_{e} n_{h} = n_{i}^{2}$ \n $n_{e} = \\frac{n_{i}^{2}}{n_{h}} = \\frac{(1.5 \\times 10^{16})^{2}}{4.5 \\times 10^{22}} = \\frac{2.25 \\times 10^{32}}{4.5 \\times 10^{22}} = 0.5 \\times 10^{10} = 5 \\times 10^{9}~m^{-3}$.",
        "solution_images": [],
        "difficulty": "Medium",
        "marks": 4
    },
    {
        "id": 3,
        "chapter": "Semiconductors",
        "question": "In a common emitter amplifier, the output resistance is 5000 ohm and input resistance is 1000 ohm. If the peak value of signal voltage is 10 mV and current gain is 50, then the peak value of output voltage is [MHT-CET 2020]",
        "question_latex": "In a common emitter amplifier, the output resistance is $5000~\\Omega$ and input resistance is $1000~\\Omega$. If the peak value of signal voltage is $10~mV$ and current gain is $50$, then the peak value of output voltage is [MHT-CET 2020]",
        "question_images": [],
        "options": [
            "A. 5 x 10^-2 V",
            "B. 2.5 V",
            "C. 5 V",
            "D. 25 V"
        ],
        "option_images": [],
        "answer": "B",
        "solution": "Voltage gain $A_{v} = \\beta \\frac{R_{o}}{R_{i}} = 50 \\times \\frac{5000}{1000} = 250$. \n Output voltage $V_{o} = A_{v} V_{i} = 250 \\times 10~mV = 2500~mV = 2.5$ V.",
        "solution_images": [],
        "difficulty": "Medium",
        "marks": 4
    },
    {
        "id": 4,
        "chapter": "Semiconductors",
        "question": "For a transistor, the current ratio alpha = 0.69. The current gain beta of the transistor is [MHT-CET 2023]",
        "question_latex": "For a transistor, the current ratio $\\alpha = 0.69$. The current gain $\\beta$ of the transistor is [MHT-CET 2023]",
        "question_images": [],
        "options": [
            "A. 0.69",
            "B. 2.22",
            "C. 0.31",
            "D. 1.5"
        ],
        "option_images": [],
        "answer": "B",
        "solution": "$\\beta = \\frac{\\alpha}{1 - \\alpha} = \\frac{0.69}{1 - 0.69} = \\frac{0.69}{0.31} \\approx 2.22$.",
        "solution_images": [],
        "difficulty": "Easy",
        "marks": 4
    },
    {
        "id": 5,
        "chapter": "Semiconductors",
        "question": "In a p-n junction diode, the thickness of the depletion layer is 10^-6 m and the potential barrier is 0.7 V. The electric field in the depletion region is [MHT-CET 2024]",
        "question_latex": "In a p-n junction diode, the thickness of the depletion layer is $10^{-6}$ m and the potential barrier is $0.7$ V. The electric field in the depletion region is [MHT-CET 2024]",
        "question_images": [],
        "options": [
            "A. 7 x 10^5 V/m",
            "B. 0.7 x 10^-6 V/m",
            "C. 7 x 10^6 V/m",
            "D. 1.4 x 10^6 V/m"
        ],
        "option_images": [],
        "answer": "A",
        "solution": "$E = \\frac{V}{d} = \\frac{0.7}{10^{-6}} = 0.7 \\times 10^{6} = 7 \\times 10^{5}$ V/m.",
        "solution_images": [],
        "difficulty": "Easy",
        "marks": 4
    },
    {
        "id": 6,
        "chapter": "Semiconductors",
        "question": "Which of the following logic gates is a universal gate? [MHT-CET 2019]",
        "question_latex": "Which of the following logic gates is a universal gate? [MHT-CET 2019]",
        "question_images": [],
        "options": [
            "A. AND",
            "B. OR",
            "C. NAND",
            "D. NOT"
        ],
        "option_images": [],
        "answer": "C",
        "solution": "NAND and NOR gates are called universal gates because they can be used to construct any other logic gate.",
        "solution_images": [],
        "difficulty": "Easy",
        "marks": 4
    },
    {
        "id": 7,
        "chapter": "Semiconductors",
        "question": "The symbol represents which logic gate?",
        "question_latex": "The symbol represents which logic gate?",
        "question_images": [
            "q657_1"
        ],
        "options": [
            "A. NAND",
            "B. NOR",
            "C. XOR",
            "D. AND"
        ],
        "option_images": [],
        "answer": "B",
        "solution": "The symbol shows an OR gate followed by a bubble (NOT), which is the NOR gate.",
        "solution_images": [],
        "difficulty": "Easy",
        "marks": 4
    },
    {
        "id": 8,
        "chapter": "Semiconductors",
        "question": "A semiconductor has acceptor level 57 meV above the valence band. The maximum wavelength of light that can create a hole is [MHT-CET 2021]",
        "question_latex": "A semiconductor has acceptor level $57~meV$ above the valence band. The maximum wavelength of light that can create a hole is [MHT-CET 2021]",
        "question_images": [],
        "options": [
            "A. 21.7 micro-m",
            "B. 11.6 micro-m",
            "C. 33.2 micro-m",
            "D. 5.7 micro-m"
        ],
        "option_images": [],
        "answer": "A",
        "solution": "$E = \\frac{hc}{\\lambda} \\Rightarrow \\lambda = \\frac{hc}{E}$. \n $\\lambda = \\frac{6.63 \\times 10^{-34} \\times 3 \\times 10^{8}}{57 \\times 10^{-3} \\times 1.6 \\times 10^{-19}} \\approx 2.17 \\times 10^{-5}~m = 21.7~\\mu m$.",
        "solution_images": [],
        "difficulty": "Hard",
        "marks": 4
    },
    {
        "id": 9,
        "chapter": "Semiconductors",
        "question": "In a forward biased p-n junction, the current is mainly due to [MHT-CET 2020]",
        "question_latex": "In a forward biased p-n junction, the current is mainly due to [MHT-CET 2020]",
        "question_images": [],
        "options": [
            "A. drift of carriers",
            "B. diffusion of carriers",
            "C. both drift and diffusion",
            "D. thermal agitation"
        ],
        "option_images": [],
        "answer": "B",
        "solution": "In forward bias, the barrier potential is lowered, allowing majority carriers to diffuse across the junction.",
        "solution_images": [],
        "difficulty": "Medium",
        "marks": 4
    },
    {
        "id": 10,
        "chapter": "Semiconductors",
        "question": "An n-p-n transistor behaves like a closed switch when [MHT-CET 2024]",
        "question_latex": "An n-p-n transistor behaves like a closed switch when [MHT-CET 2024]",
        "question_images": [],
        "options": [
            "A. it is in cutoff region",
            "B. it is in active region",
            "C. it is in saturation region",
            "D. base is grounded"
        ],
        "option_images": [],
        "answer": "C",
        "solution": "In saturation, the transistor allows maximum current to flow, effectively acting as a closed (ON) switch.",
        "solution_images": [],
        "difficulty": "Easy",
        "marks": 4
    },
    {
        "id": 11,
        "chapter": "Semiconductors",
        "question": "A zener diode is used as [MHT-CET 2022]",
        "question_latex": "A zener diode is used as [MHT-CET 2022]",
        "question_images": [],
        "options": [
            "A. amplifier",
            "B. oscillator",
            "C. voltage regulator",
            "D. rectifier"
        ],
        "option_images": [],
        "answer": "C",
        "solution": "Zener diodes work in the breakdown region to maintain a constant voltage across their terminals.",
        "solution_images": [],
        "difficulty": "Easy",
        "marks": 4
    },
    {
        "id": 12,
        "chapter": "Semiconductors",
        "question": "The truth table for the following gate combination is:",
        "question_latex": "The truth table for the following gate combination is:",
        "question_images": [
            "q662_1"
        ],
        "options": [
            "A. AND",
            "B. OR",
            "C. NOR",
            "D. XOR"
        ],
        "option_images": [],
        "answer": "D",
        "solution": "Analyzing the circuit logic levels for inputs (0,0), (0,1), (1,0), (1,1) shows the behavior of an Exclusive-OR gate.",
        "solution_images": [],
        "difficulty": "Hard",
        "marks": 4
    },
    {
        "id": 13,
        "chapter": "Semiconductors",
        "question": "The energy gap in a semiconductor is 1.1 eV. The value of this gap in Joules is [MHT-CET 2023]",
        "question_latex": "The energy gap in a semiconductor is $1.1$ eV. The value of this gap in Joules is [MHT-CET 2023]",
        "question_images": [],
        "options": [
            "A. 1.1 x 10^-19 J",
            "B. 1.76 x 10^-19 J",
            "C. 1.6 x 10^-19 J",
            "D. 1.1 J"
        ],
        "option_images": [],
        "answer": "B",
        "solution": "$1~eV = 1.6 \\times 10^{-19}$ J. \n $1.1~eV = 1.1 \\times 1.6 \\times 10^{-19} = 1.76 \\times 10^{-19}$ J.",
        "solution_images": [],
        "difficulty": "Easy",
        "marks": 4
    },
    {
        "id": 14,
        "chapter": "Semiconductors",
        "question": "The depletion layer in a p-n junction contains [MHT-CET 2020]",
        "question_latex": "The depletion layer in a p-n junction contains [MHT-CET 2020]",
        "question_images": [],
        "options": [
            "A. electrons",
            "B. holes",
            "C. immobile ions",
            "D. both A and B"
        ],
        "option_images": [],
        "answer": "C",
        "solution": "The depletion region is formed by the removal of mobile carriers, leaving behind fixed (immobile) donor and acceptor ions.",
        "solution_images": [],
        "difficulty": "Easy",
        "marks": 4
    },
    {
        "id": 15,
        "chapter": "Semiconductors",
        "question": "If the base current of a transistor is 50 micro-A and emitter current is 5 mA, the collector current is [MHT-CET 2021]",
        "question_latex": "If the base current of a transistor is $50~\\mu A$ and emitter current is $5~mA$, the collector current is [MHT-CET 2021]",
        "question_images": [],
        "options": [
            "A. 4.95 mA",
            "B. 5.05 mA",
            "C. 4.5 mA",
            "D. 5.5 mA"
        ],
        "option_images": [],
        "answer": "A",
        "solution": "$I_{E} = I_{B} + I_{C} \\Rightarrow I_{C} = I_{E} - I_{B}$. \n $I_{C} = 5~mA - 0.05~mA = 4.95~mA$.",
        "solution_images": [],
        "difficulty": "Easy",
        "marks": 4
    },
    {
        "id": 16,
        "chapter": "Semiconductors",
        "question": "In common emitter configuration, the output signal is [MHT-CET 2024]",
        "question_latex": "In common emitter configuration, the output signal is [MHT-CET 2024]",
        "question_images": [
            "16_qu_1.png"
        ],
        "options": [
            "A. in phase with input",
            "B. 90° out of phase",
            "C. 180° out of phase",
            "D. 45° out of phase"
        ],
        "option_images": [],
        "answer": "C",
        "solution": "A CE amplifier provides a phase reversal between the input and output voltages.",
        "solution_images": [],
        "difficulty": "Easy",
        "marks": 4
    },
    {
        "id": 17,
        "chapter": "Semiconductors",
        "question": "The conductivity of an intrinsic semiconductor at absolute zero temperature is [MHT-CET 2019]",
        "question_latex": "The conductivity of an intrinsic semiconductor at absolute zero temperature is [MHT-CET 2019]",
        "question_images": [],
        "options": [
            "A. infinite",
            "B. zero",
            "C. same as room temperature",
            "D. medium"
        ],
        "option_images": [],
        "answer": "B",
        "solution": "At $0$ K, there are no thermally excited carriers, so the semiconductor acts as a perfect insulator.",
        "solution_images": [],
        "difficulty": "Easy",
        "marks": 4
    },
    {
        "id": 18,
        "chapter": "Semiconductors",
        "question": "An LED is made from a semiconductor with band gap 2.8 eV. The wavelength of emitted light is [MHT-CET 2023]",
        "question_latex": "An LED is made from a semiconductor with band gap $2.8~eV$. The wavelength of emitted light is [MHT-CET 2023]",
        "question_images": [],
        "options": [
            "A. 4430 Angstrom",
            "B. 3340 Angstrom",
            "C. 5520 Angstrom",
            "D. 6610 Angstrom"
        ],
        "option_images": [],
        "answer": "A",
        "solution": "$\\lambda = \\frac{12400}{E_{g}(eV)} \\text{ \\AA} = \\frac{12400}{2.8} \\approx 4428.57 \\text{ \\AA}$.",
        "solution_images": [],
        "difficulty": "Medium",
        "marks": 4
    },
    {
        "id": 19,
        "chapter": "Semiconductors",
        "question": "Pentavalent impurities produce [MHT-CET 2020]",
        "question_latex": "Pentavalent impurities produce [MHT-CET 2020]",
        "question_images": [
            "19_qu_1.png"
        ],
        "options": [
            "A. p-type semiconductors",
            "B. n-type semiconductors",
            "C. intrinsic semiconductors",
            "D. insulators"
        ],
        "option_images": [],
        "answer": "B",
        "solution": "Pentavalent atoms have 5 valence electrons, providing extra electrons to the lattice.",
        "solution_images": [],
        "difficulty": "Easy",
        "marks": 4
    },
    {
        "id": 20,
        "chapter": "Semiconductors",
        "question": "The decimal equivalent of binary 1101 is [MHT-CET 2021]",
        "question_latex": "The decimal equivalent of binary $1101$ is [MHT-CET 2021]",
        "question_images": [],
        "options": [
            "A. 13",
            "B. 11",
            "C. 15",
            "D. 9"
        ],
        "option_images": [],
        "answer": "A",
        "solution": "$(1 \\times 2^{3}) + (1 \\times 2^{2}) + (0 \\times 2^{1}) + (1 \\times 2^{0}) = 8 + 4 + 0 + 1 = 13$.",
        "solution_images": [],
        "difficulty": "Easy",
        "marks": 4
    },
    {
        "id": 21,
        "chapter": "Semiconductors",
        "question": "In a p-n junction, potential barrier is caused by [MHT-CET 2022]",
        "question_latex": "In a p-n junction, potential barrier is caused by [MHT-CET 2022]",
        "question_images": [],
        "options": [
            "A. ions in depletion layer",
            "B. external battery",
            "C. thermal energy",
            "D. magnetic field"
        ],
        "option_images": [],
        "answer": "A",
        "solution": "The buildup of positive ions in the n-side and negative ions in the p-side of the depletion layer creates the internal field.",
        "solution_images": [],
        "difficulty": "Easy",
        "marks": 4
    },
    {
        "id": 22,
        "chapter": "Semiconductors",
        "question": "For a p-n junction diode, the I-V characteristic in forward bias is",
        "question_latex": "For a p-n junction diode, the I-V characteristic in forward bias is",
        "question_images": [
            "q672_1"
        ],
        "options": [
            "A. Linear",
            "B. Parabolic",
            "C. Exponential",
            "D. Circular"
        ],
        "option_images": [],
        "answer": "C",
        "solution": "Current increases exponentially after crossing the knee voltage.",
        "solution_images": [],
        "difficulty": "Easy",
        "marks": 4
    },
    {
        "id": 23,
        "chapter": "Semiconductors",
        "question": "A transistor is operated in common emitter mode with collector supply of 10V. The voltage drop across 1000 ohm resistor in collector circuit is 0.5V. If beta = 50, base current is [MHT-CET 2024]",
        "question_latex": "A transistor is operated in common emitter mode with collector supply of $10V$. The voltage drop across $1000~\\Omega$ resistor in collector circuit is $0.5V$. If $\\beta = 50$, base current is [MHT-CET 2024]",
        "question_images": [],
        "options": [
            "A. 10 micro-A",
            "B. 20 micro-A",
            "C. 50 micro-A",
            "D. 5 micro-A"
        ],
        "option_images": [],
        "answer": "A",
        "solution": "$I_{C} = V_{R}/R = 0.5/1000 = 0.5~mA = 500~\\mu A$. \n $I_{B} = I_{C}/\\beta = 500/50 = 10~\\mu A$.",
        "solution_images": [],
        "difficulty": "Medium",
        "marks": 4
    },
    {
        "id": 24,
        "chapter": "Semiconductors",
        "question": "The gate which gives high output only when both inputs are low is [MHT-CET 2023]",
        "question_latex": "The gate which gives high output only when both inputs are low is [MHT-CET 2023]",
        "question_images": [],
        "options": [
            "A. OR",
            "B. AND",
            "C. NOR",
            "D. NAND"
        ],
        "option_images": [],
        "answer": "C",
        "solution": "NOR gate truth table: Output is 1 only for (0,0).",
        "solution_images": [],
        "difficulty": "Easy",
        "marks": 4
    },
    {
        "id": 25,
        "chapter": "Semiconductors",
        "question": "Holes are majority charge carriers in [MHT-CET 2020]",
        "question_latex": "Holes are majority charge carriers in [MHT-CET 2020]",
        "question_images": [
            "25_qu_1.png"
        ],
        "options": [
            "A. n-type semiconductors",
            "B. p-type semiconductors",
            "C. intrinsic semiconductors",
            "D. metals"
        ],
        "option_images": [],
        "answer": "B",
        "solution": "In p-type materials, trivalent doping creates excess holes.",
        "solution_images": [
            "25_so_1.png"
        ],
        "difficulty": "Easy",
        "marks": 4
    },
    {
        "id": 26,
        "chapter": "Semiconductors",
        "question": "The gain of an amplifier is 100. If 10% of output is fed back in same phase, the new gain is [MHT-CET 2021]",
        "question_latex": "The gain of an amplifier is $100$. If $10\\%$ of output is fed back in same phase, the new gain is [MHT-CET 2021]",
        "question_images": [],
        "options": [
            "A. 110",
            "B. 90",
            "C. infinite",
            "D. -11"
        ],
        "option_images": [],
        "answer": "C",
        "solution": "$A_{f} = \\frac{A}{1 - A\\beta}$. Here $A=100, \\beta=0.1$. \n $A_{f} = \\frac{100}{1 - (100 \\times 0.1)} = \\frac{100}{0} = \\infty$. (Condition for oscillation).",
        "solution_images": [],
        "difficulty": "Hard",
        "marks": 4
    },
    {
        "id": 27,
        "chapter": "Semiconductors",
        "question": "A diode having forward resistance 10 ohm is connected in series with 100 ohm resistor to a 10V battery. The current is [MHT-CET 2022]",
        "question_latex": "A diode having forward resistance $10~\\Omega$ is connected in series with $100~\\Omega$ resistor to a $10V$ battery. The current is [MHT-CET 2022]",
        "question_images": [],
        "options": [
            "A. 0.1 A",
            "B. 0.09 A",
            "C. 0.11 A",
            "D. zero"
        ],
        "option_images": [],
        "answer": "B",
        "solution": "$I = \\frac{V}{R_{total}} = \\frac{10}{100+10} = \\frac{10}{110} \\approx 0.09$ A.",
        "solution_images": [],
        "difficulty": "Medium",
        "marks": 4
    },
    {
        "id": 28,
        "chapter": "Semiconductors",
        "question": "The Boolean expression for NAND gate is [MHT-CET 2024]",
        "question_latex": "The Boolean expression for NAND gate is [MHT-CET 2024]",
        "question_images": [],
        "options": [
            "A. Y = A + B",
            "B. Y = A . B",
            "C. Y = bar{A . B}",
            "D. Y = bar{A + B}"
        ],
        "option_images": [],
        "answer": "C",
        "solution": "NAND gate is the complement of AND operation.",
        "solution_images": [],
        "difficulty": "Easy",
        "marks": 4
    },
    {
        "id": 29,
        "chapter": "Semiconductors",
        "question": "With increase in temperature, the resistance of a semiconductor [MHT-CET 2019]",
        "question_latex": "With increase in temperature, the resistance of a semiconductor [MHT-CET 2019]",
        "question_images": [],
        "options": [
            "A. increases",
            "B. decreases",
            "C. remains constant",
            "D. first increases then decreases"
        ],
        "option_images": [
            "29_opA_1.png",
            "29_opB_1.png",
            "29_opC_1.png",
            "29_opD_1.png"
        ],
        "answer": "B",
        "solution": "Semiconductors have a negative temperature coefficient of resistance. Higher temp releases more carriers.",
        "solution_images": [],
        "difficulty": "Easy",
        "marks": 4
    },
    {
        "id": 30,
        "chapter": "Semiconductors",
        "question": "A transistor has alpha = 0.95. Its beta is [MHT-CET 2023]",
        "question_latex": "A transistor has $\\alpha = 0.95$. Its $\\beta$ is [MHT-CET 2023]",
        "question_images": [],
        "options": [
            "A. 19",
            "B. 20",
            "C. 95",
            "D. 10"
        ],
        "option_images": [],
        "answer": "A",
        "solution": "$\\beta = \\frac{0.95}{1 - 0.95} = \\frac{0.95}{0.05} = 19$.",
        "solution_images": [],
        "difficulty": "Easy",
        "marks": 4
    },
    {
        "id": 31,
        "chapter": "Semiconductors",
        "question": "The number of p-n junctions in a transistor is [MHT-CET 2020]",
        "question_latex": "The number of p-n junctions in a transistor is [MHT-CET 2020]",
        "question_images": [],
        "options": [
            "A. 1",
            "B. 2",
            "C. 3",
            "D. 4"
        ],
        "option_images": [],
        "answer": "B",
        "solution": "A transistor has two junctions: Emitter-Base and Collector-Base.",
        "solution_images": [],
        "difficulty": "Easy",
        "marks": 4
    },
    {
        "id": 32,
        "chapter": "Semiconductors",
        "question": "For a logic circuit, input A=1, B=1 gives output Y=0. Input A=0, B=0 gives Y=1. The gate is [MHT-CET 2021]",
        "question_latex": "For a logic circuit, input $A=1, B=1$ gives output $Y=0$. Input $A=0, B=0$ gives $Y=1$. The gate is [MHT-CET 2021]",
        "question_images": [],
        "options": [
            "A. AND",
            "B. OR",
            "C. NAND",
            "D. NOR"
        ],
        "option_images": [],
        "answer": "D",
        "solution": "In a NOR gate, output is high only if all inputs are low.",
        "solution_images": [],
        "difficulty": "Medium",
        "marks": 4
    },
    {
        "id": 33,
        "chapter": "Semiconductors",
        "question": "In p-type semiconductor, the Fermi level lies [MHT-CET 2022]",
        "question_latex": "In p-type semiconductor, the Fermi level lies [MHT-CET 2022]",
        "question_images": [
            "33_qu_1.png"
        ],
        "options": [
            "A. near conduction band",
            "B. near valence band",
            "C. exactly at center",
            "D. inside valence band"
        ],
        "option_images": [],
        "answer": "B",
        "solution": "Acceptor levels are close to the valence band, pulling the Fermi level downwards.",
        "solution_images": [
            "33_so_1.png"
        ],
        "difficulty": "Medium",
        "marks": 4
    },
    {
        "id": 34,
        "chapter": "Semiconductors",
        "question": "The reverse leakage current in p-n junction is due to [MHT-CET 2024]",
        "question_latex": "The reverse leakage current in p-n junction is due to [MHT-CET 2024]",
        "question_images": [
            "34_qu_1.png"
        ],
        "options": [
            "A. majority carriers",
            "B. minority carriers",
            "C. doping",
            "D. mobility"
        ],
        "option_images": [],
        "answer": "B",
        "solution": "Reverse bias facilitates the flow of minority carriers across the junction.",
        "solution_images": [
            "34_so_1.png"
        ],
        "difficulty": "Easy",
        "marks": 4
    },
    {
        "id": 35,
        "chapter": "Semiconductors",
        "question": "In CE amplifier, current gain is 80. Collector current is 4 mA. Base current is [MHT-CET 2023]",
        "question_latex": "In CE amplifier, current gain is $80$. Collector current is $4~mA$. Base current is [MHT-CET 2023]",
        "question_images": [],
        "options": [
            "A. 50 micro-A",
            "B. 20 micro-A",
            "C. 80 micro-A",
            "D. 10 micro-A"
        ],
        "option_images": [],
        "answer": "A",
        "solution": "$I_{B} = I_{C}/\\beta = 4 \\times 10^{-3} / 80 = 0.05~mA = 50~\\mu A$.",
        "solution_images": [],
        "difficulty": "Easy",
        "marks": 4
    },
    {
        "id": 36,
        "chapter": "Semiconductors",
        "question": "Which represents a NOT gate?",
        "question_latex": "Which represents a NOT gate?",
        "question_images": [
            "q686_1"
        ],
        "options": [
            "A. Option A",
            "B. Option B",
            "C. Option C",
            "D. Option D"
        ],
        "option_images": [
            "q686_option_a1",
            "q686_option_b1",
            "q686_option_c1",
            "q686_option_d1"
        ],
        "answer": "C",
        "solution": "A triangle with a circle at the tip is the standard symbol for an inverter (NOT gate).",
        "solution_images": [],
        "difficulty": "Easy",
        "marks": 4
    },
    {
        "id": 37,
        "chapter": "Semiconductors",
        "question": "Intrinsic semiconductor at room temperature has [MHT-CET 2020]",
        "question_latex": "Intrinsic semiconductor at room temperature has [MHT-CET 2020]",
        "question_images": [],
        "options": [
            "A. ne > nh",
            "B. nh > ne",
            "C. ne = nh",
            "D. ne = 0"
        ],
        "option_images": [],
        "answer": "C",
        "solution": "Carriers are generated in pairs, so electron and hole densities are equal.",
        "solution_images": [
            "37_so_1.png"
        ],
        "difficulty": "Easy",
        "marks": 4
    },
    {
        "id": 38,
        "chapter": "Semiconductors",
        "question": "The gate that performs addition in logic is [MHT-CET 2019]",
        "question_latex": "The gate that performs addition in logic is [MHT-CET 2019]",
        "question_images": [],
        "options": [
            "A. AND",
            "B. OR",
            "C. NAND",
            "D. NOT"
        ],
        "option_images": [],
        "answer": "B",
        "solution": "The OR gate represents Boolean addition ($A+B$).",
        "solution_images": [],
        "difficulty": "Easy",
        "marks": 4
    },
    {
        "id": 39,
        "chapter": "Semiconductors",
        "question": "A transistor has beta = 100. If collector current changes by 1 mA, base current change is [MHT-CET 2021]",
        "question_latex": "A transistor has $\\beta = 100$. If collector current changes by $1~mA$, base current change is [MHT-CET 2021]",
        "question_images": [],
        "options": [
            "A. 10 micro-A",
            "B. 100 micro-A",
            "C. 1 micro-A",
            "D. 0.1 mA"
        ],
        "option_images": [],
        "answer": "A",
        "solution": "$\\Delta I_{B} = \\Delta I_{C} / \\beta = 1~mA / 100 = 0.01~mA = 10~\\mu A$.",
        "solution_images": [],
        "difficulty": "Medium",
        "marks": 4
    },
    {
        "id": 40,
        "chapter": "Semiconductors",
        "question": "Mass action law is given by [MHT-CET 2022]",
        "question_latex": "Mass action law is given by [MHT-CET 2022]",
        "question_images": [],
        "options": [
            "A. ne nh = ni^2",
            "B. ne/nh = ni",
            "C. ne + nh = ni",
            "D. ne nh = ni"
        ],
        "option_images": [],
        "answer": "A",
        "solution": "Standard semiconductor physics relation.",
        "solution_images": [],
        "difficulty": "Easy",
        "marks": 4
    },
    {
        "id": 41,
        "chapter": "Semiconductors",
        "question": "Forward bias voltage in Si diode is about [MHT-CET 2024]",
        "question_latex": "Forward bias voltage in Si diode is about [MHT-CET 2024]",
        "question_images": [],
        "options": [
            "A. 0.3 V",
            "B. 0.7 V",
            "C. 1.1 V",
            "D. 0 V"
        ],
        "option_images": [],
        "answer": "B",
        "solution": "Typical barrier potential for Silicon is 0.7 V.",
        "solution_images": [],
        "difficulty": "Easy",
        "marks": 4
    },
    {
        "id": 42,
        "chapter": "Semiconductors",
        "question": "In a transistor, base is made very thin and lightly doped to [MHT-CET 2023]",
        "question_latex": "In a transistor, base is made very thin and lightly doped to [MHT-CET 2023]",
        "question_images": [
            "42_qu_1.png"
        ],
        "options": [
            "A. minimize recombination",
            "B. maximize current gain",
            "C. both A and B",
            "D. increase power"
        ],
        "option_images": [],
        "answer": "C",
        "solution": "A thin, light base ensures most carriers from the emitter reach the collector.",
        "solution_images": [],
        "difficulty": "Medium",
        "marks": 4
    },
    {
        "id": 43,
        "chapter": "Semiconductors",
        "question": "The output of OR gate is 0 only when [MHT-CET 2020]",
        "question_latex": "The output of OR gate is $0$ only when [MHT-CET 2020]",
        "question_images": [
            "43_qu_1.png"
        ],
        "options": [
            "A. both inputs are 0",
            "B. both inputs are 1",
            "C. one input is 1",
            "D. it is impossible"
        ],
        "option_images": [],
        "answer": "A",
        "solution": "Basic OR gate property.",
        "solution_images": [],
        "difficulty": "Easy",
        "marks": 4
    },
    {
        "id": 44,
        "chapter": "Semiconductors",
        "question": "An n-p-n transistor has emitter current 10 mA. If 90% carriers reach collector, collector current is [MHT-CET 2019]",
        "question_latex": "An n-p-n transistor has emitter current $10~mA$. If $90\\%$ carriers reach collector, collector current is [MHT-CET 2019]",
        "question_images": [
            "44_qu_1.png"
        ],
        "options": [
            "A. 10 mA",
            "B. 9 mA",
            "C. 1 mA",
            "D. 9.9 mA"
        ],
        "option_images": [],
        "answer": "B",
        "solution": "$I_{C} = 0.9 \\times I_{E} = 0.9 \\times 10 = 9~mA$.",
        "solution_images": [],
        "difficulty": "Easy",
        "marks": 4
    },
    {
        "id": 45,
        "chapter": "Semiconductors",
        "question": "Commonly used semiconductor material is [MHT-CET 2021]",
        "question_latex": "Commonly used semiconductor material is [MHT-CET 2021]",
        "question_images": [],
        "options": [
            "A. Copper",
            "B. Silicon",
            "C. Iron",
            "D. Plastic"
        ],
        "option_images": [],
        "answer": "B",
        "solution": "Silicon is the foundation of modern electronics.",
        "solution_images": [],
        "difficulty": "Easy",
        "marks": 4
    },
    {
        "id": 46,
        "chapter": "Semiconductors",
        "question": "The knee voltage is characteristic of [MHT-CET 2022]",
        "question_latex": "The knee voltage is characteristic of [MHT-CET 2022]",
        "question_images": [
            "46_qu_1.png"
        ],
        "options": [
            "A. capacitor",
            "B. inductor",
            "C. diode",
            "D. transformer"
        ],
        "option_images": [],
        "answer": "C",
        "solution": "Knee voltage is the threshold for forward conduction in a diode.",
        "solution_images": [],
        "difficulty": "Easy",
        "marks": 4
    },
    {
        "id": 47,
        "chapter": "Semiconductors",
        "question": "XOR gate output is 1 when [MHT-CET 2024]",
        "question_latex": "XOR gate output is $1$ when [MHT-CET 2024]",
        "question_images": [],
        "options": [
            "A. inputs are same",
            "B. inputs are different",
            "C. inputs are both 0",
            "D. inputs are both 1"
        ],
        "option_images": [],
        "answer": "B",
        "solution": "XOR (Exclusive OR) output is high only for odd number of high inputs (or different inputs for 2-input gate).",
        "solution_images": [],
        "difficulty": "Easy",
        "marks": 4
    },
    {
        "id": 48,
        "chapter": "Semiconductors",
        "question": "Forbidden energy gap in Ge is [MHT-CET 2023]",
        "question_latex": "Forbidden energy gap in Ge is [MHT-CET 2023]",
        "question_images": [],
        "options": [
            "A. 1.1 eV",
            "B. 0.7 eV",
            "C. 0.3 eV",
            "D. zero"
        ],
        "option_images": [],
        "answer": "B",
        "solution": "Standard band gap value for Germanium at room temp.",
        "solution_images": [],
        "difficulty": "Easy",
        "marks": 4
    },
    {
        "id": 49,
        "chapter": "Semiconductors",
        "question": "Rectifier is used to convert [MHT-CET 2020]",
        "question_latex": "Rectifier is used to convert [MHT-CET 2020]",
        "question_images": [],
        "options": [
            "A. DC to AC",
            "B. AC to DC",
            "C. high voltage to low",
            "D. energy to matter"
        ],
        "option_images": [],
        "answer": "B",
        "solution": "Rectification is the process of converting alternating current to direct current.",
        "solution_images": [],
        "difficulty": "Easy",
        "marks": 4
    },
    {
        "id": 50,
        "chapter": "Semiconductors",
        "question": "A binary 1010 corresponds to decimal [MHT-CET 2019]",
        "question_latex": "A binary $1010$ corresponds to decimal [MHT-CET 2019]",
        "question_images": [],
        "options": [
            "A. 10",
            "B. 8",
            "C. 12",
            "D. 2"
        ],
        "option_images": [],
        "answer": "A",
        "solution": "$8+0+2+0 = 10$.",
        "solution_images": [],
        "difficulty": "Easy",
        "marks": 4
    },
    {
        "id": 51,
        "chapter": "Semiconductors",
        "question": "Transistor amplification is possible because [MHT-CET 2021]",
        "question_latex": "Transistor amplification is possible because [MHT-CET 2021]",
        "question_images": [],
        "options": [
            "A. small change in IB causes large change in IC",
            "B. IE is very small",
            "C. base is thick",
            "D. collector is small"
        ],
        "option_images": [],
        "answer": "A",
        "solution": "The ratio $\\beta$ is high, allowing current control.",
        "solution_images": [],
        "difficulty": "Medium",
        "marks": 4
    },
    {
        "id": 52,
        "chapter": "Semiconductors",
        "question": "Depletion region width decreases with [MHT-CET 2022]",
        "question_latex": "Depletion region width decreases with [MHT-CET 2022]",
        "question_images": [],
        "options": [
            "A. Forward bias",
            "B. Reverse bias",
            "C. both",
            "D. heavy doping"
        ],
        "option_images": [],
        "answer": "A",
        "solution": "Forward bias pushes carriers into the junction, narrowing the depletion zone.",
        "solution_images": [],
        "difficulty": "Easy",
        "marks": 4
    },
    {
        "id": 53,
        "chapter": "Semiconductors",
        "question": "NAND gate is equivalent to [MHT-CET 2024]",
        "question_latex": "NAND gate is equivalent to [MHT-CET 2024]",
        "question_images": [],
        "options": [
            "A. AND + NOT",
            "B. OR + NOT",
            "C. AND + OR",
            "D. XOR + NOT"
        ],
        "option_images": [],
        "answer": "A",
        "solution": "Definition of NAND.",
        "solution_images": [],
        "difficulty": "Easy",
        "marks": 4
    },
    {
        "id": 54,
        "chapter": "Semiconductors",
        "question": "Trivalent impurity creates [MHT-CET 2023]",
        "question_latex": "Trivalent impurity creates [MHT-CET 2023]",
        "question_images": [
            "54_qu_1.png"
        ],
        "options": [
            "A. acceptor levels",
            "B. donor levels",
            "C. electrons",
            "D. vacuum"
        ],
        "option_images": [],
        "answer": "A",
        "solution": "Trivalent atoms 'accept' electrons, creating holes.",
        "solution_images": [],
        "difficulty": "Easy",
        "marks": 4
    },
    {
        "id": 55,
        "chapter": "Semiconductors",
        "question": "Full wave rectifier uses [MHT-CET 2020]",
        "question_latex": "Full wave rectifier uses [MHT-CET 2020]",
        "question_images": [],
        "options": [
            "A. 1 diode",
            "B. 2 diodes",
            "C. 3 diodes",
            "D. 4 diodes in bridge"
        ],
        "option_images": [],
        "answer": "B",
        "solution": "A standard center-tapped full wave rectifier uses two diodes. Bridge rectifiers use four.",
        "solution_images": [],
        "difficulty": "Easy",
        "marks": 4
    },
    {
        "id": 56,
        "chapter": "Semiconductors",
        "question": "Logic 1 in digital circuits usually refers to [MHT-CET 2019]",
        "question_latex": "Logic $1$ in digital circuits usually refers to [MHT-CET 2019]",
        "question_images": [],
        "options": [
            "A. zero volt",
            "B. high voltage",
            "C. negative voltage",
            "D. infinite voltage"
        ],
        "option_images": [],
        "answer": "B",
        "solution": "Standard positive logic convention.",
        "solution_images": [],
        "difficulty": "Easy",
        "marks": 4
    },
    {
        "id": 57,
        "chapter": "Semiconductors",
        "question": "Current amplification alpha is [MHT-CET 2021]",
        "question_latex": "Current amplification $\\alpha$ is [MHT-CET 2021]",
        "question_images": [],
        "options": [
            "A. IC / IE",
            "B. IC / IB",
            "C. IE / IC",
            "D. IB / IC"
        ],
        "option_images": [],
        "answer": "A",
        "solution": "Definition in common base mode.",
        "solution_images": [],
        "difficulty": "Easy",
        "marks": 4
    },
    {
        "id": 58,
        "chapter": "Semiconductors",
        "question": "Reverse bias increases [MHT-CET 2022]",
        "question_latex": "Reverse bias increases [MHT-CET 2022]",
        "question_images": [],
        "options": [
            "A. width of depletion layer",
            "B. potential barrier",
            "C. both A and B",
            "D. current"
        ],
        "option_images": [],
        "answer": "C",
        "solution": "Reverse bias adds to the barrier potential and extracts carriers near the junction.",
        "solution_images": [
            "58_so_1.png"
        ],
        "difficulty": "Medium",
        "marks": 4
    },
    {
        "id": 59,
        "chapter": "Semiconductors",
        "question": "AND gate output is 1 when [MHT-CET 2024]",
        "question_latex": "AND gate output is $1$ when [MHT-CET 2024]",
        "question_images": [],
        "options": [
            "A. any input is 1",
            "B. all inputs are 1",
            "C. both inputs are 0",
            "D. one input is 0"
        ],
        "option_images": [],
        "answer": "B",
        "solution": "Logical multiplication ($1 \\times 1 = 1$).",
        "solution_images": [],
        "difficulty": "Easy",
        "marks": 4
    },
    {
        "id": 60,
        "chapter": "Semiconductors",
        "question": "Extrinsic semiconductor is formed by [MHT-CET 2023]",
        "question_latex": "Extrinsic semiconductor is formed by [MHT-CET 2023]",
        "question_images": [],
        "options": [
            "A. heating",
            "B. cooling",
            "C. doping",
            "D. high pressure"
        ],
        "option_images": [],
        "answer": "C",
        "solution": "Doping is the deliberate addition of impurities.",
        "solution_images": [],
        "difficulty": "Easy",
        "marks": 4
    },
    {
        "id": 61,
        "chapter": "Semiconductors",
        "question": "Efficiency of half wave rectifier is [MHT-CET 2020]",
        "question_latex": "Efficiency of half wave rectifier is [MHT-CET 2020]",
        "question_images": [],
        "options": [
            "A. 40.6%",
            "B. 81.2%",
            "C. 50%",
            "D. 100%"
        ],
        "option_images": [],
        "answer": "A",
        "solution": "Theoretical maximum efficiency.",
        "solution_images": [],
        "difficulty": "Easy",
        "marks": 4
    },
    {
        "id": 62,
        "chapter": "Semiconductors",
        "question": "Boolean bar(A) + bar(B) is equal to [MHT-CET 2019]",
        "question_latex": "Boolean $\\bar{A} + \\bar{B}$ is equal to [MHT-CET 2019]",
        "question_images": [],
        "options": [
            "A. bar{A . B}",
            "B. bar{A + B}",
            "C. A . B",
            "D. A + B"
        ],
        "option_images": [],
        "answer": "A",
        "solution": "De Morgan's theorem.",
        "solution_images": [],
        "difficulty": "Medium",
        "marks": 4
    },
    {
        "id": 63,
        "chapter": "Semiconductors",
        "question": "Voltage gain in CE amplifier is [MHT-CET 2021]",
        "question_latex": "Voltage gain in CE amplifier is [MHT-CET 2021]",
        "question_images": [],
        "options": [
            "A. beta RL / ri",
            "B. alpha RL / ri",
            "C. beta ri / RL",
            "D. alpha ri / RL"
        ],
        "option_images": [],
        "answer": "A",
        "solution": "Standard formula.",
        "solution_images": [],
        "difficulty": "Easy",
        "marks": 4
    },
    {
        "id": 64,
        "chapter": "Semiconductors",
        "question": "Ideal diode in reverse bias has resistance [MHT-CET 2022]",
        "question_latex": "Ideal diode in reverse bias has resistance [MHT-CET 2022]",
        "question_images": [],
        "options": [
            "A. zero",
            "B. infinite",
            "C. 1000 ohm",
            "D. 1 ohm"
        ],
        "option_images": [],
        "answer": "B",
        "solution": "An ideal diode acts as an open circuit in reverse bias.",
        "solution_images": [],
        "difficulty": "Easy",
        "marks": 4
    },
    {
        "id": 65,
        "chapter": "Semiconductors",
        "question": "OR gate symbol is",
        "question_latex": "OR gate symbol is",
        "question_images": [
            "q715_1"
        ],
        "options": [
            "A. Option A",
            "B. Option B",
            "C. Option C",
            "D. Option D"
        ],
        "option_images": [
            "q715_option_a1",
            "q715_option_b1",
            "q715_option_c1",
            "q715_option_d1"
        ],
        "answer": "A",
        "solution": "Curved input face and pointed output.",
        "solution_images": [],
        "difficulty": "Easy",
        "marks": 4
    },
    {
        "id": 66,
        "chapter": "Semiconductors",
        "question": "Majority carriers in n-type are [MHT-CET 2023]",
        "question_latex": "Majority carriers in n-type are [MHT-CET 2023]",
        "question_images": [],
        "options": [
            "A. holes",
            "B. electrons",
            "C. ions",
            "D. atoms"
        ],
        "option_images": [],
        "answer": "B",
        "solution": "Extra electrons from pentavalent dopants.",
        "solution_images": [],
        "difficulty": "Easy",
        "marks": 4
    },
    {
        "id": 67,
        "chapter": "Semiconductors",
        "question": "Efficiency of full wave rectifier is [MHT-CET 2020]",
        "question_latex": "Efficiency of full wave rectifier is [MHT-CET 2020]",
        "question_images": [],
        "options": [
            "A. 81.2%",
            "B. 40.6%",
            "C. 100%",
            "D. 90%"
        ],
        "option_images": [],
        "answer": "A",
        "solution": "Theoretical maximum is double that of half-wave.",
        "solution_images": [],
        "difficulty": "Easy",
        "marks": 4
    },
    {
        "id": 68,
        "chapter": "Semiconductors",
        "question": "NOT gate output for input 1 is [MHT-CET 2019]",
        "question_latex": "NOT gate output for input $1$ is [MHT-CET 2019]",
        "question_images": [],
        "options": [
            "A. 1",
            "B. 0",
            "C. infinite",
            "D. -1"
        ],
        "option_images": [],
        "answer": "B",
        "solution": "Logic inversion.",
        "solution_images": [],
        "difficulty": "Easy",
        "marks": 4
    },
    {
        "id": 69,
        "chapter": "Semiconductors",
        "question": "In common base mode, IE = 2 mA, IC = 1.9 mA. Base current is [MHT-CET 2021]",
        "question_latex": "In common base mode, $I_{E} = 2~mA, I_{C} = 1.9~mA$. Base current is [MHT-CET 2021]",
        "question_images": [],
        "options": [
            "A. 3.9 mA",
            "B. 0.1 mA",
            "C. 0.01 mA",
            "D. 1 mA"
        ],
        "option_images": [],
        "answer": "B",
        "solution": "$I_{B} = I_{E} - I_{C} = 2 - 1.9 = 0.1~mA$.",
        "solution_images": [],
        "difficulty": "Easy",
        "marks": 4
    },
    {
        "id": 70,
        "chapter": "Semiconductors",
        "question": "Diode acts as [MHT-CET 2022]",
        "question_latex": "Diode acts as [MHT-CET 2022]",
        "question_images": [],
        "options": [
            "A. bidirectional switch",
            "B. unidirectional switch",
            "C. regulator",
            "D. inductor"
        ],
        "option_images": [],
        "answer": "B",
        "solution": "It conducts in one direction only.",
        "solution_images": [],
        "difficulty": "Easy",
        "marks": 4
    },
    {
        "id": 71,
        "chapter": "Semiconductors",
        "question": "NOR gate is equivalent to [MHT-CET 2024]",
        "question_latex": "NOR gate is equivalent to [MHT-CET 2024]",
        "question_images": [],
        "options": [
            "A. OR + NOT",
            "B. AND + NOT",
            "C. OR + AND",
            "D. XOR + OR"
        ],
        "option_images": [],
        "answer": "A",
        "solution": "Definition of NOR.",
        "solution_images": [],
        "difficulty": "Easy",
        "marks": 4
    },
    {
        "id": 72,
        "chapter": "Semiconductors",
        "question": "Dopants for p-type are [MHT-CET 2023]",
        "question_latex": "Dopants for p-type are [MHT-CET 2023]",
        "question_images": [],
        "options": [
            "A. P, As",
            "B. B, Al, In",
            "C. C, Ge",
            "D. Fe, Cu"
        ],
        "option_images": [],
        "answer": "B",
        "solution": "Trivalent group 13 elements.",
        "solution_images": [],
        "difficulty": "Easy",
        "marks": 4
    },
    {
        "id": 73,
        "chapter": "Semiconductors",
        "question": "Ripple factor for half wave rectifier is [MHT-CET 2020]",
        "question_latex": "Ripple factor for half wave rectifier is [MHT-CET 2020]",
        "question_images": [],
        "options": [
            "A. 1.21",
            "B. 0.48",
            "C. 0.5",
            "D. 1"
        ],
        "option_images": [],
        "answer": "A",
        "solution": "Measures pulsating nature.",
        "solution_images": [],
        "difficulty": "Medium",
        "marks": 4
    },
    {
        "id": 74,
        "chapter": "Semiconductors",
        "question": "Boolean bar{A} . bar{B} is [MHT-CET 2019]",
        "question_latex": "Boolean $\\bar{A} . \\bar{B}$ is [MHT-CET 2019]",
        "question_images": [],
        "options": [
            "A. bar{A + B}",
            "B. bar{A . B}",
            "C. A + B",
            "D. A . B"
        ],
        "option_images": [],
        "answer": "A",
        "solution": "De Morgan's second theorem.",
        "solution_images": [],
        "difficulty": "Easy",
        "marks": 4
    },
    {
        "id": 75,
        "chapter": "Semiconductors",
        "question": "Power gain is [MHT-CET 2021]",
        "question_latex": "Power gain is [MHT-CET 2021]",
        "question_images": [],
        "options": [
            "A. current gain x voltage gain",
            "B. current gain / voltage gain",
            "C. voltage gain / current gain",
            "D. beta^2"
        ],
        "option_images": [],
        "answer": "A",
        "solution": "$P = VI$.",
        "solution_images": [],
        "difficulty": "Easy",
        "marks": 4
    },
    {
        "id": 76,
        "chapter": "Semiconductors",
        "question": "Zener diode symbol is",
        "question_latex": "Zener diode symbol is",
        "question_images": [
            "q726_1"
        ],
        "options": [
            "A. Option A",
            "B. Option B",
            "C. Option C",
            "D. Option D"
        ],
        "option_images": [
            "q726_option_a1",
            "q726_option_b1",
            "q726_option_c1",
            "q726_option_d1",
            "76_opA_1.png",
            "76_opB_1.png",
            "76_opC_1.png",
            "76_opD_1.png"
        ],
        "answer": "A",
        "solution": "Diode symbol with Z-shaped bar.",
        "solution_images": [],
        "difficulty": "Easy",
        "marks": 4
    },
    {
        "id": 77,
        "chapter": "Semiconductors",
        "question": "Logic 0 corresponds to [MHT-CET 2024]",
        "question_latex": "Logic $0$ corresponds to [MHT-CET 2024]",
        "question_images": [],
        "options": [
            "A. Ground / Low volt",
            "B. High volt",
            "C. Open circuit",
            "D. Positive rail"
        ],
        "option_images": [],
        "answer": "A",
        "solution": "Logic 0 represents the OFF state.",
        "solution_images": [],
        "difficulty": "Easy",
        "marks": 4
    },
    {
        "id": 78,
        "chapter": "Semiconductors",
        "question": "Dopants for n-type are [MHT-CET 2023]",
        "question_latex": "Dopants for n-type are [MHT-CET 2023]",
        "question_images": [],
        "options": [
            "A. B, Al",
            "B. P, As, Sb",
            "C. In, Ga",
            "D. Na, K"
        ],
        "option_images": [],
        "answer": "B",
        "solution": "Pentavalent group 15 elements.",
        "solution_images": [
            "78_so_1.png"
        ],
        "difficulty": "Easy",
        "marks": 4
    },
    {
        "id": 79,
        "chapter": "Semiconductors",
        "question": "A transistor has beta = 50. Collector current is 5 mA. Base current is [MHT-CET 2020]",
        "question_latex": "A transistor has $\\beta = 50$. Collector current is $5~mA$. Base current is [MHT-CET 2020]",
        "question_images": [],
        "options": [
            "A. 100 micro-A",
            "B. 50 micro-A",
            "C. 0.1 mA",
            "D. Both A and C"
        ],
        "option_images": [],
        "answer": "D",
        "solution": "$I_{B} = 5/50 = 0.1~mA = 100~\\mu A$.",
        "solution_images": [],
        "difficulty": "Easy",
        "marks": 4
    },
    {
        "id": 80,
        "chapter": "Semiconductors",
        "question": "Band gap in insulator is [MHT-CET 2019]",
        "question_latex": "Band gap in insulator is [MHT-CET 2019]",
        "question_images": [
            "80_qu_1.png"
        ],
        "options": [
            "A. < 3 eV",
            "B. > 3 eV",
            "C. zero",
            "D. 1 eV"
        ],
        "option_images": [
            "80_opA_1.png",
            "80_opB_1.png",
            "80_opC_1.png",
            "80_opD_1.png"
        ],
        "answer": "B",
        "solution": "Very wide gap prevents conduction.",
        "solution_images": [],
        "difficulty": "Easy",
        "marks": 4
    },
    {
        "id": 81,
        "chapter": "Semiconductors",
        "question": "Number of depletion layers in a diode is [MHT-CET 2021]",
        "question_latex": "Number of depletion layers in a diode is [MHT-CET 2021]",
        "question_images": [],
        "options": [
            "A. 1",
            "B. 2",
            "C. 0",
            "D. 3"
        ],
        "option_images": [],
        "answer": "A",
        "solution": "A single p-n junction has one depletion region.",
        "solution_images": [],
        "difficulty": "Easy",
        "marks": 4
    },
    {
        "id": 82,
        "chapter": "Semiconductors",
        "question": "Breakdown voltage is characteristic of [MHT-CET 2022]",
        "question_latex": "Breakdown voltage is characteristic of [MHT-CET 2022]",
        "question_images": [],
        "options": [
            "A. Forward bias",
            "B. Reverse bias",
            "C. Active region",
            "D. Cutoff"
        ],
        "option_images": [],
        "answer": "B",
        "solution": "Occurs when reverse voltage exceeds a limit.",
        "solution_images": [],
        "difficulty": "Easy",
        "marks": 4
    },
    {
        "id": 83,
        "chapter": "Semiconductors",
        "question": "In XOR gate, 1 XOR 1 gives [MHT-CET 2024]",
        "question_latex": "In XOR gate, $1~XOR~1$ gives [MHT-CET 2024]",
        "question_images": [],
        "options": [
            "A. 1",
            "B. 0",
            "C. 2",
            "D. infinite"
        ],
        "option_images": [],
        "answer": "B",
        "solution": "Same inputs give 0.",
        "solution_images": [],
        "difficulty": "Easy",
        "marks": 4
    },
    {
        "id": 84,
        "chapter": "Semiconductors",
        "question": "Band gap in conductor is [MHT-CET 2023]",
        "question_latex": "Band gap in conductor is [MHT-CET 2023]",
        "question_images": [],
        "options": [
            "A. large",
            "B. zero",
            "C. medium",
            "D. infinite"
        ],
        "option_images": [],
        "answer": "B",
        "solution": "Bands overlap in metals.",
        "solution_images": [],
        "difficulty": "Easy",
        "marks": 4
    },
    {
        "id": 85,
        "chapter": "Semiconductors",
        "question": "Center tapped transformer is needed for [MHT-CET 2020]",
        "question_latex": "Center tapped transformer is needed for [MHT-CET 2020]",
        "question_images": [],
        "options": [
            "A. Half wave rectifier",
            "B. Full wave (2 diode) rectifier",
            "C. Bridge rectifier",
            "D. Zener regulator"
        ],
        "option_images": [],
        "answer": "B",
        "solution": "Required to split the secondary voltage.",
        "solution_images": [],
        "difficulty": "Easy",
        "marks": 4
    },
    {
        "id": 86,
        "chapter": "Semiconductors",
        "question": "Binary 100 corresponds to [MHT-CET 2019]",
        "question_latex": "Binary $100$ corresponds to [MHT-CET 2019]",
        "question_images": [],
        "options": [
            "A. 4",
            "B. 2",
            "C. 8",
            "D. 1"
        ],
        "option_images": [],
        "answer": "A",
        "solution": "$4+0+0 = 4$.",
        "solution_images": [],
        "difficulty": "Easy",
        "marks": 4
    },
    {
        "id": 87,
        "chapter": "Semiconductors",
        "question": "In CE mode, IE is [MHT-CET 2021]",
        "question_latex": "In CE mode, $I_{E}$ is [MHT-CET 2021]",
        "question_images": [],
        "options": [
            "A. IC + IB",
            "B. IC - IB",
            "C. IC / beta",
            "D. IB / beta"
        ],
        "option_images": [],
        "answer": "A",
        "solution": "Kirchhoff's law at transistor junction.",
        "solution_images": [],
        "difficulty": "Easy",
        "marks": 4
    },
    {
        "id": 88,
        "chapter": "Semiconductors",
        "question": "Depletion layer width is of order [MHT-CET 2022]",
        "question_latex": "Depletion layer width is of order [MHT-CET 2022]",
        "question_images": [],
        "options": [
            "A. 1 mm",
            "B. 1 micro-m",
            "C. 1 cm",
            "D. 1 m"
        ],
        "option_images": [],
        "answer": "B",
        "solution": "Typically $10^{-6}$ m.",
        "solution_images": [],
        "difficulty": "Easy",
        "marks": 4
    },
    {
        "id": 89,
        "chapter": "Semiconductors",
        "question": "Logic gate symbol",
        "question_latex": "Logic gate symbol",
        "question_images": [
            "q739_1"
        ],
        "options": [
            "A. NAND",
            "B. NOR",
            "C. XOR",
            "D. AND"
        ],
        "option_images": [],
        "answer": "D",
        "solution": "D-shaped symbol is AND.",
        "solution_images": [],
        "difficulty": "Easy",
        "marks": 4
    },
    {
        "id": 90,
        "chapter": "Semiconductors",
        "question": "Trivalent atoms are [MHT-CET 2023]",
        "question_latex": "Trivalent atoms are [MHT-CET 2023]",
        "question_images": [],
        "options": [
            "A. Donors",
            "B. Acceptors",
            "C. Minority",
            "D. Majority"
        ],
        "option_images": [],
        "answer": "B",
        "solution": "They accept electrons from the valence band.",
        "solution_images": [],
        "difficulty": "Easy",
        "marks": 4
    },
    {
        "id": 91,
        "chapter": "Semiconductors",
        "question": "Bridge rectifier uses [MHT-CET 2024]",
        "question_latex": "Bridge rectifier uses [MHT-CET 2024]",
        "question_images": [],
        "options": [
            "A. 2 diodes",
            "B. 4 diodes",
            "C. 1 diode",
            "D. 6 diodes"
        ],
        "option_images": [],
        "answer": "B",
        "solution": "Arranged in a bridge configuration.",
        "solution_images": [],
        "difficulty": "Easy",
        "marks": 4
    },
    {
        "id": 92,
        "chapter": "Semiconductors",
        "question": "NOT gate Boolean [MHT-CET 2019]",
        "question_latex": "NOT gate Boolean [MHT-CET 2019]",
        "question_images": [],
        "options": [
            "A. Y = A",
            "B. Y = bar{A}",
            "C. Y = A + 1",
            "D. Y = 1"
        ],
        "option_images": [],
        "answer": "B",
        "solution": "Simple inversion.",
        "solution_images": [],
        "difficulty": "Easy",
        "marks": 4
    },
    {
        "id": 93,
        "chapter": "Semiconductors",
        "question": "Alpha and beta are related as [MHT-CET 2021]",
        "question_latex": "$\\alpha$ and $\\beta$ are related as [MHT-CET 2021]",
        "question_images": [
            "93_qu_1.png"
        ],
        "options": [
            "A. beta = alpha / (1-alpha)",
            "B. alpha = beta / (1+beta)",
            "C. both A and B",
            "D. none"
        ],
        "option_images": [],
        "answer": "C",
        "solution": "Interchangeable formulas.",
        "solution_images": [],
        "difficulty": "Medium",
        "marks": 4
    },
    {
        "id": 94,
        "chapter": "Semiconductors",
        "question": "Zener diode is always used in [MHT-CET 2022]",
        "question_latex": "Zener diode is always used in [MHT-CET 2022]",
        "question_images": [
            "94_qu_1.png"
        ],
        "options": [
            "A. Forward bias",
            "B. Reverse bias",
            "C. Active region",
            "D. Cutoff region"
        ],
        "option_images": [],
        "answer": "B",
        "solution": "Specifically for breakdown regulation.",
        "solution_images": [],
        "difficulty": "Easy",
        "marks": 4
    },
    {
        "id": 95,
        "chapter": "Semiconductors",
        "question": "Logic gate with bubble at input",
        "question_latex": "Logic gate with bubble at input",
        "question_images": [
            "q745_1"
        ],
        "options": [
            "A. Bubbled AND is NOR",
            "B. Bubbled OR is NAND",
            "C. both A and B",
            "D. none"
        ],
        "option_images": [],
        "answer": "C",
        "solution": "Based on De Morgan's laws.",
        "solution_images": [],
        "difficulty": "Hard",
        "marks": 4
    },
    {
        "id": 96,
        "chapter": "Semiconductors",
        "question": "Which statement is TRUE for n-type? [MHT-CET 2021]",
        "question_latex": "Which statement is TRUE for n-type? [MHT-CET 2021]",
        "question_images": [],
        "options": [
            "A. Holes are minority and pentavalent are dopants",
            "B. Electrons are minority",
            "C. Holes are majority",
            "D. Trivalent atoms are dopants"
        ],
        "option_images": [],
        "answer": "A",
        "solution": "Pentavalent doping adds electrons, making holes the minority.",
        "solution_images": [],
        "difficulty": "Medium",
        "marks": 4
    },
    {
        "id": 97,
        "chapter": "Semiconductors",
        "question": "Current in the following circuit is",
        "question_latex": "Current in the following circuit is",
        "question_images": [
            "97_qu_1.png",
            "q747_1"
        ],
        "options": [
            "A. 10^-2 A",
            "B. 10 A",
            "C. 0.025 A",
            "D. zero"
        ],
        "option_images": [],
        "answer": "A",
        "solution": "$V = 5-3 = 2V$. $R = 200~\\Omega$. $I = 2/200 = 0.01$ A.",
        "solution_images": [],
        "difficulty": "Medium",
        "marks": 4
    },
    {
        "id": 98,
        "chapter": "Semiconductors",
        "question": "Resistance of reverse biased diode is [MHT-CET 2022]",
        "question_latex": "Resistance of reverse biased diode is [MHT-CET 2022]",
        "question_images": [],
        "options": [
            "A. 1 ohm",
            "B. 100 ohm",
            "C. 1000 ohm",
            "D. 10^6 ohm"
        ],
        "option_images": [],
        "answer": "D",
        "solution": "Very high resistance due to depletion width.",
        "solution_images": [],
        "difficulty": "Easy",
        "marks": 4
    },
    {
        "id": 99,
        "chapter": "Semiconductors",
        "question": "In insulators [MHT-CET 2014]",
        "question_latex": "In insulators [MHT-CET 2014]",
        "question_images": [],
        "options": [
            "A. VB partially filled",
            "B. CB partially filled",
            "C. CB empty, VB full",
            "D. Bands overlap"
        ],
        "option_images": [],
        "answer": "C",
        "solution": "Valence band is full, and conduction band is empty with a large gap.",
        "solution_images": [],
        "difficulty": "Easy",
        "marks": 4
    },
    {
        "id": 100,
        "chapter": "Semiconductors",
        "question": "Relation for doped semiconductor is [MHT-CET 2023]",
        "question_latex": "Relation for doped semiconductor is [MHT-CET 2023]",
        "question_images": [],
        "options": [
            "A. ne = ni^2 / nh",
            "B. nh = ni^2 / ne",
            "C. ne nh = ni^2",
            "D. All of the above"
        ],
        "option_images": [],
        "answer": "D",
        "solution": "Different forms of Mass Action Law.",
        "solution_images": [],
        "difficulty": "Easy",
        "marks": 4
    }
]