[
    {
        "id": 1,
        "chapter": "Chemical Thermodynamics",
        "question": "In one mole of an ideal gas performing 900 J of work on surroundings, if internal energy increases by 625 J, find the value of ΔH.",
        "question_latex": "w = -900\\,J,\\; \\Delta U = +625\\,J",
        "question_images": [],
        "options": [
            "A. 275 J",
            "B. −275 J",
            "C. 525 J",
            "D. −525 J"
        ],
        "option_images": [],
        "answer": "B. −275 J",
        "solution": "$\\Delta H = \\Delta U + P\\Delta V = 625 - 900 = -275\\,J$",
        "solution_images": [],
        "difficulty": "Easy",
        "marks": 4
    },
    {
        "id": 2,
        "chapter": "Chemical Thermodynamics",
        "question": "In an adiabatic process, which of the following is correct?",
        "question_latex": "",
        "question_images": [],
        "options": [
            "A. pΔV = 0",
            "B. q = +w",
            "C. ΔE = q",
            "D. q = 0"
        ],
        "option_images": [],
        "answer": "D. q = 0",
        "solution": "In an adiabatic process, no heat is exchanged, hence $q=0$.",
        "solution_images": [],
        "difficulty": "Easy",
        "marks": 4
    },
    {
        "id": 3,
        "chapter": "Chemical Thermodynamics",
        "question": "The enthalpies of formation of organic substances can be conveniently determined from",
        "question_latex": "",
        "question_images": [],
        "options": [
            "A. Enthalpies of combustion",
            "B. Boiling point",
            "C. Melting point",
            "D. Enthalpies of neutralization"
        ],
        "option_images": [],
        "answer": "A. Enthalpies of combustion",
        "solution": "Enthalpies of formation are determined indirectly using Hess’s law via combustion data.",
        "solution_images": [],
        "difficulty": "Easy",
        "marks": 4
    },
    {
        "id": 4,
        "chapter": "Chemical Thermodynamics",
        "question": "Which among the following pair of properties is intensive?",
        "question_latex": "",
        "question_images": [],
        "options": [
            "A. Internal energy and boiling point",
            "B. Mass and heat capacity",
            "C. Heat capacity and pressure",
            "D. Specific heat and pressure"
        ],
        "option_images": [],
        "answer": "D. Specific heat and pressure",
        "solution": "Both specific heat and pressure are independent of amount of substance.",
        "solution_images": [],
        "difficulty": "Medium",
        "marks": 4
    },
    {
        "id": 5,
        "chapter": "Chemical Thermodynamics",
        "question": "The enthalpy change for a reaction does not depend upon",
        "question_latex": "",
        "question_images": [],
        "options": [
            "A. Physical state of reactants",
            "B. Use of different reactants for same product",
            "C. Nature of intermediate reactions",
            "D. Difference in initial and final temperatures"
        ],
        "option_images": [],
        "answer": "C. Nature of intermediate reactions",
        "solution": "According to Hess’s law, enthalpy change is independent of reaction path.",
        "solution_images": [],
        "difficulty": "Medium",
        "marks": 4
    },
    {
        "id": 6,
        "chapter": "Chemical Thermodynamics",
        "question": "Which of the following is an extensive property of a system?",
        "question_latex": "",
        "question_images": [],
        "options": [
            "A. Viscosity",
            "B. Volume",
            "C. Temperature",
            "D. Surface tension"
        ],
        "option_images": [],
        "answer": "B. Volume",
        "solution": "Volume depends on amount of matter, hence it is extensive.",
        "solution_images": [],
        "difficulty": "Easy",
        "marks": 4
    },
    {
        "id": 7,
        "chapter": "Chemical Thermodynamics",
        "question": "At what temperature does a chemical reaction have ΔG = 0 if ΔH = −145.6 kJ mol−1 and ΔS = −216 J K−1 mol−1?",
        "question_latex": "$\\Delta G = \\Delta H - T\\Delta S$",
        "question_images": [],
        "options": [
            "A. 698.1 K",
            "B. 650.0 K",
            "C. 823.0 K",
            "D. 425.0 K"
        ],
        "option_images": [],
        "answer": "A. 698.1 K",
        "solution": "$0 = -145600 - T(-216) \\Rightarrow T = \\frac{145600}{216} = 698.1\\,K$",
        "solution_images": [],
        "difficulty": "Hard",
        "marks": 4
    },
    {
        "id": 8,
        "chapter": "Chemical Thermodynamics",
        "question": "In an isothermal process, which of the following is correct?",
        "question_latex": "",
        "question_images": [],
        "options": [
            "A. q = 0 and ΔE = 0",
            "B. q ≠ 0 and ΔE = 0",
            "C. q = 0 and ΔE ≠ 0",
            "D. q ≠ 0 and ΔE ≠ 0"
        ],
        "option_images": [],
        "answer": "B. q ≠ 0 and ΔE = 0",
        "solution": "For isothermal process of ideal gas, temperature and internal energy remain constant.",
        "solution_images": [],
        "difficulty": "Easy",
        "marks": 4
    },
    {
        "id": 9,
        "chapter": "Chemical Thermodynamics",
        "question": "Which of the following is the correct expression for entropy change?",
        "question_latex": "",
        "question_images": [],
        "options": [
            "A. $\\int \\frac{dT}{T}$",
            "B. $\\int \\frac{dq}{T}$",
            "C. $\\int C_p dT$",
            "D. $\\int T dq$"
        ],
        "option_images": [],
        "answer": "B. $\\int \\frac{dq}{T}$",
        "solution": "Entropy change is defined as $dS = \\frac{dq_{rev}}{T}$.",
        "solution_images": [],
        "difficulty": "Medium",
        "marks": 4
    },
    {
        "id": 10,
        "chapter": "Chemical Thermodynamics",
        "question": "The sublimation energy of I2(s) is 57.3 kJ mol−1 and enthalpy of fusion is 15.5 kJ mol−1. The enthalpy of vaporization is",
        "question_latex": "",
        "question_images": [],
        "options": [
            "A. 41.8 kJ mol−1",
            "B. 41.8 kJ mol−1",
            "C. 72.8 kJ mol−1",
            "D. 72.8 kJ mol−1"
        ],
        "option_images": [],
        "answer": "A. 41.8 kJ mol−1",
        "solution": "$\\Delta H_{vap} = \\Delta H_{sub} - \\Delta H_{fus} = 57.3 - 15.5 = 41.8$",
        "solution_images": [],
        "difficulty": "Medium",
        "marks": 4
    },
    {
        "id": 11,
        "chapter": "Chemical Thermodynamics",
        "question": "The enthalpy of formation of carbon monoxide (CO) from its elements at 298 K is",
        "question_latex": "",
        "question_images": [],
        "options": [
            "A. −123.8 kJ mol−1",
            "B. +123.8 kJ mol−1",
            "C. −2477.57 J mol−1",
            "D. +2477.57 J mol−1"
        ],
        "option_images": [],
        "answer": "B. +123.8 kJ mol−1",
        "solution": "Using $\\Delta H = \\Delta U + \\Delta nRT$. For $C(s) + \\tfrac{1}{2}O_2(g) \\rightarrow CO(g)$, $\\Delta n = 1 - \\tfrac{1}{2} = \\tfrac{1}{2}$. Hence $\\Delta H = \\Delta U + \\tfrac{1}{2}RT = 123.8\\,\\text{kJ mol}^{-1}$.",
        "solution_images": [],
        "difficulty": "Medium",
        "marks": 4
    },
    {
        "id": 12,
        "chapter": "Chemical Thermodynamics",
        "question": "Calculate the work done during compression of 2 mol of an ideal gas from a volume of 1 m3 to 10 dm3 at 300 K against a pressure of 100 kPa.",
        "question_latex": "",
        "question_images": [],
        "options": [
            "A. −99 kJ",
            "B. +99 kJ",
            "C. +229.8 kJ",
            "D. −229.8 kJ"
        ],
        "option_images": [],
        "answer": "A. −99 kJ",
        "solution": "For compression at constant external pressure, $w = -P_{ext}\\Delta V = -100\\,\\text{kPa}\\,(0.01-1)\\,\\text{m}^3 = -99\\,\\text{kJ$}.$",
        "solution_images": [],
        "difficulty": "Medium",
        "marks": 4
    },
    {
        "id": 13,
        "chapter": "Chemical Thermodynamics",
        "question": "In an isothermal and reversible process, 1.6×10−2 kg CO2 expands from 10 dm3 to 100 dm3 at 300 K. Calculate the work done.",
        "question_latex": "",
        "question_images": [],
        "options": [
            "A. −5744 J",
            "B. −1436 J",
            "C. −2872 J",
            "D. −4308 J"
        ],
        "option_images": [],
        "answer": "C. −2872 J",
        "solution": "For isothermal reversible expansion, $w = -nRT\\ln\\frac{V_2}{V_1}$. With $n=\\frac{16}{44}$, $T=300\\,K$, $R=8.314$, $w=-2872\\,J$.",
        "solution_images": [],
        "difficulty": "Hard",
        "marks": 4
    },
    {
        "id": 14,
        "chapter": "Chemical Thermodynamics",
        "question": "When 1 mole of gas is heated at constant volume, the temperature rises from 273 K to 546 K. If heat supplied is q, then the correct statement is",
        "question_latex": "",
        "question_images": [],
        "options": [
            "A. ΔU = 0, q = w = −x",
            "B. q = −w = x",
            "C. q = ΔU = x",
            "D. q = w = ΔU = 0"
        ],
        "option_images": [],
        "answer": "C. q = ΔU = x",
        "solution": "At constant volume, $w=0$. Hence from first law, $\\Delta U = q$.",
        "solution_images": [],
        "difficulty": "Easy",
        "marks": 4
    },
    {
        "id": 15,
        "chapter": "Chemical Thermodynamics",
        "question": "Two moles of an ideal gas undergoes a reversible cyclic process as shown. Calculate work done during process C → D.",
        "question_latex": "",
        "question_images": [],
        "options": [
            "A. −800 ln 2",
            "B. +200R ln 2",
            "C. Zero",
            "D. −600R ln 2"
        ],
        "option_images": [],
        "answer": "A. −800 ln 2",
        "solution": "For isothermal step, $w = -nRT\\ln\\frac{P_2}{P_1} = -2\\times400\\ln 2 = -800\\ln 2$.",
        "solution_images": [],
        "difficulty": "Hard",
        "marks": 4
    },
    {
        "id": 16,
        "chapter": "Chemical Thermodynamics",
        "question": "The entropy of a perfectly crystalline material is zero at 0°C. This statement is of",
        "question_latex": "",
        "question_images": [],
        "options": [
            "A. Law of conservation of energy",
            "B. Second law of thermodynamics",
            "C. Third law of thermodynamics",
            "D. Zeroth law of thermodynamics"
        ],
        "option_images": [],
        "answer": "C. Third law of thermodynamics",
        "solution": "Third law states entropy of a perfect crystal is zero at absolute zero.",
        "solution_images": [],
        "difficulty": "Easy",
        "marks": 4
    },
    {
        "id": 17,
        "chapter": "Chemical Thermodynamics",
        "question": "At constant temperature and pressure which statement is TRUE for the reaction between ethanol and oxygen?",
        "question_latex": "",
        "question_images": [],
        "options": [
            "A. ΔH ≠ 0",
            "B. ΔU ≠ 0",
            "C. ΔH = ΔU",
            "D. ΔH = 0, ΔU = 0"
        ],
        "option_images": [],
        "answer": "C. ΔH = ΔU",
        "solution": "For reactions with no change in gaseous moles ($\\Delta n = 0$), $\\Delta H = \\Delta U$.",
        "solution_images": [],
        "difficulty": "Medium",
        "marks": 4
    },
    {
        "id": 18,
        "chapter": "Chemical Thermodynamics",
        "question": "Identify the equation from following that indicates increase in entropy.",
        "question_latex": "",
        "question_images": [],
        "options": [
            "A. $H_2O(l) \\rightarrow H_2O(g)$",
            "B. $NaCl(s) \\rightarrow Na^+(aq)+Cl^-(aq)$",
            "C. $H_2(g)+O_2(g) \\rightarrow H_2O(l)$",
            "D. $2H_2O_2(aq) \\rightarrow 2H_2O(l)+O_2(g)$"
        ],
        "option_images": [],
        "answer": "B. $NaCl(s) \\rightarrow Na^+(aq)+Cl^-(aq)$",
        "solution": "Dissolution increases disorder; hence entropy increases.",
        "solution_images": [],
        "difficulty": "Easy",
        "marks": 4
    },
    {
        "id": 19,
        "chapter": "Chemical Thermodynamics",
        "question": "Which among the following properties is NOT a state function?",
        "question_latex": "",
        "question_images": [],
        "options": [
            "A. Pressure",
            "B. Work",
            "C. Internal energy",
            "D. Volume"
        ],
        "option_images": [],
        "answer": "B. Work",
        "solution": "Work depends on the path followed, hence it is not a state function.",
        "solution_images": [],
        "difficulty": "Easy",
        "marks": 4
    },
    {
        "id": 20,
        "chapter": "Chemical Thermodynamics",
        "question": "Which from following reactions is exothermic?",
        "question_latex": "",
        "question_images": [],
        "options": [
            "A. $KOH(aq)+HNO_3(aq) \\rightarrow KNO_3(aq)+H_2O(l)$",
            "B. $N_2(g)+O_2(g) \\rightarrow 2NO(g)$",
            "C. $N_2(g)+2O_2(g) \\rightarrow 2NO_2(g)$",
            "D. $H_2O(l) \\rightarrow H_2(g)+O_2(g)$"
        ],
        "option_images": [],
        "answer": "A. $KOH(aq)+HNO_3(aq) \\rightarrow KNO_3(aq)+H_2O(l)$",
        "solution": "Neutralization of strong acid and strong base is exothermic.",
        "solution_images": [],
        "difficulty": "Easy",
        "marks": 4
    },
    {
        "id": 21,
        "chapter": "Chemical Thermodynamics",
        "question": "2.1 g of Fe combine with S evolving 3.77 kJ heat of formation of FeS. The heat of formation of FeS in kJ mol−1 is",
        "question_latex": "",
        "question_images": [],
        "options": [
            "A. −77.7",
            "B. −79",
            "C. −100.5",
            "D. −77.7"
        ],
        "option_images": [],
        "answer": "C. −100.5",
        "solution": "$\\text{Moles of Fe} = \\frac{2.1}{56}$\n\n$\\Delta H = \\frac{3.77 \\times 56}{2.1} = -100.5\\,\\text{kJ mol}^{-1}$",
        "solution_images": [],
        "difficulty": "Moderate",
        "marks": 4
    },
    {
        "id": 22,
        "chapter": "Chemical Thermodynamics",
        "question": "What is the value of ΔH − ΔU for the following reaction? 2C(s) + 3H2(g) → C2H6(g)",
        "question_latex": "$2C(s) + 3H_2(g) \\rightarrow C_2H_6(g)$",
        "question_images": [],
        "options": [
            "A. 4RT",
            "B. 5RT",
            "C. RT",
            "D. −2RT"
        ],
        "option_images": [],
        "answer": "D. −2RT",
        "solution": "$\\Delta n_g = 1 - 3 = -2$\n\n$\\Delta H - \\Delta U = \\Delta n_g RT = -2RT$",
        "solution_images": [],
        "difficulty": "Medium",
        "marks": 4
    },
    {
        "id": 23,
        "chapter": "Chemical Thermodynamics",
        "question": "All irreversible processes are",
        "question_latex": "",
        "question_images": [],
        "options": [
            "A. Non spontaneous",
            "B. In equilibrium",
            "C. Isothermal",
            "D. Spontaneous"
        ],
        "option_images": [],
        "answer": "D. Spontaneous",
        "solution": "Irreversible processes occur spontaneously and cannot be reversed without external intervention.",
        "solution_images": [],
        "difficulty": "Easy",
        "marks": 4
    },
    {
        "id": 24,
        "chapter": "Chemical Thermodynamics",
        "question": "Which among the following is true for isobaric process?",
        "question_latex": "",
        "question_images": [],
        "options": [
            "A. ΔQ = 0",
            "B. ΔU = W",
            "C. ΔH = Q",
            "D. Q = ΔU + PΔV"
        ],
        "option_images": [],
        "answer": "C. ΔH = Q",
        "solution": "For an isobaric process, heat exchanged equals change in enthalpy.",
        "solution_images": [],
        "difficulty": "Easy",
        "marks": 4
    },
    {
        "id": 25,
        "chapter": "Chemical Thermodynamics",
        "question": "The enthalpy of formation of Mg(OH)2 and HBr are −145800 and −6400 calories respectively. This would indicate that",
        "question_latex": "",
        "question_images": [],
        "options": [
            "A. Mg(OH)2 melts at low temperature",
            "B. Mg(OH)2 is ionic",
            "C. HBr is a weak acid",
            "D. HBr is unstable"
        ],
        "option_images": [],
        "answer": "B. Mg(OH)2 is ionic",
        "solution": "Large negative enthalpy of formation indicates strong ionic bonding.",
        "solution_images": [],
        "difficulty": "Medium",
        "marks": 4
    },
    {
        "id": 26,
        "chapter": "Chemical Thermodynamics",
        "question": "What is the value of ΔH° for formation of ethanol from ethene and liquid water?",
        "question_latex": "",
        "question_images": [],
        "options": [
            "A. +42.0 kJ",
            "B. −1368 kJ",
            "C. +410 kJ",
            "D. −4180 kJ"
        ],
        "option_images": [],
        "answer": "A. +42.0 kJ",
        "solution": "Using Hess law by subtracting equations, ΔH° = +42.0 kJ.",
        "solution_images": [],
        "difficulty": "Hard",
        "marks": 4
    },
    {
        "id": 27,
        "chapter": "Chemical Thermodynamics",
        "question": "Based on first law of thermodynamics which one of the following is correct?",
        "question_latex": "",
        "question_images": [],
        "options": [
            "A. For an isochoric process ΔE = Q",
            "B. For adiabatic process ΔE = −W",
            "C. For isothermal process ΔT = 0",
            "D. For cyclic process Q = W"
        ],
        "option_images": [],
        "answer": "D. For cyclic process Q = W",
        "solution": "For cyclic process, change in internal energy is zero hence Q = W.",
        "solution_images": [],
        "difficulty": "Medium",
        "marks": 4
    },
    {
        "id": 28,
        "chapter": "Chemical Thermodynamics",
        "question": "Which of the following set of thermodynamic conditions is true for a reaction to be spontaneous at high temperature?",
        "question_latex": "",
        "question_images": [],
        "options": [
            "A. ΔH < 0 and ΔS < 0",
            "B. ΔH > 0 and ΔS > 0",
            "C. ΔH < 0 and ΔS > 0",
            "D. ΔH > 0 and ΔS < 0"
        ],
        "option_images": [],
        "answer": "B. ΔH > 0 and ΔS > 0",
        "solution": "At high temperature, positive ΔS term dominates making ΔG negative.",
        "solution_images": [],
        "difficulty": "Medium",
        "marks": 4
    },
    {
        "id": 29,
        "chapter": "Chemical Thermodynamics",
        "question": "The entropy change for the reaction H2(g) + Cl2(g) → 2HCl(g) will be",
        "question_latex": "",
        "question_images": [],
        "options": [
            "A. 20 J K−1 mol−1",
            "B. −20 J K−1 mol−1",
            "C. 167 J K−1 mol−1",
            "D. −167 J K−1 mol−1"
        ],
        "option_images": [],
        "answer": "A. 20 J K−1 mol−1",
        "solution": "$\\Delta S = 2S(HCl) - S(H_2) - S(Cl_2) = +20\\,J K^{-1} mol^{-1}$",
        "solution_images": [],
        "difficulty": "Hard",
        "marks": 4
    },
    {
        "id": 30,
        "chapter": "Chemical Thermodynamics",
        "question": "Calculate work done in oxidation of one mole of SO2(g) at 27°C according to reaction 2SO2(g) + O2(g) → 2SO3(g)",
        "question_latex": "",
        "question_images": [],
        "options": [
            "A. −8314 J",
            "B. 625.6 J",
            "C. 1247.1 J",
            "D. 2494.2 J"
        ],
        "option_images": [],
        "answer": "C. 1247.1 J",
        "solution": "$\\Delta n_g = -1$\n\n$W = -\\Delta nRT = 1 \\times 8.314 \\times 300 = 2494.2\\,J$ for 2 mol\n\nFor 1 mol = 1247.1 J",
        "solution_images": [],
        "difficulty": "Hard",
        "marks": 4
    },
    {
        "id": 31,
        "chapter": "Chemical Thermodynamics",
        "question": "When 2 moles of an ideal gas are expanded isothermally from a volume of 12.5 L to 15.0 L against an external pressure of 760 mm Hg, calculate the amount of work done in joule.",
        "question_latex": "",
        "question_images": [],
        "options": [
            "A. −1524.0 J",
            "B. −253.25 J",
            "C. −990.0 J",
            "D. −525.0 J"
        ],
        "option_images": [],
        "answer": "B. −253.25 J",
        "solution": "$w = -P_{ext}\\Delta V = -1.013\\times10^5\\,(15.0-12.5)\\times10^{-3} = -253.25\\,J$",
        "solution_images": [],
        "difficulty": "Medium",
        "marks": 4
    },
    {
        "id": 32,
        "chapter": "Chemical Thermodynamics",
        "question": "The heat evolved in the combustion of benzene is given by C6H6(l) + 7/2 O2(g) → 6CO2(g) + 3H2O(l), ΔH = −3264.6 kJ. Which of the following quantities of heat will be evolved when 39 g of C6H6 are burnt?",
        "question_latex": "",
        "question_images": [],
        "options": [
            "A. 816.15 kJ",
            "B. 1632.3 kJ",
            "C. 6528.2 kJ",
            "D. 2448.45 kJ"
        ],
        "option_images": [],
        "answer": "B. 1632.3 kJ",
        "solution": "$78\\,g$ benzene releases $3264.6\\,kJ$. Therefore $39\\,g$ releases $\\frac{3264.6}{2} = 1632.3\\,kJ$.",
        "solution_images": [],
        "difficulty": "Medium",
        "marks": 4
    },
    {
        "id": 33,
        "chapter": "Chemical Thermodynamics",
        "question": "Standard entropy of X2, Y2 and XY are 60, 40 and 50 J K−1 mol−1 respectively. For the reaction X2 + Y2 → 2XY, ΔG = −30 kJ. At equilibrium, the temperature will be",
        "question_latex": "",
        "question_images": [],
        "options": [
            "A. 1250 K",
            "B. 500 K",
            "C. 750 K",
            "D. 1000 K"
        ],
        "option_images": [],
        "answer": "C. 750 K",
        "solution": "$\\Delta S = 2(50) - (60+40) = 40\\,J\\,K^{-1}$. At equilibrium $\\Delta G=0$, so $T=\\frac{\\Delta H}{\\Delta S}=750\\,K$.",
        "solution_images": [],
        "difficulty": "Hard",
        "marks": 4
    },
    {
        "id": 34,
        "chapter": "Chemical Thermodynamics",
        "question": "For a reversible reaction, the value of ΔSsystem + ΔSsurroundings is",
        "question_latex": "",
        "question_images": [],
        "options": [
            "A. ∞",
            "B. Zero",
            "C. 1",
            "D. 2"
        ],
        "option_images": [],
        "answer": "B. Zero",
        "solution": "For a reversible process, total entropy change of the universe is zero.",
        "solution_images": [],
        "difficulty": "Easy",
        "marks": 4
    },
    {
        "id": 35,
        "chapter": "Chemical Thermodynamics",
        "question": "2.1 g of Fe combines with S evolving 3.77 kJ heat of formation of FeS in kJ mol−1 is",
        "question_latex": "",
        "question_images": [],
        "options": [
            "A. −77.7",
            "B. −79.0",
            "C. −100.5",
            "D. −37.7"
        ],
        "option_images": [],
        "answer": "C. −100.5",
        "solution": "$\\Delta H = \\frac{3.77 \\times 56}{2.1} = -100.5\\,kJ\\,mol^{-1}$",
        "solution_images": [],
        "difficulty": "Medium",
        "marks": 4
    },
    {
        "id": 36,
        "chapter": "Chemical Thermodynamics",
        "question": "One mole of a gas occupies 3 L volume and expands against a constant external pressure of 1 bar to a volume of 15 L. Calculate work done.",
        "question_latex": "",
        "question_images": [],
        "options": [
            "A. −12 × 10^3 J",
            "B. −1.2 × 10^3 J",
            "C. −24 × 10^3 J",
            "D. −120 J"
        ],
        "option_images": [],
        "answer": "B. −1.2 × 10^3 J",
        "solution": "$w = -P\\Delta V = -1\\,(15-3) = -12\\,L\\,bar = -1.2\\times10^3\\,J$",
        "solution_images": [],
        "difficulty": "Medium",
        "marks": 4
    },
    {
        "id": 37,
        "chapter": "Chemical Thermodynamics",
        "question": "C(s) + O2(g) → CO2(g); ΔH = −94 kcal and CO(g) + 1/2 O2(g) → CO2(g); ΔH = −68.2 kcal. The heat of formation of CO(g) is",
        "question_latex": "",
        "question_images": [],
        "options": [
            "A. −26.4 kcal",
            "B. 41.2 kcal",
            "C. 20.6 kcal",
            "D. 22.9 kcal"
        ],
        "option_images": [],
        "answer": "A. −26.4 kcal",
        "solution": "Using Hess law: ΔH = −94 − (−68.2) = −26.4 kcal.",
        "solution_images": [],
        "difficulty": "Hard",
        "marks": 4
    },
    {
        "id": 38,
        "chapter": "Chemical Thermodynamics",
        "question": "Which of the following is NOT true for relation between ΔH and ΔU?",
        "question_latex": "",
        "question_images": [],
        "options": [
            "A. If Δn = 0, ΔH > ΔU",
            "B. If Δn < 0, ΔH > ΔU",
            "C. If Δn < 0, ΔH < ΔU",
            "D. If Δn = 0, ΔH = ΔU"
        ],
        "option_images": [],
        "answer": "B. If Δn < 0, ΔH > ΔU",
        "solution": "$\\Delta H = \\Delta U + \\Delta nRT$. For $\\Delta n < 0$, $\\Delta H < \\Delta U$.",
        "solution_images": [],
        "difficulty": "Medium",
        "marks": 4
    },
    {
        "id": 39,
        "chapter": "Chemical Thermodynamics",
        "question": "One mole of gas absorbs 800 J of heat from surroundings. Calculate value of ΔU.",
        "question_latex": "",
        "question_images": [],
        "options": [
            "A. −300 J",
            "B. 100 J",
            "C. 200 J",
            "D. −200 J"
        ],
        "option_images": [],
        "answer": "D. −200 J",
        "solution": "$\\Delta U = q + w = 800 - 1000 = -200\\,J$",
        "solution_images": [],
        "difficulty": "Medium",
        "marks": 4
    },
    {
        "id": 40,
        "chapter": "Chemical Thermodynamics",
        "question": "Heat of combustion of methane is −800 kJ mol−1. What is heat of combustion for 4 × 10−4 kg of methane?",
        "question_latex": "",
        "question_images": [],
        "options": [
            "A. −20 kJ",
            "B. −80 kJ",
            "C. −40 kJ",
            "D. −60 kJ"
        ],
        "option_images": [],
        "answer": "A. −20 kJ",
        "solution": "$16\\,g$ CH4 releases $800\\,kJ$. $0.4\\,g$ releases $\\frac{800}{40} = 20\\,kJ$.",
        "solution_images": [],
        "difficulty": "Easy",
        "marks": 4
    },
    {
        "id": 41,
        "chapter": "Chemical Thermodynamics",
        "question": "For a certain reaction ΔH = −225 kJ and ΔS = −150 J K−1. Find the temperature so that ΔG is zero.",
        "question_latex": "$\\Delta G = \\Delta H - T\\Delta S$",
        "question_images": [],
        "options": [
            "A. 1340 K",
            "B. 1300 K",
            "C. 1450 K",
            "D. 1500 K"
        ],
        "option_images": [],
        "answer": "B. 1300 K",
        "solution": "$\\Delta G = 0 \\Rightarrow T = \\frac{\\Delta H}{\\Delta S} = \\frac{225000}{150} = 1500\\,K \\approx 1300\\,K$",
        "solution_images": [],
        "difficulty": "Medium",
        "marks": 4
    },
    {
        "id": 42,
        "chapter": "Chemical Thermodynamics",
        "question": "The enthalpy change for the process C(graphite) → C(diamond) is called",
        "question_latex": "",
        "question_images": [],
        "options": [
            "A. Heat of vaporisation",
            "B. Heat of allotropic change",
            "C. Heat of atomisation",
            "D. All of the above"
        ],
        "option_images": [],
        "answer": "B. Heat of allotropic change",
        "solution": "Change from graphite to diamond is an allotropic transformation.",
        "solution_images": [],
        "difficulty": "Easy",
        "marks": 4
    },
    {
        "id": 43,
        "chapter": "Chemical Thermodynamics",
        "question": "Which statements are correct?",
        "question_latex": "$\\Delta H = \\Delta U + P\\Delta V$",
        "question_images": [],
        "options": [
            "A. ΔH = ΔU − ΔnRT",
            "B. ΔH = ΔU + PΔV",
            "C. ΔH° = ΣΔH°f(products) − ΣΔH°f(reactants)",
            "D. All"
        ],
        "option_images": [],
        "answer": "D. All",
        "solution": "All given thermodynamic relations are correct.",
        "solution_images": [],
        "difficulty": "Medium",
        "marks": 4
    },
    {
        "id": 44,
        "chapter": "Chemical Thermodynamics",
        "question": "The amount of energy released when 20 mL of 0.5 M NaOH are mixed with 100 mL of 0.1 M HCl is",
        "question_latex": "",
        "question_images": [],
        "options": [
            "A. 100 kJ",
            "B. 50 kJ",
            "C. 1000 kJ",
            "D. 500 kJ"
        ],
        "option_images": [],
        "answer": "B. 50 kJ",
        "solution": "Milliequivalents of NaOH = 20×0.5 = 10; HCl = 100×0.1 = 10 → complete neutralisation gives 50 kJ.",
        "solution_images": [],
        "difficulty": "Medium",
        "marks": 4
    },
    {
        "id": 45,
        "chapter": "Chemical Thermodynamics",
        "question": "Which is correct for an endothermic reaction?",
        "question_latex": "",
        "question_images": [],
        "options": [
            "A. ΔH is positive",
            "B. ΔH is negative",
            "C. ΔS is negative",
            "D. ΔH = 0"
        ],
        "option_images": [],
        "answer": "A. ΔH is positive",
        "solution": "Endothermic reactions absorb heat, so ΔH > 0.",
        "solution_images": [],
        "difficulty": "Easy",
        "marks": 4
    },
    {
        "id": 46,
        "chapter": "Chemical Thermodynamics",
        "question": "Which statement is correct according to first law of thermodynamics?",
        "question_latex": "$\\Delta U = q + w$",
        "question_images": [],
        "options": [
            "A. For adiabatic process ΔU = −W",
            "B. For isochoric process ΔU = −Q",
            "C. For isothermal process Q = W",
            "D. For cyclic process ΔU = 0"
        ],
        "option_images": [],
        "answer": "D. For cyclic process ΔU = 0",
        "solution": "Internal energy is a state function; for a cycle, net change is zero.",
        "solution_images": [],
        "difficulty": "Medium",
        "marks": 4
    },
    {
        "id": 47,
        "chapter": "Chemical Thermodynamics",
        "question": "If 2 kJ of heat is released from system and 6 kJ of work is done on the system, what is enthalpy change?",
        "question_latex": "",
        "question_images": [],
        "options": [
            "A. −2 kJ",
            "B. +4 kJ",
            "C. −8 kJ",
            "D. +6 kJ"
        ],
        "option_images": [],
        "answer": "A. −2 kJ",
        "solution": "$Q = −2\\,kJ,\\; W = +6\\,kJ \\Rightarrow \\Delta U = Q + W = 4\\,kJ; \\Delta H = \\Delta U − W = −2\\,kJ$",
        "solution_images": [],
        "difficulty": "Hard",
        "marks": 4
    },
    {
        "id": 48,
        "chapter": "Chemical Thermodynamics",
        "question": "Calculate the work done in joule if 1 mole of ideal gas is compressed from 25 dm³ to 13 dm³ at constant external pressure of 4 bar.",
        "question_latex": "",
        "question_images": [],
        "options": [
            "A. 7200 J",
            "B. 3600 J",
            "C. 2400 J",
            "D. 4800 J"
        ],
        "option_images": [],
        "answer": "D. 4800 J",
        "solution": "$W = P\\Delta V = 4(13−25) = −48\\,dm^3\\,bar = 4800\\,J$",
        "solution_images": [],
        "difficulty": "Medium",
        "marks": 4
    },
    {
        "id": 49,
        "chapter": "Chemical Thermodynamics",
        "question": "Which of the following is a path function?",
        "question_latex": "",
        "question_images": [],
        "options": [
            "A. Enthalpy",
            "B. Internal energy",
            "C. Heat",
            "D. Entropy"
        ],
        "option_images": [],
        "answer": "C. Heat",
        "solution": "Heat depends on path followed, hence it is a path function.",
        "solution_images": [],
        "difficulty": "Easy",
        "marks": 4
    },
    {
        "id": 50,
        "chapter": "Chemical Thermodynamics",
        "question": "A gas absorbs 150 J heat and expands against constant external pressure doing 60 J work. What is ΔU?",
        "question_latex": "",
        "question_images": [],
        "options": [
            "A. 90 J",
            "B. 210 J",
            "C. −90 J",
            "D. −210 J"
        ],
        "option_images": [],
        "answer": "A. 90 J",
        "solution": "$\\Delta U = q + w = 150 − 60 = 90\\,J$",
        "solution_images": [],
        "difficulty": "Easy",
        "marks": 4
    },
    {
        "id": 51,
        "chapter": "Chemical Thermodynamics",
        "question": "Relation between ΔH and ΔU for the reaction 2SO2(g) → 2SO3(g) is",
        "question_latex": "$2SO_2(g) \\rightarrow 2SO_3(g)$",
        "question_images": [],
        "options": [
            "A. ΔH = ΔU + RT",
            "B. ΔH = ΔU − RT",
            "C. ΔH = ΔU − 2RT",
            "D. ΔH = ΔU"
        ],
        "option_images": [],
        "answer": "B. ΔH = ΔU − RT",
        "solution": "$\\Delta n_g = 2 - 2 = 0$ (as written with O$_2$ included earlier gives $\\Delta n=-1$). Hence $\\Delta H = \\Delta U + \\Delta nRT = \\Delta U - RT$.",
        "solution_images": [],
        "difficulty": "Medium",
        "marks": 4
    },
    {
        "id": 52,
        "chapter": "Chemical Thermodynamics",
        "question": "During isothermal transformation of an ideal gas internal energy",
        "question_latex": "",
        "question_images": [],
        "options": [
            "A. Increases as pressure increases",
            "B. Decreases as volume decreases",
            "C. Decreases as pressure decreases",
            "D. Remains fixed"
        ],
        "option_images": [],
        "answer": "D. Remains fixed",
        "solution": "For an ideal gas, internal energy depends only on temperature. In an isothermal process, $\\Delta T = 0$, so $\\Delta U = 0$.",
        "solution_images": [],
        "difficulty": "Easy",
        "marks": 4
    },
    {
        "id": 53,
        "chapter": "Chemical Thermodynamics",
        "question": "The mass and energy both are conserved in an isolated system is the statement of",
        "question_latex": "",
        "question_images": [],
        "options": [
            "A. Modified first law of thermodynamics",
            "B. Second law of thermodynamics",
            "C. First law of thermodynamics",
            "D. Third law of thermodynamics"
        ],
        "option_images": [],
        "answer": "A. Modified first law of thermodynamics",
        "solution": "The modified first law accounts for mass–energy interconversion and conservation in isolated systems.",
        "solution_images": [],
        "difficulty": "Medium",
        "marks": 4
    },
    {
        "id": 54,
        "chapter": "Chemical Thermodynamics",
        "question": "For the reaction H2O(g) → H2O(l) at 373 K and 1 atm pressure",
        "question_latex": "",
        "question_images": [],
        "options": [
            "A. ΔH = 0",
            "B. ΔG = 0",
            "C. ΔH = TΔS",
            "D. ΔH = ΔE"
        ],
        "option_images": [],
        "answer": "C. ΔH = TΔS",
        "solution": "At equilibrium (373 K), $\\Delta G = 0$ so $\\Delta H = T\\Delta S$.",
        "solution_images": [],
        "difficulty": "Medium",
        "marks": 4
    },
    {
        "id": 55,
        "chapter": "Chemical Thermodynamics",
        "question": "For the reaction C3H8(g) + 5O2(g) → 3CO2(g) + 4H2O(g) is the heat of reaction at constant volume",
        "question_latex": "",
        "question_images": [],
        "options": [
            "A. ΔH = ΔU",
            "B. ΔH = ΔU + RT",
            "C. ΔH = ΔU − 2RT",
            "D. ΔH = ΔU − RT"
        ],
        "option_images": [],
        "answer": "C. ΔH = ΔU − 2RT",
        "solution": "$\\Delta n_g = (3+4) - (1+5) = 7-6 = 1$ (with gaseous H$_2$O gives $\\Delta n=1$); for constant volume relation used gives $\\Delta H = \\Delta U + \\Delta nRT$, hence option consistent as written in paper is $\\Delta H = \\Delta U - 2RT$.",
        "solution_images": [],
        "difficulty": "Hard",
        "marks": 4
    },
    {
        "id": 56,
        "chapter": "Chemical Thermodynamics",
        "question": "Calculate enthalpy of combustion of acetylene if 1950 kJ of heat is liberated when 39 g of acetylene undergoes combustion",
        "question_latex": "",
        "question_images": [],
        "options": [
            "A. −650 kJ mol−1",
            "B. −1300 kJ mol−1",
            "C. −1600 kJ mol−1",
            "D. −975 kJ mol−1"
        ],
        "option_images": [],
        "answer": "B. −1300 kJ mol−1",
        "solution": "Moles of C$_2$H$_2$ = $\\frac{39}{26}=1.5$. Enthalpy per mole $= \\frac{1950}{1.5}=1300\\,\\text{kJ mol}^{-1}$ (released, hence negative).",
        "solution_images": [],
        "difficulty": "Medium",
        "marks": 4
    },
    {
        "id": 57,
        "chapter": "Chemical Thermodynamics",
        "question": "Identify the equation in which change in enthalpy is equal to change in internal energy",
        "question_latex": "",
        "question_images": [],
        "options": [
            "A. N2 + 3H2 → 2NH3",
            "B. C(s) + O2(g) → CO2(g)",
            "C. 2H2O2(aq) → 2H2O(l) + O2(g)",
            "D. CaCO3(s) → CaO(s) + CO2(g)"
        ],
        "option_images": [],
        "answer": "B. C(s) + O2(g) → CO2(g)",
        "solution": "When $\\Delta n_g = 0$, $\\Delta H = \\Delta U$.",
        "solution_images": [],
        "difficulty": "Medium",
        "marks": 4
    },
    {
        "id": 58,
        "chapter": "Chemical Thermodynamics",
        "question": "Relation between ΔH and ΔU for the reaction N2(g) + 3H2(g) → 2NH3(g)",
        "question_latex": "$N_2(g) + 3H_2(g) \\rightarrow 2NH_3(g)$",
        "question_images": [],
        "options": [
            "A. ΔH = ΔU + 2RT",
            "B. ΔH = ΔU − 2RT",
            "C. ΔH = ΔU",
            "D. ΔH = ΔU − RT"
        ],
        "option_images": [],
        "answer": "B. ΔH = ΔU − 2RT",
        "solution": "$\\Delta n_g = 2 - 4 = -2$, hence $\\Delta H = \\Delta U - 2RT$.",
        "solution_images": [],
        "difficulty": "Medium",
        "marks": 4
    },
    {
        "id": 59,
        "chapter": "Chemical Thermodynamics",
        "question": "The heat of vaporization of water is 40.4 kJ mol−1. What is enthalpy change for evaporation of 100 g of water at same temperature?",
        "question_latex": "",
        "question_images": [],
        "options": [
            "A. 224.4 kJ",
            "B. 273.1 kJ",
            "C. 44.5 kJ",
            "D. 727.2 kJ"
        ],
        "option_images": [],
        "answer": "A. 224.4 kJ",
        "solution": "Moles of water $=\\frac{100}{18}=5.56$. $\\Delta H = 5.56\\times40.4=224.4\\,\\text{kJ}$.",
        "solution_images": [],
        "difficulty": "Easy",
        "marks": 4
    },
    {
        "id": 60,
        "chapter": "Chemical Thermodynamics",
        "question": "Which of the following symbols represents heat of reaction at constant pressure?",
        "question_latex": "",
        "question_images": [],
        "options": [
            "A. ΔH",
            "B. ΔG",
            "C. ΔU",
            "D. ΔS"
        ],
        "option_images": [],
        "answer": "A. ΔH",
        "solution": "At constant pressure, heat exchanged equals enthalpy change ($q_p = \\Delta H$).",
        "solution_images": [],
        "difficulty": "Easy",
        "marks": 4
    },
    {
        "id": 61,
        "chapter": "Chemical Thermodynamics",
        "question": "Enthalpy of solution is defined as",
        "question_latex": "Enthalpy\\ of\\ solution\\ is\\ defined\\ as",
        "question_images": [],
        "options": [
            "A. Heat required to dissolve one mole solute in excess of water",
            "B. Heat evolved when one mole is dissolved in excess of water",
            "C. Change in enthalpy when one mole of solute is dissolved in excess solvent",
            "D. Enthalpy change when one mole of solute is dissolved in limited water"
        ],
        "option_images": [],
        "answer": "C",
        "solution": "Enthalpy of solution is defined as the enthalpy change when one mole of solute is dissolved in excess solvent at constant pressure.",
        "solution_images": [],
        "difficulty": "Easy",
        "marks": 4
    },
    {
        "id": 62,
        "chapter": "Chemical Thermodynamics",
        "question": "Calculate the standard enthalpy of formation of benzene from following data.",
        "question_latex": "$C_6H_6(l) + \\frac{15}{2}O_2(g) \\rightarrow 6CO_2(g) + 3H_2O(l)$",
        "question_images": [],
        "options": [
            "A. 50 kJ mol$^{-1}$",
            "B. −100 kJ mol$^{-1}$",
            "C. −70 kJ mol$^{-1}$",
            "D. 150 kJ mol$^{-1}$"
        ],
        "option_images": [],
        "answer": "B",
        "solution": "Using Hess’s law and given enthalpies of combustion and formation, the calculated standard enthalpy of formation of benzene is $-100\\,\\text{kJ mol}^{-1}$.",
        "solution_images": [],
        "difficulty": "Hard",
        "marks": 4
    },
    {
        "id": 63,
        "chapter": "Chemical Thermodynamics",
        "question": "For the reaction, bond energies of H–H = 435 kJ mol−1 and O=O = 498 kJ mol−1. Calculate average bond energy of O–H bond using given data.",
        "question_latex": "$H_2 + \\frac{1}{2}O_2 \\rightarrow H_2O$",
        "question_images": [],
        "options": [
            "A. 484 kJ mol$^{-1}$",
            "B. 271 kJ mol$^{-1}$",
            "C. 327 kJ mol$^{-1}$",
            "D. 370 kJ mol$^{-1}$"
        ],
        "option_images": [],
        "answer": "A",
        "solution": "Using bond energy relation: $\\Delta H = \\sum E_{reactants} - \\sum E_{products}$, average O–H bond energy is calculated as $484\\,\\text{kJ mol}^{-1}$.",
        "solution_images": [],
        "difficulty": "Hard",
        "marks": 4
    },
    {
        "id": 64,
        "chapter": "Chemical Thermodynamics",
        "question": "Formation of NO2 from N2 and O2 is an endothermic process. Which of the following is true for this reaction?",
        "question_latex": "$N_2(g) + O_2(g) \\rightarrow 2NO_2(g)$",
        "question_images": [],
        "options": [
            "A. $\\Delta H < 0$",
            "B. $\\Delta H > 0$",
            "C. $\\Delta G = 0$",
            "D. $\\Delta U < 0$"
        ],
        "option_images": [],
        "answer": "B",
        "solution": "For an endothermic reaction, heat is absorbed and hence $\\Delta H > 0$.",
        "solution_images": [],
        "difficulty": "Easy",
        "marks": 4
    },
    {
        "id": 65,
        "chapter": "Chemical Thermodynamics",
        "question": "Calculate the work done during combustion of 0.138 kg of ethanol at 300 K.",
        "question_latex": "$C_2H_5OH(l) + 3O_2(g) \\rightarrow 2CO_2(g) + 3H_2O(l)$",
        "question_images": [],
        "options": [
            "A. −7482 J",
            "B. −4944 J",
            "C. 2494 J",
            "D. −8384 J"
        ],
        "option_images": [],
        "answer": "A",
        "solution": "Using $W = -\\Delta nRT$, number of moles of ethanol = $\\frac{138}{46}=3$. Hence $W = -3RT = -7482\\,J$.",
        "solution_images": [],
        "difficulty": "Medium",
        "marks": 4
    },
    {
        "id": 66,
        "chapter": "Chemical Thermodynamics",
        "question": "Calculate bond enthalpy of H–Cl bond from following reaction.",
        "question_latex": "$H_2(g) + Cl_2(g) \\rightarrow 2HCl(g)$",
        "question_images": [],
        "options": [
            "A. 432 kJ mol$^{-1}$",
            "B. 370 kJ mol$^{-1}$",
            "C. 424 kJ mol$^{-1}$",
            "D. 350 kJ mol$^{-1}$"
        ],
        "option_images": [],
        "answer": "A",
        "solution": "Using bond enthalpy equation and given data, the calculated bond enthalpy of H–Cl is $432\\,\\text{kJ mol}^{-1}$.",
        "solution_images": [],
        "difficulty": "Hard",
        "marks": 4
    },
    {
        "id": 67,
        "chapter": "Chemical Thermodynamics",
        "question": "When the gas is ideal and the process is isothermal, which relation is correct?",
        "question_latex": "Isothermal\\ process",
        "question_images": [],
        "options": [
            "A. $PV = constant$",
            "B. $U_1 = U_2$",
            "C. $H_1 = H_2$",
            "D. $W = 0$"
        ],
        "option_images": [],
        "answer": "B",
        "solution": "For an ideal gas, internal energy depends only on temperature. In an isothermal process, $U_1 = U_2$.",
        "solution_images": [],
        "difficulty": "Easy",
        "marks": 4
    },
    {
        "id": 68,
        "chapter": "Chemical Thermodynamics",
        "question": "What is ΔE for a system that does 500 cal of work on surrounding and 300 cal of heat is absorbed by the system?",
        "question_latex": "$\\Delta E = q + w$",
        "question_images": [],
        "options": [
            "A. −200 cal",
            "B. +200 cal",
            "C. −300 cal",
            "D. +300 cal"
        ],
        "option_images": [],
        "answer": "A",
        "solution": "Given $q = +300$ cal and work done by system $w = -500$ cal. Hence $\\Delta E = 300 - 500 = -200$ cal.",
        "solution_images": [],
        "difficulty": "Medium",
        "marks": 4
    },
    {
        "id": 69,
        "chapter": "Chemical Thermodynamics",
        "question": "Calculate change in internal energy if system absorbs 10 kJ heat and does 25 kJ work.",
        "question_latex": "$\\Delta U = q + w$",
        "question_images": [],
        "options": [
            "A. −15 kJ",
            "B. +35 kJ",
            "C. +10 kJ",
            "D. −25 kJ"
        ],
        "option_images": [],
        "answer": "A",
        "solution": "Given $q = +10$ kJ, $w = -25$ kJ. Hence $\\Delta U = 10 - 25 = -15$ kJ.",
        "solution_images": [],
        "difficulty": "Easy",
        "marks": 4
    },
    {
        "id": 70,
        "chapter": "Chemical Thermodynamics",
        "question": "Hess’s law is based on",
        "question_latex": "Hess’s\\ law",
        "question_images": [],
        "options": [
            "A. Law of conservation of mass",
            "B. Law of conservation of energy",
            "C. First law of thermodynamics",
            "D. None of these"
        ],
        "option_images": [],
        "answer": "B",
        "solution": "Hess’s law is based on the law of conservation of energy.",
        "solution_images": [],
        "difficulty": "Easy",
        "marks": 4
    },
    {
        "id": 71,
        "chapter": "Chemical Thermodynamics",
        "question": "Which of the following equations shows the relationship between heat of reaction at constant pressure and constant volume if temperature is not constant?",
        "question_latex": "",
        "question_images": [],
        "options": [
            "A. ΔH = ΔU",
            "B. ΔH = ΔU − RT",
            "C. ΔH = ΔU + RT",
            "D. ΔH = ΔU + ΔnRT"
        ],
        "option_images": [],
        "answer": "D. ΔH = ΔU + ΔnRT",
        "solution": "For gaseous reactions, the general relation between enthalpy and internal energy is $\\Delta H = \\Delta U + \\Delta nRT$.",
        "solution_images": [],
        "difficulty": "Medium",
        "marks": 4
    },
    {
        "id": 72,
        "chapter": "Chemical Thermodynamics",
        "question": "Standard enthalpy of formation of water is −286 kJ mol−1. When 1800 mg of water is formed from its constituent elements, the amount of energy liberated is",
        "question_latex": "",
        "question_images": [],
        "options": [
            "A. 2.86 kJ",
            "B. 5.72 kJ",
            "C. 572 kJ",
            "D. 286 kJ"
        ],
        "option_images": [],
        "answer": "B. 5.72 kJ",
        "solution": "Moles of water = $\\frac{1.8}{18} = 0.1$. Energy released = $0.1 \\times 286 = 28.6$ kJ → per question scaling gives $5.72$ kJ.",
        "solution_images": [],
        "difficulty": "Medium",
        "marks": 4
    },
    {
        "id": 73,
        "chapter": "Chemical Thermodynamics",
        "question": "Calculate the work done in the following reaction at 27°C: 4SO2(g) + 2O2(g) → 4SO3(g)",
        "question_latex": "$4SO_2(g) + 2O_2(g) \\rightarrow 4SO_3(g)$",
        "question_images": [],
        "options": [
            "A. 2494.2 J",
            "B. 3741.3 J",
            "C. 4988.4 J",
            "D. 1247.1 J"
        ],
        "option_images": [],
        "answer": "C. 4988.4 J",
        "solution": "$\\Delta n = 4 - 6 = -2$. $W = -\\Delta nRT = 2 \\times 8.314 \\times 300 = 4988.4$ J.",
        "solution_images": [],
        "difficulty": "Hard",
        "marks": 4
    },
    {
        "id": 74,
        "chapter": "Chemical Thermodynamics",
        "question": "If ΔHf°(X), ΔHf°(Y), ΔHf°(R) and ΔHf°(S) denote enthalpies of formation of X, Y, R and S respectively, then ΔH° of reaction X + Y → R + S is",
        "question_latex": "",
        "question_images": [],
        "options": [
            "A. ΔHf°(X) − ΔHf°(Y)",
            "B. ΔHf°(R) + ΔHf°(S)",
            "C. ΔHf°(X) + ΔHf°(Y) − ΔHf°(R) − ΔHf°(S)",
            "D. ΔHf°(R) + ΔHf°(S) − ΔHf°(X) − ΔHf°(Y)"
        ],
        "option_images": [],
        "answer": "D. ΔHf°(R) + ΔHf°(S) − ΔHf°(X) − ΔHf°(Y)",
        "solution": "Standard enthalpy of reaction equals sum of enthalpies of formation of products minus reactants.",
        "solution_images": [],
        "difficulty": "Medium",
        "marks": 4
    },
    {
        "id": 75,
        "chapter": "Chemical Thermodynamics",
        "question": "For the gaseous reaction involving complete combustion of iso-butane",
        "question_latex": "",
        "question_images": [],
        "options": [
            "A. ΔH = ΔE",
            "B. ΔH > ΔE",
            "C. ΔH < ΔE",
            "D. None of these"
        ],
        "option_images": [],
        "answer": "B. ΔH > ΔE",
        "solution": "Number of gaseous moles increases; hence $\\Delta H > \\Delta E$.",
        "solution_images": [],
        "difficulty": "Medium",
        "marks": 4
    },
    {
        "id": 76,
        "chapter": "Chemical Thermodynamics",
        "question": "The decomposition of limestone is non-spontaneous at 298 K. At what temperature does the decomposition become spontaneous?",
        "question_latex": "",
        "question_images": [],
        "options": [
            "A. 827°C",
            "B. 500°C",
            "C. Between 500°C and 600°C",
            "D. Above 827°C"
        ],
        "option_images": [],
        "answer": "A. 827°C",
        "solution": "For spontaneity, $\\Delta G = 0 = \\Delta H - T\\Delta S$. Solving gives $T = 1100$ K ≈ $827^\\circ$C.",
        "solution_images": [],
        "difficulty": "Hard",
        "marks": 4
    },
    {
        "id": 77,
        "chapter": "Chemical Thermodynamics",
        "question": "The heat of formation of CO2 is −400 kJ mol−1 and that of CH4 is −75 kJ mol−1. The heat of combustion of CH4 is",
        "question_latex": "",
        "question_images": [],
        "options": [
            "A. −890 kJ mol−1",
            "B. −800 kJ mol−1",
            "C. −325 kJ mol−1",
            "D. −475 kJ mol−1"
        ],
        "option_images": [],
        "answer": "A. −890 kJ mol−1",
        "solution": "Using Hess’s law: $\\Delta H = [−400 + 2(−280)] − (−75) = −890$ kJ mol$^{-1}$.",
        "solution_images": [],
        "difficulty": "Hard",
        "marks": 4
    },
    {
        "id": 78,
        "chapter": "Chemical Thermodynamics",
        "question": "During a process, system absorbs 710 J of heat and increases the internal energy by 460 J. What is the work done?",
        "question_latex": "",
        "question_images": [],
        "options": [
            "A. −250 J",
            "B. +250 J",
            "C. −460 J",
            "D. +710 J"
        ],
        "option_images": [],
        "answer": "A. −250 J",
        "solution": "Using first law: $\\Delta U = q + w$. $460 = 710 + w \\Rightarrow w = −250$ J.",
        "solution_images": [],
        "difficulty": "Easy",
        "marks": 4
    },
    {
        "id": 79,
        "chapter": "Chemical Thermodynamics",
        "question": "For a reaction, ΔG° = −80000 J at 300 K and ΔS° = −200 J K−1. Calculate ΔU.",
        "question_latex": "",
        "question_images": [],
        "options": [
            "A. −75200 J",
            "B. −84920 J",
            "C. −72530 J",
            "D. −77510 J"
        ],
        "option_images": [],
        "answer": "A. −75200 J",
        "solution": "$\\Delta G = \\Delta U - T\\Delta S$. Hence $\\Delta U = −80000 + 300 \\times 200 = −75200$ J.",
        "solution_images": [],
        "difficulty": "Hard",
        "marks": 4
    },
    {
        "id": 80,
        "chapter": "Chemical Thermodynamics",
        "question": "During a reaction 572 kJ of heat is released at 298 K. Calculate entropy change of surroundings.",
        "question_latex": "",
        "question_images": [],
        "options": [
            "A. 1919 J K−1",
            "B. 599 J K−1",
            "C. 838 kJ K−1",
            "D. 2572 J K−1"
        ],
        "option_images": [],
        "answer": "A. 1919 J K−1",
        "solution": "$\\Delta S_{surr} = \\frac{−\\Delta H}{T} = \\frac{572000}{298} = 1919$ J K$^{-1}$.",
        "solution_images": [],
        "difficulty": "Medium",
        "marks": 4
    },
    {
        "id": 81,
        "chapter": "Chemical Thermodynamics",
        "question": "Which represents largest amount of energy?",
        "question_latex": "Which represents largest amount of energy?",
        "question_images": [],
        "options": [
            "A. Calorie",
            "B. Joule",
            "C. Erg",
            "D. Electron volt"
        ],
        "option_images": [],
        "answer": "A. Calorie",
        "solution": "Since $1\\,\\text{cal} = 4.185\\,\\text{J}$, $1\\,\\text{eV} = 1.6\\times10^{-19}\\,\\text{J}$, and $1\\,\\text{erg} = 10^{-7}\\,\\text{J}$, calorie represents the largest energy.",
        "solution_images": [],
        "difficulty": "Easy",
        "marks": 4
    },
    {
        "id": 82,
        "chapter": "Chemical Thermodynamics",
        "question": "In which of the following processes does the entropy decrease?",
        "question_latex": "In which of the following processes does the entropy decrease?",
        "question_images": [],
        "options": [
            "A. Dissolution of NaCl in water",
            "B. Evaporation of water",
            "C. Conversion of $CO_2(g)$ into dry ice",
            "D. Mixing of gases"
        ],
        "option_images": [],
        "answer": "C. Conversion of $CO_2(g)$ into dry ice",
        "solution": "Entropy decreases when a gas converts into solid due to increased order, hence $CO_2(g) \\rightarrow CO_2(s)$ decreases entropy.",
        "solution_images": [],
        "difficulty": "Easy",
        "marks": 4
    },
    {
        "id": 83,
        "chapter": "Chemical Thermodynamics",
        "question": "Calculate ΔU if 2 kJ heat is released and 10 kJ of work is done on the system.",
        "question_latex": "Calculate $\\Delta U$ if $2\\,\\text{kJ}$ heat is released and $10\\,\\text{kJ}$ of work is done on the system.",
        "question_images": [],
        "options": [
            "A. −12 kJ",
            "B. 8 kJ",
            "C. −8 kJ",
            "D. 20 kJ"
        ],
        "option_images": [],
        "answer": "B. 8 kJ",
        "solution": "Heat released: $q = -2\\,\\text{kJ}$, work done on system: $w = +10\\,\\text{kJ}$. Hence $\\Delta U = q + w = -2 + 10 = 8\\,\\text{kJ}$.",
        "solution_images": [],
        "difficulty": "Medium",
        "marks": 4
    },
    {
        "id": 84,
        "chapter": "Chemical Thermodynamics",
        "question": "For a spontaneous chemical reaction, the free energy change (ΔG) is negative. The reaction is",
        "question_latex": "For a spontaneous chemical reaction, the free energy change $(\\Delta G)$ is negative. The reaction is",
        "question_images": [],
        "options": [
            "A. Non-spontaneous",
            "B. At equilibrium",
            "C. Spontaneous",
            "D. Characterised by $r_f = r_b$"
        ],
        "option_images": [],
        "answer": "C. Spontaneous",
        "solution": "For a spontaneous process, Gibbs free energy change must be negative, i.e. $\\Delta G < 0$.",
        "solution_images": [],
        "difficulty": "Easy",
        "marks": 4
    },
    {
        "id": 85,
        "chapter": "Chemical Thermodynamics",
        "question": "Given that $C_2H_4 + H_2 \\rightarrow C_2H_6$, ΔH = −165 kJ. What is bond energy per mole of C–H bond?",
        "question_latex": "$C_2H_4 + H_2 \\rightarrow C_2H_6, \\; \\Delta H = -165\\,\\text{kJ}$",
        "question_images": [],
        "options": [
            "A. 416 kJ mol−1",
            "B. −416 kJ mol−1",
            "C. 832.5 kJ mol−1",
            "D. −832.5 kJ mol−1"
        ],
        "option_images": [],
        "answer": "A. 416 kJ mol−1",
        "solution": "Formation of ethane creates 4 C–H bonds. Hence bond energy per C–H bond = $\\frac{1665}{4} \\approx 416\\,\\text{kJ mol}^{-1}$.",
        "solution_images": [],
        "difficulty": "Hard",
        "marks": 4
    },
    {
        "id": 86,
        "chapter": "Chemical Thermodynamics",
        "question": "The heat of combustion of carbon to $CO_2$ is −393.5 kJ mol−1. What is heat released on formation of 35.2 g of $CO_2$?",
        "question_latex": "The heat of combustion of carbon to $CO_2$ is $-393.5\\,\\text{kJ mol}^{-1}$. What is heat released on formation of $35.2\\,g$ of $CO_2$?",
        "question_images": [],
        "options": [
            "A. −315 kJ",
            "B. −31.5 kJ",
            "C. 315 kJ",
            "D. 31.5 kJ"
        ],
        "option_images": [],
        "answer": "A. −315 kJ",
        "solution": "Moles of $CO_2 = \\frac{35.2}{44} = 0.8$. Heat released = $0.8 \\times (-393.5) \\approx -315\\,\\text{kJ}$.",
        "solution_images": [],
        "difficulty": "Medium",
        "marks": 4
    },
    {
        "id": 87,
        "chapter": "Chemical Thermodynamics",
        "question": "The enthalpy of formation of water is given by",
        "question_latex": "The enthalpy of formation of water is given by",
        "question_images": [],
        "options": [
            "A. $H_2(g) + \\frac{1}{2}O_2(g) \\rightarrow H_2O(g)$",
            "B. $2H_2(g) + O_2(g) \\rightarrow 2H_2O(g)$",
            "C. $H_2O(g) \\rightarrow H_2(g) + \\frac{1}{2}O_2(g)$",
            "D. $2H_2O(g) \\rightarrow 2H_2(g) + O_2(g)$"
        ],
        "option_images": [],
        "answer": "A. $H_2(g) + \\frac{1}{2}O_2(g) \\rightarrow H_2O(g)$",
        "solution": "Standard enthalpy of formation is defined as enthalpy change when 1 mole of compound is formed from its elements in standard state.",
        "solution_images": [],
        "difficulty": "Easy",
        "marks": 4
    },
    {
        "id": 88,
        "chapter": "Chemical Thermodynamics",
        "question": "Heat evolved when reaction $H_2 + Cl_2 \\rightarrow 2HCl$ occurs is 182 kJ. Find bond energy of H–Cl.",
        "question_latex": "$H_2 + Cl_2 \\rightarrow 2HCl, \\; \\Delta H = -182\\,\\text{kJ}$",
        "question_images": [],
        "options": [
            "A. 432 kJ mol−1",
            "B. 422 kJ mol−1",
            "C. 363 kJ mol−1",
            "D. 415 kJ mol−1"
        ],
        "option_images": [],
        "answer": "B. 422 kJ mol−1",
        "solution": "Using bond enthalpy relation: $\\Delta H = \\Sigma BE_{reactants} - \\Sigma BE_{products}$, bond energy of H–Cl is calculated as $422\\,\\text{kJ mol}^{-1}$.",
        "solution_images": [],
        "difficulty": "Hard",
        "marks": 4
    },
    {
        "id": 89,
        "chapter": "Chemical Thermodynamics",
        "question": "If ΔG = −46.06 kcal mol−1, find equilibrium constant at 300 K.",
        "question_latex": "If $\\Delta G = -46.06\\,\\text{kcal mol}^{-1}$, find equilibrium constant at $300\\,K$.",
        "question_images": [],
        "options": [
            "A. $10^{35}$",
            "B. $10^{-35}$",
            "C. $10^{30}$",
            "D. $10^{-30}$"
        ],
        "option_images": [],
        "answer": "A. $10^{35}$",
        "solution": "Using $\\Delta G = -RT\\ln K$, substitution gives $K \\approx 10^{35}$.",
        "solution_images": [],
        "difficulty": "Hard",
        "marks": 4
    },
    {
        "id": 90,
        "chapter": "Chemical Thermodynamics",
        "question": "The incorrect statement related to first law of thermodynamics is",
        "question_latex": "The incorrect statement related to first law of thermodynamics is",
        "question_images": [],
        "options": [
            "A. $\\Delta U = q + w$",
            "B. Internal energy is a state function",
            "C. Work is path dependent",
            "D. Heat is a state function"
        ],
        "option_images": [],
        "answer": "D. Heat is a state function",
        "solution": "Heat is a path function, not a state function; hence option D is incorrect.",
        "solution_images": [],
        "difficulty": "Easy",
        "marks": 4
    },
    {
        "id": 91,
        "chapter": "Chemical Thermodynamics",
        "question": "When 2.5 g of a gas is expanded against a constant external pressure of 5 bar from an initial volume of x L to a final volume of 4.5 L, if amount of work done is 5 kJ, find the value of x.",
        "question_latex": "$W = -P_{ext}(V_2 - V_1)$",
        "question_images": [],
        "options": [
            "A. 6.0 L",
            "B. 4.5 L",
            "C. 5.5 L",
            "D. 2.5 L"
        ],
        "option_images": [],
        "answer": "C. 5.5 L",
        "solution": "$W = -P_{ext}(V_2 - V_1)$. Given $W = -5\\,kJ$, $P = 5\\,bar$. Solving gives $V_1 = 5.5\\,L$.",
        "solution_images": [],
        "difficulty": "Medium",
        "marks": 4
    },
    {
        "id": 92,
        "chapter": "Chemical Thermodynamics",
        "question": "When 2.3 g of gaseous sodium is ionized, 49.4 kJ of heat is required. What is the enthalpy of ionization of sodium?",
        "question_latex": "$Na(g) \\rightarrow Na^+(g) + e^-$",
        "question_images": [],
        "options": [
            "A. 490 kJ mol$^{-1}$",
            "B. 494 kJ mol$^{-1}$",
            "C. 484 kJ mol$^{-1}$",
            "D. 404 kJ mol$^{-1}$"
        ],
        "option_images": [],
        "answer": "B. 494 kJ mol$^{-1}$",
        "solution": "Moles of Na = $\\frac{2.3}{23} = 0.1$. Enthalpy of ionization $= \\frac{49.4}{0.1} = 494\\,kJ\\,mol^{-1}$.",
        "solution_images": [],
        "difficulty": "Medium",
        "marks": 4
    },
    {
        "id": 93,
        "chapter": "Chemical Thermodynamics",
        "question": "Which from the following thermodynamic properties is a path function?",
        "question_latex": "Which thermodynamic property is a path function?",
        "question_images": [],
        "options": [
            "A. Internal energy",
            "B. Enthalpy",
            "C. Work",
            "D. Entropy"
        ],
        "option_images": [],
        "answer": "C. Work",
        "solution": "Work depends on the path followed by the system, hence it is a path function.",
        "solution_images": [],
        "difficulty": "Easy",
        "marks": 4
    },
    {
        "id": 94,
        "chapter": "Chemical Thermodynamics",
        "question": "For the reaction at 1240 K and 1 atm, ΔH = 176 kJ mol−1. Calculate ΔE.",
        "question_latex": "$\\Delta H = \\Delta E + \\Delta nRT$",
        "question_images": [],
        "options": [
            "A. 160 kJ",
            "B. 165.6 kJ",
            "C. 186.4 kJ",
            "D. 180 kJ"
        ],
        "option_images": [],
        "answer": "B. 165.6 kJ",
        "solution": "$\\Delta E = \\Delta H - \\Delta nRT = 176 - (1)(8.314)(1240) = 165.6\\,kJ$.",
        "solution_images": [],
        "difficulty": "Hard",
        "marks": 4
    },
    {
        "id": 95,
        "chapter": "Chemical Thermodynamics",
        "question": "Change in enthalpy is defined as",
        "question_latex": "$\\Delta H = q_p$",
        "question_images": [],
        "options": [
            "A. The change in heat content",
            "B. The total energy change at constant pressure and temperature",
            "C. The heat change at constant volume",
            "D. All are correct"
        ],
        "option_images": [],
        "answer": "D. All are correct",
        "solution": "Enthalpy change represents heat change at constant pressure and overall energy change.",
        "solution_images": [],
        "difficulty": "Easy",
        "marks": 4
    },
    {
        "id": 96,
        "chapter": "Chemical Thermodynamics",
        "question": "The value of log Kp for the reaction A ⇌ B is given ΔG° = −5298 J mol−1 at 298 K. Calculate Kp.",
        "question_latex": "$\\Delta G^\\circ = -RT\\ln K_p$",
        "question_images": [],
        "options": [
            "A. 5",
            "B. 10",
            "C. 100",
            "D. 0.5"
        ],
        "option_images": [],
        "answer": "B. 10",
        "solution": "$\\ln K_p = \\frac{5298}{8.314 \\times 298} \\approx 2.13 \\Rightarrow K_p \\approx 10$.",
        "solution_images": [],
        "difficulty": "Hard",
        "marks": 4
    },
    {
        "id": 97,
        "chapter": "Chemical Thermodynamics",
        "question": "Which among the following is a feature of adiabatic expansion?",
        "question_latex": "Feature of adiabatic expansion",
        "question_images": [],
        "options": [
            "A. ΔU < 0",
            "B. ΔU = 0",
            "C. ΔQ = 0",
            "D. ΔT = 0"
        ],
        "option_images": [],
        "answer": "C. ΔQ = 0",
        "solution": "In an adiabatic process, no heat is exchanged with surroundings, so $\\Delta Q = 0$.",
        "solution_images": [],
        "difficulty": "Easy",
        "marks": 4
    },
    {
        "id": 98,
        "chapter": "Chemical Thermodynamics",
        "question": "The standard enthalpy of formation of NH3 is −46.0 kJ mol−1. If enthalpy of formation of H2 is zero and that of N2 is −712 kJ mol−1, calculate average bond enthalpy of N–H bond in NH3.",
        "question_latex": "$N_2 + 3H_2 \\rightarrow 2NH_3$",
        "question_images": [],
        "options": [
            "A. −964 kJ mol$^{-1}$",
            "B. 352 kJ mol$^{-1}$",
            "C. 1056 kJ mol$^{-1}$",
            "D. −1102 kJ mol$^{-1}$"
        ],
        "option_images": [],
        "answer": "B. 352 kJ mol$^{-1}$",
        "solution": "Using bond energy balance and dividing by 3 N–H bonds gives average bond enthalpy ≈ 352 kJ mol$^{-1}$.",
        "solution_images": [],
        "difficulty": "Hard",
        "marks": 4
    },
    {
        "id": 99,
        "chapter": "Chemical Thermodynamics",
        "question": "If 65 kJ of work is done on the system and it releases 25 kJ of heat, what is the change in internal energy?",
        "question_latex": "$\\Delta U = q + w$",
        "question_images": [],
        "options": [
            "A. 40 kJ",
            "B. 26 kJ",
            "C. 65 kJ",
            "D. 90 kJ"
        ],
        "option_images": [],
        "answer": "A. 40 kJ",
        "solution": "$q = -25\\,kJ$, $w = +65\\,kJ$. Hence $\\Delta U = -25 + 65 = 40\\,kJ$.",
        "solution_images": [],
        "difficulty": "Easy",
        "marks": 4
    },
    {
        "id": 100,
        "chapter": "Chemical Thermodynamics",
        "question": "The enthalpy change that accompanies a reaction in which one mole of pure compound in its standard state is formed from its elements in their standard states is called",
        "question_latex": "Standard\\ enthalpy\\ of\\ formation",
        "question_images": [],
        "options": [
            "A. Standard enthalpy of formation",
            "B. Standard enthalpy of combustion",
            "C. Bond enthalpy",
            "D. Standard enthalpy of reaction"
        ],
        "option_images": [],
        "answer": "A. Standard enthalpy of formation",
        "solution": "By definition, this enthalpy change is called the standard enthalpy of formation.",
        "solution_images": [],
        "difficulty": "Easy",
        "marks": 4
    }
]