[
  {
    "id": 1,
    "chapter": "Chemical_Bonding_And_Molecular_Structure",
    "question": "According to VSEPR theory, the shape of molecule having formula AX2 and **no lone pairs** on central atom is:",
    "question_latex": "",
    "image_url": "",
    "options": [
      "Bent",
      "Linear",
      "Trigonal planar",
      "Tetrahedral"
    ],
    "answer": "Linear",
    "difficulty": "medium",
    "marks": 1,
    "solution": "This is a dummy solution for: According to VSEPR theory, the shape of molecule h..."
  },
  {
    "id": 2,
    "chapter": "Chemical_Bonding_And_Molecular_Structure",
    "question": "The bond order of **O₂ molecule** according to Molecular Orbital Theory is:",
    "question_latex": "",
    "image_url": "",
    "options": [
      "1",
      "2",
      "3",
      "0"
    ],
    "answer": "2",
    "difficulty": "medium",
    "marks": 1,
    "solution": "This is a dummy solution for: The bond order of **O₂ molecule** according to Mol..."
  },
  {
    "id": 3,
    "chapter": "Chemical_Bonding_And_Molecular_Structure",
    "question": "Which of the following has **zero dipole moment**?",
    "question_latex": "",
    "image_url": "",
    "options": [
      "H2O",
      "NH3",
      "CO2",
      "SO2"
    ],
    "answer": "CO2",
    "difficulty": "medium",
    "marks": 1,
    "solution": "This is a dummy solution for: Which of the following has **zero dipole moment**?..."
  },
  {
    "id": 4,
    "chapter": "Chemical_Bonding_And_Molecular_Structure",
    "question": "Among the following, the molecule with **sp² hybridization** at their central atom is:",
    "question_latex": "",
    "image_url": "",
    "options": [
      "BeCl2",
      "BF3",
      "CH4",
      "NH3"
    ],
    "answer": "BF3",
    "difficulty": "medium",
    "marks": 1,
    "solution": "This is a dummy solution for: Among the following, the molecule with **sp² hybri..."
  },
  {
    "id": 5,
    "chapter": "Chemical_Bonding_And_Molecular_Structure",
    "question": "Oxygen molecule (O₂) is **paramagnetic** due to presence of:",
    "question_latex": "",
    "image_url": "",
    "options": [
      "No unpaired electrons",
      "Two unpaired electrons",
      "Four paired electrons",
      "All electrons are paired"
    ],
    "answer": "Two unpaired electrons",
    "difficulty": "high",
    "marks": 1,
    "solution": "This is a dummy solution for: Oxygen molecule (O₂) is **paramagnetic** due to pr..."
  },
  {
    "id": 6,
    "chapter": "Chemical_Bonding_And_Molecular_Structure",
    "question": "Which bond has the **highest polarity**?",
    "question_latex": "",
    "image_url": "",
    "options": [
      "H–H",
      "H–F",
      "H–Cl",
      "H–I"
    ],
    "answer": "H–F",
    "difficulty": "medium",
    "marks": 1,
    "solution": "This is a dummy solution for: Which bond has the **highest polarity**?..."
  },
  {
    "id": 7,
    "chapter": "Chemical_Bonding_And_Molecular_Structure",
    "question": "The bond angle in **NH₃** is less than **CH₄** due to:",
    "question_latex": "",
    "image_url": "",
    "options": [
      "Greater electronegativity of N",
      "Lone pair–bond pair repulsion",
      "Bond pair–bond pair repulsion",
      "Decrease in bond length"
    ],
    "answer": "Lone pair–bond pair repulsion",
    "difficulty": "high",
    "marks": 1,
    "solution": "This is a dummy solution for: The bond angle in **NH₃** is less than **CH₄** due..."
  },
  {
    "id": 8,
    "chapter": "Chemical_Bonding_And_Molecular_Structure",
    "question": "Which molecule has **resonance**?",
    "question_latex": "",
    "image_url": "",
    "options": [
      "CO2",
      "NO3⁻",
      "CH4",
      "NH3"
    ],
    "answer": "NO3⁻",
    "difficulty": "high",
    "marks": 1,
    "solution": "This is a dummy solution for: Which molecule has **resonance**?..."
  },
  {
    "id": 9,
    "chapter": "Chemical_Bonding_And_Molecular_Structure",
    "question": "Sigma (σ) bond is formed by:",
    "question_latex": "",
    "image_url": "",
    "options": [
      "Sideways overlap of p-orbitals",
      "End-to-end overlap of orbitals",
      "No overlap",
      "d-orbital interaction only"
    ],
    "answer": "End-to-end overlap of orbitals",
    "difficulty": "medium",
    "marks": 1,
    "solution": "This is a dummy solution for: Sigma (σ) bond is formed by:..."
  },
  {
    "id": 10,
    "chapter": "Chemical_Bonding_And_Molecular_Structure",
    "question": "The total number of **π-bonds** in benzene (C₆H₆) is:",
    "question_latex": "",
    "image_url": "",
    "options": [
      "1",
      "2",
      "3",
      "6"
    ],
    "answer": "3",
    "difficulty": "medium",
    "marks": 1,
    "solution": "This is a dummy solution for: The total number of **π-bonds** in benzene (C₆H₆) ..."
  }
]