[
  {
    "id": 1,
    "chapter": "Trigonometric_Functions",
    "question": "The value of sin 30° is:",
    "options": ["1/2", "√3/2", "1", "0"],
    "answer": "1/2",
    "difficulty": "easy",
    "marks": 1
  },
  {
    "id": 2,
    "chapter": "Trigonometric_Functions",
    "question": "The value of cos 60° is:",
    "options": ["1/2", "√3/2", "1", "0"],
    "answer": "1/2",
    "difficulty": "easy",
    "marks": 1
  },
  {
    "id": 3,
    "chapter": "Trigonometric_Functions",
    "question": "The value of tan 45° is:",
    "options": ["1", "0", "√3", "Undefined"],
    "answer": "1",
    "difficulty": "easy",
    "marks": 1
  },
  {
    "id": 4,
    "chapter": "Trigonometric_Functions",
    "question": "The fundamental identity sin²θ + cos²θ = ?",
    "options": ["1", "0", "sinθ", "cosθ"],
    "answer": "1",
    "difficulty": "easy",
    "marks": 1
  },
  {
    "id": 5,
    "chapter": "Trigonometric_Functions",
    "question": "The value of sec 60° is:",
    "options": ["2", "1/2", "√3", "1/√3"],
    "answer": "2",
    "difficulty": "medium",
    "marks": 1
  },
  {
    "id": 6,
    "chapter": "Trigonometric_Functions",
    "question": "The value of cot 45° is:",
    "options": ["1", "0", "√3", "Undefined"],
    "answer": "1",
    "difficulty": "easy",
    "marks": 1
  },
  {
    "id": 7,
    "chapter": "Trigonometric_Functions",
    "question": "If sin A = 3/5, then cos A (first quadrant) is:",
    "options": ["4/5", "3/5", "5/3", "1/5"],
    "answer": "4/5",
    "difficulty": "medium",
    "marks": 1
  },
  {
    "id": 8,
    "chapter": "Trigonometric_Functions",
    "question": "The value of sin² 60° + cos² 30° is:",
    "options": ["1", "3/2", "0", "2"],
    "answer": "1",
    "difficulty": "medium",
    "marks": 1
  },
  {
    "id": 9,
    "chapter": "Trigonometric_Functions",
    "question": "If sin A = cos B, then A + B equals:",
    "options": ["90°", "180°", "0°", "45°"],
    "answer": "90°",
    "difficulty": "medium",
    "marks": 1
  },
  {
    "id": 10,
    "chapter": "Trigonometric_Functions",
    "question": "The value of tan² 30° + 1 equals:",
    "options": ["4/3", "1", "3", "2"],
    "answer": "4/3",
    "difficulty": "medium",
    "marks": 1
  }
]
