[
  {
    "id": 1,
    "chapter": "s-Block Elements",
    "question": "Match the following compounds (Column-I) with their uses (column-II). \nColumn-I: (I) Ca(OH)2, (II) NaCl, (III) CaSO4·1/2H2O, (IV) CaCO3 \nColumn-II: (A) casts of statues, (B) white wash, (C) antacid, (D) washing soda preparation",
    "question_latex": "Match the following compounds (Column-I) with their uses (column-II).  \n\\begin{tabular}{|l|l|} \\hline \\textbf{Column-I} & \\textbf{Column-II} \\\\ \\hline (I) $Ca(OH)_{2}$ & (A) casts of statues \\\\ \\hline (II) $NaCl$ & (B) white wash \\\\ \\hline (III) $CaSO_{4}\\cdot\\frac{1}{2}H_{2}O$ & (C) antacid \\\\ \\hline (IV) $CaCO_{3}$ & (D) washing soda preparation \\\\ \\hline \\end{tabular}",
    "question_images": [],
    "options": [
      "A. (I)-(B), (II)-(D), (III)-(B), (IV)-(A)",
      "B. (I)-(B), (II)-(D), (III)-(A), (IV)-(C)",
      "C. (I)-(D), (II)-(A), (III)-(C), (IV)-(B)",
      "D. (I)-(B), (II)-(C), (III)-(D), (IV)-(A)"
    ],
    "option_images": [],
    "answer": "B",
    "solution": "$Ca(OH)_{2}$ is used in white wash due to its disinfectant properties[cite: 26]. $NaCl$ is used in washing soda preparation[cite: 26]. $CaSO_{4}\\cdot\\frac{1}{2}H_{2}O$ is used for making casts of statues[cite: 27]. $CaCO_{3}$ is used as an antacid to relieve heartburn, acid indigestion and upset stomach[cite: 27, 28].",
    "solution_images": [],
    "difficulty": "Medium",
    "marks": 4
  },
  {
    "id": 2,
    "chapter": "s-Block Elements",
    "question": "Common table salt becomes moist and does not pour easily in rainy season because:",
    "question_latex": "Common table salt becomes moist and does not pour easily in rainy season because:",
    "question_images": [],
    "options": [
      "A. It contains magnesium chloride",
      "B. It contains magnesium carbonate",
      "C. It melts slightly in rainy season",
      "D. Sodium chloride is hygroscopic"
    ],
    "option_images": [],
    "answer": "A",
    "solution": "$MgCl_{2}$ is hygroscopic[cite: 33].",
    "solution_images": [],
    "difficulty": "Easy",
    "marks": 4
  },
  {
    "id": 3,
    "chapter": "s-Block Elements",
    "question": "Given below are two statements: One is labelled as Assertion (A) and the other is labelled as Reason (R). \nAssertion (A): Sodium is about 30 times as abundant as potassium in the oceans. \nReason (R): Potassium is bigger in size than sodium.",
    "question_latex": "Given below are two statements: One is labelled as Assertion (A) and the other is labelled as Reason (R). \\\\ \\textbf{Assertion (A):} Sodium is about 30 times as abundant as potassium in the oceans. \\\\ \\textbf{Reason (R):} Potassium is bigger in size than sodium.",
    "question_images": [],
    "options": [
      "A. A is true but R is false.",
      "B. Both A and R are true and R is the correct explanation of A.",
      "C. Both A and R are true but R is not the correct explanation of A.",
      "D. A is false but R is true."
    ],
    "option_images": [],
    "answer": "B",
    "solution": "As compared to sodium, potassium is large in size[cite: 40]. Therefore, potassium salt with larger anions are less soluble and thus retained behind while soluble sodium salts are carried to the sea[cite: 41]. So, both Assertion and Reason are true and Reason is the correct explanation of Assertion[cite: 42].",
    "solution_images": [],
    "difficulty": "Hard",
    "marks": 4
  },
  {
    "id": 4,
    "chapter": "s-Block Elements",
    "question": "Ra is placed at the bottom of alkaline earth metals. The element should:",
    "question_latex": "$Ra$ is placed at the bottom of alkaline earth metals. The element should:",
    "question_images": [],
    "options": [
      "A. Have the highest atomic volume",
      "B. Possess the minimum density",
      "C. Be less easily ionizable",
      "D. Be least electropositive"
    ],
    "option_images": [],
    "answer": "A",
    "solution": "Atomic volume increases down the group[cite: 47].",
    "solution_images": [],
    "difficulty": "Easy",
    "marks": 4
  },
  {
    "id": 5,
    "chapter": "s-Block Elements",
    "question": "Which of the following reactions is correct?",
    "question_latex": "Which of the following reactions is correct?",
    "question_images": [],
    "options": [
      "A. 2LiNO3 → 2Li + 2NO2 + O2",
      "B. 4LiNO3 → 2Li2O + 2N2O4 + O2",
      "C. 2LiNO3 → 2NaNO2 + O2",
      "D. 4LiNO3 → 2Li2O + 4NO2 + O2"
    ],
    "option_images": [],
    "answer": "D",
    "solution": "Lithium nitrate when heated gives lithium oxide, $Li_{2}O$ along with $NO_{2}$ and $O_{2}$[cite: 51]. $4LiNO_{3} \\rightarrow 2Li_{2}O + 4NO_{2} + O_{2}$[cite: 52].",
    "solution_images": [],
    "difficulty": "Medium",
    "marks": 4
  },
  {
    "id": 6,
    "chapter": "s-Block Elements",
    "question": "Arrange the following in increasing order of their solubility? MgCO3 (A), CaCO3 (B), SrCO3 (C), Na2CO3 (D)",
    "question_latex": "Arrange the following in increasing order of their solubility? $MgCO_{3}(A)$, $CaCO_{3}(B)$, $SrCO_{3}(C)$, $Na_{2}CO_{3}(D)$",
    "question_images": [],
    "options": [
      "A. A < B < C < D",
      "B. A < C < B < D",
      "C. C < A < B < D",
      "D. C < B < A < D"
    ],
    "option_images": [],
    "answer": "D",
    "solution": "Group 1 carbonates are more soluble than group 2 which are sparingly soluble[cite: 56]. In group 2, down the group the solubility of carbonates decreases[cite: 56]. Therefore, the order is $SrCO_{3} < CaCO_{3} < MgCO_{3} < Na_{2}CO_{3}$ ($C < B < A < D$).",
    "solution_images": [],
    "difficulty": "Medium",
    "marks": 4
  },
  {
    "id": 7,
    "chapter": "s-Block Elements",
    "question": "The non-metal which is not affected by NaOH :",
    "question_latex": "The non-metal which is not affected by $NaOH$ :",
    "question_images": [],
    "options": [
      "A. C",
      "B. Si",
      "C. P",
      "D. S"
    ],
    "option_images": [],
    "answer": "A",
    "solution": "Carbon has no reaction with $NaOH$[cite: 60].",
    "solution_images": [],
    "difficulty": "Easy",
    "marks": 4
  },
  {
    "id": 8,
    "chapter": "s-Block Elements",
    "question": "Be(OH)2 reacts with Sr(OH)2 to yield an ionic salt. Choose the incorrect option related to this reaction from the following:",
    "question_latex": "$Be(OH)_{2}$ reacts with $Sr(OH)_{2}$ to yield an ionic salt. Choose the incorrect option related to this reaction from the following:",
    "question_images": [],
    "options": [
      "A. Both Sr and Be elements are present in the ionic salt.",
      "B. The reaction is an example of acid-base neutralization reaction.",
      "C. The element Be is present in the cationic part of the ionic salt.",
      "D. Be is tetrahedrally coordinated in the ionic salt."
    ],
    "option_images": [],
    "answer": "C",
    "solution": "$Be(OH)_{2} + Sr(OH)_{2} \\rightarrow Sr[Be(OH)_{4}]$[cite: 67]. Be is present in the anionic part of the ionic salt[cite: 67].",
    "solution_images": [],
    "difficulty": "Hard",
    "marks": 4
  },
  {
    "id": 9,
    "chapter": "s-Block Elements",
    "question": "The compound which is not soluble in dil. HCl is:",
    "question_latex": "The compound which is not soluble in dil. $HCl$ is:",
    "question_images": [],
    "options": [
      "A. BaSO4",
      "B. MnS",
      "C. ZnS",
      "D. BaCO3"
    ],
    "option_images": [],
    "answer": "A",
    "solution": "$BaSO_{4}$ is insoluble in acid[cite: 72].",
    "solution_images": [],
    "difficulty": "Easy",
    "marks": 4
  },
  {
    "id": 10,
    "chapter": "s-Block Elements",
    "question": "Which of the following statements are correct? (A) Both LiCl and MgCl2 are soluble in ethanol. (B) The oxides Li2O and MgO combine with excess of oxygen to give superoxide. (C) LiF is less soluble in water than other alkali metal fluorides. (D) Li2O is more soluble in water than other alkali metal oxides.",
    "question_latex": "Which of the following statements are correct? \\\\ (A) Both $LiCl$ and $MgCl_{2}$ are soluble in ethanol. \\\\ (B) The oxides $Li_{2}O$ and $MgO$ combine with excess of oxygen to give superoxide. \\\\ (C) $LiF$ is less soluble in water than other alkali metal fluorides. \\\\ (D) $Li_{2}O$ is more soluble in water than other alkali metal oxides.",
    "question_images": [],
    "options": [
      "A. (A) and (C) only",
      "B. (A) and (D) only",
      "C. (A), (C) and (D) only",
      "D. (B) and (C) only"
    ],
    "option_images": [],
    "answer": "A",
    "solution": "$Li_{2}O$ and $MgO$ do not form superoxide[cite: 79]. $Li_{2}O$ has very high lattice enthalpy hence it is less soluble as compared to other alkali metal oxides[cite: 79]. Both $LiCl$ and $MgCl_{2}$ are soluble in ethanol, and $LiF$ is less soluble in water[cite: 73, 75, 78].",
    "solution_images": [],
    "difficulty": "Hard",
    "marks": 4
  },
  {
    "id": 11,
    "chapter": "s-Block Elements",
    "question": "Ca on exposure in moist air forms a layer on surface of:",
    "question_latex": "$Ca$ on exposure in moist air forms a layer on surface of:",
    "question_images": [],
    "options": [
      "A. CaCO3",
      "B. Ca(OH)2",
      "C. CaCO3 and Ca(OH)2",
      "D. CaO"
    ],
    "option_images": [],
    "answer": "C",
    "solution": "$Ca + H_{2}O \\rightarrow CaO + H_{2}$[cite: 82]; $CaO + H_{2}O \\rightarrow Ca(OH)_{2}$[cite: 83]; $Ca(OH)_{2} + CO_{2} \\rightarrow CaCO_{3} + H_{2}O$[cite: 83].",
    "solution_images": [],
    "difficulty": "Medium",
    "marks": 4
  },
  {
    "id": 12,
    "chapter": "s-Block Elements",
    "question": "Given below are two statements. Statement I: None of the alkaline earth metal hydroxides dissolve in alkali. Statement II: Solubility of alkaline earth metal hydroxides in water increases down the group.",
    "question_latex": "Given below are two statements. \\\\ \\textbf{Statement I:} None of the alkaline earth metal hydroxides dissolve in alkali. \\\\ \\textbf{Statement II:} Solubility of alkaline earth metal hydroxides in water increases down the group.",
    "question_images": [],
    "options": [
      "A. Statement I and statement II both are correct.",
      "B. Statement I and statement II both are incorrect.",
      "C. Statement I is incorrect but statement II is correct.",
      "D. Statement I is correct but statement II is incorrect."
    ],
    "option_images": [],
    "answer": "C",
    "solution": "Being amphoteric, $Be(OH)_{2}$ dissolves both in acids and bases[cite: 90]. Alkaline earth metal hydroxides are soluble in water and solubility increases down the group due to decrease in lattice enthalpy[cite: 91].",
    "solution_images": [],
    "difficulty": "Medium",
    "marks": 4
  },
  {
    "id": 13,
    "chapter": "s-Block Elements",
    "question": "The ionic mobility of alkali metal ions in aqueous solution is maximum for:",
    "question_latex": "The ionic mobility of alkali metal ions in aqueous solution is maximum for:",
    "question_images": [],
    "options": [
      "A. Na+",
      "B. Rb+",
      "C. Li+",
      "D. K+"
    ],
    "option_images": [],
    "answer": "B",
    "solution": "Ionic mobility of alkali metal ions increases down the group as the size of hydrated ions decreases[cite: 92, 93, 94].",
    "solution_images": [],
    "difficulty": "Medium",
    "marks": 4
  },
  {
    "id": 14,
    "chapter": "s-Block Elements",
    "question": "Which pair cannot exist together in solution?",
    "question_latex": "Which pair cannot exist together in solution?",
    "question_images": [],
    "options": [
      "A. NaHCO3 and NaOH",
      "B. NaHCO3 and NaCl",
      "C. NaHCO3 and Na2CO3",
      "D. NaCl and Na2CO3"
    ],
    "option_images": [],
    "answer": "C",
    "solution": "$NaHCO_{3}$ is more soluble than $Na_{2}CO_{3}$ in water[cite: 99]. $Na_{2}CO_{3}$ cannot exist in water along with $NaHCO_{3}$[cite: 100]. Note: Usually $NaHCO_3$ and $NaOH$ react to form carbonate, but the provided key indicates (C).",
    "solution_images": [],
    "difficulty": "Hard",
    "marks": 4
  },
  {
    "id": 15,
    "chapter": "s-Block Elements",
    "question": "Match List-I (Elements) and List-II (Uses): (A) Be, (B) Mg, (C) Ca, (D) Ra; (i) treatment of cancer, (ii) extraction of metals, (iii) incendiary bombs and signals, (iv) windows of X-ray tubes, (v) bearing for motor engines",
    "question_latex": "Match List-I and List-II: \\\\ \\begin{tabular}{|l|l|} \\hline \\textbf{List-I} & \\textbf{List-II} \\\\ \\hline (A) $Be$ & (i) treatment of cancer \\\\ \\hline (B) $Mg$ & (ii) extraction of metals \\\\ \\hline (C) $Ca$ & (iii) incendiary bombs and signals \\\\ \\hline (D) $Ra$ & (iv) windows of X-ray tubes \\\\ \\hline & (v) bearing for motor engines \\\\ \\hline \\end{tabular}",
    "question_images": [],
    "options": [
      "A. (A)-(iv), (B)-(iii), (C)-(ii), (D)-(i)",
      "B. (A)-(iv), (B)-(v), (C)-(i), (D)-(ii)",
      "C. (A)-(iii), (B)-(iv), (C)-(ii), (D)-(v)",
      "D. (A)-(iii), (B)-(iv), (C)-(v), (D)-(ii)"
    ],
    "option_images": [],
    "answer": "A",
    "solution": "$Be$ is used for windows of X-ray tubes[cite: 106]. $Mg$ is used in incendiary bombs and signals[cite: 106]. $Ca$ is used in the extraction of metals[cite: 106]. $Ra$ is used in the treatment of cancer[cite: 107].",
    "solution_images": [],
    "difficulty": "Medium",
    "marks": 4
  },
  {
    "id": 16,
    "chapter": "s-Block Elements",
    "question": "An alkaline earth metal 'M' readily forms water soluble sulphate and water insoluble hydroxide. Its oxide MO is very stable to heat and does not have rock-salt structure. M is:",
    "question_latex": "An alkaline earth metal 'M' readily forms water soluble sulphate and water insoluble hydroxide. Its oxide $MO$ is very stable to heat and does not have rock-salt structure. M is:",
    "question_images": [],
    "options": [
      "A. Ca",
      "B. Sr",
      "C. Be",
      "D. Mg"
    ],
    "option_images": [],
    "answer": "C",
    "solution": "$BeSO_{4}$ is soluble in water while $Be(OH)_{2}$ is insoluble[cite: 117]. $BeO$ crystallizes in the hexagonal wurtzite structure (not rock-salt) and is stable to heat[cite: 118].",
    "solution_images": [],
    "difficulty": "Hard",
    "marks": 4
  },
  {
    "id": 17,
    "chapter": "s-Block Elements",
    "question": "LiAlH4 is used as:",
    "question_latex": "$LiAlH_{4}$ is used as:",
    "question_images": [],
    "options": [
      "A. An oxidizing agent",
      "B. A reducing agent",
      "C. A mordant",
      "D. A water softener"
    ],
    "option_images": [],
    "answer": "B",
    "solution": "It is used as a reducing agent in organic reactions[cite: 122].",
    "solution_images": [],
    "difficulty": "Easy",
    "marks": 4
  },
  {
    "id": 18,
    "chapter": "s-Block Elements",
    "question": "Which of the following metal is found in green colouring pigment chlorophyll of plants?",
    "question_latex": "Which of the following metal is found in green colouring pigment chlorophyll of plants?",
    "question_images": [],
    "options": [
      "A. Fe",
      "B. Mg",
      "C. Na",
      "D. Al"
    ],
    "option_images": [],
    "answer": "B",
    "solution": "$Mg$ is the central metal ion in chlorophyll[cite: 125, 126].",
    "solution_images": [],
    "difficulty": "Easy",
    "marks": 4
  },
  {
    "id": 19,
    "chapter": "s-Block Elements",
    "question": "Which of the following metal is used along with lithium to make the alloy named 'white metal' ?",
    "question_latex": "Which of the following metal is used along with lithium to make the alloy named 'white metal' ?",
    "question_images": [],
    "options": [
      "A. Nickel",
      "B. Aluminium",
      "C. Silver",
      "D. Lead"
    ],
    "option_images": [],
    "answer": "D",
    "solution": "Lithium with lead is used to make white metal[cite: 130].",
    "solution_images": [],
    "difficulty": "Medium",
    "marks": 4
  },
  {
    "id": 20,
    "chapter": "s-Block Elements",
    "question": "Which of the following does not illustrate the anomalous properties of lithium?",
    "question_latex": "Which of the following does not illustrate the anomalous properties of lithium?",
    "question_images": [],
    "options": [
      "A. The melting point and boiling point of Li are comparatively high",
      "B. Li is much softer than the other group I metals",
      "C. Li forms a nitride Li3N unlike group I metals",
      "D. The ion of Li and its compounds are more heavily hydrated than those of the rest of the group"
    ],
    "option_images": [],
    "answer": "B",
    "solution": "Actually $Li$ is harder than other alkali metals[cite: 134]. Therefore, being softer does not illustrate its anomalous property[cite: 133].",
    "solution_images": [],
    "difficulty": "Medium",
    "marks": 4
  },
  {
    "id": 21,
    "chapter": "s-Block Elements",
    "question": "Magnesia is:",
    "question_latex": "Magnesia is:",
    "question_images": [],
    "options": [
      "A. MgO",
      "B. CuSO4",
      "C. FeSO4",
      "D. MgSO4"
    ],
    "option_images": [],
    "answer": "A",
    "solution": "$MgO$ is called magnesia[cite: 138].",
    "solution_images": [],
    "difficulty": "Easy",
    "marks": 4
  },
  {
    "id": 22,
    "chapter": "s-Block Elements",
    "question": "Microcosmic salt has the formula:",
    "question_latex": "Microcosmic salt has the formula:",
    "question_images": [],
    "options": [
      "A. Na2HPO4·2H2O",
      "B. (NH4)2HPO4·2H2O",
      "C. Na(NH4)HPO4·4H2O",
      "D. None of these"
    ],
    "option_images": [],
    "answer": "C",
    "solution": "Microcosmic salt is sodium ammonium hydrogen phosphate, $Na(NH_{4})HPO_{4} \\cdot 4H_{2}O$[cite: 141].",
    "solution_images": [],
    "difficulty": "Medium",
    "marks": 4
  },
  {
    "id": 23,
    "chapter": "s-Block Elements",
    "question": "The most electropositive amongst the alkaline earth metals is:",
    "question_latex": "The most electropositive amongst the alkaline earth metals is:",
    "question_images": [],
    "options": [
      "A. beryllium",
      "B. magnesium",
      "C. calcium",
      "D. barium"
    ],
    "option_images": [],
    "answer": "D",
    "solution": "Electropositive character increases down the group[cite: 143, 144].",
    "solution_images": [],
    "difficulty": "Easy",
    "marks": 4
  },
  {
    "id": 24,
    "chapter": "s-Block Elements",
    "question": "The decomposition temperature is maximum for:",
    "question_latex": "The decomposition temperature is maximum for:",
    "question_images": [],
    "options": [
      "A. MgCO3",
      "B. CaCO3",
      "C. BaCO3",
      "D. SrCO3"
    ],
    "option_images": [],
    "answer": "C",
    "solution": "Greater the electropositive character, more will be the stability and higher the decomposition temperature[cite: 148]. Barium has the highest electropositive character among the given choices[cite: 150].",
    "solution_images": [],
    "difficulty": "Medium",
    "marks": 4
  },
  {
    "id": 25,
    "chapter": "s-Block Elements",
    "question": "Which one among the following metals is the weakest reducing agent?",
    "question_latex": "Which one among the following metals is the weakest reducing agent?",
    "question_images": [],
    "options": [
      "A. K",
      "B. Na",
      "C. Li",
      "D. Rb"
    ],
    "option_images": [],
    "answer": "B",
    "solution": "In aqueous solutions of alkali metals, lithium is the strongest while sodium is the weakest reducing agent[cite: 154, 156].",
    "solution_images": [],
    "difficulty": "Medium",
    "marks": 4
  },
  {
    "id": 26,
    "chapter": "s-Block Elements",
    "question": "Alkali metal from the following with least melting point is",
    "question_latex": "Alkali metal from the following with least melting point is",
    "question_images": [],
    "options": [
      "A. Na",
      "B. K",
      "C. Cs",
      "D. Rb"
    ],
    "option_images": [],
    "answer": "C",
    "solution": "Melting point decreases down the group, hence, $Cs$ has least melting point.",
    "solution_images": [],
    "difficulty": "Easy",
    "marks": 4
  },
  {
    "id": 27,
    "chapter": "s-Block Elements",
    "question": "Given below are two statements: one is labelled as Assertion A and the other is labelled as Reason R. Assertion A: The energy required to form Mg2+ from Mg is much higher than that required to produce Mg+. Reason R: Mg2+ is small ion and carry more charge than Mg+.",
    "question_latex": "Given below are two statements: one is labelled as Assertion A and the other is labelled as Reason R. \\\\ \\textbf{Assertion A:} The energy required to form $Mg^{2+}$ from $Mg$ is much higher than that required to produce $Mg^{+}$. \\\\ \\textbf{Reason R:} $Mg^{2+}$ is small ion and carry more charge than $Mg^{+}$. In the light of the above statements, choose the correct answer from the options given below:",
    "question_images": [],
    "options": [
      "A. Both A and R are true but R is not the correct explanation of A.",
      "B. A is false but R is true.",
      "C. Both A and R are true and R is the correct explanation of A.",
      "D. A is true but R is false."
    ],
    "option_images": [],
    "answer": "C",
    "solution": "The second ionization energy is always higher than the first. $Mg^{2+}$ has a smaller radius and higher effective nuclear charge than $Mg^{+}$, making the removal of the second electron more difficult.",
    "solution_images": [],
    "difficulty": "Medium",
    "marks": 4
  },
  {
    "id": 28,
    "chapter": "s-Block Elements",
    "question": "Which one of the following does not react with water even under red hot condition?",
    "question_latex": "Which one of the following does not react with water even under red hot condition?",
    "question_images": [],
    "options": [
      "A. Na",
      "B. Be",
      "C. Ca",
      "D. K"
    ],
    "option_images": [],
    "answer": "B",
    "solution": "$Be$ is not attacked by water even at high temperatures as its oxidation potential is lower than the other members. Other alkali and alkaline earth metals react with water to evolve $H_{2}$.",
    "solution_images": [],
    "difficulty": "Medium",
    "marks": 4
  },
  {
    "id": 29,
    "chapter": "s-Block Elements",
    "question": "Alkaline earth metals are not found free in nature because of",
    "question_latex": "Alkaline earth metals are not found free in nature because of",
    "question_images": [],
    "options": [
      "A. their thermal instability",
      "B. their low melting points",
      "C. their high boiling points",
      "D. their greater chemical reactivity"
    ],
    "option_images": [],
    "answer": "D",
    "solution": "Due to their high reactivity (low ionization enthalpy), they readily form compounds and are not found in the free state.",
    "solution_images": [],
    "difficulty": "Easy",
    "marks": 4
  },
  {
    "id": 30,
    "chapter": "s-Block Elements",
    "question": "In the Castner's process for the extraction of sodium, the anode is made of metal",
    "question_latex": "In the Castner's process for the extraction of sodium, the anode is made of metal",
    "question_images": [],
    "options": [
      "A. Sodium",
      "B. Nickel",
      "C. Copper",
      "D. Iron"
    ],
    "option_images": [],
    "answer": "B",
    "solution": "In Castner's process, the electrolysis of fused $NaOH$ is carried out using an iron cathode and a nickel anode.",
    "solution_images": [],
    "difficulty": "Hard",
    "marks": 4
  },
  {
    "id": 31,
    "chapter": "s-Block Elements",
    "question": "Sodium is heated in air at 300°C to form X. X absorbs CO2 and forms Na2CO3 and Y? Which of the following is Y?",
    "question_latex": "Sodium is heated in air at $300^{\\circ}C$ to form $X$. $X$ absorbs $CO_{2}$ and forms $Na_{2}CO_{3}$ and $Y$? Which of the following is $Y$?",
    "question_images": [],
    "options": [
      "A. H2",
      "B. O2",
      "C. H2O2",
      "D. O3"
    ],
    "option_images": [],
    "answer": "B",
    "solution": "$2Na + O_{2} \\xrightarrow{300^{\\circ}C} Na_{2}O_{2} (X)$; $2Na_{2}O_{2} + 2CO_{2} \\rightarrow 2Na_{2}CO_{3} + O_{2} (Y)$.",
    "solution_images": [],
    "difficulty": "Medium",
    "marks": 4
  },
  {
    "id": 32,
    "chapter": "s-Block Elements",
    "question": "Portland cement has in its composition:",
    "question_latex": "Portland cement has in its composition:",
    "question_images": [],
    "options": [
      "A. Maximum amount of SiO2",
      "B. Minimum amount of Al2O3",
      "C. Minimum amount of Fe2O3",
      "D. Maximum amount of CaO"
    ],
    "option_images": [],
    "answer": "D",
    "solution": "The average composition of Portland cement is $CaO$ (50-60%), $SiO_{2}$ (20-25%), $Al_{2}O_{3}$ (5-10%). $CaO$ is the major component.",
    "solution_images": [],
    "difficulty": "Medium",
    "marks": 4
  },
  {
    "id": 33,
    "chapter": "s-Block Elements",
    "question": "How NH3 is recovered in Solvay process?",
    "question_latex": "How $NH_{3}$ is recovered in Solvay process?",
    "question_images": [],
    "options": [
      "A. By reaction of NH4Cl and Ca(OH)2",
      "B. By reaction of NH4HCO3 and NaCl",
      "C. By reaction of (NH4)2CO3 with H2O",
      "D. By any of the above"
    ],
    "option_images": [],
    "answer": "A",
    "solution": "$NH_{3}$ is recovered when the solution containing $NH_{4}Cl$ is treated with $Ca(OH)_{2}$: $2NH_{4}Cl + Ca(OH)_{2} \\rightarrow 2NH_{3} + CaCl_{2} + H_{2}O$.",
    "solution_images": [],
    "difficulty": "Medium",
    "marks": 4
  },
  {
    "id": 34,
    "chapter": "s-Block Elements",
    "question": "Based on lattice energy and other considerations which one of the following alkali metal chlorides is expected to have the highest melting point?",
    "question_latex": "Based on lattice energy and other considerations which one of the following alkali metal chlorides is expected to have the highest melting point?",
    "question_images": [],
    "options": [
      "A. RbCl",
      "B. NaCl",
      "C. LiCl",
      "D. KCl"
    ],
    "option_images": [],
    "answer": "B",
    "solution": "Melting point decreases down the group due to decrease in lattice energy, but $LiCl$ has a lower melting point than $NaCl$ due to its high covalent character (Fajans' rule). Thus $NaCl$ is highest.",
    "solution_images": [],
    "difficulty": "Hard",
    "marks": 4
  },
  {
    "id": 35,
    "chapter": "s-Block Elements",
    "question": "One of the important use of quicklime is:",
    "question_latex": "One of the important use of quicklime is:",
    "question_images": [],
    "options": [
      "A. As a purgative",
      "B. In bleaching silk",
      "C. In drying gases and alcohol",
      "D. In dyeing cotton"
    ],
    "option_images": [],
    "answer": "C",
    "solution": "Quicklime ($CaO$) is a very good hygroscopic substance and is used as a drying agent for gases and alcohol.",
    "solution_images": [],
    "difficulty": "Easy",
    "marks": 4
  },
  {
    "id": 36,
    "chapter": "s-Block Elements",
    "question": "Which does not form double salt?",
    "question_latex": "Which does not form double salt?",
    "question_images": [],
    "options": [
      "A. Li2SO4",
      "B. Na2SO4",
      "C. K2SO4",
      "D. Rb2SO4"
    ],
    "option_images": [],
    "answer": "A",
    "solution": "Due to the small size of the $Li^{+}$ ion, it does not form alums (double salts).",
    "solution_images": [],
    "difficulty": "Medium",
    "marks": 4
  },
  {
    "id": 37,
    "chapter": "s-Block Elements",
    "question": "Alkaline earth metal compounds are less soluble in water than corresponding alkali metal compounds because former have:",
    "question_latex": "Alkaline earth metal compounds are less soluble in water than corresponding alkali metal compounds because former have:",
    "question_images": [],
    "options": [
      "A. Lower lattice energy",
      "B. Higher I.P.",
      "C. Higher covalent character",
      "D. Lower covalent character"
    ],
    "option_images": [],
    "answer": "C",
    "solution": "Alkaline earth metal ions have higher charge and smaller size, leading to higher lattice energy and higher covalent character compared to alkali metals.",
    "solution_images": [],
    "difficulty": "Hard",
    "marks": 4
  },
  {
    "id": 38,
    "chapter": "s-Block Elements",
    "question": "On combustion of Li, Na and K in excess of air, the major oxides formed, respectively, are",
    "question_latex": "On combustion of $Li$, $Na$ and $K$ in excess of air, the major oxides formed, respectively, are",
    "question_images": [],
    "options": [
      "A. Li2O, Na2O and K2O2",
      "B. Li2O, Na2O2 and K2O",
      "C. Li2O, Na2O2 and KO2",
      "D. Li2O2, Na2O2 and K2O2"
    ],
    "option_images": [],
    "answer": "C",
    "solution": "Lithium forms monoxide ($Li_{2}O$), sodium forms peroxide ($Na_{2}O_{2}$), and potassium forms superoxide ($KO_{2}$) in excess air.",
    "solution_images": [],
    "difficulty": "Medium",
    "marks": 4
  },
  {
    "id": 39,
    "chapter": "s-Block Elements",
    "question": "Two elements A and B have similar chemical properties. They don't form solid hydrogencarbonates, but react with nitrogen to form nitrides. A and B, respectively, are",
    "question_latex": "Two elements $A$ and $B$ have similar chemical properties. They don't form solid hydrogencarbonates, but react with nitrogen to form nitrides. $A$ and $B$, respectively, are",
    "question_images": [],
    "options": [
      "A. Na and Ca",
      "B. Cs and Ba",
      "C. Na and Rb",
      "D. Li and Mg"
    ],
    "option_images": [],
    "answer": "D",
    "solution": "$Li$ and $Mg$ show diagonal relationship. Both form nitrides ($Li_{3}N$, $Mg_{3}N_{2}$) and their bicarbonates exist only in solution.",
    "solution_images": [],
    "difficulty": "Hard",
    "marks": 4
  },
  {
    "id": 40,
    "chapter": "s-Block Elements",
    "question": "The commercial name for calcium oxide is",
    "question_latex": "The commercial name for calcium oxide is",
    "question_images": [],
    "options": [
      "A. quick lime",
      "B. slaked lime",
      "C. milk of lime",
      "D. limestone"
    ],
    "option_images": [],
    "answer": "A",
    "solution": "Quick lime is the commercial name of calcium oxide ($CaO$).",
    "solution_images": [],
    "difficulty": "Easy",
    "marks": 4
  },
  {
    "id": 41,
    "chapter": "s-Block Elements",
    "question": "Causticisation process is used for the preparation of:",
    "question_latex": "Causticisation process is used for the preparation of:",
    "question_images": [],
    "options": [
      "A. Caustic soda",
      "B. Caustic potash",
      "C. Baryta",
      "D. Slaked lime"
    ],
    "option_images": [],
    "answer": "A",
    "solution": "The process of preparing $NaOH$ (caustic soda) from $Na_{2}CO_{3}$ is called the causticisation process or Gossage process.",
    "solution_images": [],
    "difficulty": "Medium",
    "marks": 4
  },
  {
    "id": 42,
    "chapter": "s-Block Elements",
    "question": "Sodium thiosulphate is a",
    "question_latex": "Sodium thiosulphate is a",
    "question_images": [],
    "options": [
      "A. Reducing agent",
      "B. Oxidising agent",
      "C. Complexing agent",
      "D. Bleaching agent"
    ],
    "option_images": [],
    "answer": "A",
    "solution": "Sodium thiosulphate acts as a reducing agent, e.g., in the reaction: $2Na_{2}S_{2}O_{3} + I_{2} \\rightarrow Na_{2}S_{4}O_{6} + 2NaI$.",
    "solution_images": [],
    "difficulty": "Medium",
    "marks": 4
  },
  {
    "id": 43,
    "chapter": "s-Block Elements",
    "question": "Na2CO3 + Fe2O3 -> A + CO2; A is:",
    "question_latex": "$Na_{2}CO_{3} + Fe_{2}O_{3} \\rightarrow A + CO_{2}$; $A$ is:",
    "question_images": [],
    "options": [
      "A. NaFeO2",
      "B. Na3FeO3",
      "C. Fe3O4",
      "D. Na2FeO2"
    ],
    "option_images": [],
    "answer": "A",
    "solution": "The reaction is: $Na_{2}CO_{3} + Fe_{2}O_{3} \\rightarrow 2NaFeO_{2} + CO_{2}$.",
    "solution_images": [],
    "difficulty": "Hard",
    "marks": 4
  },
  {
    "id": 44,
    "chapter": "s-Block Elements",
    "question": "The substance not likely to contain CaCO3 is",
    "question_latex": "The substance not likely to contain $CaCO_{3}$ is",
    "question_images": [],
    "options": [
      "A. gypsum",
      "B. sea shells",
      "C. dolomite",
      "D. a marble statue"
    ],
    "option_images": [],
    "answer": "A",
    "solution": "Gypsum is $CaSO_{4} \\cdot 2H_{2}O$. Sea shells, dolomite ($MgCO_{3} \\cdot CaCO_{3}$), and marble contain $CaCO_{3}$.",
    "solution_images": [],
    "difficulty": "Medium",
    "marks": 4
  },
  {
    "id": 45,
    "chapter": "s-Block Elements",
    "question": "Which of the following atoms will have the smallest size?",
    "question_latex": "Which of the following atoms will have the smallest size?",
    "question_images": [],
    "options": [
      "A. Mg",
      "B. Na",
      "C. Be",
      "D. Li"
    ],
    "option_images": [],
    "answer": "C",
    "solution": "Atomic size increases down the group and decreases across a period. Order: $Na > Mg > Li > Be$. $Be$ is the smallest.",
    "solution_images": [],
    "difficulty": "Easy",
    "marks": 4
  },
  {
    "id": 46,
    "chapter": "s-Block Elements",
    "question": "Ionic hydrides:",
    "question_latex": "Ionic hydrides:",
    "question_images": [],
    "options": [
      "A. Conduct electricity in fused state",
      "B. Are formed with elements of high ionization energy",
      "C. Do not exist",
      "D. Occupy the vacant spaces in metallic lattice"
    ],
    "option_images": [],
    "answer": "A",
    "solution": "Ionic hydrides conduct electricity in the fused (molten) state, liberating $H_{2}$ at the anode: $NaH \\rightarrow Na^{+} + H^{-}$.",
    "solution_images": [],
    "difficulty": "Medium",
    "marks": 4
  },
  {
    "id": 47,
    "chapter": "s-Block Elements",
    "question": "Which of the following compounds is a peroxide:",
    "question_latex": "Which of the following compounds is a peroxide:",
    "question_images": [],
    "options": [
      "A. KO2",
      "B. BaO2",
      "C. MnO2",
      "D. NO2"
    ],
    "option_images": [],
    "answer": "B",
    "solution": "$BaO_{2}$ is a peroxide (contains $O_{2}^{2-}$). $KO_{2}$ is a superoxide, $MnO_{2}$ is a dioxide.",
    "solution_images": [],
    "difficulty": "Medium",
    "marks": 4
  },
  {
    "id": 48,
    "chapter": "s-Block Elements",
    "question": "Which one of the following is the most soluble in water?",
    "question_latex": "Which one of the following is the most soluble in water?",
    "question_images": [],
    "options": [
      "A. Mg(OH)2",
      "B. Sr(OH)2",
      "C. Ca(OH)2",
      "D. Ba(OH)2"
    ],
    "option_images": [],
    "answer": "D",
    "solution": "For group II hydroxides, lattice energy decreases more rapidly than hydration energy down the group, so solubility increases: $Ba(OH)_{2} > Sr(OH)_{2} > Ca(OH)_{2} > Mg(OH)_{2}$.",
    "solution_images": [],
    "difficulty": "Medium",
    "marks": 4
  },
  {
    "id": 49,
    "chapter": "s-Block Elements",
    "question": "The elements of group 1 provide a colour to the flame of Bunsen burner due to",
    "question_latex": "The elements of group 1 provide a colour to the flame of Bunsen burner due to",
    "question_images": [],
    "options": [
      "A. low ionization potential",
      "B. low melting point",
      "C. softness",
      "D. presence of one electron in the outermost orbit"
    ],
    "option_images": [],
    "answer": "A",
    "solution": "The low ionization enthalpy of alkali metals allows electrons to be easily excited to higher energy levels by the flame.",
    "solution_images": [],
    "difficulty": "Easy",
    "marks": 4
  },
  {
    "id": 50,
    "chapter": "s-Block Elements",
    "question": "Which of the following are found in biological fluids Na+, Mg2+, Ca2+, K+ Sr2+, Li+ and Ba2+?",
    "question_latex": "Which of the following are found in biological fluids $Na^{+}$, $Mg^{2+}$, $Ca^{2+}$, $K^{+}$ $Sr^{2+}$, $Li^{+}$ and $Ba^{2+}$?",
    "question_images": [],
    "options": [
      "A. Mg2+, Ca2+, and Sr2+",
      "B. Na2+ and K+",
      "C. Na+, K+, Mg2+ and Ca2+",
      "D. Sr+, Li and Ba2+"
    ],
    "option_images": [],
    "answer": "C",
    "solution": "Monovalent sodium and potassium ions and divalent magnesium and calcium ions are found in large proportions in biological fluids.",
    "solution_images": [],
    "difficulty": "Easy",
    "marks": 4
  },
  {
    "id": 51,
    "chapter": "s-Block Elements",
    "question": "Baking powder contains",
    "question_latex": "Baking powder contains",
    "question_images": [],
    "options": [
      "A. $NaHCO_{3}$, $Ca(H_{2}PO_{2})_{2}$ and starch",
      "B. $NaHCO_{3}$, $Ca(H_{2}PO_{2})_{2}$",
      "C. $NaHCO_{3}$, and starch",
      "D. $NaHCO_{3}$"
    ],
    "option_images": [],
    "answer": "A",
    "solution": "Baking powder is a mixture of sodium hydrogencarbonate ($NaHCO_{3}$), calcium dihydrogen phosphate ($Ca(H_{2}PO_{4})_{2}$), and starch.",
    "solution_images": [],
    "difficulty": "Easy",
    "marks": 4
  },
  {
    "id": 52,
    "chapter": "s-Block Elements",
    "question": "Given below are two statements: Statement I: Lithium and magnesium do not form superoxide. Statement II: The ionic radius of Li+ is larger than ionic radius of Mg2+. In the light of the above statements, choose the most appropriate answer from the options given below:",
    "question_latex": "Given below are two statements: \\\\ \\textbf{Statement I:} Lithium and magnesium do not form superoxide. \\\\ \\textbf{Statement II:} The ionic radius of $Li^{+}$ is larger than ionic radius of $Mg^{2+}$. \\\\ In the light of the above statements, choose the most appropriate answer from the options given below:",
    "question_images": [],
    "options": [
      "A. Both Statement I and Statement II are incorrect.",
      "B. Statement I is incorrect but Statement II is correct.",
      "C. Statement I is correct but Statement II is incorrect.",
      "D. Both Statement I and Statement II are correct."
    ],
    "option_images": [],
    "answer": "D",
    "solution": "Radius of $Li^{+}$ is $76\\,pm$ and that of $Mg^{2+}$ is $72\\,pm$. Both Li and Mg are not able to form superoxides due to their small size.",
    "solution_images": [],
    "difficulty": "Medium",
    "marks": 4
  },
  {
    "id": 53,
    "chapter": "s-Block Elements",
    "question": "Lithium is strongest reducing agent among alkali metals due to which of the following factor?",
    "question_latex": "Lithium is strongest reducing agent among alkali metals due to which of the following factor?",
    "question_images": [],
    "options": [
      "A. Ionization energy",
      "B. Electron affinity",
      "C. Hydration energy",
      "D. Lattice energy"
    ],
    "option_images": [],
    "answer": "C",
    "solution": "Lithium has the highest hydration energy among the alkali metals due to its small size, which makes it the strongest reducing agent in aqueous solution.",
    "solution_images": [],
    "difficulty": "Medium",
    "marks": 4
  },
  {
    "id": 54,
    "chapter": "s-Block Elements",
    "question": "Lithopone is a mixture of:",
    "question_latex": "Lithopone is a mixture of:",
    "question_images": [],
    "options": [
      "A. Barium sulphate and zinc sulphide",
      "B. Barium sulphide and zinc sulphide",
      "C. Calcium sulphate and zinc sulphide",
      "D. Calcium sulphide and zinc sulphide"
    ],
    "option_images": [],
    "answer": "A",
    "solution": "Lithopone is a white pigment consisting of a mixture of barium sulphate ($BaSO_{4}$) and zinc sulphide ($ZnS$).",
    "solution_images": [],
    "difficulty": "Medium",
    "marks": 4
  },
  {
    "id": 55,
    "chapter": "s-Block Elements",
    "question": "The set of elements that differ in mutual relationship from those of the other set is",
    "question_latex": "The set of elements that differ in mutual relationship from those of the other set is",
    "question_images": [],
    "options": [
      "A. Li-Mg",
      "B. Be - Al",
      "C. Li - Na",
      "D. B - Si"
    ],
    "option_images": [],
    "answer": "C",
    "solution": "Li-Mg, Be-Al, and B-Si show diagonal relationships. Li and Na are both elements of group 1 and do not show a diagonal relationship.",
    "solution_images": [],
    "difficulty": "Medium",
    "marks": 4
  },
  {
    "id": 56,
    "chapter": "s-Block Elements",
    "question": "In a sodium chloride crystal, each chloride ion is surrounded by:",
    "question_latex": "In a sodium chloride crystal, each chloride ion is surrounded by:",
    "question_images": [],
    "options": [
      "A. $4 Na^{+}$ ions",
      "B. $6 Na^{+}$ ions",
      "C. $1 Na^{+}$ ion",
      "D. $2 Na^{+}$ ions"
    ],
    "option_images": [],
    "answer": "B",
    "solution": "In the face-centered cubic (FCC) structure of $NaCl$, each $Cl^{-}$ ion is surrounded by $6 Na^{+}$ ions at the corners of an octahedron.",
    "solution_images": [],
    "difficulty": "Easy",
    "marks": 4
  },
  {
    "id": 57,
    "chapter": "s-Block Elements",
    "question": "Match List-I and List-II. List-I (Salt): (A) LiCl, (B) NaCl, (C) RbCl, (D) CsCl. List-II (Flame colour wavelength): (i) 455.5 nm, (ii) 670.8 nm, (iii) 780.0 nm, (iv) 589.2 nm. Choose the correct answer from the options given below:",
    "question_latex": "Match List-I and List-II. \\\\ \\textbf{List-I (Salt):} (A) LiCl, (B) NaCl, (C) RbCl, (D) CsCl. \\\\ \\textbf{List-II (Wavelength):} (i) $455.5\\,nm$, (ii) $670.8\\,nm$, (iii) $780.0\\,nm$, (iv) $589.2\\,nm$.",
    "question_images": [],
    "options": [
      "A. (A)-(ii), (B)-(i), (C)-(iv), (D)-(iii)",
      "B. (A)-(ii), (B)-(iv), (C)-(iii), (D)-(i)",
      "C. (A)-(iv), (B)-(ii), (C)-(iii), (D)-(i)",
      "D. (A)-(i), (B)-(iv), (C)-(ii), (D)-(iii)"
    ],
    "option_images": [],
    "answer": "B",
    "solution": "The characteristic flame wavelengths are: $Li$ ($670.8\\,nm$), $Na$ ($589.2\\,nm$), $Rb$ ($780.0\\,nm$), $Cs$ ($455.5\\,nm$).",
    "solution_images": [],
    "difficulty": "Hard",
    "marks": 4
  },
  {
    "id": 58,
    "chapter": "s-Block Elements",
    "question": "A mixture of Al(OH)3 and Fe(OH)3 can be separated easily by treating it with:",
    "question_latex": "A mixture of $Al(OH)_{3}$ and $Fe(OH)_{3}$ can be separated easily by treating it with:",
    "question_images": [],
    "options": [
      "A. HCl",
      "B. $NH_{4}OH$",
      "C. $HNO_{3}$",
      "D. NaOH"
    ],
    "option_images": [],
    "answer": "D",
    "solution": "$Al(OH)_{3}$ is amphoteric and dissolves in $NaOH$ to form soluble sodium aluminate, while $Fe(OH)_{3}$ is basic and remains insoluble.",
    "solution_images": [],
    "difficulty": "Medium",
    "marks": 4
  },
  {
    "id": 59,
    "chapter": "s-Block Elements",
    "question": "Arrange the following in increasing order of their melting point: (A) LiCl, (B) NaCl, (C) KCl",
    "question_latex": "Arrange the following in increasing order of their melting point: (A) $LiCl$, (B) $NaCl$, (C) $KCl$",
    "question_images": [],
    "options": [
      "A. $A < B < C$",
      "B. $B < A < C$",
      "C. $C < A < B$",
      "D. $A < C < B$"
    ],
    "option_images": [],
    "answer": "A",
    "solution": "In alkali metal halides, melting point generally increases with lattice energy. $LiCl$ is more covalent due to small cation size, thus having the lowest melting point in this set.",
    "solution_images": [],
    "difficulty": "Hard",
    "marks": 4
  },
  {
    "id": 60,
    "chapter": "s-Block Elements",
    "question": "Which of the following hydroxides is insoluble in water?",
    "question_latex": "Which of the following hydroxides is insoluble in water?",
    "question_images": [],
    "options": [
      "A. $Ba(OH)_{2}$",
      "B. $Ca(OH)_{2}$",
      "C. $Be(OH)_{2}$",
      "D. $Mg(OH)_{2}$"
    ],
    "option_images": [],
    "answer": "C",
    "solution": "The solubility of alkaline earth metal hydroxides increases down the group. $Be(OH)_{2}$ is the least soluble (virtually insoluble).",
    "solution_images": [],
    "difficulty": "Easy",
    "marks": 4
  },
  {
    "id": 61,
    "chapter": "s-Block Elements",
    "question": "Structures of BeCl2 in solid state, vapour phase and at very high temperature respectively are",
    "question_latex": "Structures of $BeCl_{2}$ in solid state, vapour phase and at very high temperature respectively are",
    "question_images": [],
    "options": [
      "A. polymeric, dimeric, monomeric",
      "B. polymeric, monomeric, dimeric",
      "C. dimeric, polymeric, monomeric",
      "D. monomeric, dimeric, polymeric"
    ],
    "option_images": [],
    "answer": "A",
    "solution": "$BeCl_{2}$ has a chain polymeric structure in solid state. In vapour phase, it exists as a chloro-bridged dimer, and at high temperatures ($> 1200 K$), it becomes a linear monomer.",
    "solution_images": [],
    "difficulty": "Medium",
    "marks": 4
  },
  {
    "id": 62,
    "chapter": "s-Block Elements",
    "question": "Hasenclever's process is a method for the manufacture of:",
    "question_latex": "Hasenclever's process is a method for the manufacture of:",
    "question_images": [],
    "options": [
      "A. NaOH",
      "B. $HNO_{3}$",
      "C. $H_{2}SO_{4}$",
      "D. Bleaching powder"
    ],
    "option_images": [],
    "answer": "D",
    "solution": "Hasenclever plant is a commercial method to obtain bleaching powder by the reaction of dry slaked lime with chlorine gas.",
    "solution_images": [],
    "difficulty": "Medium",
    "marks": 4
  },
  {
    "id": 63,
    "chapter": "s-Block Elements",
    "question": "The substance not likely to contain CaCO3 is",
    "question_latex": "The substance not likely to contain $CaCO_{3}$ is",
    "question_images": [],
    "options": [
      "A. a marble statue",
      "B. sea shells",
      "C. dolomite",
      "D. calcined gypsum"
    ],
    "option_images": [],
    "answer": "D",
    "solution": "Gypsum is $CaSO_{4} \\cdot 2H_{2}O$. Calcined gypsum (Plaster of Paris) is $(CaSO_{4})_{2} \\cdot H_{2}O$. It does not contain carbonate.",
    "solution_images": [],
    "difficulty": "Medium",
    "marks": 4
  },
  {
    "id": 64,
    "chapter": "s-Block Elements",
    "question": "Among the statements (I)-(IV), the correct ones are: I. lithium has the highest hydration enthalpy among the alkali metals. II. lithium chloride is insoluble in pyridine. III. lithium cannot form ethynide upon its reaction with ethyne. IV. both lithium and magnesium react slowly with H2O.",
    "question_latex": "Among the statements (I)-(IV), the correct ones are: \\\\ I. lithium has the highest hydration enthalpy among the alkali metals. \\\\ II. lithium chloride is insoluble in pyridine. \\\\ III. lithium cannot form ethynide upon its reaction with ethyne. \\\\ IV. both lithium and magnesium react slowly with $H_{2}O$.",
    "question_images": [],
    "options": [
      "A. I, II and IV only",
      "B. I, III and IV only",
      "C. II and III only",
      "D. I and IV only"
    ],
    "option_images": [],
    "answer": "B",
    "solution": "$LiCl$ is soluble in pyridine due to its covalent character. Li has the maximum hydration enthalpy and does not form ethynide directly. Both Li and Mg react slowly with water.",
    "solution_images": [],
    "difficulty": "Hard",
    "marks": 4
  },
  {
    "id": 65,
    "chapter": "s-Block Elements",
    "question": "The covalent alkaline earth metal halide (X = Cl, Br, I) is",
    "question_latex": "The covalent alkaline earth metal halide ($X = Cl, Br, I$) is",
    "question_images": [],
    "options": [
      "A. $CaX_{2}$",
      "B. $BeX_{2}$",
      "C. $SrX_{2}$",
      "D. $MgX_{2}$"
    ],
    "option_images": [],
    "answer": "B",
    "solution": "Due to the small size and high polarizing power of the $Be^{2+}$ ion, beryllium halides are covalent in nature.",
    "solution_images": [],
    "difficulty": "Easy",
    "marks": 4
  },
  {
    "id": 66,
    "chapter": "s-Block Elements",
    "question": "Which one of the following statements is true for all the alkali metals?",
    "question_latex": "Which one of the following statements is true for all the alkali metals?",
    "question_images": [],
    "options": [
      "A. Their nitrates decompose on heating to give $NO_{2}$ and $O_{2}$.",
      "B. Their carbonates decompose on heating to give $CO_{2}$ and the metal oxide.",
      "C. They react with oxygen to give mainly the oxide $M_{2}O$.",
      "D. They react with halogens to give the halides MX."
    ],
    "option_images": [],
    "answer": "D",
    "solution": "All alkali metals react directly with halogens to form ionic halides of the formula $MX$. Nitrate/carbonate stability varies for Lithium.",
    "solution_images": [],
    "difficulty": "Medium",
    "marks": 4
  },
  {
    "id": 67,
    "chapter": "s-Block Elements",
    "question": "The correct order regarding the solubility of alkaline earth metal chlorides in water is:",
    "question_latex": "The correct order regarding the solubility of alkaline earth metal chlorides in water is:",
    "question_images": [],
    "options": [
      "A. $BeCl_{2} < MgCl_{2} < CaCl_{2} < SrCl_{2} < BaCl_{2}$",
      "B. $MgCl_{2} > CaCl_{2} > BeCl_{2} > BaCl_{2} > SrCl_{2}$",
      "C. $BaCl_{2} > MgCl_{2} > CaCl_{2} > BeCl_{2} > SrCl_{2}$",
      "D. $BeCl_{2} > MgCl_{2} > CaCl_{2} > SrCl_{2} > BaCl_{2}$"
    ],
    "option_images": [],
    "answer": "D",
    "solution": "The solubility of alkaline earth metal chlorides decreases down the group as the hydration enthalpy decreases more rapidly than the lattice enthalpy.",
    "solution_images": [],
    "difficulty": "Hard",
    "marks": 4
  },
  {
    "id": 68,
    "chapter": "s-Block Elements",
    "question": "In which of the following, sodium carbonate is not used?",
    "question_latex": "In which of the following, sodium carbonate is not used?",
    "question_images": [],
    "options": [
      "A. In soap making",
      "B. In paper making",
      "C. In tyre making",
      "D. In baking of bread"
    ],
    "option_images": [],
    "answer": "C",
    "solution": "Sodium carbonate is used in glass, soap, and paper industries. It is not used in tyre manufacturing.",
    "solution_images": [],
    "difficulty": "Easy",
    "marks": 4
  },
  {
    "id": 69,
    "chapter": "s-Block Elements",
    "question": "Which of the following has maximum ionization energy?",
    "question_latex": "Which of the following has maximum ionization energy?",
    "question_images": [],
    "options": [
      "A. $Ba \\rightarrow Ba^{+} + e^{-}$",
      "B. $Be \\rightarrow Be^{+} + e^{-}$",
      "C. $Ca \\rightarrow Ca^{2+} + 2e^{-}$",
      "D. $Mg \\rightarrow Mg^{2+} + 2e^{-}$"
    ],
    "option_images": [],
    "answer": "D",
    "solution": "Ionization energy decreases down the group. Magnesium and Beryllium have higher values than Calcium and Barium. Removing the second electron from $Mg$ ($Mg^{+}$ to $Mg^{2+}$) requires significantly high energy.",
    "solution_images": [],
    "difficulty": "Hard",
    "marks": 4
  },
  {
    "id": 70,
    "chapter": "s-Block Elements",
    "question": "What is the purpose of adding gypsum to cement?",
    "question_latex": "What is the purpose of adding gypsum to cement?",
    "question_images": [],
    "options": [
      "A. To give a hard mass",
      "B. To slow down the process of setting",
      "C. To facilitate the hydration of cement",
      "D. To speed up the process of setting"
    ],
    "option_images": [],
    "answer": "B",
    "solution": "Gypsum ($CaSO_{4} \\cdot 2H_{2}O$) is added to cement to retard its setting time, allowing enough time for application.",
    "solution_images": [],
    "difficulty": "Easy",
    "marks": 4
  },
  {
    "id": 71,
    "chapter": "s-Block Elements",
    "question": "Which of the following ions, will have maximum hydration energy?",
    "question_latex": "Which of the following ions, will have maximum hydration energy?",
    "question_images": [],
    "options": [
      "A. $Sr^{2+}$",
      "B. $Ba^{2+}$",
      "C. $Ca^{2+}$",
      "D. $Mg^{2+}$"
    ],
    "option_images": [],
    "answer": "D",
    "solution": "Hydration energy is inversely proportional to the size of the ion. Since $Mg^{2+}$ is the smallest among the given ions, it has the highest hydration energy.",
    "solution_images": [],
    "difficulty": "Easy",
    "marks": 4
  },
  {
    "id": 72,
    "chapter": "s-Block Elements",
    "question": "Which one of the following is the highest melting halide?",
    "question_latex": "Which one of the following is the highest melting halide?",
    "question_images": [],
    "options": [
      "A. NaCl",
      "B. NaI",
      "C. NaBr",
      "D. NaF"
    ],
    "option_images": [],
    "answer": "D",
    "solution": "Because of the smaller size of $F^{-}$ ions, $NaF$ has the highest lattice energy and hence the highest melting point among sodium halides.",
    "solution_images": [],
    "difficulty": "Medium",
    "marks": 4
  },
  {
    "id": 73,
    "chapter": "s-Block Elements",
    "question": "Which of the following metal is used along with lithium to make the alloy named 'white metal'?",
    "question_latex": "Which of the following metal is used along with lithium to make the alloy named 'white metal'?",
    "question_images": [],
    "options": [
      "A. Nickel",
      "B. Aluminium",
      "C. Silver",
      "D. Lead"
    ],
    "option_images": [],
    "answer": "D",
    "solution": "White metal is an alloy of lithium with lead, used for making motor engine bearings.",
    "solution_images": [],
    "difficulty": "Medium",
    "marks": 4
  },
  {
    "id": 74,
    "chapter": "s-Block Elements",
    "question": "A firework gives out crimson coloured light. It contains a salt of",
    "question_latex": "A firework gives out crimson coloured light. It contains a salt of",
    "question_images": [],
    "options": [
      "A. Ca",
      "B. Na",
      "C. Sr",
      "D. Ba"
    ],
    "option_images": [],
    "answer": "C",
    "solution": "Strontium salts impart a characteristic crimson red color to the flame.",
    "solution_images": [],
    "difficulty": "Easy",
    "marks": 4
  },
  {
    "id": 75,
    "chapter": "s-Block Elements",
    "question": "Which of the following are found in biological fluids Na+, Mg2+, Ca2+, K+, Sr2+, Li+ and Ba2+?",
    "question_latex": "Which of the following are found in biological fluids $Na^{+}$, $Mg^{2+}$, $Ca^{2+}$, $K^{+}$, $Sr^{2+}$, $Li^{+}$ and $Ba^{2+}$?",
    "question_images": [],
    "options": [
      "A. $Mg^{2+}$, $Ca^{2+}$, and $Sr^{2+}$",
      "B. $Na^{2+}$ and $K^{+}$",
      "C. $Na^{+}$, $K^{+}$, $Mg^{2+}$ and $Ca^{2+}$",
      "D. $Sr^{+}$, $Li$ and $Ba^{2+}$"
    ],
    "option_images": [],
    "answer": "C",
    "solution": "Monovalent sodium and potassium ions and divalent magnesium and calcium ions are essential components found in large proportions in biological fluids.",
    "solution_images": [],
    "difficulty": "Easy",
    "marks": 4
  }, 
  {
    "id": 76,
    "chapter": "s-Block Elements",
    "question": "Which of the following alkaline earth metal sulphates has hydration enthalpy higher than the lattice enthalpy?",
    "question_latex": "Which of the following alkaline earth metal sulphates has hydration enthalpy higher than the lattice enthalpy?",
    "question_images": [],
    "options": [
      "A. $CaSO_{4}$ ",
      "B. $BeSO_{4}$ ",
      "C. $BaSO_{4}$ ",
      "D. $SrSO_{4}$ "
    ],
    "option_images": [],
    "answer": "B",
    "solution": "$Be^{2+}$ is very small, hence its hydration enthalpy is greater than its lattice enthalpy.",
    "solution_images": [],
    "difficulty": "Medium",
    "marks": 4
  },
  {
    "id": 77,
    "chapter": "s-Block Elements",
    "question": "When CO2 is bubbled into an aqueous solution of Na2CO3, the following is formed:",
    "question_latex": "When $CO_{2}$ is bubbled into an aqueous solution of $Na_{2}CO_{3}$, the following is formed:",
    "question_images": [],
    "options": [
      "A. $H_{2}O$ ",
      "B. $OH^{-}$ ",
      "C. $NaHCO_{3}$ ",
      "D. $NaOH$ "
    ],
    "option_images": [],
    "answer": "C",
    "solution": "$Na_{2}CO_{3} + CO_{2} + H_{2}O \\rightarrow 2NaHCO_{3}$",
    "solution_images": [],
    "difficulty": "Easy",
    "marks": 4
  },
  {
    "id": 78,
    "chapter": "s-Block Elements",
    "question": "Baryta is:",
    "question_latex": "Baryta is:",
    "question_images": [],
    "options": [
      "A. $BaO$ ",
      "B. $BaSO_{4}$ ",
      "C. $BaCO_{3}$ ",
      "D. $Ba(OH)_{2}$ "
    ],
    "option_images": [],
    "answer": "A",
    "solution": "Baryta is the common name for Barium oxide ($BaO$).",
    "solution_images": [],
    "difficulty": "Easy",
    "marks": 4
  },
  {
    "id": 79,
    "chapter": "s-Block Elements",
    "question": "The correct order of melting point is",
    "question_latex": "The correct order of melting point is",
    "question_images": [],
    "options": [
      "A. $Be > Mg > Ca > Sr$ ",
      "B. $Sr > Ca > Mg > Be$ ",
      "C. $Be > Ca > Mg > Sr$ ",
      "D. $Be > Ca > Sr > Mg$ "
    ],
    "option_images": [],
    "answer": "D",
    "solution": "The melting points (in K) are: $Be(1560) > Ca(1124) > Sr(1062) > Ba(1002) > Ra(973) > Mg(924)$. Magnesium has an abnormally low melting point due to its crystal structure.",
    "solution_images": [],
    "difficulty": "Hard",
    "marks": 4
  },
  {
    "id": 80,
    "chapter": "s-Block Elements",
    "question": "Number of paramagnetic oxides among the following given oxides is Li2O, CaO, Na2O2, KO2, MgO and K2O",
    "question_latex": "Number of paramagnetic oxides among the following given oxides is $Li_{2}O$, $CaO$, $Na_{2}O_{2}$, $KO_{2}$, $MgO$ and $K_{2}O$",
    "question_images": [],
    "options": [
      "A. 1",
      "B. 3",
      "C. 2",
      "D. 0"
    ],
    "option_images": [],
    "answer": "A",
    "solution": "$KO_{2}$ is a superoxide containing the $O_{2}^{-}$ ion which has one unpaired electron and is thus paramagnetic. The others contain $O^{2-}$ or $O_{2}^{2-}$ which are diamagnetic.",
    "solution_images": [],
    "difficulty": "Medium",
    "marks": 4
  },
  {
    "id": 81,
    "chapter": "s-Block Elements",
    "question": "Match the columns. Column-I: (A) Quick lime, (B) Slaked lime, (C) Bleaching powder, (D) Plaster of Paris. Column-II: (p) Ca(OH)2, (q) CaO, (r) Ca(OCl)2, (s) CaSO4. 1/2 H2O",
    "question_latex": "Match the columns. \\\\ \\textbf{Column-I:} (A) Quick lime, (B) Slaked lime, (C) Bleaching powder, (D) Plaster of Paris. \\\\ \\textbf{Column-II:} (p) $Ca(OH)_{2}$, (q) $CaO$, (r) $Ca(OCl)_{2}$, (s) $CaSO_{4} \\cdot \\frac{1}{2}H_{2}O$",
    "question_images": [],
    "options": [
      "A. A-(p), B-(q), C-(r), D-(s)",
      "B. A-(s), B-(r), C-(q), D-(p)",
      "C. A-(q), B-(p), C-(r), D-(s)",
      "D. A-(q), B-(p), C-(s), D-(r)"
    ],
    "option_images": [],
    "answer": "C",
    "solution": "Quick lime is $CaO$, Slaked lime is $Ca(OH)_{2}$, Bleaching powder is $Ca(OCl)_{2}$, and Plaster of Paris is $CaSO_{4} \\cdot \\frac{1}{2}H_{2}O$.",
    "solution_images": [],
    "difficulty": "Medium",
    "marks": 4
  },
  {
    "id": 82,
    "chapter": "s-Block Elements",
    "question": "Which alkali metal bicarbonates does not exist as solid?",
    "question_latex": "Which alkali metal bicarbonates does not exist as solid?",
    "question_images": [],
    "options": [
      "A. $LiHCO_{3}$ ",
      "B. $KHCO_{3}$ ",
      "C. $CsHCO_{3}$ ",
      "D. $NaHCO_{3}$ "
    ],
    "option_images": [],
    "answer": "A",
    "solution": "$LiHCO_{3}$ is not stable in the solid state; it exists only in solution.",
    "solution_images": [],
    "difficulty": "Medium",
    "marks": 4
  },
  {
    "id": 83,
    "chapter": "s-Block Elements",
    "question": "Which on heating with NaOH solution gives inflammable gas?",
    "question_latex": "Which on heating with $NaOH$ solution gives inflammable gas?",
    "question_images": [],
    "options": [
      "A. S",
      "B. Zn",
      "C. $NH_{4}Cl$ ",
      "D. $I_{2}$ "
    ],
    "option_images": [],
    "answer": "B",
    "solution": "$Zn + 2NaOH \\rightarrow Na_{2}ZnO_{2} + H_{2}\\uparrow$. Hydrogen is an inflammable gas.",
    "solution_images": [],
    "difficulty": "Medium",
    "marks": 4
  },
  {
    "id": 84,
    "chapter": "s-Block Elements",
    "question": "Which of the following oxides is formed when potassium metal is burnt is excess of air?",
    "question_latex": "Which of the following oxides is formed when potassium metal is burnt is excess of air?",
    "question_images": [],
    "options": [
      "A. $KO_{2}$ ",
      "B. $K_{2}O_{2}$ ",
      "C. $KO$ ",
      "D. $K_{2}O$ "
    ],
    "option_images": [],
    "answer": "A",
    "solution": "Potassium forms superoxide ($KO_{2}$) when burnt in excess air.",
    "solution_images": [],
    "difficulty": "Easy",
    "marks": 4
  },
  {
    "id": 85,
    "chapter": "s-Block Elements",
    "question": "Siedlitz powder contains:",
    "question_latex": "Siedlitz powder contains:",
    "question_images": [],
    "options": [
      "A. $CaCO_{3}$ ",
      "B. $MgCO_{3}$ ",
      "C. $NaHCO_{3}$ ",
      "D. $KNO_{3}$ "
    ],
    "option_images": [],
    "answer": "C",
    "solution": "Siedlitz powder is a mixture of sodium bicarbonate ($NaHCO_{3}$) and potassium sodium tartrate.",
    "solution_images": [],
    "difficulty": "Hard",
    "marks": 4
  },
  {
    "id": 86,
    "chapter": "s-Block Elements",
    "question": "The lightest metal among these is",
    "question_latex": "The lightest metal among these is",
    "question_images": [],
    "options": [
      "A. Li",
      "B. Mg",
      "C. Ca",
      "D. Na"
    ],
    "option_images": [],
    "answer": "A",
    "solution": "Lithium is the lightest known metal and the least dense solid element.",
    "solution_images": [],
    "difficulty": "Easy",
    "marks": 4
  },
  {
    "id": 87,
    "chapter": "s-Block Elements",
    "question": "Choose the correct statement from the following.",
    "question_latex": "Choose the correct statement from the following.",
    "question_images": [],
    "options": [
      "A. The low solubility of CsI in water is due to its high lattice enthalpy.",
      "B. The standard enthalpy of formation for alkali metal bromides becomes less negative on descending the group.",
      "C. LiF has least negative standard enthalpy of formation among alkali metal fluorides.",
      "D. Among the alkali metal halides, LiF is least soluble in water."
    ],
    "option_images": [],
    "answer": "D",
    "solution": "LiF is least soluble in water due to its high lattice enthalpy. Enthalpy of formation of LiF is the most negative.",
    "solution_images": [],
    "difficulty": "Hard",
    "marks": 4
  },
  {
    "id": 88,
    "chapter": "s-Block Elements",
    "question": "Among LiI, NaI, KI, the one which is more ionic and more soluble in water is",
    "question_latex": "Among $LiI$, $NaI$, $KI$, the one which is more ionic and more soluble in water is",
    "question_images": [],
    "options": [
      "A. KI",
      "B. NaI",
      "C. LiI",
      "D. None of these"
    ],
    "option_images": [],
    "answer": "A",
    "solution": "According to Fajans' rule, the larger the cation, the less its polarizing power and more ionic the compound. $KI$ is most ionic and thus most soluble.",
    "solution_images": [],
    "difficulty": "Medium",
    "marks": 4
  },
  {
    "id": 89,
    "chapter": "s-Block Elements",
    "question": "Which element of IA group is most abundantly found in combined state?",
    "question_latex": "Which element of IA group is most abundantly found in combined state?",
    "question_images": [],
    "options": [
      "A. Li",
      "B. Na",
      "C. Cs",
      "D. K"
    ],
    "option_images": [],
    "answer": "B",
    "solution": "Sodium is the most abundant alkali metal in the earth's crust, followed by potassium.",
    "solution_images": [],
    "difficulty": "Easy",
    "marks": 4
  },
  {
    "id": 90,
    "chapter": "s-Block Elements",
    "question": "The raw materials in Solvay process are:",
    "question_latex": "The raw materials in Solvay process are:",
    "question_images": [],
    "options": [
      "A. NaOH, CaO and $NH_{3}$ ",
      "B. $Na_{2}CO_{3}$, $CaCO_{3}$ and $NH_{3}$ ",
      "C. $Na_{2}SO_{4}$, $CaCO_{3}$ and $NH_{3}$ ",
      "D. NaCl, $NH_{3}$, $CaCO_{3}$ "
    ],
    "option_images": [],
    "answer": "D",
    "solution": "The Solvay process uses brine ($NaCl$), ammonia ($NH_{3}$), and limestone ($CaCO_{3}$) to produce sodium carbonate.",
    "solution_images": [],
    "difficulty": "Medium",
    "marks": 4
  },
  {
    "id": 91,
    "chapter": "s-Block Elements",
    "question": "The most dangerous method of preparing hydrogen would be by the action of HCl on:",
    "question_latex": "The most dangerous method of preparing hydrogen would be by the action of $HCl$ on:",
    "question_images": [],
    "options": [
      "A. Zn",
      "B. Fe",
      "C. K",
      "D. Al"
    ],
    "option_images": [],
    "answer": "C",
    "solution": "Potassium reacts explosively and violently with acids like $HCl$, making it dangerous.",
    "solution_images": [],
    "difficulty": "Easy",
    "marks": 4
  },
  {
    "id": 92,
    "chapter": "s-Block Elements",
    "question": "The correct order of conductivity of ions in water is",
    "question_latex": "The correct order of conductivity of ions in water is",
    "question_images": [],
    "options": [
      "A. $Na^{+} > K^{+} > Rb^{+} > Cs^{+}$ ",
      "B. $Cs^{+} > Rb^{+} > K^{+} > Na^{+}$ ",
      "C. $Rb^{+} > Na^{+} > K^{+} > Li^{+}$ ",
      "D. $K^{+} > Na^{+} > Cs^{+} > Rb^{+}$ "
    ],
    "option_images": [],
    "answer": "B",
    "solution": "Smaller ions like $Na^{+}$ are more highly hydrated, increasing their effective size and decreasing their mobility and conductivity. Conductivity order: $Cs^{+} > Rb^{+} > K^{+} > Na^{+}$. ",
    "solution_images": [],
    "difficulty": "Hard",
    "marks": 4
  },
  {
    "id": 93,
    "chapter": "s-Block Elements",
    "question": "Which alkali metal is frequently used in solar cells?",
    "question_latex": "Which alkali metal is frequently used in solar cells?",
    "question_images": [],
    "options": [
      "A. Na",
      "B. Li",
      "C. K",
      "D. Cs"
    ],
    "option_images": [],
    "answer": "D",
    "solution": "Cesium has the lowest ionization energy, making it ideal for photoelectric cells/solar cells.",
    "solution_images": [],
    "difficulty": "Easy",
    "marks": 4
  },
  {
    "id": 94,
    "chapter": "s-Block Elements",
    "question": "The correct order of solubility of fluorides at alkaline earth metals is:",
    "question_latex": "The correct order of solubility of fluorides at alkaline earth metals is:",
    "question_images": [],
    "options": [
      "A. $MgF_{2} > BaF_{2} > SrF_{2} > CaF_{2} > BeF_{2}$ ",
      "B. $BeF_{2} > MgF_{2} > CaF_{2} > SrF_{2} > BaF_{2}$ ",
      "C. $BaF_{2} > SrF_{2} > CaF_{2} > MgF_{2} > BeF_{2}$ ",
      "D. None of the above"
    ],
    "option_images": [],
    "answer": "B",
    "solution": "The solubility of alkaline earth metal fluorides decreases down the group. $BeF_{2}$ is highly soluble due to the high hydration energy of $Be^{2+}$.",
    "solution_images": [],
    "difficulty": "Hard",
    "marks": 4
  },
  {
    "id": 95,
    "chapter": "s-Block Elements",
    "question": "Which of the following statement(s) is/are correct regarding Li2CO3 and Na2CO3? (i) Sodium salt evolve CO2 at higher temperature. (ii) Polarization of Na+ is lesser than that of Li+",
    "question_latex": "Which of the following statement(s) is/are correct regarding $Li_{2}CO_{3}$ and $Na_{2}CO_{3}$? \\\\ (i) Sodium salt evolve $CO_{2}$ at higher temperature. \\\\ (ii) Polarization of $Na^{+}$ is lesser than that of $Li^{+}$",
    "question_images": [],
    "options": [
      "A. Both statements (i) and (ii) are correct",
      "B. Both statements (i) and (ii) are incorrect",
      "C. Statement (ii) is correct explanation for statement (i)",
      "D. Statement (i) is correct explanation for statement (ii)"
    ],
    "option_images": [],
    "answer": "C",
    "solution": "$Li_{2}CO_{3}$ decomposes on heating while $Na_{2}CO_{3}$ is stable. This is because $Li^{+}$ is smaller and has higher polarizing power, destabilizing the carbonate ion.",
    "solution_images": [],
    "difficulty": "Hard",
    "marks": 4
  },
  {
    "id": 96,
    "chapter": "s-Block Elements",
    "question": "The chemical which is used for plastering the broken bones is",
    "question_latex": "The chemical which is used for plastering the broken bones is",
    "question_images": [],
    "options": [
      "A. $(CaSO_{4})_{2} \\cdot H_{2}O$ ",
      "B. $MgSO_{4} \\cdot 7H_{2}O$ ",
      "C. $FeSO_{4}$ ",
      "D. $CuSO_{4}$ "
    ],
    "option_images": [],
    "answer": "A",
    "solution": "Plaster of Paris ($CaSO_{4} \\cdot \\frac{1}{2}H_{2}O$) is used for plastering broken bones.",
    "solution_images": [],
    "difficulty": "Easy",
    "marks": 4
  },
  {
    "id": 97,
    "chapter": "s-Block Elements",
    "question": "Which of the following is non-metallic?",
    "question_latex": "Which of the following is non-metallic?",
    "question_images": [],
    "options": [
      "A. B",
      "B. Be",
      "C. Mg",
      "D. Al"
    ],
    "option_images": [],
    "answer": "A",
    "solution": "Boron is a non-metal/metalloid, while Beryllium, Magnesium, and Aluminium are metals.",
    "solution_images": [],
    "difficulty": "Easy",
    "marks": 4
  },
  {
    "id": 98,
    "chapter": "s-Block Elements",
    "question": "Zinc carbonate can be obtained from a solution of zinc chloride by adding:",
    "question_latex": "Zinc carbonate can be obtained from a solution of zinc chloride by adding:",
    "question_images": [],
    "options": [
      "A. $NaHCO_{3}$ ",
      "B. $Na_{2}CO_{3}$ ",
      "C. $CaCO_{3}$ ",
      "D. $MgCO_{3}$ "
    ],
    "option_images": [],
    "answer": "A",
    "solution": "$ZnCl_{2} + 2NaHCO_{3} \\rightarrow ZnCO_{3} + 2NaCl + H_{2}O + CO_{2}$",
    "solution_images": [],
    "difficulty": "Hard",
    "marks": 4
  },
  {
    "id": 99,
    "chapter": "s-Block Elements",
    "question": "Given below are two statements. Assertion (A): BeCl2 and MgCl2 produce characteristic flame. Reason (R): The excitation energy is high in BeCl2 and MgCl2.",
    "question_latex": "Given below are two statements. \\\\ \\textbf{Assertion (A):} $BeCl_{2}$ and $MgCl_{2}$ produce characteristic flame. \\\\ \\textbf{Reason (R):} The excitation energy is high in $BeCl_{2}$ and $MgCl_{2}$.",
    "question_images": [],
    "options": [
      "A. Both (A) and (R) are true but R is not the correct explanation of (A).",
      "B. (A) is true but (R) is false.",
      "C. Both (A) and (R) are true and (R) is the correct explanation of (A)",
      "D. (A) is false but (R) is true."
    ],
    "option_images": [],
    "answer": "D",
    "solution": "Be and Mg do not impart color to the flame because they are small and their electrons are strongly held, requiring high energy for excitation.",
    "solution_images": [],
    "difficulty": "Medium",
    "marks": 4
  },
  {
    "id": 100,
    "chapter": "s-Block Elements",
    "question": "Indian saltpetre is:",
    "question_latex": "Indian saltpetre is:",
    "question_images": [],
    "options": [
      "A. $KNO_{3}$ ",
      "B. $NaNO_{3}$ ",
      "C. $NaCl$ ",
      "D. $Na_{2}CO_{3}$ "
    ],
    "option_images": [],
    "answer": "A",
    "solution": "Potassium nitrate ($KNO_{3}$) is commonly known as Indian saltpetre.",
    "solution_images": [],
    "difficulty": "Easy",
    "marks": 4
  }
]


