[
  {
    "id": 1,
    "chapter": "Probability",
    "question": "The probability of an event that is certain to happen is:",
    "options": [
      "0",
      "1",
      "0.5",
      "Undefined"
    ],
    "answer": "1",
    "difficulty": "easy",
    "marks": 1,
    "solution": "This is a dummy solution for: The probability of an event that is certain to hap..."
  },
  {
    "id": 2,
    "chapter": "Probability",
    "question": "The probability of an impossible event is:",
    "options": [
      "0",
      "1",
      "0.5",
      "Undefined"
    ],
    "answer": "0",
    "difficulty": "easy",
    "marks": 1,
    "solution": "This is a dummy solution for: The probability of an impossible event is:..."
  },
  {
    "id": 3,
    "chapter": "Probability",
    "question": "If a die is rolled, the probability of getting an even number is:",
    "options": [
      "1/2",
      "1/3",
      "1/6",
      "2/3"
    ],
    "answer": "1/2",
    "difficulty": "easy",
    "marks": 1,
    "solution": "This is a dummy solution for: If a die is rolled, the probability of getting an ..."
  },
  {
    "id": 4,
    "chapter": "Probability",
    "question": "If P(A) = 0.3, then P(A') is:",
    "options": [
      "0.3",
      "0.7",
      "1",
      "0"
    ],
    "answer": "0.7",
    "difficulty": "easy",
    "marks": 1,
    "solution": "This is a dummy solution for: If P(A) = 0.3, then P(A') is:..."
  },
  {
    "id": 5,
    "chapter": "Probability",
    "question": "Two events A and B are mutually exclusive if:",
    "options": [
      "P(A ∩ B) = 0",
      "P(A ∪ B) = 0",
      "P(A) = P(B)",
      "P(A) + P(B) = 1 always"
    ],
    "answer": "P(A ∩ B) = 0",
    "difficulty": "medium",
    "marks": 1,
    "solution": "This is a dummy solution for: Two events A and B are mutually exclusive if:..."
  },
  {
    "id": 6,
    "chapter": "Probability",
    "question": "If two events A and B are independent, then:",
    "options": [
      "P(A ∩ B) = P(A) + P(B)",
      "P(A ∩ B) = P(A)P(B)",
      "P(A ∪ B) = P(A)P(B)",
      "P(A ∩ B) = 0"
    ],
    "answer": "P(A ∩ B) = P(A)P(B)",
    "difficulty": "medium",
    "marks": 1,
    "solution": "This is a dummy solution for: If two events A and B are independent, then:..."
  },
  {
    "id": 7,
    "chapter": "Probability",
    "question": "If a coin is tossed twice, the probability of getting at least one head is:",
    "options": [
      "1/4",
      "1/2",
      "3/4",
      "1"
    ],
    "answer": "3/4",
    "difficulty": "medium",
    "marks": 1,
    "solution": "This is a dummy solution for: If a coin is tossed twice, the probability of gett..."
  },
  {
    "id": 8,
    "chapter": "Probability",
    "question": "If a card is drawn from a standard deck of 52 cards, the probability of getting a king or a heart is:",
    "options": [
      "1/4",
      "4/13",
      "16/52",
      "17/52"
    ],
    "answer": "17/52",
    "difficulty": "medium",
    "marks": 1,
    "solution": "This is a dummy solution for: If a card is drawn from a standard deck of 52 card..."
  },
  {
    "id": 9,
    "chapter": "Probability",
    "question": "If P(A) = 0.5, P(B) = 0.6, and A and B are mutually exclusive, then P(A ∪ B) is:",
    "options": [
      "0.3",
      "1.1",
      "0.5",
      "1.0"
    ],
    "answer": "1.1",
    "difficulty": "medium",
    "marks": 1,
    "solution": "This is a dummy solution for: If P(A) = 0.5, P(B) = 0.6, and A and B are mutuall..."
  },
  {
    "id": 10,
    "chapter": "Probability",
    "question": "Conditional probability P(A|B) is defined as:",
    "options": [
      "P(A)P(B)",
      "P(A ∩ B)/P(B)",
      "P(A ∪ B)",
      "P(A) - P(B)"
    ],
    "answer": "P(A ∩ B)/P(B)",
    "difficulty": "medium",
    "marks": 1,
    "solution": "This is a dummy solution for: Conditional probability P(A|B) is defined as:..."
  }
]