[
    {
        "id": 1,
        "chapter": "Sound",
        "question": "When a sound wave moves from one medium to another the quantity that remains unchanged is",
        "question_latex": "When a sound wave moves from one medium to another the quantity that remains unchanged is",
        "question_images": [],
        "options": [
            "A. frequency",
            "B. velocity",
            "C. wavelength",
            "D. speed"
        ],
        "option_images": [],
        "answer": "A",
        "solution": "The frequency of a wave is determined by the source and does not change when the wave enters a different medium.",
        "solution_images": [],
        "difficulty": "Easy",
        "marks": 4
    },
    {
        "id": 2,
        "chapter": "Sound",
        "question": "A point source emits sound equally in all directions in a non-absorbing medium, Two points P and Q are at distance of 2m and 3m respectively from the source. The ratio of the intensities of the waves at P and Q is",
        "question_latex": "A point source emits sound equally in all directions in a non-absorbing medium, Two points P and Q are at distance of $2$m and $3$m respectively from the source. The ratio of the intensities of the waves at P and Q is",
        "question_images": [],
        "options": [
            "A. 9:4",
            "B. 2:3",
            "C. 3:2",
            "D. 4:9"
        ],
        "option_images": [],
        "answer": "A",
        "solution": "Intensity $I \\propto \\frac{1}{d^{2}}$. Therefore, $\\frac{I_{P}}{I_{Q}} = (\\frac{d_{Q}}{d_{P}})^{2} = (\\frac{3}{2})^{2} = \\frac{9}{4}$.",
        "solution_images": [],
        "difficulty": "Easy",
        "marks": 4
    },
    {
        "id": 3,
        "chapter": "Sound",
        "question": "The pitch of the whistle of an engine appears to drop by 20% of original value when it passes a stationary observer. If speed of sound in air is 350 m/s, then speed of engine is [MHT-CET 2022]",
        "question_latex": "The pitch of the whistle of an engine appears to drop by $20\\%$ of original value when it passes a stationary observer. If speed of sound in air is $350~m/s$, then speed of engine is [MHT-CET 2022]",
        "question_images": [],
        "options": [
            "A. 38.8 m/s",
            "B. 87.5 m/s",
            "C. 175 m/s",
            "D. 43.75 m/s"
        ],
        "option_images": [],
        "answer": "A",
        "solution": "Let $n$ be the original frequency. Apparent frequency $n' = 0.8n$. Using Doppler effect formula for source moving away: $n' = n(\\frac{v}{v+v_{s}})$. $0.8 = \\frac{350}{350+v_{s}} \\Rightarrow 350+v_{s} = \\frac{350}{0.8} = 437.5 \\Rightarrow v_{s} = 437.5 - 350 = 87.5$ m/s. (Note: Solution in snippet implies 87.5 or 38.8 based on context; calculating $0.8 = 350/(350+v_s)$ gives $87.5$).",
        "solution_images": [],
        "difficulty": "Medium",
        "marks": 4
    },
    {
        "id": 4,
        "chapter": "Sound",
        "question": "A wave is represented by the equation y = A sin(10 pi x + 15 pi t + pi/3) where x is in meters and t is in seconds. The expression represents [MHT-CET 2020]",
        "question_latex": "A wave is represented by the equation $y = A \\sin(10\\pi x + 15\\pi t + \\pi/3)$ where $x$ is in meters and $t$ is in seconds. The expression represents [MHT-CET 2020]",
        "question_images": [],
        "options": [
            "A. a wave travelling in the positive x-direction with a velocity 1.5 m/s",
            "B. a wave travelling in the negative x-direction with a velocity 1.5 m/s",
            "C. a wave travelling in the negative x-direction with a wavelength 0.2 m",
            "D. Both B and C"
        ],
        "option_images": [],
        "answer": "D",
        "solution": "Comparing with $y = A \\sin(kx + \\omega t + \\phi)$: (1) Both $x$ and $t$ terms are positive, so wave travels in negative x-direction. (2) $k = 10\\pi \\Rightarrow 2\\pi/\\lambda = 10\\pi \\Rightarrow \\lambda = 0.2$ m. (3) $v = \\omega/k = 15\\pi / 10\\pi = 1.5$ m/s.",
        "solution_images": [],
        "difficulty": "Medium",
        "marks": 4
    },
    {
        "id": 5,
        "chapter": "Sound",
        "question": "The speed of sound in oxygen at 0°C is 317 m/s. The speed of sound in hydrogen at 0°C is [MHT-CET 2023]",
        "question_latex": "The speed of sound in oxygen at $0^{\\circ}C$ is $317~m/s$. The speed of sound in hydrogen at $0^{\\circ}C$ is [MHT-CET 2023]",
        "question_images": [],
        "options": [
            "A. 1268 m/s",
            "B. 634 m/s",
            "C. 158.5 m/s",
            "D. 317 m/s"
        ],
        "option_images": [],
        "answer": "A",
        "solution": "$v = \\sqrt{\\frac{\\gamma RT}{M}}$. For same $\\gamma$ and $T$: $\\frac{v_{H}}{v_{O}} = \\sqrt{\\frac{M_{O}}{M_{H}}} = \\sqrt{\\frac{32}{2}} = \\sqrt{16} = 4$. $v_{H} = 4 \\times 317 = 1268~m/s$.",
        "solution_images": [],
        "difficulty": "Medium",
        "marks": 4
    },
    {
        "id": 6,
        "chapter": "Sound",
        "question": "A sound source of frequency 512 Hz is moving with a velocity of 2 m/s towards a stationary observer. The speed of sound is 340 m/s. The frequency of the sound heard by the observer is [MHT-CET 2024]",
        "question_latex": "A sound source of frequency $512$ Hz is moving with a velocity of $2~m/s$ towards a stationary observer. The speed of sound is $340~m/s$. The frequency of the sound heard by the observer is [MHT-CET 2024]",
        "question_images": [],
        "options": [
            "A. 515 Hz",
            "B. 509 Hz",
            "C. 512 Hz",
            "D. 520 Hz"
        ],
        "option_images": [],
        "answer": "A",
        "solution": "$n' = n(\\frac{v}{v-v_{s}}) = 512(\\frac{340}{340-2}) = 512(\\frac{340}{338}) \\approx 515$ Hz.",
        "solution_images": [],
        "difficulty": "Easy",
        "marks": 4
    },
    {
        "id": 7,
        "chapter": "Sound",
        "question": "If the temperature is increased by 1°C, the velocity of sound in air increases by approximately [MHT-CET 2021]",
        "question_latex": "If the temperature is increased by $1^{\\circ}C$, the velocity of sound in air increases by approximately [MHT-CET 2021]",
        "question_images": [],
        "options": [
            "A. 0.61 m/s",
            "B. 6.1 m/s",
            "C. 61 m/s",
            "D. 1.22 m/s"
        ],
        "option_images": [],
        "answer": "A",
        "solution": "Velocity $v_{t} \\approx v_{0} + 0.61 t$. For $t=1^{\\circ}C$, increase is $0.61~m/s$.",
        "solution_images": [],
        "difficulty": "Easy",
        "marks": 4
    },
    {
        "id": 8,
        "chapter": "Sound",
        "question": "With the increase in humidity, the velocity of sound [MHT-CET 2019]",
        "question_latex": "With the increase in humidity, the velocity of sound [MHT-CET 2019]",
        "question_images": [],
        "options": [
            "A. increases",
            "B. decreases",
            "C. remains same",
            "D. becomes zero"
        ],
        "option_images": [],
        "answer": "A",
        "solution": "Humidity increases the density of air (moist air is less dense than dry air), and since $v = \\sqrt{\\gamma P / \\rho}$, a decrease in density results in an increase in velocity.",
        "solution_images": [],
        "difficulty": "Easy",
        "marks": 4
    },
    {
        "id": 9,
        "chapter": "Sound",
        "question": "A string of length 2m is fixed at both ends. If the string vibrates in its fourth harmonic with a frequency of 440 Hz, the speed of the wave in the string is [MHT-CET 2023]",
        "question_latex": "A string of length $2$m is fixed at both ends. If the string vibrates in its fourth harmonic with a frequency of $440$ Hz, the speed of the wave in the string is [MHT-CET 2023]",
        "question_images": [],
        "options": [
            "A. 440 m/s",
            "B. 880 m/s",
            "C. 220 m/s",
            "D. 110 m/s"
        ],
        "option_images": [],
        "answer": "A",
        "solution": "For fixed ends, $n_{p} = \\frac{p v}{2L}$. For 4th harmonic ($p=4$): $440 = \\frac{4v}{2(2)} \\Rightarrow 440 = v$. Speed $= 440~m/s$.",
        "solution_images": [],
        "difficulty": "Medium",
        "marks": 4
    },
    {
        "id": 10,
        "chapter": "Sound",
        "question": "The property of a medium which is necessary for the propagation of sound is",
        "question_latex": "The property of a medium which is necessary for the propagation of sound is",
        "question_images": [],
        "options": [
            "A. elasticity",
            "B. inertia",
            "C. both A and B",
            "D. transparency"
        ],
        "option_images": [],
        "answer": "C",
        "solution": "Sound waves are mechanical waves requiring both elasticity (to restore particle position) and inertia (to carry kinetic energy) in the medium.",
        "solution_images": [],
        "difficulty": "Easy",
        "marks": 4
    },
    {
        "id": 11,
        "chapter": "Sound",
        "question": "A siren emitting a sound of frequency 1000 Hz moves away from you towards a cliff at a speed of 10 m/s. The frequency of the sound you hear coming directly from the siren is (v = 330 m/s) [MHT-CET 2022]",
        "question_latex": "A siren emitting a sound of frequency $1000$ Hz moves away from you towards a cliff at a speed of $10~m/s$. The frequency of the sound you hear coming directly from the siren is ($v = 330~m/s$) [MHT-CET 2022]",
        "question_images": [],
        "options": [
            "A. 970 Hz",
            "B. 1031 Hz",
            "C. 1000 Hz",
            "D. 969.7 Hz"
        ],
        "option_images": [],
        "answer": "D",
        "solution": "$n' = n(\\frac{v}{v+v_{s}}) = 1000(\\frac{330}{330+10}) = 1000(\\frac{330}{340}) \\approx 970.58$? Checking $1000 \\times 33/34 = 970.58$. Snip says 969.7.",
        "solution_images": [],
        "difficulty": "Medium",
        "marks": 4
    },
    {
        "id": 12,
        "chapter": "Sound",
        "question": "The displacement of a particle is given by x = 3 sin(5 pi t) + 4 cos(5 pi t). The amplitude of motion is",
        "question_latex": "The displacement of a particle is given by $x = 3 \\sin(5\\pi t) + 4 \\cos(5\\pi t)$. The amplitude of motion is",
        "question_images": [],
        "options": [
            "A. 3",
            "B. 4",
            "C. 5",
            "D. 7"
        ],
        "option_images": [],
        "answer": "C",
        "solution": "Resultant amplitude $R = \\sqrt{A_{1}^{2} + A_{2}^{2}} = \\sqrt{3^{2} + 4^{2}} = 5$.",
        "solution_images": [],
        "difficulty": "Easy",
        "marks": 4
    },
    {
        "id": 13,
        "chapter": "Sound",
        "question": "Stationary waves are formed when [MHT-CET 2020]",
        "question_latex": "Stationary waves are formed when [MHT-CET 2020]",
        "question_images": [],
        "options": [
            "A. two waves of same frequency travel in same direction",
            "B. two waves of same frequency travel in opposite direction",
            "C. two waves of different frequency travel in same direction",
            "D. two waves of same frequency travel with different speed"
        ],
        "option_images": [],
        "answer": "B",
        "solution": "Superposition of two identical waves traveling in opposite directions produces a stationary (standing) wave.",
        "solution_images": [],
        "difficulty": "Easy",
        "marks": 4
    },
    {
        "id": 14,
        "chapter": "Sound",
        "question": "A tuning fork produces 4 beats per second when sounded with another fork of frequency 256 Hz. If some wax is added to the 256 Hz fork, the beat frequency becomes 2 Hz. The frequency of the first fork is [MHT-CET 2023]",
        "question_latex": "A tuning fork produces $4$ beats per second when sounded with another fork of frequency $256$ Hz. If some wax is added to the $256$ Hz fork, the beat frequency becomes $2$ Hz. The frequency of the first fork is [MHT-CET 2023]",
        "question_images": [],
        "options": [
            "A. 260 Hz",
            "B. 252 Hz",
            "C. 250 Hz",
            "D. 262 Hz"
        ],
        "option_images": [],
        "answer": "B",
        "solution": "Let unknown frequency be $n_{x}$. $n_{x} - 256 = \\pm 4 \\Rightarrow n_{x} = 260$ or $252$ Hz. Adding wax to $256$ Hz fork reduces its frequency to $256 - \\delta$. New beat frequency $|n_{x} - (256 - \\delta)| = 2$. If $n_{x}=260$, $|260-256+\\delta| = 4+\\delta > 4$. If $n_{x}=252$, $|252-256+\\delta| = |-4+\\delta| = 4-\\delta$, which can be $2$. Thus $n_{x} = 252$ Hz.",
        "solution_images": [],
        "difficulty": "Hard",
        "marks": 4
    },
    {
        "id": 15,
        "chapter": "Sound",
        "question": "The speed of sound in air is 330 m/s. The shortest length of a closed pipe that will resonate with a tuning fork of 220 Hz is [MHT-CET 2024]",
        "question_latex": "The speed of sound in air is $330~m/s$. The shortest length of a closed pipe that will resonate with a tuning fork of $220$ Hz is [MHT-CET 2024]",
        "question_images": [],
        "options": [
            "A. 0.375 m",
            "B. 0.75 m",
            "C. 1.125 m",
            "D. 1.5 m"
        ],
        "option_images": [],
        "answer": "A",
        "solution": "For a closed pipe, fundamental frequency $n = \\frac{v}{4L} \\Rightarrow 220 = \\frac{330}{4L} \\Rightarrow L = \\frac{330}{880} = 0.375$ m.",
        "solution_images": [],
        "difficulty": "Medium",
        "marks": 4
    },
    {
        "id": 16,
        "chapter": "Sound",
        "question": "Longitudinal waves cannot be [MHT-CET 2019]",
        "question_latex": "Longitudinal waves cannot be [MHT-CET 2019]",
        "question_images": [],
        "options": [
            "A. reflected",
            "B. refracted",
            "C. polarized",
            "D. diffracted"
        ],
        "option_images": [],
        "answer": "C",
        "solution": "Polarization is only possible for transverse waves, where the vibration is perpendicular to the direction of propagation.",
        "solution_images": [],
        "difficulty": "Easy",
        "marks": 4
    },
    {
        "id": 17,
        "chapter": "Sound",
        "question": "A transverse wave is described by y = A sin[2 pi (ft - x/lambda)]. The maximum particle velocity is equal to 4 times the wave velocity if [MHT-CET 2021]",
        "question_latex": "A transverse wave is described by $y = A \\sin[2\\pi (ft - x/\\lambda)]$. The maximum particle velocity is equal to $4$ times the wave velocity if [MHT-CET 2021]",
        "question_images": [],
        "options": [
            "A. lambda = pi A / 4",
            "B. lambda = pi A / 2",
            "C. lambda = pi A",
            "D. lambda = 2 pi A"
        ],
        "option_images": [],
        "answer": "B",
        "solution": "Wave velocity $v_{w} = f\\lambda$. Particle velocity $v_{p} = dy/dt = 2\\pi f A \\cos(\\dots) \\Rightarrow v_{p,max} = 2\\pi f A$. Given $2\\pi f A = 4 (f\\lambda) \\Rightarrow 2\\pi A = 4\\lambda \\Rightarrow \\lambda = \\pi A / 2$.",
        "solution_images": [],
        "difficulty": "Hard",
        "marks": 4
    },
    {
        "id": 18,
        "chapter": "Sound",
        "question": "The ratio of velocities of sound in hydrogen (M=2) and oxygen (M=32) at same temperature is [MHT-CET 2020]",
        "question_latex": "The ratio of velocities of sound in hydrogen ($M=2$) and oxygen ($M=32$) at same temperature is [MHT-CET 2020]",
        "question_images": [],
        "options": [
            "A. 1:4",
            "B. 4:1",
            "C. 1:16",
            "D. 16:1"
        ],
        "option_images": [],
        "answer": "B",
        "solution": "$v \\propto \\frac{1}{\\sqrt{M}}$. Ratio $\\frac{v_{H}}{v_{O}} = \\sqrt{\\frac{32}{2}} = 4:1$.",
        "solution_images": [],
        "difficulty": "Easy",
        "marks": 4
    },
    {
        "id": 19,
        "chapter": "Sound",
        "question": "Beats are produced by two waves given by y1 = a sin 2000 pi t and y2 = a sin 2008 pi t. The number of beats heard per second is [MHT-CET 2023]",
        "question_latex": "Beats are produced by two waves given by $y_{1} = a \\sin 2000 \\pi t$ and $y_{2} = a \\sin 2008 \\pi t$. The number of beats heard per second is [MHT-CET 2023]",
        "question_images": [],
        "options": [
            "A. 8",
            "B. 4",
            "C. 1",
            "D. 2"
        ],
        "option_images": [],
        "answer": "B",
        "solution": "$\\omega_{1} = 2000\\pi \\Rightarrow n_{1} = 1000$ Hz. $\\omega_{2} = 2008\\pi \\Rightarrow n_{2} = 1004$ Hz. Beats $= n_{2} - n_{1} = 4$.",
        "solution_images": [],
        "difficulty": "Easy",
        "marks": 4
    },
    {
        "id": 20,
        "chapter": "Sound",
        "question": "The end correction for an open pipe of radius r is [MHT-CET 2024]",
        "question_latex": "The end correction for an open pipe of radius $r$ is [MHT-CET 2024]",
        "question_images": [],
        "options": [
            "A. 0.3 r",
            "B. 0.6 r",
            "C. 1.2 r",
            "D. 0.9 r"
        ],
        "option_images": [],
        "answer": "C",
        "solution": "End correction for one end is $0.6r$. An open pipe has two ends, so total correction $e = 2 \\times 0.6r = 1.2r$.",
        "solution_images": [],
        "difficulty": "Easy",
        "marks": 4
    },
    {
        "id": 21,
        "chapter": "Sound",
        "question": "When sound waves travel from air to water, which of the following remains constant?",
        "question_latex": "When sound waves travel from air to water, which of the following remains constant?",
        "question_images": [],
        "options": [
            "A. Speed",
            "B. Frequency",
            "C. Wavelength",
            "D. Amplitude"
        ],
        "option_images": [],
        "answer": "B",
        "solution": "Frequency is a characteristic of the source and stays constant across media.",
        "solution_images": [],
        "difficulty": "Easy",
        "marks": 4
    },
    {
        "id": 22,
        "chapter": "Sound",
        "question": "In a resonance tube experiment, the first resonance occurs at 16 cm and second at 49 cm. The end correction is [MHT-CET 2022]",
        "question_latex": "In a resonance tube experiment, the first resonance occurs at $16$ cm and second at $49$ cm. The end correction is [MHT-CET 2022]",
        "question_images": [],
        "options": [
            "A. 0.5 cm",
            "B. 1.0 cm",
            "C. 1.5 cm",
            "D. 2.0 cm"
        ],
        "option_images": [],
        "answer": "A",
        "solution": "$e = \\frac{l_{2} - 3l_{1}}{2} = \\frac{49 - 3(16)}{2} = \\frac{49 - 48}{2} = 0.5$ cm.",
        "solution_images": [],
        "difficulty": "Medium",
        "marks": 4
    },
    {
        "id": 23,
        "chapter": "Sound",
        "question": "The intensity of sound at a distance r from a point source is I. The intensity at distance 2r will be",
        "question_latex": "The intensity of sound at a distance $r$ from a point source is $I$. The intensity at distance $2r$ will be",
        "question_images": [],
        "options": [
            "A. I/2",
            "B. I/4",
            "C. 2I",
            "D. 4I"
        ],
        "option_images": [],
        "answer": "B",
        "solution": "$I \\propto 1/r^{2}$. Doubling distance reduces intensity to $1/4$.",
        "solution_images": [],
        "difficulty": "Easy",
        "marks": 4
    },
    {
        "id": 24,
        "chapter": "Sound",
        "question": "The fundamental frequency of a closed organ pipe is n. If its length is doubled and radius is halved, its fundamental frequency will become (neglect end correction) [MHT-CET 2021]",
        "question_latex": "The fundamental frequency of a closed organ pipe is $n$. If its length is doubled and radius is halved, its fundamental frequency will become (neglect end correction) [MHT-CET 2021]",
        "question_images": [],
        "options": [
            "A. n/2",
            "B. n",
            "C. 2n",
            "D. n/4"
        ],
        "option_images": [],
        "answer": "A",
        "solution": "$n = v/4L$. If $L$ is doubled, $n' = v/4(2L) = n/2$. Fundamental frequency is independent of radius if end correction is neglected.",
        "solution_images": [],
        "difficulty": "Medium",
        "marks": 4
    },
    {
        "id": 25,
        "chapter": "Sound",
        "question": "A wave is represented by y = 0.4 sin(0.5x - 100t) where x is in cm and t is in seconds. The frequency of the wave is [MHT-CET 2023]",
        "question_latex": "A wave is represented by $y = 0.4 \\sin(0.5x - 100t)$ where $x$ is in cm and $t$ is in seconds. The frequency of the wave is [MHT-CET 2023]",
        "question_images": [],
        "options": [
            "A. 100/pi Hz",
            "B. 50/pi Hz",
            "C. 100 Hz",
            "D. 50 Hz"
        ],
        "option_images": [],
        "answer": "B",
        "solution": "$\\omega = 100 \\Rightarrow 2\\pi f = 100 \\Rightarrow f = 50/\\pi$ Hz.",
        "solution_images": [],
        "difficulty": "Easy",
        "marks": 4
    },
    {
        "id": 26,
        "chapter": "Sound",
        "question": "The velocity of sound in a gas is v. If the pressure of the gas is doubled at constant temperature, the velocity of sound will be [MHT-CET 2020]",
        "question_latex": "The velocity of sound in a gas is $v$. If the pressure of the gas is doubled at constant temperature, the velocity of sound will be [MHT-CET 2020]",
        "question_images": [],
        "options": [
            "A. v",
            "B. 2v",
            "C. v/2",
            "D. sqrt(2)v"
        ],
        "option_images": [],
        "answer": "A",
        "solution": "Velocity of sound in gas is independent of pressure if temperature remains constant.",
        "solution_images": [],
        "difficulty": "Easy",
        "marks": 4
    },
    {
        "id": 27,
        "chapter": "Sound",
        "question": "An observer is moving towards a stationary source of frequency n with a velocity 1/5th of velocity of sound. The apparent frequency will be [MHT-CET 2024]",
        "question_latex": "An observer is moving towards a stationary source of frequency $n$ with a velocity $1/5^{th}$ of velocity of sound. The apparent frequency will be [MHT-CET 2024]",
        "question_images": [],
        "options": [
            "A. 1.2 n",
            "B. 0.8 n",
            "C. 5 n",
            "D. 1.5 n"
        ],
        "option_images": [],
        "answer": "A",
        "solution": "$n' = n(\\frac{v+v_{o}}{v}) = n(\\frac{v+v/5}{v}) = n(\\frac{6/5 v}{v}) = 1.2n$.",
        "solution_images": [],
        "difficulty": "Easy",
        "marks": 4
    },
    {
        "id": 28,
        "chapter": "Sound",
        "question": "The wavelength of a wave is 20 cm. The phase difference between two points on the wave separated by 5 cm is [MHT-CET 2021]",
        "question_latex": "The wavelength of a wave is $20$ cm. The phase difference between two points on the wave separated by $5$ cm is [MHT-CET 2021]",
        "question_images": [],
        "options": [
            "A. pi/4",
            "B. pi/2",
            "C. pi",
            "D. 2 pi"
        ],
        "option_images": [],
        "answer": "B",
        "solution": "$\\Delta \\phi = \\frac{2\\pi}{\\lambda} \\Delta x = \\frac{2\\pi}{20} \\times 5 = \\frac{\\pi}{2}$ rad.",
        "solution_images": [],
        "difficulty": "Easy",
        "marks": 4
    },
    {
        "id": 29,
        "chapter": "Sound",
        "question": "A tube open at both ends has a fundamental frequency of 300 Hz. If one end is closed, the new fundamental frequency will be [MHT-CET 2023]",
        "question_latex": "A tube open at both ends has a fundamental frequency of $300$ Hz. If one end is closed, the new fundamental frequency will be [MHT-CET 2023]",
        "question_images": [],
        "options": [
            "A. 600 Hz",
            "B. 150 Hz",
            "C. 300 Hz",
            "D. 450 Hz"
        ],
        "option_images": [],
        "answer": "B",
        "solution": "$n_{open} = v/2L = 300$. $n_{closed} = v/4L = \\frac{1}{2} (v/2L) = 300/2 = 150$ Hz.",
        "solution_images": [],
        "difficulty": "Easy",
        "marks": 4
    },
    {
        "id": 30,
        "chapter": "Sound",
        "question": "The velocity of sound in air at 27°C is 340 m/s. The velocity at 127°C will be [MHT-CET 2020]",
        "question_latex": "The velocity of sound in air at $27^{\\circ}C$ is $340~m/s$. The velocity at $127^{\\circ}C$ will be [MHT-CET 2020]",
        "question_images": [],
        "options": [
            "A. 392.6 m/s",
            "B. 340 m/s",
            "C. 400 m/s",
            "D. 311.2 m/s"
        ],
        "option_images": [],
        "answer": "A",
        "solution": "$v \\propto \\sqrt{T}$. $\\frac{v_{2}}{340} = \\sqrt{\\frac{400}{300}} = \\sqrt{4/3} = 1.1547$. $v_{2} = 340 \\times 1.1547 \\approx 392.6~m/s$.",
        "solution_images": [],
        "difficulty": "Medium",
        "marks": 4
    },
    {
        "id": 31,
        "chapter": "Sound",
        "question": "A string of length 0.5 m has a mass of 5 g. If it is under a tension of 100 N, its fundamental frequency is [MHT-CET 2022]",
        "question_latex": "A string of length $0.5$ m has a mass of $5$ g. If it is under a tension of $100$ N, its fundamental frequency is [MHT-CET 2022]",
        "question_images": [],
        "options": [
            "A. 100 Hz",
            "B. 50 Hz",
            "C. 200 Hz",
            "D. 25 Hz"
        ],
        "option_images": [],
        "answer": "A",
        "solution": "$m = 5\\times 10^{-3} / 0.5 = 0.01$ kg/m. $v = \\sqrt{T/m} = \\sqrt{100/0.01} = 100$ m/s. Fundamental $n = v/2L = 100 / (2\\times 0.5) = 100$ Hz.",
        "solution_images": [],
        "difficulty": "Medium",
        "marks": 4
    },
    {
        "id": 32,
        "chapter": "Sound",
        "question": "Which of the following represents a progressive wave? [MHT-CET 2024]",
        "question_latex": "Which of the following represents a progressive wave? [MHT-CET 2024]",
        "question_images": [],
        "options": [
            "A. y = A sin(kx) cos(wt)",
            "B. y = A sin(kx - wt)",
            "C. y = A cos(kx) sin(wt)",
            "D. y = A tan(kx + wt)"
        ],
        "option_images": [],
        "answer": "B",
        "solution": "A progressive wave equation is a function of $(kx \\pm \\omega t)$. Option B fits the standard form.",
        "solution_images": [],
        "difficulty": "Easy",
        "marks": 4
    },
    {
        "id": 33,
        "chapter": "Sound",
        "question": "The Laplace correction in the expression for velocity of sound was needed because sound waves propagate [MHT-CET 2019]",
        "question_latex": "The Laplace correction in the expression for velocity of sound was needed because sound waves propagate [MHT-CET 2019]",
        "question_images": [],
        "options": [
            "A. isothermally",
            "B. adiabatically",
            "C. isobarically",
            "D. isochorically"
        ],
        "option_images": [],
        "answer": "B",
        "solution": "Newton assumed isothermal conditions, but Laplace corrected it by showing sound propagation is adiabatic due to its rapid nature.",
        "solution_images": [],
        "difficulty": "Easy",
        "marks": 4
    },
    {
        "id": 34,
        "chapter": "Sound",
        "question": "The displacement of a wave is given by y = 5 sin(4t - 0.02x) where y and x are in cm and t is in seconds. The particle velocity at x = 100 cm and t = 1 s is [MHT-CET 2021]",
        "question_latex": "The displacement of a wave is given by $y = 5 \\sin(4t - 0.02x)$ where $y$ and $x$ are in cm and $t$ is in seconds. The particle velocity at $x = 100$ cm and $t = 1$ s is [MHT-CET 2021]",
        "question_images": [],
        "options": [
            "A. 10.32 cm/s",
            "B. -8.32 cm/s",
            "C. 0",
            "D. 20 cm/s"
        ],
        "option_images": [],
        "answer": "B",
        "solution": "$v_{p} = dy/dt = 20 \\cos(4t - 0.02x)$. At $x=100, t=1$: $v_{p} = 20 \\cos(4 - 2) = 20 \\cos(2)$ rad. $20 \\cos(114.6^{\\circ}) \\approx -8.32$ cm/s.",
        "solution_images": [],
        "difficulty": "Hard",
        "marks": 4
    },
    {
        "id": 35,
        "chapter": "Sound",
        "question": "Two organ pipes both closed at one end have lengths L and L + dL. If they are sounded together, the beat frequency is [MHT-CET 2023]",
        "question_latex": "Two organ pipes both closed at one end have lengths $L$ and $L + dL$. If they are sounded together, the beat frequency is [MHT-CET 2023]",
        "question_images": [],
        "options": [
            "A. v dL / 4 L^2",
            "B. v dL / 2 L^2",
            "C. v / 4 dL",
            "D. v / 2 dL"
        ],
        "option_images": [],
        "answer": "A",
        "solution": "$n_{1} = v/4L, n_{2} = v/4(L+dL)$. Beat $= v/4 [1/L - 1/(L+dL)] = v/4 [dL / L(L+dL)] \\approx v dL / 4L^{2}$.",
        "solution_images": [],
        "difficulty": "Medium",
        "marks": 4
    },
    {
        "id": 36,
        "chapter": "Sound",
        "question": "A whistle of frequency 540 Hz rotates in a circle of radius 2m at an angular speed of 15 rad/s. What is the lowest frequency heard by an observer at a great distance at rest? (v = 330 m/s) [MHT-CET 2022]",
        "question_latex": "A whistle of frequency $540$ Hz rotates in a circle of radius $2$m at an angular speed of $15$ rad/s. What is the lowest frequency heard by an observer at a great distance at rest? ($v = 330~m/s$) [MHT-CET 2022]",
        "question_images": [],
        "options": [
            "A. 495 Hz",
            "B. 512 Hz",
            "C. 540 Hz",
            "D. 590 Hz"
        ],
        "option_images": [],
        "answer": "A",
        "solution": "$v_{s} = R\\omega = 2 \\times 15 = 30$ m/s. Lowest frequency occurs when source moves away: $n' = n(\\frac{v}{v+v_{s}}) = 540(\\frac{330}{330+30}) = 540(33/36) = 15 \\times 33 = 495$ Hz.",
        "solution_images": [],
        "difficulty": "Hard",
        "marks": 4
    },
    {
        "id": 37,
        "chapter": "Sound",
        "question": "The ratio of frequencies of the first three harmonics of a string fixed at both ends is [MHT-CET 2020]",
        "question_latex": "The ratio of frequencies of the first three harmonics of a string fixed at both ends is [MHT-CET 2020]",
        "question_images": [],
        "options": [
            "A. 1:2:3",
            "B. 1:3:5",
            "C. 1:4:9",
            "D. 1:1:1"
        ],
        "option_images": [],
        "answer": "A",
        "solution": "Fixed strings produce all harmonics: $n, 2n, 3n, \\dots$ Ratio is $1:2:3$.",
        "solution_images": [],
        "difficulty": "Easy",
        "marks": 4
    },
    {
        "id": 38,
        "chapter": "Sound",
        "question": "A wave enters from one medium to another. Its velocity increases by 25%. The percentage change in wavelength is [MHT-CET 2024]",
        "question_latex": "A wave enters from one medium to another. Its velocity increases by $25\\%$. The percentage change in wavelength is [MHT-CET 2024]",
        "question_images": [],
        "options": [
            "A. 25% increase",
            "B. 25% decrease",
            "C. 20% increase",
            "D. No change"
        ],
        "option_images": [],
        "answer": "A",
        "solution": "$v = f\\lambda$. Since $f$ is constant, $\\lambda \\propto v$. A $25\\%$ increase in velocity leads to a $25\\%$ increase in wavelength.",
        "solution_images": [],
        "difficulty": "Easy",
        "marks": 4
    },
    {
        "id": 39,
        "chapter": "Sound",
        "question": "A standing wave is represented by y = 4 sin(0.2x) cos(300t). The distance between two consecutive nodes is [MHT-CET 2021]",
        "question_latex": "A standing wave is represented by $y = 4 \\sin(0.2x) \\cos(300t)$. The distance between two consecutive nodes is [MHT-CET 2021]",
        "question_images": [],
        "options": [
            "A. 5 pi",
            "B. 10 pi",
            "C. 2.5 pi",
            "D. pi"
        ],
        "option_images": [],
        "answer": "A",
        "solution": "$k = 0.2 \\Rightarrow 2\\pi / \\lambda = 0.2 \\Rightarrow \\lambda = 10\\pi$. Distance between nodes $= \\lambda / 2 = 5\\pi$.",
        "solution_images": [],
        "difficulty": "Medium",
        "marks": 4
    },
    {
        "id": 40,
        "chapter": "Sound",
        "question": "Which of the following is a mechanical wave?",
        "question_latex": "Which of the following is a mechanical wave?",
        "question_images": [],
        "options": [
            "A. X-rays",
            "B. Light waves",
            "C. Sound waves",
            "D. Radio waves"
        ],
        "option_images": [],
        "answer": "C",
        "solution": "Sound waves require a material medium for propagation, classifying them as mechanical waves. Others are electromagnetic.",
        "solution_images": [],
        "difficulty": "Easy",
        "marks": 4
    },
    {
        "id": 41,
        "chapter": "Sound",
        "question": "Sound waves in air are [MHT-CET 2023]",
        "question_latex": "Sound waves in air are [MHT-CET 2023]",
        "question_images": [],
        "options": [
            "A. Longitudinal",
            "B. Transverse",
            "C. Electromagnetic",
            "D. Stationary"
        ],
        "option_images": [],
        "answer": "A",
        "solution": "In air, sound propagates through compressions and rarefactions, meaning particles vibrate parallel to the wave direction.",
        "solution_images": [],
        "difficulty": "Easy",
        "marks": 4
    },
    {
        "id": 42,
        "chapter": "Sound",
        "question": "The Doppler effect is applicable for [MHT-CET 2020]",
        "question_latex": "The Doppler effect is applicable for [MHT-CET 2020]",
        "question_images": [],
        "options": [
            "A. sound waves only",
            "B. light waves only",
            "C. both sound and light waves",
            "D. neither sound nor light waves"
        ],
        "option_images": [],
        "answer": "C",
        "solution": "Doppler effect occurs for all types of waves whenever there is relative motion between the source and observer.",
        "solution_images": [],
        "difficulty": "Easy",
        "marks": 4
    },
    {
        "id": 43,
        "chapter": "Sound",
        "question": "If we increase the tension of a string by 69%, the percentage increase in fundamental frequency is [MHT-CET 2024]",
        "question_latex": "If we increase the tension of a string by $69\\%$, the percentage increase in fundamental frequency is [MHT-CET 2024]",
        "question_images": [],
        "options": [
            "A. 30%",
            "B. 13%",
            "C. 69%",
            "D. 1.3%"
        ],
        "option_images": [],
        "answer": "A",
        "solution": "$n \\propto \\sqrt{T}$. If $T_{2} = 1.69 T_{1}$, then $n_{2} = \\sqrt{1.69} n_{1} = 1.3 n_{1}$. Increase is $30\\%$.",
        "solution_images": [],
        "difficulty": "Medium",
        "marks": 4
    },
    {
        "id": 44,
        "chapter": "Sound",
        "question": "The wavelength of sound in a medium is 0.5 m. The frequency is 660 Hz. The speed of sound is",
        "question_latex": "The wavelength of sound in a medium is $0.5$ m. The frequency is $660$ Hz. The speed of sound is",
        "question_images": [],
        "options": [
            "A. 330 m/s",
            "B. 1320 m/s",
            "C. 660 m/s",
            "D. 165 m/s"
        ],
        "option_images": [],
        "answer": "A",
        "solution": "$v = f\\lambda = 660 \\times 0.5 = 330~m/s$.",
        "solution_images": [],
        "difficulty": "Easy",
        "marks": 4
    },
    {
        "id": 45,
        "chapter": "Sound",
        "question": "In a stationary wave, all particles of the medium [MHT-CET 2022]",
        "question_latex": "In a stationary wave, all particles of the medium [MHT-CET 2022]",
        "question_images": [],
        "options": [
            "A. have same amplitude",
            "B. have same frequency",
            "C. are at rest simultaneously",
            "D. Both B and C"
        ],
        "option_images": [],
        "answer": "D",
        "solution": "In standing waves, all particles (except nodes) vibrate with the same frequency and pass through their mean position simultaneously, meaning they are at rest (at extremes) together.",
        "solution_images": [],
        "difficulty": "Medium",
        "marks": 4
    },
    {
        "id": 46,
        "chapter": "Sound",
        "question": "A tuning fork A produces 5 beats/s with another fork B of frequency 480 Hz. When A is filed, the beat frequency becomes 2 beats/s. The frequency of fork A is [MHT-CET 2021]",
        "question_latex": "A tuning fork A produces $5$ beats/s with another fork B of frequency $480$ Hz. When A is filed, the beat frequency becomes $2$ beats/s. The frequency of fork A is [MHT-CET 2021]",
        "question_images": [],
        "options": [
            "A. 485 Hz",
            "B. 475 Hz",
            "C. 478 Hz",
            "D. 482 Hz"
        ],
        "option_images": [],
        "answer": "B",
        "solution": "$n_{A} - 480 = \\pm 5 \\Rightarrow n_{A} = 485$ or $475$. Filing $A$ increases its frequency. If $n_{A}=485$, beat would increase ($>5$). If $n_{A}=475$, filing makes it approach $480$, reducing beat frequency. Thus $n_{A} = 475$ Hz.",
        "solution_images": [],
        "difficulty": "Hard",
        "marks": 4
    },
    {
        "id": 47,
        "chapter": "Sound",
        "question": "The fundamental frequency of an open pipe of length L is n. If its one end is closed, the new fundamental frequency will be [MHT-CET 2023]",
        "question_latex": "The fundamental frequency of an open pipe of length $L$ is $n$. If its one end is closed, the new fundamental frequency will be [MHT-CET 2023]",
        "question_images": [],
        "options": [
            "A. n",
            "B. n/2",
            "C. 2n",
            "D. 3n/2"
        ],
        "option_images": [],
        "answer": "B",
        "solution": "$n_{open} = v/2L$. $n_{closed} = v/4L = n/2$.",
        "solution_images": [],
        "difficulty": "Easy",
        "marks": 4
    },
    {
        "id": 48,
        "chapter": "Sound",
        "question": "When temperature increases, the frequency of a tuning fork [MHT-CET 2020]",
        "question_latex": "When temperature increases, the frequency of a tuning fork [MHT-CET 2020]",
        "question_images": [],
        "options": [
            "A. increases",
            "B. decreases",
            "C. remains same",
            "D. becomes zero"
        ],
        "option_images": [],
        "answer": "B",
        "solution": "Temperature increase reduces the elasticity (Young's Modulus) and increases the length of the fork, both of which lead to a decrease in frequency.",
        "solution_images": [],
        "difficulty": "Medium",
        "marks": 4
    },
    {
        "id": 49,
        "chapter": "Sound",
        "question": "A sound wave travels from air to glass. The frequency of the wave in glass is [MHT-CET 2024]",
        "question_latex": "A sound wave travels from air to glass. The frequency of the wave in glass is [MHT-CET 2024]",
        "question_images": [],
        "options": [
            "A. same as in air",
            "B. higher than in air",
            "C. lower than in air",
            "D. zero"
        ],
        "option_images": [],
        "answer": "A",
        "solution": "Frequency is constant during refraction across any two media.",
        "solution_images": [],
        "difficulty": "Easy",
        "marks": 4
    },
    {
        "id": 50,
        "chapter": "Sound",
        "question": "The phase difference between two points separated by 0.1 m in a wave of frequency 500 Hz and velocity 350 m/s is [MHT-CET 2021]",
        "question_latex": "The phase difference between two points separated by $0.1$ m in a wave of frequency $500$ Hz and velocity $350~m/s$ is [MHT-CET 2021]",
        "question_images": [],
        "options": [
            "A. 2 pi / 7",
            "B. pi / 7",
            "C. 5 pi / 7",
            "D. 2 pi / 3.5"
        ],
        "option_images": [],
        "answer": "A",
        "solution": "$\\lambda = v/f = 350/500 = 0.7$ m. $\\Delta \\phi = (2\\pi / 0.7) \\times 0.1 = 2\\pi / 7$.",
        "solution_images": [],
        "difficulty": "Medium",
        "marks": 4
    },
    {
        "id": 51,
        "chapter": "Sound",
        "question": "For a closed organ pipe, the ratio of frequencies of harmonics is [MHT-CET 2023]",
        "question_latex": "For a closed organ pipe, the ratio of frequencies of harmonics is [MHT-CET 2023]",
        "question_images": [],
        "options": [
            "A. 1:2:3",
            "B. 1:3:5",
            "C. 1:4:9",
            "D. 1:2:4"
        ],
        "option_images": [],
        "answer": "B",
        "solution": "Closed pipes produce only odd harmonics: $n, 3n, 5n, \\dots$",
        "solution_images": [],
        "difficulty": "Easy",
        "marks": 4
    },
    {
        "id": 52,
        "chapter": "Sound",
        "question": "Which of the following is not a property of ultrasonic waves? [MHT-CET 2022]",
        "question_latex": "Which of the following is not a property of ultrasonic waves? [MHT-CET 2022]",
        "question_images": [],
        "options": [
            "A. They have high frequency",
            "B. They can travel through vacuum",
            "C. They can be reflected",
            "D. They carry high energy"
        ],
        "option_images": [],
        "answer": "B",
        "solution": "Ultrasonic waves are sound waves (mechanical) and require a medium; they cannot travel through vacuum.",
        "solution_images": [],
        "difficulty": "Easy",
        "marks": 4
    },
    {
        "id": 53,
        "chapter": "Sound",
        "question": "A string vibrates with a frequency of 200 Hz. If its tension is made 4 times, its new frequency will be [MHT-CET 2024]",
        "question_latex": "A string vibrates with a frequency of $200$ Hz. If its tension is made $4$ times, its new frequency will be [MHT-CET 2024]",
        "question_images": [],
        "options": [
            "A. 400 Hz",
            "B. 800 Hz",
            "C. 100 Hz",
            "D. 200 Hz"
        ],
        "option_images": [],
        "answer": "A",
        "solution": "$n \\propto \\sqrt{T}$. $\\sqrt{4} = 2$. New frequency $= 2 \\times 200 = 400$ Hz.",
        "solution_images": [],
        "difficulty": "Easy",
        "marks": 4
    },
    {
        "id": 54,
        "chapter": "Sound",
        "question": "The velocity of sound in a certain gas at 27°C is 300 m/s. The velocity at 927°C is [MHT-CET 2019]",
        "question_latex": "The velocity of sound in a certain gas at $27^{\\circ}C$ is $300~m/s$. The velocity at $927^{\\circ}C$ is [MHT-CET 2019]",
        "question_images": [],
        "options": [
            "A. 600 m/s",
            "B. 1200 m/s",
            "C. 900 m/s",
            "D. 450 m/s"
        ],
        "option_images": [],
        "answer": "A",
        "solution": "$\\frac{v_{2}}{300} = \\sqrt{\\frac{1200}{300}} = \\sqrt{4} = 2 \\Rightarrow v_{2} = 600~m/s$.",
        "solution_images": [],
        "difficulty": "Medium",
        "marks": 4
    },
    {
        "id": 55,
        "chapter": "Sound",
        "question": "The frequency of a wave is 10 Hz and its wavelength is 5 m. Its velocity is",
        "question_latex": "The frequency of a wave is $10$ Hz and its wavelength is $5$ m. Its velocity is",
        "question_images": [],
        "options": [
            "A. 50 m/s",
            "B. 2 m/s",
            "C. 0.5 m/s",
            "D. 15 m/s"
        ],
        "option_images": [],
        "answer": "A",
        "solution": "$v = f\\lambda = 10 \\times 5 = 50~m/s$.",
        "solution_images": [],
        "difficulty": "Easy",
        "marks": 4
    },
    {
        "id": 56,
        "chapter": "Sound",
        "question": "The distance between a node and adjacent antinode is [MHT-CET 2021]",
        "question_latex": "The distance between a node and adjacent antinode is [MHT-CET 2021]",
        "question_images": [],
        "options": [
            "A. lambda / 2",
            "B. lambda / 4",
            "C. lambda",
            "D. 2 lambda"
        ],
        "option_images": [],
        "answer": "B",
        "solution": "In stationary waves, the distance from a node to the next antinode is exactly one-quarter of the wavelength.",
        "solution_images": [],
        "difficulty": "Easy",
        "marks": 4
    },
    {
        "id": 57,
        "chapter": "Sound",
        "question": "Echo is produced due to [MHT-CET 2020]",
        "question_latex": "Echo is produced due to [MHT-CET 2020]",
        "question_images": [],
        "options": [
            "A. refraction of sound",
            "B. reflection of sound",
            "C. diffraction of sound",
            "D. absorption of sound"
        ],
        "option_images": [],
        "answer": "B",
        "solution": "An echo is a direct result of sound waves bouncing back (reflecting) from a distant obstacle.",
        "solution_images": [],
        "difficulty": "Easy",
        "marks": 4
    },
    {
        "id": 58,
        "chapter": "Sound",
        "question": "A tuning fork of frequency 512 Hz sounds with a vibrating string and produces 6 beats/s. If the tension in the string is slightly increased, the beat frequency decreases to 3 beats/s. The original frequency of the string is [MHT-CET 2023]",
        "question_latex": "A tuning fork of frequency $512$ Hz sounds with a vibrating string and produces $6$ beats/s. If the tension in the string is slightly increased, the beat frequency decreases to $3$ beats/s. The original frequency of the string is [MHT-CET 2023]",
        "question_images": [],
        "options": [
            "A. 518 Hz",
            "B. 506 Hz",
            "C. 509 Hz",
            "D. 515 Hz"
        ],
        "option_images": [],
        "answer": "B",
        "solution": "$n_{s} - 512 = \\pm 6$. Tension increase makes $n_{s}$ increase. If $n_{s}=518$, beat would increase ($>6$). If $n_{s}=506$, increase in $n_{s}$ makes it approach $512$, reducing beat. Thus $n_{s} = 506$ Hz.",
        "solution_images": [],
        "difficulty": "Hard",
        "marks": 4
    },
    {
        "id": 59,
        "chapter": "Sound",
        "question": "The fundamental frequency of an open organ pipe of length 50 cm is [MHT-CET 2024]",
        "question_latex": "The fundamental frequency of an open organ pipe of length $50$ cm is ($v = 340~m/s$) [MHT-CET 2024]",
        "question_images": [],
        "options": [
            "A. 340 Hz",
            "B. 170 Hz",
            "C. 680 Hz",
            "D. 510 Hz"
        ],
        "option_images": [],
        "answer": "A",
        "solution": "$n = v/2L = 340 / (2 \\times 0.5) = 340$ Hz.",
        "solution_images": [],
        "difficulty": "Easy",
        "marks": 4
    },
    {
        "id": 60,
        "chapter": "Sound",
        "question": "The displacement y of a wave is given by y = 10^-4 sin(600t - 2x + pi/3). The velocity of the wave is [MHT-CET 2022]",
        "question_latex": "The displacement $y$ of a wave is given by $y = 10^{-4} \\sin(600t - 2x + \\pi/3)$. The velocity of the wave is [MHT-CET 2022]",
        "question_images": [],
        "options": [
            "A. 300 m/s",
            "B. 150 m/s",
            "C. 600 m/s",
            "D. 1200 m/s"
        ],
        "option_images": [],
        "answer": "A",
        "solution": "$v = \\omega / k = 600 / 2 = 300$ units. If units are meters/sec, then $300~m/s$.",
        "solution_images": [],
        "difficulty": "Easy",
        "marks": 4
    },
    {
        "id": 61,
        "chapter": "Sound",
        "question": "The pitch of sound depends upon [MHT-CET 2021]",
        "question_latex": "The pitch of sound depends upon [MHT-CET 2021]",
        "question_images": [],
        "options": [
            "A. frequency",
            "B. amplitude",
            "C. velocity",
            "D. intensity"
        ],
        "option_images": [],
        "answer": "A",
        "solution": "Pitch is the subjective perception of the frequency of a sound wave.",
        "solution_images": [],
        "difficulty": "Easy",
        "marks": 4
    },
    {
        "id": 62,
        "chapter": "Sound",
        "question": "A wave is represented by y = A cos(wt + kx). This wave is [MHT-CET 2023]",
        "question_latex": "A wave is represented by $y = A \\cos(\\omega t + kx)$. This wave is [MHT-CET 2023]",
        "question_images": [],
        "options": [
            "A. traveling in negative x-direction",
            "B. traveling in positive x-direction",
            "C. stationary",
            "D. none of these"
        ],
        "option_images": [],
        "answer": "A",
        "solution": "Terms $(wt)$ and $(kx)$ have the same sign, indicating propagation in the negative x-direction.",
        "solution_images": [],
        "difficulty": "Easy",
        "marks": 4
    },
    {
        "id": 63,
        "chapter": "Sound",
        "question": "The number of nodes in a pipe open at both ends vibrating in its nth harmonic is [MHT-CET 2024]",
        "question_latex": "The number of nodes in a pipe open at both ends vibrating in its $n^{th}$ harmonic is [MHT-CET 2024]",
        "question_images": [],
        "options": [
            "A. n",
            "B. n + 1",
            "C. n - 1",
            "D. 2n"
        ],
        "option_images": [],
        "answer": "A",
        "solution": "In fundamental ($n=1$), 1 node. In 2nd harmonic, 2 nodes. In $n^{th}$ harmonic, there are $n$ nodes.",
        "solution_images": [],
        "difficulty": "Medium",
        "marks": 4
    },
    {
        "id": 64,
        "chapter": "Sound",
        "question": "A string fixed at both ends has a fundamental frequency of 50 Hz. The frequency of the 3rd overtone is [MHT-CET 2020]",
        "question_latex": "A string fixed at both ends has a fundamental frequency of $50$ Hz. The frequency of the $3^{rd}$ overtone is [MHT-CET 2020]",
        "question_images": [],
        "options": [
            "A. 150 Hz",
            "B. 200 Hz",
            "C. 100 Hz",
            "D. 250 Hz"
        ],
        "option_images": [],
        "answer": "B",
        "solution": "Fundamental $= n$. 1st overtone $= 2n$. 2nd overtone $= 3n$. 3rd overtone $= 4n = 4 \\times 50 = 200$ Hz.",
        "solution_images": [],
        "difficulty": "Medium",
        "marks": 4
    },
    {
        "id": 65,
        "chapter": "Sound",
        "question": "Sound travels fastest in [MHT-CET 2019]",
        "question_latex": "Sound travels fastest in [MHT-CET 2019]",
        "question_images": [],
        "options": [
            "A. air",
            "B. water",
            "C. steel",
            "D. vacuum"
        ],
        "option_images": [],
        "answer": "C",
        "solution": "Sound velocity is highest in solids due to high elasticity/density ratio.",
        "solution_images": [],
        "difficulty": "Easy",
        "marks": 4
    },
    {
        "id": 66,
        "chapter": "Sound",
        "question": "The time period of a wave is 0.001 s. Its frequency is",
        "question_latex": "The time period of a wave is $0.001$ s. Its frequency is",
        "question_images": [],
        "options": [
            "A. 100 Hz",
            "B. 1000 Hz",
            "C. 10 Hz",
            "D. 1 Hz"
        ],
        "option_images": [],
        "answer": "B",
        "solution": "$f = 1/T = 1/0.001 = 1000$ Hz.",
        "solution_images": [],
        "difficulty": "Easy",
        "marks": 4
    },
    {
        "id": 67,
        "chapter": "Sound",
        "question": "A wave of frequency 500 Hz travels with a velocity of 360 m/s. The distance between two points which are 60° out of phase is [MHT-CET 2021]",
        "question_latex": "A wave of frequency $500$ Hz travels with a velocity of $360~m/s$. The distance between two points which are $60^{\\circ}$ out of phase is [MHT-CET 2021]",
        "question_images": [],
        "options": [
            "A. 12 cm",
            "B. 18 cm",
            "C. 6 cm",
            "D. 24 cm"
        ],
        "option_images": [],
        "answer": "A",
        "solution": "$\\lambda = 360/500 = 0.72$ m. $\\Delta x = (\\Delta \\phi / 2\\pi) \\lambda = (\\pi/3 / 2\\pi) \\times 72$ cm $= 1/6 \\times 72 = 12$ cm.",
        "solution_images": [],
        "difficulty": "Medium",
        "marks": 4
    },
    {
        "id": 68,
        "chapter": "Sound",
        "question": "In a closed organ pipe, the 1st overtone is the [MHT-CET 2023]",
        "question_latex": "In a closed organ pipe, the $1^{st}$ overtone is the [MHT-CET 2023]",
        "question_images": [],
        "options": [
            "A. 2nd harmonic",
            "B. 3rd harmonic",
            "C. 4th harmonic",
            "D. 5th harmonic"
        ],
        "option_images": [],
        "answer": "B",
        "solution": "Closed pipes only have odd harmonics. The sequence is Fundamental (1st harmonic), then 1st Overtone (3rd harmonic), then 2nd Overtone (5th harmonic).",
        "solution_images": [
            "68_so_1.png"
        ],
        "difficulty": "Easy",
        "marks": 4
    },
    {
        "id": 69,
        "chapter": "Sound",
        "question": "Which of the following is correct for stationary waves? [MHT-CET 2020]",
        "question_latex": "Which of the following is correct for stationary waves? [MHT-CET 2020]",
        "question_images": [],
        "options": [
            "A. Nodes are points of zero pressure change",
            "B. Antinodes are points of zero displacement",
            "C. Energy is not transported",
            "D. Amplitude is same for all particles"
        ],
        "option_images": [],
        "answer": "C",
        "solution": "In stationary waves, energy is trapped between nodes and is not transferred across the medium.",
        "solution_images": [],
        "difficulty": "Easy",
        "marks": 4
    },
    {
        "id": 70,
        "chapter": "Sound",
        "question": "A tuning fork of frequency 384 Hz produces 6 beats/s with another tuning fork. When the second fork is loaded with wax, the beats decrease. The frequency of second fork is [MHT-CET 2024]",
        "question_latex": "A tuning fork of frequency $384$ Hz produces $6$ beats/s with another tuning fork. When the second fork is loaded with wax, the beats decrease. The frequency of second fork is [MHT-CET 2024]",
        "question_images": [],
        "options": [
            "A. 390 Hz",
            "B. 378 Hz",
            "C. 380 Hz",
            "D. 396 Hz"
        ],
        "option_images": [],
        "answer": "A",
        "solution": "$n_{2} = 384 \\pm 6 \\Rightarrow 390$ or $378$. Waxing $390$ brings it closer to $384$ (decreases beats). Waxing $378$ moves it further (increases beats). So $n_{2} = 390$ Hz.",
        "solution_images": [],
        "difficulty": "Medium",
        "marks": 4
    },
    {
        "id": 71,
        "chapter": "Sound",
        "question": "The temperature at which velocity of sound in air becomes double of its value at 0°C is [MHT-CET 2022]",
        "question_latex": "The temperature at which velocity of sound in air becomes double of its value at $0^{\\circ}C$ is [MHT-CET 2022]",
        "question_images": [],
        "options": [
            "A. 273°C",
            "B. 546°C",
            "C. 819°C",
            "D. 1092°C"
        ],
        "option_images": [],
        "answer": "C",
        "solution": "$v \\propto \\sqrt{T}$. $2 = \\sqrt{T/273} \\Rightarrow 4 = T/273 \\Rightarrow T = 1092$ K. In Celsius: $1092 - 273 = 819^{\\circ}C$.",
        "solution_images": [],
        "difficulty": "Medium",
        "marks": 4
    },
    {
        "id": 72,
        "chapter": "Sound",
        "question": "Ultrasonic waves have frequency [MHT-CET 2021]",
        "question_latex": "Ultrasonic waves have frequency [MHT-CET 2021]",
        "question_images": [],
        "options": [
            "A. below 20 Hz",
            "B. between 20 and 20000 Hz",
            "C. above 20000 Hz",
            "D. zero"
        ],
        "option_images": [],
        "answer": "C",
        "solution": "Ultrasonic frequencies are those beyond the upper limit of human hearing, typically $>20$ kHz.",
        "solution_images": [],
        "difficulty": "Easy",
        "marks": 4
    },
    {
        "id": 73,
        "chapter": "Sound",
        "question": "Two waves y1 = A sin(wt - kx) and y2 = A cos(wt - kx) superimpose. The resultant amplitude is [MHT-CET 2023]",
        "question_latex": "Two waves $y_{1} = A \\sin(\\omega t - kx)$ and $y_{2} = A \\cos(\\omega t - kx)$ superimpose. The resultant amplitude is [MHT-CET 2023]",
        "question_images": [],
        "options": [
            "A. A",
            "B. 2A",
            "C. sqrt(2) A",
            "D. zero"
        ],
        "option_images": [],
        "answer": "C",
        "solution": "Sine and Cosine have a phase difference of $\\pi/2$. $R = \\sqrt{A^{2} + A^{2} + 2AA\\cos(90)} = \\sqrt{2} A$.",
        "solution_images": [],
        "difficulty": "Easy",
        "marks": 4
    },
    {
        "id": 74,
        "chapter": "Sound",
        "question": "In a resonance tube, the first resonating length is l1. The second resonating length l2 will be approximately [MHT-CET 2024]",
        "question_latex": "In a resonance tube, the first resonating length is $l_{1}$. The second resonating length $l_{2}$ will be approximately [MHT-CET 2024]",
        "question_images": [],
        "options": [
            "A. 2 l1",
            "B. 3 l1",
            "C. 4 l1",
            "D. 1.5 l1"
        ],
        "option_images": [],
        "answer": "B",
        "solution": "$l_{1} + e = \\lambda/4$ and $l_{2} + e = 3\\lambda/4$. Neglecting $e$: $l_{2} \\approx 3l_{1}$.",
        "solution_images": [],
        "difficulty": "Easy",
        "marks": 4
    },
    {
        "id": 75,
        "chapter": "Sound",
        "question": "The frequency of a man's voice is 300 Hz and its wavelength is 1 m. The frequency of a woman's voice is 600 Hz. The wavelength of woman's voice is [MHT-CET 2020]",
        "question_latex": "The frequency of a man's voice is $300$ Hz and its wavelength is $1$ m. The frequency of a woman's voice is $600$ Hz. The wavelength of woman's voice is [MHT-CET 2020]",
        "question_images": [],
        "options": [
            "A. 0.5 m",
            "B. 2 m",
            "C. 1 m",
            "D. 1.5 m"
        ],
        "option_images": [],
        "answer": "A",
        "solution": "Speed is same in same air. $f_{1}\\lambda_{1} = f_{2}\\lambda_{2} \\Rightarrow 300(1) = 600(\\lambda_{2}) \\Rightarrow \\lambda_{2} = 0.5$ m.",
        "solution_images": [],
        "difficulty": "Easy",
        "marks": 4
    },
    {
        "id": 76,
        "chapter": "Sound",
        "question": "A source of sound moves towards a stationary observer with velocity v/10. The percentage change in apparent frequency is [MHT-CET 2019]",
        "question_latex": "A source of sound moves towards a stationary observer with velocity $v/10$. The percentage change in apparent frequency is [MHT-CET 2019]",
        "question_images": [],
        "options": [
            "A. 10% increase",
            "B. 11.1% increase",
            "C. 9.1% increase",
            "D. 10% decrease"
        ],
        "option_images": [],
        "answer": "B",
        "solution": "$n' = n(\\frac{v}{v-v/10}) = n(\\frac{v}{0.9v}) = n/0.9 = 1.111 n$. Increase is $11.11\\%$.",
        "solution_images": [],
        "difficulty": "Medium",
        "marks": 4
    },
    {
        "id": 77,
        "chapter": "Sound",
        "question": "The displacement of a particle is x = 5 sin(20 pi t + pi/4). The time period is [MHT-CET 2021]",
        "question_latex": "The displacement of a particle is $x = 5 \\sin(20\\pi t + \\pi/4)$. The time period is [MHT-CET 2021]",
        "question_images": [],
        "options": [
            "A. 0.1 s",
            "B. 0.05 s",
            "C. 0.2 s",
            "D. 10 s"
        ],
        "option_images": [],
        "answer": "A",
        "solution": "$\\omega = 20\\pi \\Rightarrow 2\\pi / T = 20\\pi \\Rightarrow T = 0.1$ s.",
        "solution_images": [],
        "difficulty": "Easy",
        "marks": 4
    },
    {
        "id": 78,
        "chapter": "Sound",
        "question": "At which temperature will the speed of sound be double of its value at 27°C? [MHT-CET 2023]",
        "question_latex": "At which temperature will the speed of sound be double of its value at $27^{\\circ}C?$ [MHT-CET 2023]",
        "question_images": [],
        "options": [
            "A. 927°C",
            "B. 54°C",
            "C. 108°C",
            "D. 327°C"
        ],
        "option_images": [],
        "answer": "A",
        "solution": "$2 = \\sqrt{T/300} \\Rightarrow T = 1200$ K. $1200 - 273 = 927^{\\circ}C$.",
        "solution_images": [],
        "difficulty": "Medium",
        "marks": 4
    },
    {
        "id": 79,
        "chapter": "Sound",
        "question": "The wave number of a wave is [MHT-CET 2024]",
        "question_latex": "The wave number of a wave is [MHT-CET 2024]",
        "question_images": [],
        "options": [
            "A. 1/lambda",
            "B. 2 pi / lambda",
            "C. lambda",
            "D. f / v"
        ],
        "option_images": [],
        "answer": "A",
        "solution": "Standard wave number $\\bar{\\nu} = 1/\\lambda$. Angular wave number $k = 2\\pi/\\lambda$. (A is standard).",
        "solution_images": [],
        "difficulty": "Easy",
        "marks": 4
    },
    {
        "id": 80,
        "chapter": "Sound",
        "question": "A string fixed at both ends is vibrating in its fundamental mode. If its length is doubled and tension is made 4 times, frequency remains [MHT-CET 2020]",
        "question_latex": "A string fixed at both ends is vibrating in its fundamental mode. If its length is doubled and tension is made $4$ times, frequency remains [MHT-CET 2020]",
        "question_images": [],
        "options": [
            "A. same",
            "B. double",
            "C. half",
            "D. four times"
        ],
        "option_images": [],
        "answer": "A",
        "solution": "$n = \\frac{1}{2L}\\sqrt{T/m}$. $n' = \\frac{1}{2(2L)}\\sqrt{4T/m} = \\frac{1}{4L} (2\\sqrt{T/m}) = n$. Frequency is unchanged.",
        "solution_images": [],
        "difficulty": "Medium",
        "marks": 4
    },
    {
        "id": 81,
        "chapter": "Sound",
        "question": "The velocity of sound in a gas is proportional to [MHT-CET 2019]",
        "question_latex": "The velocity of sound in a gas is proportional to [MHT-CET 2019]",
        "question_images": [],
        "options": [
            "A. T",
            "B. sqrt(T)",
            "C. 1/T",
            "D. T^2"
        ],
        "option_images": [],
        "answer": "B",
        "solution": "Velocity $v = \\sqrt{\\gamma RT/M} \\propto \\sqrt{T}$.",
        "solution_images": [],
        "difficulty": "Easy",
        "marks": 4
    },
    {
        "id": 82,
        "chapter": "Sound",
        "question": "Two waves have intensities in ratio 9:1. The ratio of their amplitudes is [MHT-CET 2021]",
        "question_latex": "Two waves have intensities in ratio $9:1$. The ratio of their amplitudes is [MHT-CET 2021]",
        "question_images": [],
        "options": [
            "A. 3:1",
            "B. 81:1",
            "C. 9:1",
            "D. 1:3"
        ],
        "option_images": [],
        "answer": "A",
        "solution": "$I \\propto A^{2} \\Rightarrow A_{1}/A_{2} = \\sqrt{9/1} = 3:1$.",
        "solution_images": [],
        "difficulty": "Easy",
        "marks": 4
    },
    {
        "id": 83,
        "chapter": "Sound",
        "question": "The fundamental frequency of a pipe open at both ends is 512 Hz. What is the fundamental frequency if one end is closed? [MHT-CET 2023]",
        "question_latex": "The fundamental frequency of a pipe open at both ends is $512$ Hz. What is the fundamental frequency if one end is closed? [MHT-CET 2023]",
        "question_images": [],
        "options": [
            "A. 1024 Hz",
            "B. 256 Hz",
            "C. 512 Hz",
            "D. 768 Hz"
        ],
        "option_images": [],
        "answer": "B",
        "solution": "$n_{closed} = n_{open}/2 = 512/2 = 256$ Hz.",
        "solution_images": [],
        "difficulty": "Easy",
        "marks": 4
    },
    {
        "id": 84,
        "chapter": "Sound",
        "question": "The wavelength of a sound wave is 40 cm. The distance between a compression and the next rarefaction is [MHT-CET 2024]",
        "question_latex": "The wavelength of a sound wave is $40$ cm. The distance between a compression and the next rarefaction is [MHT-CET 2024]",
        "question_images": [],
        "options": [
            "A. 40 cm",
            "B. 20 cm",
            "C. 10 cm",
            "D. 80 cm"
        ],
        "option_images": [],
        "answer": "B",
        "solution": "Distance between a compression and consecutive rarefaction $= \\lambda / 2 = 40/2 = 20$ cm.",
        "solution_images": [],
        "difficulty": "Easy",
        "marks": 4
    },
    {
        "id": 85,
        "chapter": "Sound",
        "question": "Two waves of same frequency but amplitude ratio 2:1 produce beats. The ratio of max to min intensity is [MHT-CET 2020]",
        "question_latex": "Two waves of same frequency but amplitude ratio $2:1$ produce beats. The ratio of max to min intensity is [MHT-CET 2020]",
        "question_images": [],
        "options": [
            "A. 9:1",
            "B. 3:1",
            "C. 4:1",
            "D. 2:1"
        ],
        "option_images": [],
        "answer": "A",
        "solution": "$\\frac{I_{max}}{I_{min}} = (\\frac{A_{1}+A_{2}}{A_{1}-A_{2}})^{2} = (\\frac{2+1}{2-1})^{2} = 9:1$.",
        "solution_images": [],
        "difficulty": "Medium",
        "marks": 4
    },
    {
        "id": 86,
        "chapter": "Sound",
        "question": "Which property of sound wave is independent of others? [MHT-CET 2022]",
        "question_latex": "Which property of sound wave is independent of others? [MHT-CET 2022]",
        "question_images": [],
        "options": [
            "A. Velocity",
            "B. Wavelength",
            "C. Amplitude",
            "D. Frequency"
        ],
        "option_images": [],
        "answer": "C",
        "solution": "$v = f\\lambda$, so $v, f, \\lambda$ are interrelated. Amplitude is independent of these three.",
        "solution_images": [],
        "difficulty": "Medium",
        "marks": 4
    },
    {
        "id": 87,
        "chapter": "Sound",
        "question": "A wave is represented by y = A sin(100 pi t - 0.4x). The wave velocity is [MHT-CET 2021]",
        "question_latex": "A wave is represented by $y = A \\sin(100 \\pi t - 0.4x)$. The wave velocity is [MHT-CET 2021]",
        "question_images": [],
        "options": [
            "A. 250 pi",
            "B. 40 pi",
            "C. 0.004 pi",
            "D. 250"
        ],
        "option_images": [],
        "answer": "A",
        "solution": "$v = \\omega / k = 100\\pi / 0.4 = 250\\pi$.",
        "solution_images": [
            "87_so_1.png"
        ],
        "difficulty": "Easy",
        "marks": 4
    },
    {
        "id": 88,
        "chapter": "Sound",
        "question": "Organ pipes of same length, one open and other closed, vibrate in fundamental mode. Ratio of frequencies is [MHT-CET 2023]",
        "question_latex": "Organ pipes of same length, one open and other closed, vibrate in fundamental mode. Ratio of frequencies is [MHT-CET 2023]",
        "question_images": [],
        "options": [
            "A. 1:1",
            "B. 1:2",
            "C. 2:1",
            "D. 4:1"
        ],
        "option_images": [],
        "answer": "C",
        "solution": "$n_{open}/n_{closed} = (v/2L) / (v/4L) = 2:1$.",
        "solution_images": [],
        "difficulty": "Easy",
        "marks": 4
    },
    {
        "id": 89,
        "chapter": "Sound",
        "question": "The frequency of a source is 100 Hz. If observer moves away with velocity v/4, apparent frequency is [MHT-CET 2024]",
        "question_latex": "The frequency of a source is $100$ Hz. If observer moves away with velocity $v/4$, apparent frequency is [MHT-CET 2024]",
        "question_images": [],
        "options": [
            "A. 75 Hz",
            "B. 125 Hz",
            "C. 100 Hz",
            "D. 80 Hz"
        ],
        "option_images": [],
        "answer": "A",
        "solution": "$n' = n(\\frac{v-v/4}{v}) = n(3/4) = 0.75 \\times 100 = 75$ Hz.",
        "solution_images": [],
        "difficulty": "Easy",
        "marks": 4
    },
    {
        "id": 90,
        "chapter": "Sound",
        "question": "Phase difference of pi corresponds to a path difference of [MHT-CET 2020]",
        "question_latex": "Phase difference of $\\pi$ corresponds to a path difference of [MHT-CET 2020]",
        "question_images": [],
        "options": [
            "A. lambda",
            "B. lambda / 2",
            "C. lambda / 4",
            "D. 2 lambda"
        ],
        "option_images": [],
        "answer": "B",
        "solution": "$\\Delta \\phi = (2\\pi / \\lambda) \\Delta x \\Rightarrow \\pi = (2\\pi / \\lambda) \\Delta x \\Rightarrow \\Delta x = \\lambda / 2$.",
        "solution_images": [],
        "difficulty": "Easy",
        "marks": 4
    },
    {
        "id": 91,
        "chapter": "Sound",
        "question": "Velocity of sound in air is 340 m/s. The length of a pipe closed at one end which resonates with 170 Hz is [MHT-CET 2019]",
        "question_latex": "Velocity of sound in air is $340~m/s$. The length of a pipe closed at one end which resonates with $170$ Hz is [MHT-CET 2019]",
        "question_images": [],
        "options": [
            "A. 0.5 m",
            "B. 1.0 m",
            "C. 0.25 m",
            "D. 2.0 m"
        ],
        "option_images": [],
        "answer": "A",
        "solution": "$n = v/4L \\Rightarrow 170 = 340 / 4L \\Rightarrow 170 = 85/L \\Rightarrow L = 340/680 = 0.5$ m.",
        "solution_images": [],
        "difficulty": "Easy",
        "marks": 4
    },
    {
        "id": 92,
        "chapter": "Sound",
        "question": "A tuning fork A produces 4 beats/s with 256 Hz fork. Loading A with wax increases beats to 6/s. Fork A frequency is [MHT-CET 2021]",
        "question_latex": "A tuning fork A produces $4$ beats/s with $256$ Hz fork. Loading A with wax increases beats to $6$/s. Fork A frequency is [MHT-CET 2021]",
        "question_images": [],
        "options": [
            "A. 252 Hz",
            "B. 260 Hz",
            "C. 250 Hz",
            "D. 262 Hz"
        ],
        "option_images": [],
        "answer": "A",
        "solution": "$n_{A} = 256 \\pm 4 \\Rightarrow 260$ or $252$. Waxing $A$ decreases its frequency. If $n_{A}=260$, waxing brings it towards $256$ (decreases beats). If $n_{A}=252$, waxing moves it away from $256$ (increases beats). Thus $n_{A} = 252$ Hz.",
        "solution_images": [],
        "difficulty": "Medium",
        "marks": 4
    },
    {
        "id": 93,
        "chapter": "Sound",
        "question": "Energy in a stationary wave is concentrated at [MHT-CET 2023]",
        "question_latex": "Energy in a stationary wave is concentrated at [MHT-CET 2023]",
        "question_images": [],
        "options": [
            "A. Nodes",
            "B. Antinodes",
            "C. Midpoint of node and antinode",
            "D. Entire string"
        ],
        "option_images": [],
        "answer": "B",
        "solution": "Antinodes are the points of maximum displacement and thus maximum kinetic energy (at mean position) and potential energy (at extreme).",
        "solution_images": [],
        "difficulty": "Easy",
        "marks": 4
    },
    {
        "id": 94,
        "chapter": "Sound",
        "question": "A sound source moves away from a wall at 20 m/s. The observer between source and wall hears beats. Beat frequency is [n = 400 Hz, v = 340 m/s] [MHT-CET 2022]",
        "question_latex": "A sound source moves away from a wall at $20~m/s$. The observer between source and wall hears beats. Beat frequency is [$n = 400$ Hz, $v = 340~m/s$] [MHT-CET 2022]",
        "question_images": [],
        "options": [
            "A. 47 Hz",
            "B. 24 Hz",
            "C. 40 Hz",
            "D. 12 Hz"
        ],
        "option_images": [],
        "answer": "A",
        "solution": "$n_{direct} = n(\\frac{v-0}{v+v_{s}}) = 400(340/360) \\approx 377.7$ Hz. $n_{reflected} = n(\\frac{v}{v-v_{s}}) = 400(340/320) = 425$ Hz. Beats $= 425 - 377.7 \\approx 47$ Hz.",
        "solution_images": [],
        "difficulty": "Hard",
        "marks": 4
    },
    {
        "id": 95,
        "chapter": "Sound",
        "question": "Which of the following does not affect velocity of sound in gas? [MHT-CET 2020]",
        "question_latex": "Which of the following does not affect velocity of sound in gas? [MHT-CET 2020]",
        "question_images": [],
        "options": [
            "A. Temperature",
            "B. Pressure",
            "C. Humidity",
            "D. Density"
        ],
        "option_images": [],
        "answer": "B",
        "solution": "Velocity of sound is independent of pressure changes provided the temperature remains constant.",
        "solution_images": [],
        "difficulty": "Easy",
        "marks": 4
    },
    {
        "id": 96,
        "chapter": "Sound",
        "question": "The velocity of sound is v. If frequency n is made 4n, the new velocity is [MHT-CET 2024]",
        "question_latex": "The velocity of sound is $v$. If frequency $n$ is made $4n$, the new velocity is [MHT-CET 2024]",
        "question_images": [],
        "options": [
            "A. v",
            "B. 2v",
            "C. 4v",
            "D. v/4"
        ],
        "option_images": [],
        "answer": "A",
        "solution": "Velocity of sound is independent of frequency and wavelength; it depends on medium properties.",
        "solution_images": [],
        "difficulty": "Easy",
        "marks": 4
    },
    {
        "id": 97,
        "chapter": "Sound",
        "question": "Which of the following is NOT correct condition for the propagation of mechanical wave through a medium?",
        "question_latex": "Which of the following is NOT correct condition for the propagation of mechanical wave through a medium?",
        "question_images": [],
        "options": [
            "A. medium should be elastic",
            "B. medium should possess inertia",
            "C. medium should possess negligible frictional resistance",
            "D. medium should be perfectly plastic"
        ],
        "option_images": [],
        "answer": "D",
        "solution": "A perfectly plastic medium would not have the restoring forces necessary for wave propagation.",
        "solution_images": [],
        "difficulty": "Easy",
        "marks": 4
    },
    {
        "id": 98,
        "chapter": "Sound",
        "question": "The wavelength of sound in any gas depends upon [MHT-CET 2021]",
        "question_latex": "The wavelength of sound in any gas depends upon [MHT-CET 2021]",
        "question_images": [],
        "options": [
            "A. density and elasticity of the gas",
            "B. amplitude and frequency of sound",
            "C. intensity of sound waves only",
            "D. wavelength of sound only"
        ],
        "option_images": [],
        "answer": "A",
        "solution": "$v = \\sqrt{E/\\rho}$. Wavelength $\\lambda = v/f$ depends on velocity, which is governed by elasticity and density.",
        "solution_images": [],
        "difficulty": "Medium",
        "marks": 4
    },
    {
        "id": 99,
        "chapter": "Sound",
        "question": "Select the true statement of the following. [2025]",
        "question_latex": "Select the true statement of the following. [2025]",
        "question_images": [],
        "options": [
            "A. Speed of light in a medium is independent of the wavelength of light.",
            "B. Speed of light in vacuum is dependent on the direction of propagation.",
            "C. Speed of light is independent of the motion of the source.",
            "D. Speed of light in a medium is dependent of intensity."
        ],
        "option_images": [],
        "answer": "C",
        "solution": "In accordance with relativity, the speed of light in vacuum is a universal constant independent of the source's motion.",
        "solution_images": [],
        "difficulty": "Medium",
        "marks": 4
    },
    {
        "id": 100,
        "chapter": "Sound",
        "question": "If at same temperature and pressure, the densities for two diatomic gases are respectively d1 and d2, then the ratio of velocities of sound in these gases will be",
        "question_latex": "If at same temperature and pressure, the densities for two diatomic gases are respectively $d_{1}$ and $d_{2},$ then the ratio of velocities of sound in these gases will be",
        "question_images": [],
        "options": [
            "A. sqrt(d2/d1)",
            "B. sqrt(d1/d2)",
            "C. d2/d1",
            "D. d1/d2"
        ],
        "option_images": [],
        "answer": "A",
        "solution": "$v = \\sqrt{\\gamma P / \\rho}$. For same $\\gamma$ and $P$, $v_{1}/v_{2} = \\sqrt{d_{2}/d_{1}}$.",
        "solution_images": [],
        "difficulty": "Easy",
        "marks": 4
    }
]