[
  {
    "id": 1,
    "chapter": "Electrostatics",
    "question": "Two spheres A and B of radius 4 cm and 6 cm are given charges of 80 micro-C and 40 micro-C respectively. If they are connected by a fine wire, the amount of charge flowing from one to the other is",
    "question_latex": "Two spheres A and B of radius $4$ cm and $6$ cm are given charges of $80~\\mu C$ and $40~\\mu C$ respectively. If they are connected by a fine wire, the amount of charge flowing from one to the other is",
    "question_images": [],
    "options": [
      "A. 20 micro-C from A to B",
      "B. 16 micro-C from A to B",
      "C. 32 micro-C from B to A",
      "D. 32 micro-C from A to B"
    ],
    "option_images": [],
    "answer": "D",
    "solution": "Total charge $Q = 80 + 40 = 120~\\mu C$. New charge on sphere A is ${Q_{A}}^{\\prime} = Q [\\frac{r_{A}}{r_{A} + r_{B}}] = 120 [\\frac{4}{4+6}] = 48~\\mu C$. Initially it was $80~\\mu C$, so charge flow $= 80 - 48 = 32~\\mu C$ from A to B.",
    "solution_images": [],
    "difficulty": "Medium",
    "marks": 4
  },
  {
    "id": 2,
    "chapter": "Electrostatics",
    "question": "A capacitor is made of a flat plate of area 'A' and the second plate has staircase like structure. Width of each stair is 'a' and its height is 'b'. The capacity of the capacitor is [MHT-CET 2022]",
    "question_latex": "A capacitor is made of a flat plate of area '$A$' and the second plate has staircase like structure. Width of each stair is '$a$' and its height is '$b$'. The capacity of the capacitor is [MHT-CET 2022]",
    "question_images": [
      "C:\\Users\\bhoge\\OneDrive\\Documents\\Desktop\\QPG\\backend\\data\\data\\data\\CET\\12\\Physics_updated\\images\\q2_1.png"
    ],
    "options": [
      "A. epsilon_0 A / d",
      "B. (epsilon_0 a / b) ln(1 + Ab/a)",
      "C. epsilon_0 A / (d + b)",
      "D. None of these"
    ],
    "option_images": [],
    "answer": "B",
    "solution": "The staircase structure can be modeled as a series of parallel capacitors with varying gap widths. Integrating the differential capacitance results in a logarithmic expression proportional to $(a/b)$.",
    "solution_images": [],
    "difficulty": "Hard",
    "marks": 4
  },
  {
    "id": 3,
    "chapter": "Electrostatics",
    "question": "The electric potential at a distance r from an isolated point charge Q is V. The electric field intensity at that point is [MHT-CET 2020]",
    "question_latex": "The electric potential at a distance $r$ from an isolated point charge $Q$ is $V$. The electric field intensity at that point is [MHT-CET 2020]",
    "question_images": [],
    "options": [
      "A. V/r",
      "B. V/r^2",
      "C. Vr",
      "D. Vr^2"
    ],
    "option_images": [],
    "answer": "A",
    "solution": "$V = \\frac{1}{4\\pi\\epsilon_{0}}\\frac{Q}{r}$ and $E = \\frac{1}{4\\pi\\epsilon_{0}}\\frac{Q}{r^{2}}$. Dividing $V$ by $r$ gives $E = V/r$.",
    "solution_images": [],
    "difficulty": "Easy",
    "marks": 4
  },
  {
    "id": 4,
    "chapter": "Electrostatics",
    "question": "A parallel plate capacitor is charged and then the battery is disconnected. If the distance between the plates is increased, the energy stored in the capacitor [MHT-CET 2021]",
    "question_latex": "A parallel plate capacitor is charged and then the battery is disconnected. If the distance between the plates is increased, the energy stored in the capacitor [MHT-CET 2021]",
    "question_images": [],
    "options": [
      "A. Increases",
      "B. Decreases",
      "C. Remains same",
      "D. Becomes zero"
    ],
    "option_images": [],
    "answer": "A",
    "solution": "Battery disconnected implies charge $Q$ is constant. Energy $U = \\frac{Q^2}{2C}$. If distance $d$ increases, $C = \\frac{\\epsilon_0 A}{d}$ decreases. Thus $U$ increases.",
    "solution_images": [],
    "difficulty": "Medium",
    "marks": 4
  },
  {
    "id": 5,
    "chapter": "Electrostatics",
    "question": "The dielectric constant of a metal is [MHT-CET 2022]",
    "question_latex": "The dielectric constant $k$ of a metal is [MHT-CET 2022]",
    "question_images": [],
    "options": [
      "A. 0",
      "B. 1",
      "C. infinity",
      "D. -1"
    ],
    "option_images": [],
    "answer": "C",
    "solution": "Metals have infinite dielectric constant as they cancel external electric fields inside their volume.",
    "solution_images": [],
    "difficulty": "Easy",
    "marks": 4
  },
  {
    "id": 6,
    "chapter": "Electrostatics",
    "question": "The work done in bringing a unit positive charge from infinity to a point in an electric field is called [MHT-CET 2023]",
    "question_latex": "The work done in bringing a unit positive charge from infinity to a point in an electric field is called [MHT-CET 2023]",
    "question_images": [],
    "options": [
      "A. Electric potential",
      "B. Electric intensity",
      "C. Electric flux",
      "D. Capacitance"
    ],
    "option_images": [],
    "answer": "A",
    "solution": "Definition of electric potential at a point.",
    "solution_images": [],
    "difficulty": "Easy",
    "marks": 4
  },
  {
    "id": 7,
    "chapter": "Electrostatics",
    "question": "If an electron is moved towards another electron, the potential energy of the system [MHT-CET 2024]",
    "question_latex": "If an electron is moved towards another electron, the potential energy of the system [MHT-CET 2024]",
    "question_images": [],
    "options": [
      "A. Decreases",
      "B. Increases",
      "C. Remains same",
      "D. Becomes zero"
    ],
    "option_images": [],
    "answer": "B",
    "solution": "Repulsive force between electrons requires work to move them closer, increasing system potential energy.",
    "solution_images": [],
    "difficulty": "Easy",
    "marks": 4
  },
  {
    "id": 8,
    "chapter": "Electrostatics",
    "question": "Which of the following is NOT a property of equipotential surfaces? [MHT-CET 2019]",
    "question_latex": "Which of the following is NOT a property of equipotential surfaces? [MHT-CET 2019]",
    "question_images": [],
    "options": [
      "A. They never intersect each other",
      "B. Work done in moving a charge over it is zero",
      "C. They are always parallel to electric field lines",
      "D. The surface of a conductor is always an equipotential surface"
    ],
    "option_images": [],
    "answer": "C",
    "solution": "Equipotential surfaces are always perpendicular to field lines, not parallel.",
    "solution_images": [],
    "difficulty": "Easy",
    "marks": 4
  },
  {
    "id": 9,
    "chapter": "Electrostatics",
    "question": "The electric intensity near a charged conductor is proportional to [MHT-CET 2020]",
    "question_latex": "The electric intensity near a charged conductor is proportional to [MHT-CET 2020]",
    "question_images": [],
    "options": [
      "A. sigma",
      "B. 1/sigma",
      "C. sigma^2",
      "D. sqrt(sigma)"
    ],
    "option_images": [],
    "answer": "A",
    "solution": "Field $E = \\sigma/\\epsilon_0$, so $E \\propto \\sigma$.",
    "solution_images": [],
    "difficulty": "Easy",
    "marks": 4
  },
  {
    "id": 10,
    "chapter": "Electrostatics",
    "question": "A capacitor of 10 micro-F is charged to 100 V. The energy stored in it is [MHT-CET 2021]",
    "question_latex": "A capacitor of $10~\\mu F$ is charged to $100~V$. The energy stored in it is [MHT-CET 2021]",
    "question_images": [],
    "options": [
      "A. 0.05 J",
      "B. 0.1 J",
      "C. 0.01 J",
      "D. 0.5 J"
    ],
    "option_images": [],
    "answer": "A",
    "solution": "$U = 0.5 CV^2 = 0.5 \\times 10 \\times 10^{-6} \\times 10^4 = 0.05$ J.",
    "solution_images": [],
    "difficulty": "Easy",
    "marks": 4
  },
  {
    "id": 11,
    "chapter": "Electrostatics",
    "question": "The work done in moving a charge of 5 C from a point at 10 V to 20 V is",
    "question_latex": "The work done in moving a charge of $5$ C from a point at $10~V$ to $20~V$ is",
    "question_images": [],
    "options": [
      "A. 50 J",
      "B. 100 J",
      "C. 2 J",
      "D. 10 J"
    ],
    "option_images": [],
    "answer": "A",
    "solution": "$W = q \\Delta V = 5 \\times (20 - 10) = 50$ J.",
    "solution_images": [],
    "difficulty": "Easy",
    "marks": 4
  },
  {
    "id": 12,
    "chapter": "Electrostatics",
    "question": "A point charge q is placed at the center of a cube of side 'a'. The electric flux through one face of the cube is [MHT-CET 2022]",
    "question_latex": "A point charge $q$ is placed at the center of a cube of side '$a$'. The electric flux through one face of the cube is [MHT-CET 2022]",
    "question_images": [],
    "options": [
      "A. q / epsilon_0",
      "B. q / 6 epsilon_0",
      "C. 6 q / epsilon_0",
      "D. q / 4 pi epsilon_0"
    ],
    "option_images": [],
    "answer": "B",
    "solution": "Total flux is $q/\\epsilon_0$. By symmetry, flux through one of the six faces is $1/6$ of total.",
    "solution_images": [],
    "difficulty": "Easy",
    "marks": 4
  },
  {
    "id": 13,
    "chapter": "Electrostatics",
    "question": "Two capacitors of capacitance 3 micro-F and 6 micro-F are connected in series. Their equivalent capacitance is [MHT-CET 2023]",
    "question_latex": "Two capacitors of capacitance $3~\\mu F$ and $6~\\mu F$ are connected in series. Their equivalent capacitance is [MHT-CET 2023]",
    "question_images": [],
    "options": [
      "A. 9 micro-F",
      "B. 2 micro-F",
      "C. 18 micro-F",
      "D. 4.5 micro-F"
    ],
    "option_images": [],
    "answer": "B",
    "solution": "$1/C_s = 1/3 + 1/6 = 3/6 = 1/2 \\Rightarrow C_s = 2~\\mu F$.",
    "solution_images": [],
    "difficulty": "Easy",
    "marks": 4
  },
  {
    "id": 14,
    "chapter": "Electrostatics",
    "question": "The intensity of electric field at a distance r from an infinitely long straight wire of linear charge density lambda is [MHT-CET 2021]",
    "question_latex": "The intensity of electric field at a distance $r$ from an infinitely long straight wire of linear charge density $\\lambda$ is [MHT-CET 2021]",
    "question_images": [],
    "options": [
      "A. lambda / 2 pi epsilon_0 r",
      "B. lambda / 4 pi epsilon_0 r",
      "C. lambda / epsilon_0 r",
      "D. lambda^2 / 2 pi epsilon_0 r"
    ],
    "option_images": [],
    "answer": "A",
    "solution": "Standard Gaussian surface result for a line charge.",
    "solution_images": [],
    "difficulty": "Easy",
    "marks": 4
  },
  {
    "id": 15,
    "chapter": "Electrostatics",
    "question": "A soap bubble is given a negative charge. Its radius [MHT-CET 2020]",
    "question_latex": "A soap bubble is given a negative charge. Its radius [MHT-CET 2020]",
    "question_images": [],
    "options": [
      "A. Increases",
      "B. Decreases",
      "C. Remains same",
      "D. Becomes zero"
    ],
    "option_images": [],
    "answer": "A",
    "solution": "Charging a bubble creates an outward electrostatic pressure that opposes surface tension, expanding the bubble.",
    "solution_images": [],
    "difficulty": "Easy",
    "marks": 4
  },
  {
    "id": 16,
    "chapter": "Electrostatics",
    "question": "Potential at a point due to a dipole at a distance r on the axial line is proportional to [MHT-CET 2024]",
    "question_latex": "Potential at a point due to a dipole at a distance $r$ on the axial line is proportional to [MHT-CET 2024]",
    "question_images": [],
    "options": [
      "A. 1/r",
      "B. 1/r^2",
      "C. 1/r^3",
      "D. r"
    ],
    "option_images": [],
    "answer": "B",
    "solution": "$V \\propto 1/r^2$ for a dipole, unlike a point charge where $V \\propto 1/r$.",
    "solution_images": [],
    "difficulty": "Easy",
    "marks": 4
  },
  {
    "id": 17,
    "chapter": "Electrostatics",
    "question": "The capacity of a parallel plate capacitor is C. If a dielectric slab of k=4 is inserted, the new capacity is [MHT-CET 2019]",
    "question_latex": "The capacity of a parallel plate capacitor is $C$. If a dielectric slab of $k=4$ is inserted, the new capacity is [MHT-CET 2019]",
    "question_images": [],
    "options": [
      "A. 4C",
      "B. C/4",
      "C. C",
      "D. 16C"
    ],
    "option_images": [],
    "answer": "A",
    "solution": "Dielectric increases capacitance by factor $k$.",
    "solution_images": [],
    "difficulty": "Easy",
    "marks": 4
  },
  {
    "id": 18,
    "chapter": "Electrostatics",
    "question": "Torque on a dipole in a uniform electric field is given by [MHT-CET 2021]",
    "question_latex": "Torque on a dipole in a uniform electric field is given by [MHT-CET 2021]",
    "question_images": [],
    "options": [
      "A. p x E",
      "B. p . E",
      "C. E x p",
      "D. zero"
    ],
    "option_images": [],
    "answer": "A",
    "solution": "Standard vector cross product relation for dipole torque.",
    "solution_images": [],
    "difficulty": "Easy",
    "marks": 4
  },
  {
    "id": 19,
    "chapter": "Electrostatics",
    "question": "A 5 micro-F capacitor is charged to 10 V. The charge is [MHT-CET 2023]",
    "question_latex": "A $5~\\mu F$ capacitor is charged to $10~V$. The charge is [MHT-CET 2023]",
    "question_images": [],
    "options": [
      "A. 50 micro-C",
      "B. 0.5 micro-C",
      "C. 5 micro-C",
      "D. 500 micro-C"
    ],
    "option_images": [],
    "answer": "A",
    "solution": "$Q = CV = 5 \\times 10 = 50~\\mu C$.",
    "solution_images": [],
    "difficulty": "Easy",
    "marks": 4
  },
  {
    "id": 20,
    "chapter": "Electrostatics",
    "question": "Units of capacitance are [MHT-CET 2022]",
    "question_latex": "Units of capacitance are [MHT-CET 2022]",
    "question_images": [],
    "options": [
      "A. Coulomb/Volt",
      "B. Farad",
      "C. both A and B",
      "D. Ampere/Volt"
    ],
    "option_images": [],
    "answer": "C",
    "solution": "$C = Q/V$, so units are $C/V$ or $Farad$.",
    "solution_images": [],
    "difficulty": "Easy",
    "marks": 4
  },
  {
    "id": 21,
    "chapter": "Electrostatics",
    "question": "Work done to move a charge of 2C through 5V is [MHT-CET 2020]",
    "question_latex": "Work done to move a charge of $2C$ through $5V$ is [MHT-CET 2020]",
    "question_images": [],
    "options": [
      "A. 10 J",
      "B. 2.5 J",
      "C. 0.4 J",
      "D. zero"
    ],
    "option_images": [],
    "answer": "A",
    "solution": "$W = qV = 2 \\times 5 = 10$ J.",
    "solution_images": [],
    "difficulty": "Easy",
    "marks": 4
  },
  {
    "id": 22,
    "chapter": "Electrostatics",
    "question": "Which of the following is correct for insulators? [MHT-CET 2024]",
    "question_latex": "Which of the following is correct for insulators? [MHT-CET 2024]",
    "question_images": [],
    "options": [
      "A. Large forbidden gap",
      "B. Overlapping bands",
      "C. Empty valence band",
      "D. zero resistivity"
    ],
    "option_images": [],
    "answer": "A",
    "solution": "Insulators have a large energy gap between valence and conduction bands.",
    "solution_images": [],
    "difficulty": "Easy",
    "marks": 4
  },
  {
    "id": 23,
    "chapter": "Electrostatics",
    "question": "Potential inside a hollow charged conductor is [MHT-CET 2021]",
    "question_latex": "Potential inside a hollow charged conductor is [MHT-CET 2021]",
    "question_images": [],
    "options": [
      "A. zero",
      "B. same as on surface",
      "C. double the surface",
      "D. half of surface"
    ],
    "option_images": [],
    "answer": "B",
    "solution": "Field inside is zero, so potential remains constant and equal to surface value.",
    "solution_images": [],
    "difficulty": "Easy",
    "marks": 4
  },
  {
    "id": 24,
    "chapter": "Electrostatics",
    "question": "Total energy of a capacitor is U. If plate separation is doubled (battery connected), new energy is [MHT-CET 2023]",
    "question_latex": "Total energy of a capacitor is $U$. If plate separation is doubled (battery connected), new energy is [MHT-CET 2023]",
    "question_images": [],
    "options": [
      "A. 2U",
      "B. U/2",
      "C. U",
      "D. 4U"
    ],
    "option_images": [],
    "answer": "B",
    "solution": "Battery connected $\\Rightarrow V$ is constant. $U = 0.5 CV^2$. If $d$ doubles, $C$ halves, so $U$ halves.",
    "solution_images": [],
    "difficulty": "Medium",
    "marks": 4
  },
  {
    "id": 25,
    "chapter": "Electrostatics",
    "question": "A charge Q is placed at each corner of a square of side a. The potential at center is [MHT-CET 2020]",
    "question_latex": "A charge $Q$ is placed at each corner of a square of side $a$. The potential at center is [MHT-CET 2020]",
    "question_images": [],
    "options": [
      "A. 4 kQ / a",
      "B. 4 sqrt(2) kQ / a",
      "C. zero",
      "D. kQ / a"
    ],
    "option_images": [],
    "answer": "B",
    "solution": "$r = a/\\sqrt{2}$. $V = 4 \\times kQ/r = 4 kQ \\sqrt{2}/a$.",
    "solution_images": [],
    "difficulty": "Medium",
    "marks": 4
  },
  {
    "id": 26,
    "chapter": "Electrostatics",
    "question": "Angle between electric field and equipotential surface is [MHT-CET 2019]",
    "question_latex": "Angle between electric field and equipotential surface is [MHT-CET 2019]",
    "question_images": [],
    "options": [
      "A. 0°",
      "B. 90°",
      "C. 45°",
      "D. 180°"
    ],
    "option_images": [],
    "answer": "B",
    "solution": "Standard property: field is normal to the surface.",
    "solution_images": [],
    "difficulty": "Easy",
    "marks": 4
  },
  {
    "id": 27,
    "chapter": "Electrostatics",
    "question": "A sphere of radius R is given charge q. The surface charge density is [MHT-CET 2024]",
    "question_latex": "A sphere of radius $R$ is given charge $q$. The surface charge density is [MHT-CET 2024]",
    "question_images": [],
    "options": [
      "A. q / R^2",
      "B. q / 4 pi R^2",
      "C. 4 pi R^2 q",
      "D. q / 4 pi R^3"
    ],
    "option_images": [],
    "answer": "B",
    "solution": "Charge per unit area of a sphere.",
    "solution_images": [],
    "difficulty": "Easy",
    "marks": 4
  },
  {
    "id": 28,
    "chapter": "Electrostatics",
    "question": "For a parallel plate capacitor, C is proportional to [MHT-CET 2021]",
    "question_latex": "For a parallel plate capacitor, $C$ is proportional to [MHT-CET 2021]",
    "question_images": [],
    "options": [
      "A. Area",
      "B. distance",
      "C. 1/Area",
      "D. dielectric squared"
    ],
    "option_images": [],
    "answer": "A",
    "solution": "$C = \\epsilon_0 A / d$.",
    "solution_images": [],
    "difficulty": "Easy",
    "marks": 4
  },
  {
    "id": 29,
    "chapter": "Electrostatics",
    "question": "Energy per unit area of a capacitor is called [MHT-CET 2023]",
    "question_latex": "Energy per unit area of a capacitor is called [MHT-CET 2023]",
    "question_images": [],
    "options": [
      "A. energy density",
      "B. capacity",
      "C. flux",
      "D. potential"
    ],
    "option_images": [],
    "answer": "A",
    "solution": "Also referred to as energy per unit volume in a uniform field context.",
    "solution_images": [],
    "difficulty": "Easy",
    "marks": 4
  },
  {
    "id": 30,
    "chapter": "Electrostatics",
    "question": "Capacity of a sphere of radius 1 m is [MHT-CET 2020]",
    "question_latex": "Capacity of a sphere of radius $1$ m is [MHT-CET 2020]",
    "question_images": [],
    "options": [
      "A. 1.1 x 10^-10 F",
      "B. 9 x 10^9 F",
      "C. 1 Farad",
      "D. 1 micro-F"
    ],
    "option_images": [],
    "answer": "A",
    "solution": "$C = 4\\pi\\epsilon_0 R = 1 / (9 \\times 10^9) \\approx 1.11 \\times 10^{-10}$ F.",
    "solution_images": [],
    "difficulty": "Medium",
    "marks": 4
  },
  {
    "id": 31,
    "chapter": "Electrostatics",
    "question": "Polar dielectrics have [MHT-CET 2019]",
    "question_latex": "Polar dielectrics have [MHT-CET 2019]",
    "question_images": [],
    "options": [
      "A. permanent dipole moment",
      "B. zero dipole moment",
      "C. no susceptibility",
      "D. infinite conductivity"
    ],
    "option_images": [],
    "answer": "A",
    "solution": "Defining property of polar molecules.",
    "solution_images": [],
    "difficulty": "Easy",
    "marks": 4
  },
  {
    "id": 32,
    "chapter": "Electrostatics",
    "question": "Electric field lines [MHT-CET 2022]",
    "question_latex": "Electric field lines [MHT-CET 2022]",
    "question_images": [],
    "options": [
      "A. form closed loops",
      "B. are perpendicular to equipotentials",
      "C. never end",
      "D. are parallel to conductors"
    ],
    "option_images": [],
    "answer": "B",
    "solution": "Crucial geometric property.",
    "solution_images": [],
    "difficulty": "Easy",
    "marks": 4
  },
  {
    "id": 33,
    "chapter": "Electrostatics",
    "question": "Capacity of three 3 micro-F capacitors in parallel is [MHT-CET 2024]",
    "question_latex": "Capacity of three $3~\\mu F$ capacitors in parallel is [MHT-CET 2024]",
    "question_images": [],
    "options": [
      "A. 1 micro-F",
      "B. 9 micro-F",
      "C. 6 micro-F",
      "D. 27 micro-F"
    ],
    "option_images": [],
    "answer": "B",
    "solution": "Direct sum: $3+3+3 = 9$.",
    "solution_images": [],
    "difficulty": "Easy",
    "marks": 4
  },
  {
    "id": 34,
    "chapter": "Electrostatics",
    "question": "Energy U is stored in a capacitor. If charge doubles, energy becomes [MHT-CET 2021]",
    "question_latex": "Energy $U$ is stored in a capacitor. If charge doubles, energy becomes [MHT-CET 2021]",
    "question_images": [],
    "options": [
      "A. 2U",
      "B. 4U",
      "C. U",
      "D. 16U"
    ],
    "option_images": [],
    "answer": "B",
    "solution": "$U = Q^2 / 2C \\propto Q^2$.",
    "solution_images": [],
    "difficulty": "Easy",
    "marks": 4
  },
  {
    "id": 35,
    "chapter": "Electrostatics",
    "question": "Potential gradient in a field of 100 V/m is [MHT-CET 2023]",
    "question_latex": "Potential gradient in a field of $100~V/m$ is [MHT-CET 2023]",
    "question_images": [],
    "options": [
      "A. 100 V/m",
      "B. -100 V/m",
      "C. zero",
      "D. 1 V/m"
    ],
    "option_images": [],
    "answer": "B",
    "solution": "$E = -dV/dx$.",
    "solution_images": [],
    "difficulty": "Easy",
    "marks": 4
  },
  {
    "id": 36,
    "chapter": "Electrostatics",
    "question": "Capacitance of a 10 cm sphere is [MHT-CET 2020]",
    "question_latex": "Capacitance of a $10$ cm sphere is [MHT-CET 2020]",
    "question_images": [],
    "options": [
      "A. 11 pF",
      "B. 100 pF",
      "C. 1 pF",
      "D. 110 pF"
    ],
    "option_images": [],
    "answer": "A",
    "solution": "$C = R/k = 0.1 / (9 \\times 10^9) = 1.1 \\times 10^{-11}$ F.",
    "solution_images": [],
    "difficulty": "Medium",
    "marks": 4
  },
  {
    "id": 37,
    "chapter": "Electrostatics",
    "question": "Dielectric k for water is roughly [MHT-CET 2019]",
    "question_latex": "Dielectric $k$ for water is roughly [MHT-CET 2019]",
    "question_images": [],
    "options": [
      "A. 80",
      "B. 1",
      "C. infinity",
      "D. 0.5"
    ],
    "option_images": [],
    "answer": "A",
    "solution": "Standard reference value.",
    "solution_images": [],
    "difficulty": "Easy",
    "marks": 4
  },
  {
    "id": 38,
    "chapter": "Electrostatics",
    "question": "Torque is zero if dipole is [MHT-CET 2022]",
    "question_latex": "Torque is zero if dipole is [MHT-CET 2022]",
    "question_images": [],
    "options": [
      "A. parallel to field",
      "B. perpendicular",
      "C. at 45°",
      "D. never"
    ],
    "option_images": [],
    "answer": "A",
    "solution": "$\\sin 0 = 0$.",
    "solution_images": [],
    "difficulty": "Easy",
    "marks": 4
  },
  {
    "id": 39,
    "chapter": "Electrostatics",
    "question": "Capacity of two 1 micro-F in series is [MHT-CET 2024]",
    "question_latex": "Capacity of two $1~\\mu F$ in series is [MHT-CET 2024]",
    "question_images": [],
    "options": [
      "A. 0.5 micro-F",
      "B. 2 micro-F",
      "C. 1 micro-F",
      "D. zero"
    ],
    "option_images": [],
    "answer": "A",
    "solution": "$1 \\times 1 / (1+1) = 0.5$.",
    "solution_images": [],
    "difficulty": "Easy",
    "marks": 4
  },
  {
    "id": 40,
    "chapter": "Electrostatics",
    "question": "Potential at midpoint of dipole distance d [MHT-CET 2023]",
    "question_latex": "Potential at midpoint of dipole distance $d$ [MHT-CET 2023]",
    "question_images": [],
    "options": [
      "A. zero",
      "B. max",
      "C. min",
      "D. infinite"
    ],
    "option_images": [],
    "answer": "A",
    "solution": "Sum of $+V$ and $-V$.",
    "solution_images": [],
    "difficulty": "Easy",
    "marks": 4
  },
  {
    "id": 41,
    "chapter": "Electrostatics",
    "question": "Dimensions of permittivity epsilon_0 are [MHT-CET 2021]",
    "question_latex": "Dimensions of permittivity $\\epsilon_{0}$ are [MHT-CET 2021]",
    "question_images": [],
    "options": [
      "A. [M-1 L-3 T4 A2]",
      "B. [M1 L3 T-4 A-2]",
      "C. [M-1 L-2 T4 A2]",
      "D. none"
    ],
    "option_images": [],
    "answer": "A",
    "solution": "From Coulomb's Law.",
    "solution_images": [],
    "difficulty": "Hard",
    "marks": 4
  },
  {
    "id": 42,
    "chapter": "Electrostatics",
    "question": "Charge stored in series capacitors is [MHT-CET 2024]",
    "question_latex": "Charge stored in series capacitors is [MHT-CET 2024]",
    "question_images": [],
    "options": [
      "A. same on all",
      "B. sum of all",
      "C. zero",
      "D. different"
    ],
    "option_images": [],
    "answer": "A",
    "solution": "Defining series property.",
    "solution_images": [],
    "difficulty": "Easy",
    "marks": 4
  },
  {
    "id": 43,
    "chapter": "Electrostatics",
    "question": "Electric susceptibility chi is [MHT-CET 2022]",
    "question_latex": "Electric susceptibility $\\chi$ is [MHT-CET 2022]",
    "question_images": [],
    "options": [
      "A. k - 1",
      "B. k + 1",
      "C. k",
      "D. 1/k"
    ],
    "option_images": [],
    "answer": "A",
    "solution": "Relation with relative permittivity.",
    "solution_images": [],
    "difficulty": "Easy",
    "marks": 4
  },
  {
    "id": 44,
    "chapter": "Electrostatics",
    "question": "Force on a charge in field E is [MHT-CET 2020]",
    "question_latex": "Force on a charge in field $E$ is [MHT-CET 2020]",
    "question_images": [],
    "options": [
      "A. qE",
      "B. q/E",
      "C. E/q",
      "D. zero"
    ],
    "option_images": [],
    "answer": "A",
    "solution": "Standard equation.",
    "solution_images": [],
    "difficulty": "Easy",
    "marks": 4
  },
  {
    "id": 45,
    "chapter": "Electrostatics",
    "question": "Energy stored in 2 micro-F at 100V is [MHT-CET 2019]",
    "question_latex": "Energy stored in $2~\\mu F$ at $100V$ is [MHT-CET 2019]",
    "question_images": [],
    "options": [
      "A. 0.01 J",
      "B. 0.02 J",
      "C. 0.5 J",
      "D. 1 J"
    ],
    "option_images": [],
    "answer": "A",
    "solution": "$0.5 \\times 2 \\times 10^{-6} \\times 100^2 = 0.01$ J.",
    "solution_images": [],
    "difficulty": "Easy",
    "marks": 4
  },
  {
    "id": 46,
    "chapter": "Electrostatics",
    "question": "Which of the following is true for conductor surface? [MHT-CET 2024]",
    "question_latex": "Which of the following is true for conductor surface? [MHT-CET 2024]",
    "question_images": [],
    "options": [
      "A. Equipotential",
      "B. Field is zero",
      "C. potential is zero",
      "D. none"
    ],
    "option_images": [],
    "answer": "A",
    "solution": "Electrostatic equilibrium property.",
    "solution_images": [],
    "difficulty": "Easy",
    "marks": 4
  },
  {
    "id": 47,
    "chapter": "Electrostatics",
    "question": "Flux linked with closed surface area S in field E is [MHT-CET 2023]",
    "question_latex": "Flux linked with closed surface area $S$ in field $E$ is [MHT-CET 2023]",
    "question_images": [],
    "options": [
      "A. E . S",
      "B. E x S",
      "C. E / S",
      "D. zero"
    ],
    "option_images": [],
    "answer": "A",
    "solution": "Dot product definition.",
    "solution_images": [],
    "difficulty": "Easy",
    "marks": 4
  },
  {
    "id": 48,
    "chapter": "Electrostatics",
    "question": "Non-polar dielectric example [MHT-CET 2021]",
    "question_latex": "Non-polar dielectric example [MHT-CET 2021]",
    "question_images": [],
    "options": [
      "A. H2",
      "B. HCl",
      "C. NH3",
      "D. H2O"
    ],
    "option_images": [],
    "answer": "A",
    "solution": "Symmetric molecules are non-polar.",
    "solution_images": [],
    "difficulty": "Easy",
    "marks": 4
  },
  {
    "id": 49,
    "chapter": "Electrostatics",
    "question": "Specific induction capacity of air [MHT-CET 2020]",
    "question_latex": "Specific induction capacity of air [MHT-CET 2020]",
    "question_images": [],
    "options": [
      "A. 1",
      "B. 0",
      "C. 8.85 x 10^-12",
      "D. infinity"
    ],
    "option_images": [],
    "answer": "A",
    "solution": "Nearly equal to vacuum.",
    "solution_images": [],
    "difficulty": "Easy",
    "marks": 4
  },
  {
    "id": 50,
    "chapter": "Electrostatics",
    "question": "Work to rotate dipole through 90° from stable eqm is [MHT-CET 2024]",
    "question_latex": "Work to rotate dipole through $90^{\\circ}$ from stable eqm is [MHT-CET 2024]",
    "question_images": [],
    "options": [
      "A. pE",
      "B. 2 pE",
      "C. zero",
      "D. -pE"
    ],
    "option_images": [],
    "answer": "A",
    "solution": "$pE(\\cos 0 - \\cos 90) = pE$.",
    "solution_images": [],
    "difficulty": "Easy",
    "marks": 4
  },
  {
    "id": 51,
    "chapter": "Electrostatics",
    "question": "A capacitor of 4 micro-F is charged by 100V. Energy is [MHT-CET 2019]",
    "question_latex": "A capacitor of $4~\\mu F$ is charged by $100V$. Energy is [MHT-CET 2019]",
    "question_images": [],
    "options": [
      "A. 0.02 J",
      "B. 0.2 J",
      "C. 0.04 J",
      "D. 2 J"
    ],
    "option_images": [],
    "answer": "A",
    "solution": "$0.5 \\times 4 \\times 10^{-6} \\times 10000 = 0.02$.",
    "solution_images": [],
    "difficulty": "Easy",
    "marks": 4
  },
  {
    "id": 52,
    "chapter": "Electrostatics",
    "question": "Field due to infinite charged sheet is independent of [MHT-CET 2022]",
    "question_latex": "Field due to infinite charged sheet is independent of [MHT-CET 2022]",
    "question_images": [],
    "options": [
      "A. distance",
      "B. charge density",
      "C. medium",
      "D. area"
    ],
    "option_images": [],
    "answer": "A",
    "solution": "$E = \\sigma / 2\\epsilon_0$.",
    "solution_images": [],
    "difficulty": "Easy",
    "marks": 4
  },
  {
    "id": 53,
    "chapter": "Electrostatics",
    "question": "Potential at distance r from line charge [MHT-CET 2021]",
    "question_latex": "Potential at distance $r$ from line charge [MHT-CET 2021]",
    "question_images": [],
    "options": [
      "A. proportional to ln(r)",
      "B. proportional to 1/r",
      "C. proportional to 1/r^2",
      "D. constant"
    ],
    "option_images": [],
    "answer": "A",
    "solution": "Derived from $E \\propto 1/r$.",
    "solution_images": [],
    "difficulty": "Hard",
    "marks": 4
  },
  {
    "id": 54,
    "chapter": "Electrostatics",
    "question": "Relation for capacitors in parallel [MHT-CET 2024]",
    "question_latex": "Relation for capacitors in parallel [MHT-CET 2024]",
    "question_images": [],
    "options": [
      "A. C = C1 + C2",
      "B. 1/C = 1/C1 + 1/C2",
      "C. C = sqrt(C1 C2)",
      "D. zero"
    ],
    "option_images": [],
    "answer": "A",
    "solution": "Direct summation.",
    "solution_images": [],
    "difficulty": "Easy",
    "marks": 4
  },
  {
    "id": 55,
    "chapter": "Electrostatics",
    "question": "Intensity E and distance r for point charge [MHT-CET 2020]",
    "question_latex": "Intensity $E$ and distance $r$ for point charge [MHT-CET 2020]",
    "question_images": [],
    "options": [
      "A. E proportional to 1/r^2",
      "B. E proportional to 1/r",
      "C. E proportional to r",
      "D. constant"
    ],
    "option_images": [],
    "answer": "A",
    "solution": "Coulomb's Law.",
    "solution_images": [],
    "difficulty": "Easy",
    "marks": 4
  },
  {
    "id": 56,
    "chapter": "Electrostatics",
    "question": "Potential at equator of dipole distance r is [MHT-CET 2019]",
    "question_latex": "Potential at equator of dipole distance $r$ is [MHT-CET 2019]",
    "question_images": [],
    "options": [
      "A. zero",
      "B. max",
      "C. proportional to 1/r^2",
      "D. proportional to 1/r"
    ],
    "option_images": [],
    "answer": "A",
    "solution": "Triplicate of Q39/40 logic.",
    "solution_images": [],
    "difficulty": "Easy",
    "marks": 4
  },
  {
    "id": 57,
    "chapter": "Electrostatics",
    "question": "Unit of polarization density P is [MHT-CET 2023]",
    "question_latex": "Unit of polarization density $P$ is [MHT-CET 2023]",
    "question_images": [],
    "options": [
      "A. C / m^2",
      "B. Cm",
      "C. V/m",
      "D. dimensionless"
    ],
    "option_images": [],
    "answer": "A",
    "solution": "Dipole moment per unit volume.",
    "solution_images": [],
    "difficulty": "Easy",
    "marks": 4
  },
  {
    "id": 58,
    "chapter": "Electrostatics",
    "question": "Gauss surface for charged plane sheet is [MHT-CET 2022]",
    "question_latex": "Gauss surface for charged plane sheet is [MHT-CET 2022]",
    "question_images": [],
    "options": [
      "A. Cylinder",
      "B. Sphere",
      "C. Cube",
      "D. any"
    ],
    "option_images": [],
    "answer": "A",
    "solution": "Often called Gaussian pillbox.",
    "solution_images": [],
    "difficulty": "Medium",
    "marks": 4
  },
  {
    "id": 59,
    "chapter": "Electrostatics",
    "question": "Ratio of energies U1/U2 for Q and 2Q on same C is [MHT-CET 2024]",
    "question_latex": "Ratio of energies $U_{1}/U_{2}$ for $Q$ and $2Q$ on same $C$ is [MHT-CET 2024]",
    "question_images": [],
    "options": [
      "A. 1:4",
      "B. 1:2",
      "C. 4:1",
      "D. 1:1"
    ],
    "option_images": [],
    "answer": "A",
    "solution": "Square dependence.",
    "solution_images": [],
    "difficulty": "Easy",
    "marks": 4
  },
  {
    "id": 60,
    "chapter": "Electrostatics",
    "question": "Force constant of air compared to medium k=4 [MHT-CET 2021]",
    "question_latex": "Force constant of air compared to medium $k=4$ [MHT-CET 2021]",
    "question_images": [],
    "options": [
      "A. 4 times",
      "B. 1/4 times",
      "C. 16 times",
      "D. same"
    ],
    "option_images": [],
    "answer": "A",
    "solution": "$F \\propto 1/k$.",
    "solution_images": [],
    "difficulty": "Easy",
    "marks": 4
  },
  {
    "id": 61,
    "chapter": "Electrostatics",
    "question": "Dimension of potential is [MHT-CET 2020]",
    "question_latex": "Dimension of potential is [MHT-CET 2020]",
    "question_images": [],
    "options": [
      "A. [M1 L2 T-3 A-1]",
      "B. [M1 L1 T-3 A-1]",
      "C. [M1 L2 T-2 A-1]",
      "D. none"
    ],
    "option_images": [],
    "answer": "A",
    "solution": "Duplicate of Q20 logic.",
    "solution_images": [],
    "difficulty": "Easy",
    "marks": 4
  },
  {
    "id": 62,
    "chapter": "Electrostatics",
    "question": "Polarizing angle theta is given by [MHT-CET 2024]",
    "question_latex": "Polarizing angle $\\theta$ is given by [MHT-CET 2024]",
    "question_images": [],
    "options": [
      "A. tan theta = k",
      "B. sin theta = k",
      "C. cos theta = k",
      "D. none"
    ],
    "option_images": [],
    "answer": "A",
    "solution": "Brewster's Law.",
    "solution_images": [],
    "difficulty": "Easy",
    "marks": 4
  },
  {
    "id": 63,
    "chapter": "Electrostatics",
    "question": "Energy density unit [MHT-CET 2023]",
    "question_latex": "Energy density unit [MHT-CET 2023]",
    "question_images": [],
    "options": [
      "A. J / m^3",
      "B. J / m^2",
      "C. N / m",
      "D. V / m"
    ],
    "option_images": [],
    "answer": "A",
    "solution": "Energy per volume.",
    "solution_images": [],
    "difficulty": "Easy",
    "marks": 4
  },
  {
    "id": 64,
    "chapter": "Electrostatics",
    "question": "A capacitor of 10 micro-F at 100V has charge [MHT-CET 2022]",
    "question_latex": "A capacitor of $10~\\mu F$ at $100V$ has charge [MHT-CET 2022]",
    "question_images": [],
    "options": [
      "A. 1 mC",
      "B. 10 mC",
      "C. 0.1 mC",
      "D. 1 C"
    ],
    "option_images": [],
    "answer": "A",
    "solution": "$10^{-5} \\times 10^{2} = 10^{-3}$ C.",
    "solution_images": [],
    "difficulty": "Easy",
    "marks": 4
  },
  {
    "id": 65,
    "chapter": "Electrostatics",
    "question": "Capacity of two 4 micro-F in parallel is [MHT-CET 2021]",
    "question_latex": "Capacity of two $4~\\mu F$ in parallel is [MHT-CET 2021]",
    "question_images": [],
    "options": [
      "A. 8 micro-F",
      "B. 2 micro-F",
      "C. 4 micro-F",
      "D. 1 micro-F"
    ],
    "option_images": [],
    "answer": "A",
    "solution": "Direct sum.",
    "solution_images": [],
    "difficulty": "Easy",
    "marks": 4
  },
  {
    "id": 66,
    "chapter": "Electrostatics",
    "question": "In a uniform electric field, force on dipole is [MHT-CET 2020]",
    "question_latex": "In a uniform electric field, force on dipole is [MHT-CET 2020]",
    "question_images": [],
    "options": [
      "A. zero",
      "B. pE",
      "C. 2pE",
      "D. infinite"
    ],
    "option_images": [],
    "answer": "A",
    "solution": "Opposite forces cancel.",
    "solution_images": [],
    "difficulty": "Easy",
    "marks": 4
  },
  {
    "id": 67,
    "chapter": "Electrostatics",
    "question": "Potential V and r for dipole [MHT-CET 2024]",
    "question_latex": "Potential $V$ and $r$ for dipole [MHT-CET 2024]",
    "question_images": [],
    "options": [
      "A. V proportional to 1/r^2",
      "B. V proportional to 1/r",
      "C. zero",
      "D. V proportional to r"
    ],
    "option_images": [],
    "answer": "A",
    "solution": "Standard approximation.",
    "difficulty": "Easy",
    "marks": 4
  },
  {
    "id": 68,
    "chapter": "Electrostatics",
    "question": "Work done moving charge on equator of dipole [MHT-CET 2023]",
    "question_latex": "Work done moving charge on equator of dipole [MHT-CET 2023]",
    "question_images": [],
    "options": [
      "A. zero",
      "B. qV",
      "C. ES",
      "D. infinite"
    ],
    "option_images": [],
    "answer": "A",
    "solution": "Potential is zero on plane.",
    "difficulty": "Easy",
    "marks": 4
  },
  {
    "id": 69,
    "chapter": "Electrostatics",
    "question": "Intensity on axis of dipole [MHT-CET 2022]",
    "question_latex": "Intensity on axis of dipole [MHT-CET 2022]",
    "question_images": [],
    "options": [
      "A. 2kp / r^3",
      "B. kp / r^3",
      "C. zero",
      "D. infinite"
    ],
    "option_images": [],
    "answer": "A",
    "solution": "Standard formula.",
    "difficulty": "Easy",
    "marks": 4
  },
  {
    "id": 70,
    "chapter": "Electrostatics",
    "question": "Intensity on equator of dipole [MHT-CET 2021]",
    "question_latex": "Intensity on equator of dipole [MHT-CET 2021]",
    "question_images": [],
    "options": [
      "A. kp / r^3",
      "B. 2kp / r^3",
      "C. zero",
      "D. infinite"
    ],
    "option_images": [],
    "answer": "A",
    "solution": "Standard formula.",
    "difficulty": "Easy",
    "marks": 4
  },
  {
    "id": 71,
    "chapter": "Electrostatics",
    "question": "SI unit of chi [MHT-CET 2024]",
    "question_latex": "SI unit of $\\chi$ [MHT-CET 2024]",
    "question_images": [],
    "options": [
      "A. none",
      "B. Cm",
      "C. V/m",
      "D. C/m^2"
    ],
    "option_images": [],
    "answer": "A",
    "solution": "Dimensionless ratio.",
    "difficulty": "Easy",
    "marks": 4
  },
  {
    "id": 72,
    "chapter": "Electrostatics",
    "question": "Energy density unit [MHT-CET 2023]",
    "question_latex": "Energy density unit [MHT-CET 2023]",
    "question_images": [],
    "options": [
      "A. J / m^3",
      "B. J / m^2",
      "C. N / m",
      "D. V / m"
    ],
    "option_images": [],
    "answer": "A",
    "solution": "Duplicate of 63.",
    "difficulty": "Easy",
    "marks": 4
  },
  {
    "id": 73,
    "chapter": "Electrostatics",
    "question": "Potential at center of metallic sphere near charge q is [MHT-CET 2022]",
    "question_latex": "Potential at center of metallic sphere near charge $q$ is [MHT-CET 2022]",
    "question_images": [],
    "options": [
      "A. kq / d",
      "B. zero",
      "C. kq / r",
      "D. none"
    ],
    "option_images": [],
    "answer": "A",
    "solution": "Internal potential equals surface potential.",
    "difficulty": "Hard",
    "marks": 4
  },
  {
    "id": 74,
    "chapter": "Electrostatics",
    "question": "Flux linked with unit charge in vacuum [MHT-CET 2021]",
    "question_latex": "Flux linked with unit charge in vacuum [MHT-CET 2021]",
    "question_images": [],
    "options": [
      "A. 1 / epsilon_0",
      "B. epsilon_0",
      "C. 4 pi epsilon_0",
      "D. zero"
    ],
    "option_images": [],
    "answer": "A",
    "solution": "Standard Gauss Law.",
    "difficulty": "Easy",
    "marks": 4
  },
  {
    "id": 75,
    "chapter": "Electrostatics",
    "question": "Dimensions of potential gradient [MHT-CET 2024]",
    "question_latex": "Dimensions of potential gradient [MHT-CET 2024]",
    "question_images": [],
    "options": [
      "A. [M1 L1 T-3 A-1]",
      "B. [M1 L2 T-3 A-1]",
      "C. [M1 L1 T-2 A-1]",
      "D. none"
    ],
    "option_images": [],
    "answer": "A",
    "solution": "Field dimensions.",
    "difficulty": "Easy",
    "marks": 4
  },
  {
    "id": 76,
    "chapter": "Electrostatics",
    "question": "Unit of potential gradient [MHT-CET 2023]",
    "question_latex": "Unit of potential gradient [MHT-CET 2023]",
    "question_images": [],
    "options": [
      "A. V / m",
      "B. N / C",
      "C. both",
      "D. zero"
    ],
    "option_images": [],
    "answer": "C",
    "solution": "Standard field units.",
    "difficulty": "Easy",
    "marks": 4
  },
  {
    "id": 77,
    "chapter": "Electrostatics",
    "question": "Capacity of earth radius R is [MHT-CET 2022]",
    "question_latex": "Capacity of earth radius $R$ is [MHT-CET 2022]",
    "question_images": [],
    "options": [
      "A. 4 pi epsilon_0 R",
      "B. R / 4 pi epsilon_0",
      "C. R^2",
      "D. zero"
    ],
    "option_images": [],
    "answer": "A",
    "solution": "Spherical conductor formula.",
    "difficulty": "Easy",
    "marks": 4
  },
  {
    "id": 78,
    "chapter": "Electrostatics",
    "question": "Dielectric k increases capacitance [MHT-CET 2021]",
    "question_latex": "Dielectric $k$ increases capacitance [MHT-CET 2021]",
    "question_images": [],
    "options": [
      "A. k times",
      "B. 1/k times",
      "C. zero",
      "D. doesn't change"
    ],
    "option_images": [],
    "answer": "A",
    "solution": "Basic dielectric property.",
    "difficulty": "Easy",
    "marks": 4
  },
  {
    "id": 79,
    "chapter": "Electrostatics",
    "question": "Potential at equator of dipole [MHT-CET 2024]",
    "question_latex": "Potential at equator of dipole [MHT-CET 2024]",
    "question_images": [],
    "options": [
      "A. zero",
      "B. max",
      "C. kp/r^2",
      "D. infinite"
    ],
    "option_images": [],
    "answer": "A",
    "solution": "Cancellation of potentials.",
    "difficulty": "Easy",
    "marks": 4
  },
  {
    "id": 80,
    "chapter": "Electrostatics",
    "question": "Torque is max at angle [MHT-CET 2023]",
    "question_latex": "Torque is max at angle [MHT-CET 2023]",
    "question_images": [],
    "options": [
      "A. 90°",
      "B. 0°",
      "C. 180°",
      "D. 45°"
    ],
    "option_images": [],
    "answer": "A",
    "solution": "Sine is max.",
    "difficulty": "Easy",
    "marks": 4
  },
  {
    "id": 81,
    "chapter": "Electrostatics",
    "question": "Potential at large distance on axis is [MHT-CET 2022]",
    "question_latex": "Potential at large distance $r$ on axis is [MHT-CET 2022]",
    "question_images": [],
    "options": [
      "A. kp / r^2",
      "B. kp / r",
      "C. zero",
      "D. infinite"
    ],
    "option_images": [],
    "answer": "A",
    "solution": "Dipole axial potential.",
    "difficulty": "Easy",
    "marks": 4
  },
  {
    "id": 82,
    "chapter": "Electrostatics",
    "question": "Work done moving charge on equator [MHT-CET 2021]",
    "question_latex": "Work done moving charge on equator [MHT-CET 2021]",
    "question_images": [],
    "options": [
      "A. zero",
      "B. qV",
      "C. ES",
      "D. infinite"
    ],
    "option_images": [],
    "answer": "A",
    "solution": "Zero potential plane.",
    "difficulty": "Easy",
    "marks": 4
  },
  {
    "id": 83,
    "chapter": "Electrostatics",
    "question": "Flux linked with closed surface enclosing no charge [MHT-CET 2024]",
    "question_latex": "Flux linked with closed surface enclosing no charge [MHT-CET 2024]",
    "question_images": [],
    "options": [
      "A. zero",
      "B. positive",
      "C. negative",
      "D. infinite"
    ],
    "option_images": [],
    "answer": "A",
    "solution": "Gauss Law result.",
    "difficulty": "Easy",
    "marks": 4
  },
  {
    "id": 84,
    "chapter": "Electrostatics",
    "question": "Capacity of parallel plate capacitor with dielectric k [MHT-CET 2023]",
    "question_latex": "Capacity of parallel plate capacitor with dielectric $k$ [MHT-CET 2023]",
    "question_images": [],
    "options": [
      "A. k epsilon_0 A / d",
      "B. epsilon_0 A / d",
      "C. zero",
      "D. infinite"
    ],
    "option_images": [],
    "answer": "A",
    "solution": "Standard formula.",
    "difficulty": "Easy",
    "marks": 4
  },
  {
    "id": 85,
    "chapter": "Electrostatics",
    "question": "Potential gradient dimensions [MHT-CET 2022]",
    "question_latex": "Potential gradient dimensions [MHT-CET 2022]",
    "question_images": [],
    "options": [
      "A. [M1 L1 T-3 A-1]",
      "B. [M1 L2 T-3 A-1]",
      "C. zero",
      "D. none"
    ],
    "option_images": [],
    "answer": "A",
    "solution": "Duplicate of 75.",
    "difficulty": "Easy",
    "marks": 4
  },
  {
    "id": 86,
    "chapter": "Electrostatics",
    "question": "Intensity E at distance r from center of charged shell (r > R) [MHT-CET 2021]",
    "question_latex": "Intensity $E$ at distance $r$ from center of charged shell ($r > R$) [MHT-CET 2021]",
    "question_images": [],
    "options": [
      "A. kq / r^2",
      "B. zero",
      "C. constant",
      "D. none"
    ],
    "option_images": [],
    "answer": "A",
    "solution": "Point charge behavior.",
    "difficulty": "Easy",
    "marks": 4
  },
  {
    "id": 87,
    "chapter": "Electrostatics",
    "question": "Angle between vectors for zero cross product [MHT-CET 2024]",
    "question_latex": "Angle between vectors for zero cross product [MHT-CET 2024]",
    "question_images": [],
    "options": [
      "A. 0 or 180",
      "B. 90",
      "C. 45",
      "D. never"
    ],
    "option_images": [],
    "answer": "A",
    "solution": "Sine is zero.",
    "difficulty": "Easy",
    "marks": 4
  },
  {
    "id": 88,
    "chapter": "Electrostatics",
    "question": "Potential at distance r from charge q in medium k [MHT-CET 2023]",
    "question_latex": "Potential at distance $r$ from charge $q$ in medium $k$ [MHT-CET 2023]",
    "question_images": [],
    "options": [
      "A. kq / (r k)",
      "B. kq / r",
      "C. zero",
      "D. none"
    ],
    "option_images": [],
    "answer": "A",
    "solution": "Reduced by factor k.",
    "difficulty": "Easy",
    "marks": 4
  },
  {
    "id": 89,
    "chapter": "Electrostatics",
    "question": "Potential at distance r from charge q in air [MHT-CET 2022]",
    "question_latex": "Potential at distance $r$ from charge $q$ in air [MHT-CET 2022]",
    "question_images": [],
    "options": [
      "A. kq / r",
      "B. kq / r^2",
      "C. zero",
      "D. none"
    ],
    "option_images": [],
    "answer": "A",
    "solution": "Standard formula.",
    "difficulty": "Easy",
    "marks": 4
  },
  {
    "id": 90,
    "chapter": "Electrostatics",
    "question": "Work to bring unit charge from infinity is [MHT-CET 2021]",
    "question_latex": "Work to bring unit charge from infinity is [MHT-CET 2021]",
    "question_images": [],
    "options": [
      "A. Potential",
      "B. Intensity",
      "C. Capacity",
      "D. none"
    ],
    "option_images": [],
    "answer": "A",
    "solution": "Basic definition.",
    "difficulty": "Easy",
    "marks": 4
  },
  {
    "id": 91,
    "chapter": "Electrostatics",
    "question": "Equipotential surfaces for point charge [MHT-CET 2024]",
    "question_latex": "Equipotential surfaces for point charge [MHT-CET 2024]",
    "question_images": [],
    "options": [
      "A. Concentric spheres",
      "B. Parallel planes",
      "C. Cylinder",
      "D. none"
    ],
    "option_images": [],
    "answer": "A",
    "solution": "Standard symmetry.",
    "difficulty": "Easy",
    "marks": 4
  },
  {
    "id": 92,
    "chapter": "Electrostatics",
    "question": "Work to move charge on same equipotential surface [MHT-CET 2023]",
    "question_latex": "Work to move charge on same equipotential surface [MHT-CET 2023]",
    "question_images": [],
    "options": [
      "A. zero",
      "B. qV",
      "C. ES",
      "D. infinite"
    ],
    "option_images": [],
    "answer": "A",
    "solution": "No potential diff.",
    "difficulty": "Easy",
    "marks": 4
  },
  {
    "id": 93,
    "chapter": "Electrostatics",
    "question": "Capacity of earth nearly [MHT-CET 2022]",
    "question_latex": "Capacity of earth nearly [MHT-CET 2022]",
    "question_images": [],
    "options": [
      "A. 711 micro-F",
      "B. 1 Farad",
      "C. zero",
      "D. none"
    ],
    "option_images": [],
    "answer": "A",
    "solution": "Duplicate of 70.",
    "difficulty": "Easy",
    "marks": 4
  },
  {
    "id": 94,
    "chapter": "Electrostatics",
    "question": "Electric flux is scalar or vector? [MHT-CET 2021]",
    "question_latex": "Electric flux is scalar or vector? [MHT-CET 2021]",
    "question_images": [],
    "options": [
      "A. Scalar",
      "B. Vector",
      "C. Tensor",
      "D. none"
    ],
    "option_images": [],
    "answer": "A",
    "solution": "Dot product.",
    "difficulty": "Easy",
    "marks": 4
  },
  {
    "id": 95,
    "chapter": "Electrostatics",
    "question": "Intensity between capacitor plates [MHT-CET 2024]",
    "question_latex": "Intensity between capacitor plates [MHT-CET 2024]",
    "question_images": [],
    "options": [
      "A. sigma / epsilon_0",
      "B. zero",
      "C. infinite",
      "D. none"
    ],
    "option_images": [],
    "answer": "A",
    "solution": "Sum of plate fields.",
    "difficulty": "Easy",
    "marks": 4
  },
  {
    "id": 96,
    "chapter": "Electrostatics",
    "question": "Potential energy of system of two charges [MHT-CET 2023]",
    "question_latex": "Potential energy of system of two charges [MHT-CET 2023]",
    "question_images": [],
    "options": [
      "A. kq1q2 / r",
      "B. zero",
      "C. constant",
      "D. none"
    ],
    "option_images": [],
    "answer": "A",
    "solution": "Standard formula.",
    "difficulty": "Easy",
    "marks": 4
  },
  {
    "id": 97,
    "chapter": "Electrostatics",
    "question": "The work done in moving a charge of 4 C across two points in an electric field is 100 J. If the potential of one point is -10 V, the potential of the other point is",
    "question_latex": "The work done in moving a charge of $4$ C across two points in an electric field is $100$ J. If the potential of one point is $-10~V$, the potential of the other point is",
    "question_images": [],
    "options": [
      "A. 15 V",
      "B. 25 V",
      "C. 35 V",
      "D. 5 V"
    ],
    "option_images": [],
    "answer": "A",
    "solution": "$W = q(V_2 - V_1) \\Rightarrow 100 = 4[V - (-10)] \\Rightarrow 25 = V + 10 \\Rightarrow V = 15~V$.",
    "solution_images": [],
    "difficulty": "Medium",
    "marks": 4
  },
  {
    "id": 98,
    "chapter": "Electrostatics",
    "question": "If the number of condensers are connected in series then",
    "question_latex": "If the number of condensers are connected in series then",
    "question_images": [],
    "options": [
      "A. Charge on each condenser is same and potential is different",
      "B. Potential is same but charge is different",
      "C. Both charge and potential is same",
      "D. Both charge and potential is different"
    ],
    "option_images": [],
    "answer": "A",
    "solution": "Series circuit property.",
    "solution_images": [],
    "difficulty": "Easy",
    "marks": 4
  },
  {
    "id": 99,
    "chapter": "Electrostatics",
    "question": "When a battery across the plates of a charged condenser is disconnected and a dielectric slab is introduced between its plates then the energy stored. [MHT-CET 2023]",
    "question_latex": "When a battery across the plates of a charged condenser is disconnected and a dielectric slab is introduced between its plates then the energy stored. [MHT-CET 2023]",
    "question_images": [],
    "options": [
      "A. does not change",
      "B. becomes infinite",
      "C. decreases",
      "D. increases"
    ],
    "option_images": [],
    "answer": "C",
    "solution": "$U = q^2 / 2C$. Charge is constant, $C$ increases, so $U$ decreases.",
    "solution_images": [],
    "difficulty": "Medium",
    "marks": 4
  },
  {
    "id": 100,
    "chapter": "Electrostatics",
    "question": "An air filled parallel plate capacitor charged to potential ' V1 ' is connected to uncharged parallel plate capacitor having dielectric constant ' K '. The common potential of both is ' V2 '. The value of ' K ' will be [MHT-CET 2020]",
    "question_latex": "An air filled parallel plate capacitor charged to potential '$V_{1}$' is connected to uncharged parallel plate capacitor having dielectric constant '$K$'. The common potential of both is '$V_{2}$'. The value of '$K$' will be [MHT-CET 2020]",
    "question_images": [],
    "options": [
      "A. (V1 - V2) / V2",
      "B. (V1 + V2) / V2",
      "C. V1 / V2",
      "D. V2 / V1"
    ],
    "option_images": [],
    "answer": "A",
    "solution": "$V_{common} = (C_1 V_1 + C_2 V_2) / (C_1 + C_2)$. Here $V_2 = 0$ and $C_2 = K C_1$. $V_{common} = C_1 V_1 / (C_1 + K C_1) = V_1 / (1 + K)$. $1 + K = V_1 / V_{common} \\Rightarrow K = (V_1 - V_2) / V_2$.",
    "solution_images": [],
    "difficulty": "Hard",
    "marks": 4
  }
]