[
  {
    "id": 1,
    "chapter": "Permutations and Combinations",
    "question": "Seven women and seven men are to sit round a circular table such that there is a man on either side of every women; the number of seating arrangements is",
    "question_latex": "Seven women and seven men are to sit round a circular table such that there is a man on either side of every women; the number of seating arrangements is",
    "question_images": [],
    "options": [
      "A. $(7!)^{2}$",
      "B. $(6!)^{2}$",
      "C. $6! \\times 7!$",
      "D. $7!$"
    ],
    "option_images": [],
    "answer": "C",
    "solution": "7 women can sit on a round table in $(7-1)! = 6!$ ways[cite: 396]. Now, seven places are created between the women which can be filled by 7 men in $7!$ ways[cite: 396, 397]. Hence, required number of ways $= 6! \\times 7!$[cite: 398].",
    "solution_images": [],
    "difficulty": "Medium",
    "marks": 4
  },
  {
    "id": 2,
    "chapter": "Permutations and Combinations",
    "question": "A committee of 5 is to be formed from 9 ladies and 8 men. If the committee commands a lady majority, then the number of ways this can be done is",
    "question_latex": "A committee of 5 is to be formed from 9 ladies and 8 men. If the committee commands a lady majority, then the number of ways this can be done is",
    "question_images": [],
    "options": [
      "A. 2352",
      "B. 1008",
      "C. 3360",
      "D. 3486"
    ],
    "option_images": [],
    "answer": "D",
    "solution": "To have a lady majority in a committee of 5, the possible cases are (3 ladies, 2 men), (4 ladies, 1 man), or (5 ladies, 0 men). The required number is ${}^{9}C_{3} \\times {}^{8}C_{2} + {}^{9}C_{4} \\times {}^{8}C_{1} + {}^{9}C_{5} = 3486$[cite: 404].",
    "solution_images": [],
    "difficulty": "Medium",
    "marks": 4
  },
  {
    "id": 3,
    "chapter": "Permutations and Combinations",
    "question": "If N is the number of positive integral solution of $x_{1}x_{2}x_{3}x_{4}=770$ then the value of N is",
    "question_latex": "If N is the number of positive integral solution of $x_{1}x_{2}x_{3}x_{4}=770$ then the value of N is",
    "question_images": [],
    "options": [
      "A. 250",
      "B. 252",
      "C. 254",
      "D. 256"
    ],
    "option_images": [],
    "answer": "D",
    "solution": "Factorizing 770, we get $770 = 2 \\cdot 5 \\cdot 7 \\cdot 11$[cite: 409]. Each prime factor (2, 5, 7, and 11) can be assigned to any of the four variables $x_1, x_2, x_3, x_4$ in 4 ways[cite: 410, 411]. Required number of ways $= 4^4 = 256$[cite: 412].",
    "solution_images": [],
    "difficulty": "Hard",
    "marks": 4
  },
  {
    "id": 4,
    "chapter": "Permutations and Combinations",
    "question": "The value of ${}^{50}C_{4} + \\sum_{r=1}^{6} {}^{56-r}C_{3}$ is",
    "question_latex": "The value of ${}^{50}C_{4} + \\sum_{r=1}^{6} {}^{56-r}C_{3}$ is",
    "question_images": [],
    "options": [
      "A. ${}^{56}C_{4}$",
      "B. ${}^{56}C_{3}$",
      "C. ${}^{55}C_{3}$",
      "D. ${}^{55}C_{4}$"
    ],
    "option_images": [],
    "answer": "A",
    "solution": "Expanding the summation: ${}^{50}C_{4} + ({}^{55}C_{3} + {}^{54}C_{3} + {}^{53}C_{3} + {}^{52}C_{3} + {}^{51}C_{3} + {}^{50}C_{3})$[cite: 418]. Using the identity ${}^{n}C_{r} + {}^{n}C_{r+1} = {}^{n+1}C_{r+1}$[cite: 419], we combine ${}^{50}C_{4} + {}^{50}C_{3} = {}^{51}C_{4}$. Repeating this process step-by-step results in ${}^{56}C_{4}$[cite: 420, 421].",
    "solution_images": [],
    "difficulty": "Medium",
    "marks": 4
  },
  {
    "id": 5,
    "chapter": "Permutations and Combinations",
    "question": "The value of $2^{n}[1 \\cdot 3 \\cdot 5 \\dots (2n-3)(2n-1)]$ is",
    "question_latex": "The value of $2^{n}[1 \\cdot 3 \\cdot 5 \\dots (2n-3)(2n-1)]$ is",
    "question_images": [],
    "options": [
      "A. $\\frac{(2n)!}{n!}$",
      "B. $\\frac{(2n)!}{2^{n}}$",
      "C. $\\frac{n!}{(2n)!}$",
      "D. None of these"
    ],
    "option_images": [],
    "answer": "A",
    "solution": "Multiply and divide by the even terms $2 \\cdot 4 \\cdot 6 \\dots 2n$: $\\frac{1 \\cdot 2 \\cdot 3 \\cdot 4 \\dots (2n-1)(2n) \\cdot 2^n}{2 \\cdot 4 \\cdot 6 \\dots 2n}$[cite: 425]. This simplifies to $\\frac{(2n)! \\cdot 2^n}{2^n(1 \\cdot 2 \\cdot 3 \\dots n)} = \\frac{(2n)!}{n!}$[cite: 425].",
    "solution_images": [],
    "difficulty": "Medium",
    "marks": 4
  },
  {
    "id": 6,
    "chapter": "Permutations and Combinations",
    "question": "The number of ways that 8 beads of different colors be string as a necklace, is",
    "question_latex": "The number of ways that 8 beads of different colors be string as a necklace, is",
    "question_images": [],
    "options": [
      "A. 2520",
      "B. 2880",
      "C. 5040",
      "D. 4320"
    ],
    "option_images": [],
    "answer": "A",
    "solution": "8 different beads can be arranged in a circle in $(8-1)! = 7!$ ways[cite: 428]. In a necklace, clockwise and anticlockwise arrangements are indistinguishable, so the total ways $= \\frac{7!}{2} = 2520$[cite: 429, 430].",
    "solution_images": [],
    "difficulty": "Easy",
    "marks": 4
  },
  {
    "id": 7,
    "chapter": "Permutations and Combinations",
    "question": "Let A be a set containing 10 distinct elements. Then, the total number of distinct functions from A to A is",
    "question_latex": "Let A be a set containing 10 distinct elements. Then, the total number of distinct functions from A to A is",
    "question_images": [],
    "options": [
      "A. $10!$",
      "B. $10^{10}$",
      "C. $2^{10}$",
      "D. $2^{10}-1$"
    ],
    "option_images": [],
    "answer": "B",
    "solution": "Each of the 10 elements in the domain has 10 possible choices in the codomain for a function. Total functions $= 10 \\times 10 \\dots \\text{(10 times)} = 10^{10}$[cite: 432].",
    "solution_images": [],
    "difficulty": "Easy",
    "marks": 4
  },
  {
    "id": 8,
    "chapter": "Permutations and Combinations",
    "question": "There are four balls of different colours and four boxes of colours same as those of the balls. The number of ways in which the balls, one in each box, could be placed such that a ball does not go to box of its own colour, is",
    "question_latex": "There are four balls of different colours and four boxes of colours same as those of the balls. The number of ways in which the balls, one in each box, could be placed such that a ball does not go to box of its own colour, is",
    "question_images": [],
    "options": [
      "A. 8",
      "B. 7",
      "C. 9",
      "D. None of these"
    ],
    "option_images": [],
    "answer": "C",
    "solution": "This is a derangement problem for $n=4$. The number of ways is $4! \\left( \\frac{1}{2!} - \\frac{1}{3!} + \\frac{1}{4!} \\right) = 12 - 4 + 1 = 9$[cite: 438]. (Note: The provided solution in the PDF uses an alternative logic resulting in 9) [cite: 442].",
    "solution_images": [],
    "difficulty": "Medium",
    "marks": 4
  },
  {
    "id": 9,
    "chapter": "Permutations and Combinations",
    "question": "The number of ways of painting the faces of a cube with six different colours is",
    "question_latex": "The number of ways of painting the faces of a cube with six different colours is",
    "question_images": [],
    "options": [
      "A. 1",
      "B. 6",
      "C. $6!$",
      "D. None of these"
    ],
    "option_images": [],
    "answer": "A",
    "solution": "Since the number of faces is same as the number of colors, and assuming the cube's orientation makes arrangements equivalent under rotation, the PDF suggests the answer is 1[cite: 446, 448].",
    "solution_images": [],
    "difficulty": "Medium",
    "marks": 4
  },
  {
    "id": 10,
    "chapter": "Permutations and Combinations",
    "question": "The number of ways in which 21 objects can be grouped into three groups of 8, 7, and 6 objects is",
    "question_latex": "The number of ways in which 21 objects can be grouped into three groups of 8, 7, and 6 objects is",
    "question_images": [],
    "options": [
      "A. $\\frac{21!}{8!7!6!}$",
      "B. $8!+7!+6!$",
      "C. $\\frac{21!}{8!7!6!3!}$",
      "D. None of these"
    ],
    "option_images": [],
    "answer": "D",
    "solution": "The number of ways to divide $n$ objects into groups of size $a, b, c$ where $n=a+b+c$ is $\\frac{n!}{a!b!c!}$. Here, it is $\\frac{21!}{8!7!6!}$. Since this specific fraction is not listed in the visible options A or B, the selected answer is D[cite: 455].",
    "solution_images": [],
    "difficulty": "Medium",
    "marks": 4
  },
  {
    "id": 11,
    "chapter": "Permutations and Combinations",
    "question": "The number of four-digit numbers strictly greater than 4321 that can be formed using the digits 0, 1, 2, 3, 4, 5 (repetition of digits is allowed) is",
    "question_latex": "The number of four-digit numbers strictly greater than 4321 that can be formed using the digits 0, 1, 2, 3, 4, 5 (repetition of digits is allowed) is",
    "question_images": [],
    "options": [
      "A. 306",
      "B. 360",
      "C. 310",
      "D. 288"
    ],
    "option_images": [],
    "answer": "C",
    "solution": "Starting with 432_: digits 2, 3, 4, 5 work (4 ways). Starting with 433_, 434_, 435_: $3 \\times 6 = 18$ ways. Total starting 432-435 is $4+18=22$[cite: 460]. Starting with 44__ and 45__: $2 \\times 6^2 = 72$ ways. Starting with 5___: $6^3 = 216$ ways. Total $= 22 + 72 + 216 = 310$[cite: 460].",
    "solution_images": [],
    "difficulty": "Hard",
    "marks": 4
  },
  {
    "id": 12,
    "chapter": "Permutations and Combinations",
    "question": "The number of four letter words that can be formed using the letters of the word BARRACK is",
    "question_latex": "The number of four letter words that can be formed using the letters of the word BARRACK is",
    "question_images": [],
    "options": [
      "A. 270",
      "B. 120",
      "C. 264",
      "D. 144"
    ],
    "option_images": [],
    "answer": "A",
    "solution": "Letters: B, A, R, R, A, C, K. (i) Two pairs (A, A, R, R): $\\frac{4!}{2!2!} = 6$ ways. (ii) One pair, two distinct: ${}^{2}C_{1} \\times {}^{4}C_{2} \\times \\frac{4!}{2!} = 144$ ways. (iii) All distinct (B, A, R, C, K): ${}^{5}C_{4} \\times 4! = 120$ ways. Total $= 6 + 144 + 120 = 270$[cite: 466, 467].",
    "solution_images": [],
    "difficulty": "Hard",
    "marks": 4
  },
  {
    "id": 13,
    "chapter": "Permutations and Combinations",
    "question": "The number of ways in which 5 boys and 5 girls can be seated for a photograph so that no two girls sit next to each other is",
    "question_latex": "The number of ways in which 5 boys and 5 girls can be seated for a photograph so that no two girls sit next to each other is",
    "question_images": [],
    "options": [
      "A. $6! \\cdot 5!$",
      "B. $(5!)^{2}$",
      "C. $\\frac{10!}{(5!)^{2}}$",
      "D. $\\frac{10!}{5!}$"
    ],
    "option_images": [],
    "answer": "A",
    "solution": "First, arrange 5 boys in $5!$ ways. This creates 6 gaps. Arrange 5 girls in these 6 gaps in ${}^{6}P_{5} = 6!$ ways. Total ways $= 5! \\times 6!$[cite: 475].",
    "solution_images": [],
    "difficulty": "Medium",
    "marks": 4
  },
  {
    "id": 14,
    "chapter": "Permutations and Combinations",
    "question": "The number of ways in which four persons be seated at a round table, so that all shall not have the same neighbours in any two arrangements is",
    "question_latex": "The number of ways in which four persons be seated at a round table, so that all shall not have the same neighbours in any two arrangements is",
    "question_images": [],
    "options": [
      "A. 24",
      "B. 6",
      "C. 3",
      "D. 4"
    ],
    "option_images": [],
    "answer": "C",
    "solution": "Number of circular arrangements of 4 people is $(4-1)! = 3! = 6$. If we consider 'having the same neighbors' as indistinguishable clockwise and anticlockwise, we divide by 2: $6/2 = 3$[cite: 478].",
    "solution_images": [],
    "difficulty": "Medium",
    "marks": 4
  },
  {
    "id": 15,
    "chapter": "Permutations and Combinations",
    "question": "In how many ways n books can be arranged in a row so that two specified books are not together?",
    "question_latex": "In how many ways n books can be arranged in a row so that two specified books are not together?",
    "question_images": [],
    "options": [
      "A. $n!-(n-2)!$",
      "B. $(n-1)! (n-2)$",
      "C. $n!-2(n-1)$",
      "D. $(n-2)n!$"
    ],
    "option_images": [],
    "answer": "B",
    "solution": "Total arrangements = $n!$. Ways where two books are together = $2! \\times (n-1)!$. Required ways $= n! - 2(n-1)! = (n-1)![n - 2] = (n-2)(n-1)!$[cite: 481, 482].",
    "solution_images": [],
    "difficulty": "Medium",
    "marks": 4
  },
  {
    "id": 16,
    "chapter": "Permutations and Combinations",
    "question": "The value of $\\sum_{r=0}^{20} {}^{50-r}C_{6}$ is equal to",
    "question_latex": "The value of $\\sum_{r=0}^{20} {}^{50-r}C_{6}$ is equal to",
    "question_images": [],
    "options": [
      "A. ${}^{50}C_{7}-{}^{30}C_{7}$",
      "B. ${}^{51}C_{7}+{}^{30}C_{7}$",
      "C. ${}^{50}C_{6}-{}^{30}C_{6}$",
      "D. ${}^{51}C_{7}-{}^{30}C_{7}$"
    ],
    "option_images": [],
    "answer": "D",
    "solution": "$S = {}^{50}C_{6} + {}^{49}C_{6} + \\dots + {}^{30}C_{6}$[cite: 488]. Add and subtract ${}^{30}C_{7}$. Using ${}^{n}C_{r} + {}^{n}C_{r-1} = {}^{n+1}C_{r}$, the sum telescopes to ${}^{51}C_{7} - {}^{30}C_{7}$[cite: 489, 490].",
    "solution_images": [],
    "difficulty": "Hard",
    "marks": 4
  },
  {
    "id": 17,
    "chapter": "Permutations and Combinations",
    "question": "The number of signals that can be sent using 5 flags of different colours, taking one or more at a time, is",
    "question_latex": "The number of signals that can be sent using 5 flags of different colours, taking one or more at a time, is",
    "question_images": [],
    "options": [
      "A. 300",
      "B. 225",
      "C. 450",
      "D. 325"
    ],
    "option_images": [],
    "answer": "D",
    "solution": "Signals can be formed using 1, 2, 3, 4, or 5 flags: ${}^{5}P_{1} + {}^{5}P_{2} + {}^{5}P_{3} + {}^{5}P_{4} + {}^{5}P_{5}$[cite: 501]. $= 5 + 20 + 60 + 120 + 120 = 325$[cite: 502, 503].",
    "solution_images": [],
    "difficulty": "Easy",
    "marks": 4
  },
  {
    "id": 18,
    "chapter": "Permutations and Combinations",
    "question": "If the letters of the word MATHS are permuted and all possible words so formed are arranged as in a dictionary with serial numbers, then the serial number of the word THAMS is",
    "question_latex": "If the letters of the word MATHS are permuted and all possible words so formed are arranged as in a dictionary with serial numbers, then the serial number of the word THAMS is",
    "question_images": [],
    "options": [
      "A. 103",
      "B. 104",
      "C. 102",
      "D. 101"
    ],
    "option_images": [],
    "answer": "A",
    "solution": "Alphabetical order: A, H, M, S, T[cite: 507]. Words starting with A, H, M, S = $4 \\times 4! = 96$. Next words start with T. Starting with TA = $3! = 6$. Total so far = $96 + 6 = 102$. The next word is THAMS (103rd)[cite: 508].",
    "solution_images": [],
    "difficulty": "Medium",
    "marks": 4
  },
  {
    "id": 19,
    "chapter": "Permutations and Combinations",
    "question": "There are 6 letters and 3 post-boxes. The number of ways in which these letters can be posted, is",
    "question_latex": "There are 6 letters and 3 post-boxes. The number of ways in which these letters can be posted, is",
    "question_images": [],
    "options": [
      "A. $6^{3}$",
      "B. $3^{6}$",
      "C. ${}^{6}C_{3}$",
      "D. ${}^{6}P_{3}$"
    ],
    "option_images": [],
    "answer": "B",
    "solution": "Each of the 6 letters has 3 choices of post-boxes[cite: 511]. Total ways $= 3 \\times 3 \\times 3 \\times 3 \\times 3 \\times 3 = 3^6$[cite: 512]. (Note: Option B in text says 36 but solution clarifies $3^6$).",
    "solution_images": [],
    "difficulty": "Easy",
    "marks": 4
  },
  {
    "id": 20,
    "chapter": "Permutations and Combinations",
    "question": "The number of numbers, strictly between 5000 and 10000 can be formed using the digits 1, 3, 5, 7, 9 without repetition, is",
    "question_latex": "The number of numbers, strictly between 5000 and 10000 can be formed using the digits 1, 3, 5, 7, 9 without repetition, is",
    "question_images": [],
    "options": [
      "A. 72",
      "B. 12",
      "C. 6",
      "D. 120"
    ],
    "option_images": [],
    "answer": "A",
    "solution": "Numbers must be 4 digits and start with 5, 7, or 9 (3 choices)[cite: 516]. Remaining 3 places can be filled by remaining 4, 3, and 2 digits[cite: 516]. Total $= 3 \\times 4 \\times 3 \\times 2 = 72$[cite: 517].",
    "solution_images": [],
    "difficulty": "Easy",
    "marks": 4
  },
  {
    "id": 21,
    "chapter": "Permutations and Combinations",
    "question": "If in a regular polygon, the number of diagonals is 54, then the number of sides of the polygon is",
    "question_latex": "If in a regular polygon, the number of diagonals is 54, then the number of sides of the polygon is",
    "question_images": [],
    "options": [
      "A. 6",
      "B. 12",
      "C. 9",
      "D. 10"
    ],
    "option_images": [],
    "answer": "B",
    "solution": "Number of diagonals $= {}^{n}C_{2} - n = 54$[cite: 521]. $\\frac{n(n-1)}{2} - n = 54 \\Rightarrow n^2 - 3n - 108 = 0$[cite: 521]. Solving gives $n = 12$[cite: 521].",
    "solution_images": [],
    "difficulty": "Easy",
    "marks": 4
  },
  {
    "id": 22,
    "chapter": "Permutations and Combinations",
    "question": "Assuming the balls to be identical except for difference in colours, the number of ways in which one or more balls can be selected from 10 white, 9 green and 7 black balls is",
    "question_latex": "Assuming the balls to be identical except for difference in colours, the number of ways in which one or more balls can be selected from 10 white, 9 green and 7 black balls is",
    "question_images": [],
    "options": [
      "A. 630",
      "B. 879",
      "C. 880",
      "D. 629"
    ],
    "option_images": [],
    "answer": "B",
    "solution": "Selection from $p$ identical items of type 1, $q$ of type 2, etc. is $(p+1)(q+1)(r+1) - 1$[cite: 525]. Ways $= (10+1)(9+1)(7+1) - 1 = 880 - 1 = 879$[cite: 525].",
    "solution_images": [],
    "difficulty": "Easy",
    "marks": 4
  },
  {
    "id": 23,
    "chapter": "Permutations and Combinations",
    "question": "If ${}^{n}C_{n-r} + 3 \\cdot {}^{n}C_{n-r+1} + 3 \\cdot {}^{n}C_{n-r+2} + {}^{n}C_{n-r+3} = {}^{x}C_{r}$, then x =",
    "question_latex": "If ${}^{n}C_{n-r} + 3 \\cdot {}^{n}C_{n-r+1} + 3 \\cdot {}^{n}C_{n-r+2} + {}^{n}C_{n-r+3} = {}^{x}C_{r}$, then x =",
    "question_images": [],
    "options": [
      "A. $n+1$",
      "B. $n+2$",
      "C. $n+3$",
      "D. $n+4$"
    ],
    "option_images": [],
    "answer": "C",
    "solution": "The expression can be grouped: $({}^{n}C_{n-r} + {}^{n}C_{n-r+1}) + 2({}^{n}C_{n-r+1} + {}^{n}C_{n-r+2}) + ({}^{n}C_{n-r+2} + {}^{n}C_{n-r+3})$[cite: 532, 533]. This simplifies using ${}^{n}C_{r} + {}^{n}C_{r-1} = {}^{n+1}C_{r}$ repeatedly [cite: 535] to result in ${}^{n+3}C_{n-r+3} = {}^{n+3}C_{r}$[cite: 538, 539]. Thus $x = n+3$[cite: 540].",
    "solution_images": [],
    "difficulty": "Hard",
    "marks": 4
  },
  {
    "id": 24,
    "chapter": "Permutations and Combinations",
    "question": "The total number of ways in which 11 identical apples can be distributed among 6 children is",
    "question_latex": "The total number of ways in which 11 identical apples can be distributed among 6 children is",
    "question_images": [],
    "options": [
      "A. 252",
      "B. 462",
      "C. 42",
      "D. None of these"
    ],
    "option_images": [],
    "answer": "D",
    "solution": "The number of ways is ${}^{n+r-1}C_{r-1} = {}^{11+6-1}C_{6-1} = {}^{16}C_{5}$[cite: 546]. ${}^{16}C_{5} = \\frac{16 \\times 15 \\times 14 \\times 13 \\times 12}{5 \\times 4 \\times 3 \\times 2 \\times 1} = 4368$, which is not listed[cite: 544].",
    "solution_images": [],
    "difficulty": "Medium",
    "marks": 4
  },
  {
    "id": 25,
    "chapter": "Permutations and Combinations",
    "question": "In a football championship, there were played 153 matches. Every team played one match with each other. The number of teams participating in the championship is",
    "question_latex": "In a football championship, there were played 153 matches. Every team played one match with each other. The number of teams participating in the championship is",
    "question_images": [],
    "options": [
      "A. 17",
      "B. 18",
      "C. 9",
      "D. 13"
    ],
    "option_images": [],
    "answer": "B",
    "solution": "Let $n$ be the number of teams. Matches played $= {}^{n}C_{2} = 153$[cite: 552]. $\\frac{n(n-1)}{2} = 153 \\Rightarrow n^2 - n - 306 = 0$[cite: 553]. Solving $(n-18)(n+17) = 0$ gives $n = 18$[cite: 553, 554].",
    "solution_images": [],
    "difficulty": "Easy",
    "marks": 4
  },
  {
    "id": 26,
    "chapter": "Permutations and Combinations",
    "question": "The number of 5 digits numbers of the from abcba in which a < b, is",
    "question_latex": "The number of 5 digits numbers of the from $abcba$ in which $a < b$, is",
    "question_images": [],
    "options": [
      "A. 320",
      "B. 340",
      "C. 360",
      "D. 380"
    ],
    "option_images": [],
    "answer": "C",
    "solution": "The first digit $a$ can take any one of 1 to 8. The third digit $c$ can take any one of 0 to 9. When $a=1$, $b$ can take any one of 2 to $9 = 8$ values. When $a=2$, $b$ can take any one of 3 to $9 = 7$ values. ... When $a=8$, $b$ can take only $9 = 1$ value. Thus, the total number of such numbers is $(8+7+6+5+4+3+2+1) \\times 10 = \\frac{8 \\times 9}{2} \\times 10 = 360$. [cite: 555, 558, 559, 560, 561, 562, 563]",
    "solution_images": [],
    "difficulty": "Hard",
    "marks": 4
  },
  {
    "id": 27,
    "chapter": "Permutations and Combinations",
    "question": "There are five different green dyes, four different blue dyes and three different red dyes. The total number of combinations of dyes that can be chosen taking at least one green and one blue dye is",
    "question_latex": "There are five different green dyes, four different blue dyes and three different red dyes. The total number of combinations of dyes that can be chosen taking at least one green and one blue dye is",
    "question_images": [],
    "options": [
      "A. 3255",
      "B. $2^{12}$",
      "C. 3720",
      "D. None of these"
    ],
    "option_images": [],
    "answer": "C",
    "solution": "The number of combinations of five different green dyes taking one or more is $2^{5}-1=31$. For four different blue dyes, it is $2^{4}-1=15$. For three different red dyes, taking none, one or more is $2^{3}=8$. Required combinations $= 31 \\times 15 \\times 8 = 3720$. [cite: 565, 568, 569, 570, 571]",
    "solution_images": [],
    "difficulty": "Medium",
    "marks": 4
  },
  {
    "id": 28,
    "chapter": "Permutations and Combinations",
    "question": "At an electron, a voter may vote for any number of candidates not greater than the number to be elected. There are 10 candidates and 4 are to be elected. If a voter votes for at least one candidate, then the number of ways in which he can vote, is",
    "question_latex": "At an election, a voter may vote for any number of candidates not greater than the number to be elected. There are 10 candidates and 4 are to be elected. If a voter votes for at least one candidate, then the number of ways in which he can vote, is",
    "question_images": [],
    "options": [
      "A. 6210",
      "B. 385",
      "C. 1110",
      "D. 5040"
    ],
    "option_images": [],
    "answer": "B",
    "solution": "Total ways $= {}^{10}C_{1} + {}^{10}C_{2} + {}^{10}C_{3} + {}^{10}C_{4} = 10 + 45 + 120 + 210 = 385$. [cite: 572, 573, 574, 578, 579]",
    "solution_images": [],
    "difficulty": "Easy",
    "marks": 4
  },
  {
    "id": 29,
    "chapter": "Permutations and Combinations",
    "question": "If a, b, c, d, e are prime integers, then the number of divisors of ab^2c^2de excluding 1 as a factor is",
    "question_latex": "If $a, b, c, d, e$ are prime integers, then the number of divisors of $ab^{2}c^{2}de$ excluding 1 as a factor is",
    "question_images": [],
    "options": [
      "A. 94",
      "B. 72",
      "C. 36",
      "D. 71"
    ],
    "option_images": [],
    "answer": "D",
    "solution": "Total divisors $= (1+1)(2+1)(2+1)(1+1)(1+1) = 2 \\times 3 \\times 3 \\times 2 \\times 2 = 72$. Excluding 1, number of divisors $= 72 - 1 = 71$. [cite: 580, 584, 585]",
    "solution_images": [],
    "difficulty": "Easy",
    "marks": 4
  },
  {
    "id": 30,
    "chapter": "Permutations and Combinations",
    "question": "If nPr = 30240 and nCr = 252, then the ordered pair (n,r) is equal to",
    "question_latex": "If ${}^{n}P_{r} = 30240$ and ${}^{n}C_{r} = 252$, then the ordered pair $(n, r)$ is equal to",
    "question_images": [],
    "options": [
      "A. (12, 6)",
      "B. (10, 5)",
      "C. (9, 4)",
      "D. (16, 7)"
    ],
    "option_images": [],
    "answer": "B",
    "solution": "$r! = \\frac{{}^{n}P_{r}}{{}^{n}C_{r}} = \\frac{30240}{252} = 120$. Since $5! = 120$, $r = 5$. Now ${}^{n}P_{5} = n(n-1)(n-2)(n-3)(n-4) = 30240$. By trial, $10 \\times 9 \\times 8 \\times 7 \\times 6 = 30240$, so $n = 10$. Pair is $(10, 5)$. [cite: 586, 590, 591]",
    "solution_images": [],
    "difficulty": "Medium",
    "marks": 4
  },
  {
    "id": 31,
    "chapter": "Permutations and Combinations",
    "question": "The sum Σ(r^2 + 1) × (r!) from r=1 to 10 is equal to",
    "question_latex": "The sum $\\sum_{r=1}^{10} (r^{2} + 1) \\times (r!)$ is equal to",
    "question_images": [],
    "options": [
      "A. (11!)",
      "B. 10 x (11!)",
      "C. 101 x (10!)",
      "D. 11 x (11!)"
    ],
    "option_images": [],
    "answer": "B",
    "solution": "$T_r = (r^2+1)r! = (r^2+r-r+1)r! = [r(r+1)-(r-1)]r! = r(r+1)! - (r-1)r!$. This is a telescoping series. Sum $= [10(11)! - 0(1)!] = 10 \\times 11!$. [cite: 592, 595, 597]",
    "solution_images": [],
    "difficulty": "Hard",
    "marks": 4
  },
  {
    "id": 32,
    "chapter": "Permutations and Combinations",
    "question": "The total number of three-digit numbers, divisible by 3, which can be formed using the digits 1, 3, 5, 8, if repetition of digits is allowed, is",
    "question_latex": "The total number of three-digit numbers, divisible by 3, which can be formed using the digits 1, 3, 5, 8, if repetition of digits is allowed, is",
    "question_images": [],
    "options": [
      "A. 20",
      "B. 21",
      "C. 22",
      "D. 18"
    ],
    "option_images": [],
    "answer": "C",
    "solution": "Case I: All same (111, 333, 555, 888) = 4. Case II: Two same. (5,5,8) and (8,8,5) give $3+3=6$ numbers. Case III: All distinct. (1,3,5) and (1,3,8) give $6+6=12$ numbers. Total $= 4 + 6 + 12 = 22$. [cite: 599, 602, 604, 606, 609]",
    "solution_images": [],
    "difficulty": "Hard",
    "marks": 4
  },
  {
    "id": 33,
    "chapter": "Permutations and Combinations",
    "question": "The number of all the possible selections which a student can make for answering one or more questions out of eight given questions in a paper, when each question has an alternative is",
    "question_latex": "The number of all the possible selections which a student can make for answering one or more questions out of eight given questions in a paper, when each question has an alternative is",
    "question_images": [],
    "options": [
      "A. 256",
      "B. 6560",
      "C. 6561",
      "D. None of these"
    ],
    "option_images": [],
    "answer": "B",
    "solution": "Each question has 3 options: Part A, Part B, or Skip. For 8 questions, total ways $= 3^{8}$. Excluding the case where all 8 are skipped, ways $= 3^{8} - 1 = 6560$. [cite: 611, 612, 617, 618]",
    "solution_images": [],
    "difficulty": "Medium",
    "marks": 4
  },
  {
    "id": 34,
    "chapter": "Permutations and Combinations",
    "question": "The number of positive odd divisors of 216 is",
    "question_latex": "The number of positive odd divisors of 216 is",
    "question_images": [],
    "options": [
      "A. 4",
      "B. 6",
      "C. 8",
      "D. 12"
    ],
    "option_images": [],
    "answer": "A",
    "solution": "$216 = 2^3 \\times 3^3$. Odd divisors depend only on the power of 3. Number of odd divisors $= (3+1) = 4$. [cite: 619, 622, 624]",
    "solution_images": [],
    "difficulty": "Easy",
    "marks": 4
  },
  {
    "id": 35,
    "chapter": "Permutations and Combinations",
    "question": "If N is the number of positive integral solution of x1x2x3x4 = 770, then the value of N is",
    "question_latex": "If $N$ is the number of positive integral solution of $x_{1}x_{2}x_{3}x_{4}=770$, then the value of $N$ is",
    "question_images": [],
    "options": [
      "A. 250",
      "B. 252",
      "C. 254",
      "D. 256"
    ],
    "option_images": [],
    "answer": "D",
    "solution": "$770 = 2 \\times 5 \\times 7 \\times 11$. Each prime factor can be assigned to any of the 4 variables in 4 ways. Total ways $= 4^4 = 256$. [cite: 625, 628, 631]",
    "solution_images": [],
    "difficulty": "Medium",
    "marks": 4
  },
  {
    "id": 36,
    "chapter": "Permutations and Combinations",
    "question": "In a shop there are five types of ice-creams available. A child buys six ice-creams.\nStatement-1: The number of different ways the child can buy the six ice-creams is 10C5.\nStatement-2: The number of different ways the child can buy the six ice-creams is equal to the number of different ways of arranging 6A's and 4B's in a row.",
    "question_latex": "In a shop there are five types of ice-creams available. A child buys six ice-creams. \\\\ Statement-1: The number of different ways the child can buy the six ice-creams is ${}^{10}C_{5}$. \\\\ Statement-2: The number of different ways the child can buy the six ice-creams is equal to the number of different ways of arranging $6A$'s and $4B$'s in a row.",
    "question_images": [],
    "options": [
      "A. Statement-1 is true, Statement-2 is true; Statement-2 is not a correct explanation.",
      "B. Statement-1 is false, Statement-2 is true.",
      "C. Statement-1 is true, Statement-2 is false.",
      "D. Statement-1 is true, Statement-2 is true; Statement-2 is a correct explanation."
    ],
    "option_images": [],
    "answer": "B",
    "solution": "Number of ways to buy 6 ice-creams from 5 types is ${}^{5+6-1}C_{5-1} = {}^{10}C_{4}$. Statement-1 says ${}^{10}C_{5}$, so it's false. Arranging 6A's and 4B's is $\\frac{10!}{6!4!} = {}^{10}C_{4}$, so Statement-2 is true. [cite: 632, 633, 634, 639, 640]",
    "solution_images": [],
    "difficulty": "Hard",
    "marks": 4
  },
  {
    "id": 37,
    "chapter": "Permutations and Combinations",
    "question": "How many four digit numbers can be formed using the digits 1, 2, 3, 4, 5 such that at least one of the digit is repeated?",
    "question_latex": "How many four digit numbers can be formed using the digits 1, 2, 3, 4, 5 such that at least one of the digit is repeated?",
    "question_images": [],
    "options": [
      "A. $4^{4}-5!$",
      "B. $4^{5}-4!$",
      "C. $5^{4}-4!$",
      "D. $5^{4}-5!$"
    ],
    "option_images": [],
    "answer": "D",
    "solution": "Total numbers with repetition $= 5^4$. Numbers with no repetition $= {}^{5}P_{4} = 5!$. At least one digit repeated $= 5^4 - 5!$. [cite: 642, 645, 646, 647]",
    "solution_images": [],
    "difficulty": "Easy",
    "marks": 4
  },
  {
    "id": 38,
    "chapter": "Permutations and Combinations",
    "question": "nPr = 3024 and nCr = 126, then r is",
    "question_latex": "${}^{n}P_{r} = 3024$ and ${}^{n}C_{r} = 126$, then $r$ is",
    "question_images": [],
    "options": [
      "A. 5",
      "B. 4",
      "C. 3",
      "D. 2"
    ],
    "option_images": [],
    "answer": "B",
    "solution": "$r! = \\frac{{}^{n}P_{r}}{{}^{n}C_{r}} = \\frac{3024}{126} = 24$. Since $4! = 24$, $r = 4$. [cite: 648, 653, 656]",
    "solution_images": [],
    "difficulty": "Easy",
    "marks": 4
  },
  {
    "id": 39,
    "chapter": "Permutations and Combinations",
    "question": "There are 12 points in a plane, no three of which are in the same straight line, except 5 points which are collinear. Then the total number of triangles that can be formed with the vertices at any three of these 12 points is",
    "question_latex": "There are 12 points in a plane, no three of which are in the same straight line, except 5 points which are collinear. Then the total number of triangles that can be formed with the vertices at any three of these 12 points is",
    "question_images": [],
    "options": [
      "A. 200",
      "B. 220",
      "C. 230",
      "D. 210"
    ],
    "option_images": [],
    "answer": "D",
    "solution": "Total triangles $= {}^{12}C_{3} - {}^{5}C_{3} = 220 - 10 = 210$. [cite: 657, 658, 661]",
    "solution_images": [],
    "difficulty": "Easy",
    "marks": 4
  },
  {
    "id": 40,
    "chapter": "Permutations and Combinations",
    "question": "A library has a copies of one book, b copies of each of two books, c copies of each of three books and single copies of d books. The total number of ways in which these book can be distributed, is",
    "question_latex": "A library has $a$ copies of one book, $b$ copies of each of two books, $c$ copies of each of three books and single copies of $d$ books. The total number of ways in which these book can be distributed, is",
    "question_images": [],
    "options": [
      "A. $\\frac{(a+b+c+d)!}{a!b!c!}$",
      "B. $\\frac{(a+2b+3c+d)!}{a!(b!)^{2}(c!)^{3}}$",
      "C. $\\frac{(a+2b+3c+d)!}{a!b!c!}$",
      "D. None of these"
    ],
    "option_images": [],
    "answer": "B",
    "solution": "Total books $= a + 2b + 3c + d$. The identical books are $a$, $b, b$, and $c, c, c$. Total arrangements $= \\frac{(a+2b+3c+d)!}{a!(b!)^{2}(c!)^{3}}$. [cite: 662, 672, 673, 674, 675]",
    "solution_images": [],
    "difficulty": "Hard",
    "marks": 4
  },
  {
    "id": 41,
    "chapter": "Permutations and Combinations",
    "question": "The sides AB, BC, CA of a triangle ABC have 3, 4 and 5 interior points respectively on them. The total number of triangles that can be constructed by using these points as vertices is",
    "question_latex": "The sides $AB, BC, CA$ of a triangle $ABC$ have 3, 4 and 5 interior points respectively on them. The total number of triangles that can be constructed by using these points as vertices is",
    "question_images": [],
    "options": [
      "A. 220",
      "B. 204",
      "C. 205",
      "D. 195"
    ],
    "option_images": [],
    "answer": "C",
    "solution": "Total points $= 3+4+5=12$. Triangles ignoring collinearity $= {}^{12}C_{3} = 220$. Subtract triangles from points on same side: ${}^{3}C_{3}=1$, ${}^{4}C_{3}=4$, ${}^{5}C_{3}=10$. Required $= 220 - (1+4+10) = 205$. [cite: 676, 679, 681, 683, 685, 687]",
    "solution_images": [],
    "difficulty": "Medium",
    "marks": 4
  },
  {
    "id": 42,
    "chapter": "Permutations and Combinations",
    "question": "nPr = 3024 and nCr = 126, then r is",
    "question_latex": "${}^{n}P_{r} = 3024$ and ${}^{n}C_{r} = 126$, then $r$ is",
    "question_images": [],
    "options": [
      "A. 5",
      "B. 4",
      "C. 3",
      "D. 2"
    ],
    "option_images": [],
    "answer": "B",
    "solution": "$r! = \\frac{3024}{126} = 24 \\Rightarrow r = 4$. (Note: Duplicate of Q38). [cite: 688, 695, 696]",
    "solution_images": [],
    "difficulty": "Easy",
    "marks": 4
  },
  {
    "id": 43,
    "chapter": "Permutations and Combinations",
    "question": "The sum of the digits in the unit place of all numbers formed with the help of 3, 4, 5, 5, 6 taken all at a time, is",
    "question_latex": "The sum of the digits in the unit place of all numbers formed with the help of 3, 4, 5, 5, 6 taken all at a time, is",
    "question_images": [],
    "options": [
      "A. 18",
      "B. 108",
      "C. 432",
      "D. 144"
    ],
    "option_images": [],
    "answer": "B",
    "solution": "Required sum $= 6 \\times 18 = 108$. [cite: 697, 702]",
    "solution_images": [],
    "difficulty": "Hard",
    "marks": 4
  },
  {
    "id": 44,
    "chapter": "Permutations and Combinations",
    "question": "The number of proper divisors of 38808 is",
    "question_latex": "The number of proper divisors of 38808 is",
    "question_images": [],
    "options": [
      "A. 70",
      "B. 72",
      "C. 71",
      "D. None of these"
    ],
    "option_images": [],
    "answer": "A",
    "solution": "Proper divisors exclude 1 and the number itself. Total divisors of 38808 ($2^3 \\times 3^2 \\times 7^2 \\times 11^1$) is $(3+1)(2+1)(2+1)(1+1) = 72$. Proper divisors $= 72 - 2 = 70$. [cite: 704, 705]",
    "solution_images": [],
    "difficulty": "Medium",
    "marks": 4
  },
  {
    "id": 45,
    "chapter": "Permutations and Combinations",
    "question": "The number of ways in which one can select three distinct integers between 1 and 30, both inclusive, whose sum is even, is",
    "question_latex": "The number of ways in which one can select three distinct integers between 1 and 30, both inclusive, whose sum is even, is",
    "question_images": [],
    "options": [
      "A. 455",
      "B. 1575",
      "C. 1120",
      "D. 2030"
    ],
    "option_images": [],
    "answer": "D",
    "solution": "Sum is even if (3 even) or (1 even, 2 odd). There are 15 even and 15 odd numbers. Ways $= {}^{15}C_{3} + {}^{15}C_{1} \\times {}^{15}C_{2} = 455 + 15 \\times 105 = 455 + 1575 = 2030$. [cite: 708, 711, 712, 713]",
    "solution_images": [],
    "difficulty": "Medium",
    "marks": 4
  },
  {
    "id": 46,
    "chapter": "Permutations and Combinations",
    "question": "If m and n are positive integers more than or equal to 2, m > n, then (mn)! is divisible by",
    "question_latex": "If $m$ and $n$ are positive integers more than or equal to 2, $m > n$, then $(mn)!$ is divisible by",
    "question_images": [],
    "options": [
      "A. $(m!)^{n}, (n!)$ and $(m+n)!$ but not by $(m-n)!$",
      "B. $(m+n)!$, $(m-n)!$, $(m!)^{n}$ but not by $(n!)$",
      "C. $(m!)^{n}, (n!)^{m}, (m+n)!$ and $(m-n)!$",
      "D. $(m!)$ and $(n!)^{m}$ but not by $(m+n)!$ and $(m-n)!$"
    ],
    "option_images": [],
    "answer": "C",
    "solution": "We know $\\frac{(mn)!}{(m!)^n}$ is an integer (ways to distribute $mn$ items into $n$ groups). Similarly for $(n!)^m$. Since $m+n < mn$ and $m-n < mn$, $(m+n)!$ and $(m-n)!$ also divide $(mn)!$. [cite: 714, 717, 720, 721, 723, 724]",
    "solution_images": [],
    "difficulty": "Hard",
    "marks": 4
  },
  {
    "id": 47,
    "chapter": "Permutations and Combinations",
    "question": "nCr + 2nCr-1 + nCr-2 is equal to",
    "question_latex": "${}^{n}C_{r} + 2^{n}C_{r-1} + {}^{n}C_{r-2}$ is equal to",
    "question_images": [],
    "options": [
      "A. ${}^{n+1}C_{r}$",
      "B. ${}^{n+1}C_{r+1}$",
      "C. ${}^{n+2}C_{r}$",
      "D. ${}^{n+2}C_{r+1}$"
    ],
    "option_images": [],
    "answer": "C",
    "solution": "$({}^{n}C_{r} + {}^{n}C_{r-1}) + ({}^{n}C_{r-1} + {}^{n}C_{r-2}) = {}^{n+1}C_{r} + {}^{n+1}C_{r-1} = {}^{n+2}C_{r}$. [cite: 725, 728, 729]",
    "solution_images": [],
    "difficulty": "Medium",
    "marks": 4
  },
  {
    "id": 48,
    "chapter": "Permutations and Combinations",
    "question": "The number of ways in which 5 girls and 7 boys can be seated at a round table so that no two girls sit together, is",
    "question_latex": "The number of ways in which 5 girls and 7 boys can be seated at a round table so that no two girls sit together, is",
    "question_images": ["q48_1"],
    "options": [
      "A. $7(720)^{2}$",
      "B. $126(5!)^{2}$",
      "C. 720",
      "D. $7(360)^{2}$"
    ],
    "option_images": [],
    "answer": "B",
    "solution": "Arrange 7 boys in $(7-1)! = 6!$ ways. This creates 7 gaps. Arrange 5 girls in these 7 gaps in ${}^{7}P_{5}$ ways. Total ways $= 6! \\times {}^{7}P_{5} = 720 \\times 2520 = 126 \\times (5!)^2$. [cite: 730, 736, 741, 746]",
    "solution_images": ["q48_solution_1"],
    "difficulty": "Medium",
    "marks": 4
  },
  {
    "id": 49,
    "chapter": "Permutations and Combinations",
    "question": "The number of diagonals in a polygon of m sides is",
    "question_latex": "The number of diagonals in a polygon of $m$ sides is",
    "question_images": [],
    "options": [
      "A. $\\frac{1}{2!}m(m-5)$",
      "B. $\\frac{1}{2!}m(m-1)$",
      "C. $\\frac{1}{2!}m(m-3)$",
      "D. $\\frac{1}{2!}m(m-2)$"
    ],
    "option_images": [],
    "answer": "C",
    "solution": "Number of diagonals $= {}^{m}C_{2} - m = \\frac{m(m-1)}{2} - m = \\frac{m^2-m-2m}{2} = \\frac{m(m-3)}{2}$. [cite: 747, 750, 751, 752]",
    "solution_images": [],
    "difficulty": "Easy",
    "marks": 4
  },
  {
    "id": 50,
    "chapter": "Permutations and Combinations",
    "question": "A committee of 11 members is to be formed from 8 males and 5 females. If m is the number of ways with at least 6 males and n is the number of ways with at least 3 females, then",
    "question_latex": "A committee of 11 members is to be formed from 8 males and 5 females. If $m$ is the number of ways the committee is formed with at least 6 males and $n$ is the number of ways the committee is formed with at least 3 females, then",
    "question_images": [],
    "options": [
      "A. $m=n=68$",
      "B. $m=n=78$",
      "C. $n=m-8$",
      "D. $m+n=68$"
    ],
    "option_images": [],
    "answer": "B",
    "solution": "$m = ({}^{8}C_{6} \\times {}^{5}C_{5}) + ({}^{8}C_{7} \\times {}^{5}C_{4}) + ({}^{8}C_{8} \\times {}^{5}C_{3}) = 28+40+10 = 78$. $n = ({}^{5}C_{3} \\times {}^{8}C_{8}) + ({}^{5}C_{4} \\times {}^{8}C_{7}) + ({}^{5}C_{5} \\times {}^{8}C_{6}) = 10+40+28 = 78$. So $m=n=78$. [cite: 753, 754, 757, 758, 761]",
    "solution_images": [],
    "difficulty": "Hard",
    "marks": 4
  },
  {
    "id": 51,
    "chapter": "Permutations and Combinations",
    "question": "The number of natural numbers less than 7,000 which can be formed by using the digits 0,1,3,7,9 (repetition of digits allowed) is equal to (Jan 2019)",
    "question_latex": "The number of natural numbers less than 7,000 which can be formed by using the digits 0, 1, 3, 7, 9 (repetition of digits allowed) is equal to (Jan 2019)",
    "question_images": [],
    "options": [
      "A. 250",
      "B. 374",
      "C. 372",
      "D. 375"
    ],
    "option_images": [],
    "answer": "B",
    "solution": "Let $n$ be any natural number less than 7000 formed from {0, 1, 3, 7, 9}. \\\\ Case I: One digit numbers. Ways = 4 (1, 3, 7, 9). \\\\ Case II: Two digit numbers. Ways = $4 \\times 5 = 20$. \\\\ Case III: Three digit numbers. Ways = $4 \\times 5^2 = 100$. \\\\ Case IV: Four digit numbers (must start with 1 or 3 to be < 7000). Ways = $2 \\times 5^3 = 250$. \\\\ Total = $4 + 20 + 100 + 250 = 374$.",
    "solution_images": [],
    "difficulty": "Medium",
    "marks": 4
  },
  {
    "id": 52,
    "chapter": "Permutations and Combinations",
    "question": "If the letters of the word LATE be permuted and the words so formed be arranged as in a dictionary. Then, the rank of LATE is",
    "question_latex": "If the letters of the word LATE be permuted and the words so formed be arranged as in a dictionary. Then, the rank of LATE is",
    "question_images": [],
    "options": [
      "A. 12",
      "B. 13",
      "C. 14",
      "D. 15"
    ],
    "option_images": [],
    "answer": "C",
    "solution": "Alphabetical order: A, E, L, T. \\\\ Words starting with A: $3! = 6$ \\\\ Words starting with E: $3! = 6$ \\\\ Words starting with LA...: \\\\ LAE...: $1! = 1$ \\\\ LAT...: \\\\ LATE: 1st word. \\\\ Rank = $6 + 6 + 1 + 1 = 14$.",
    "solution_images": [],
    "difficulty": "Medium",
    "marks": 4
  },
  {
    "id": 53,
    "chapter": "Permutations and Combinations",
    "question": "The number of all five digit numbers which are divisible by 4 can be formed from the digits 0,1,2,3,4 (without repetition) is",
    "question_latex": "The number of all five digit numbers which are divisible by 4 can be formed from the digits 0, 1, 2, 3, 4 (without repetition) is",
    "question_images": [],
    "options": [
      "A. 36",
      "B. 30",
      "C. 34",
      "D. None of these"
    ],
    "option_images": [],
    "answer": "B",
    "solution": "A number is divisible by 4 if the last two digits are divisible by 4. Possible endings: 04, 12, 20, 24, 32, 40. \\\\ End in 04: remaining digits {1,2,3} in $3! = 6$ ways. \\\\ End in 12: remaining {0,3,4}, first digit cannot be 0, so $3! - 2! = 4$ ways. \\\\ End in 20: $3! = 6$ ways. \\\\ End in 24: $3! - 2! = 4$ ways. \\\\ End in 32: $3! - 2! = 4$ ways. \\\\ End in 40: $3! = 6$ ways. \\\\ Total = $6+4+6+4+4+6 = 30$.",
    "solution_images": [],
    "difficulty": "Hard",
    "marks": 4
  },
  {
    "id": 54,
    "chapter": "Permutations and Combinations",
    "question": "The value of 50C4 + sum (56-r)C3 from r=1 to 6 is",
    "question_latex": "The value of ${}^{50}C_{4} + \\sum_{r=1}^{6} {}^{56-r}C_{3}$ is",
    "question_images": [],
    "options": [
      "A. 56C4",
      "B. 56C3",
      "C. 55C3",
      "D. 55C4"
    ],
    "option_images": [],
    "answer": "A",
    "solution": "Expression $= {}^{50}C_{4} + ({}^{55}C_{3} + {}^{54}C_{3} + {}^{53}C_{3} + {}^{52}C_{3} + {}^{51}C_{3} + {}^{50}C_{3})$. \\\\ Using ${}^{n}C_{r} + {}^{n}C_{r-1} = {}^{n+1}C_{r}$: \\\\ $({}^{50}C_{4} + {}^{50}C_{3}) + {}^{51}C_{3} + ... = {}^{51}C_{4} + {}^{51}C_{3} + ... = {}^{52}C_{4} + {}^{52}C_{3} + ... = {}^{56}C_{4}$.",
    "solution_images": [],
    "difficulty": "Medium",
    "marks": 4
  },
  {
    "id": 55,
    "chapter": "Permutations and Combinations",
    "question": "The number of triplets (x, y, z), where x, y, z are distinct non negative integers satisfying x + y + z = 15, is (April 2023)",
    "question_latex": "The number of triplets $(x, y, z)$, where $x, y, z$ are distinct non negative integers satisfying $x + y + z = 15$, is (April 2023)",
    "question_images": [],
    "options": [
      "A. 80",
      "B. 114",
      "C. 136",
      "D. 92"
    ],
    "option_images": [],
    "answer": "B",
    "solution": "Total non-negative solutions $= {}^{15+3-1}C_{3-1} = {}^{17}C_{2} = 136$. \\\\ Case where two are equal: $2x + z = 15$. $x$ can be $0, 1, 2, 3, 4, 5, 6, 7$ (8 values). At $x=5$, $x=y=z=5$. So 7 cases where exactly two are equal. Permutations for each $= 3$, so $7 \\times 3 = 21$. \\\\ Case where all three equal: $x=y=z=5$ (1 case). \\\\ Distinct solutions $= 136 - 21 - 1 = 114$.",
    "solution_images": [],
    "difficulty": "Hard",
    "marks": 4
  },
  {
    "id": 56,
    "chapter": "Permutations and Combinations",
    "question": "If x, y and r are positive integers, then xCr + xCr-1 yC1 + xCr-2 yC2 + ... + yCr =",
    "question_latex": "If $x, y$ and $r$ are positive integers, then ${}^{x}C_{r} + {}^{x}C_{r-1}{}^{y}C_{1} + {}^{x}C_{r-2}{}^{y}C_{2} + \\dots + {}^{y}C_{r} = $",
    "question_images": [],
    "options": [
      "A. x!y!/r!",
      "B. (x+y)!/r!",
      "C. x+yCr",
      "D. xyCr"
    ],
    "option_images": [],
    "answer": "C",
    "solution": "This is Vandermonde's Identity, which represents selecting $r$ objects from a total of $x+y$ objects divided into two groups of $x$ and $y$. Thus it equals ${}^{x+y}C_{r}$.",
    "solution_images": [],
    "difficulty": "Medium",
    "marks": 4
  },
  {
    "id": 57,
    "chapter": "Permutations and Combinations",
    "question": "If Pm stands for mPm, then 1 + 1P1 + 2P2 + 3P3 + ... + nPn is equal to",
    "question_latex": "If $P_{m}$ stands for ${}^{m}P_{m}$, then $1 + 1P_{1} + 2P_{2} + 3P_{3} + \\dots + nP_{n}$ is equal to",
    "question_images": [],
    "options": [
      "A. n!",
      "B. (n+3)!",
      "C. (n+2)!",
      "D. (n+1)!"
    ],
    "option_images": [],
    "answer": "D",
    "solution": "$nP_n = n(n!)$. \\\\ $T_k = k(k!) = (k+1-1)k! = (k+1)! - k!$. \\\\ Sum $= 1 + \\sum_{k=1}^n [(k+1)! - k!] = 1 + [(2!-1!) + (3!-2!) + ... + ((n+1)!-n!)]$. \\\\ Sum $= 1 + (n+1)! - 1 = (n+1)!$.",
    "solution_images": [],
    "difficulty": "Medium",
    "marks": 4
  },
  {
    "id": 58,
    "chapter": "Permutations and Combinations",
    "question": "If 12Pr = 11P6 + 6. 11P5 then r is equal to",
    "question_latex": "If ${}^{12}P_{r} = {}^{11}P_{6} + 6 \\cdot {}^{11}P_{5}$ then $r$ is equal to",
    "question_images": [],
    "options": [
      "A. 6",
      "B. 5",
      "C. 7",
      "D. None of these"
    ],
    "option_images": [],
    "answer": "A",
    "solution": "Using formula ${}^{n}P_{r} = {}^{n-1}P_{r} + r \\cdot {}^{n-1}P_{r-1}$. \\\\ Here $n=12, r=6$. So ${}^{12}P_{6} = {}^{11}P_{6} + 6 \\cdot {}^{11}P_{5}$. \\\\ Therefore, $r=6$.",
    "solution_images": [],
    "difficulty": "Medium",
    "marks": 4
  },
  {
    "id": 59,
    "chapter": "Permutations and Combinations",
    "question": "If P(n,r)=1680 and C(n,r)=70, then 69n+r! is equal to",
    "question_latex": "If $P(n, r) = 1680$ and $C(n, r) = 70$, then $69n + r!$ is equal to",
    "question_images": [],
    "options": [
      "A. 128",
      "B. 576",
      "C. 256",
      "D. 625"
    ],
    "option_images": [],
    "answer": "B",
    "solution": "$r! = \\frac{P(n,r)}{C(n,r)} = \\frac{1680}{70} = 24$. So $r = 4$. \\\\ ${}^{n}P_{4} = n(n-1)(n-2)(n-3) = 1680 = 8 \\times 7 \\times 6 \\times 5$, so $n=8$. \\\\ $69n + r! = 69(8) + 24 = 552 + 24 = 576$.",
    "solution_images": [],
    "difficulty": "Medium",
    "marks": 4
  },
  {
    "id": 60,
    "chapter": "Permutations and Combinations",
    "question": "If 2n+1Pn-1 : 2n-1Pn = 3:5 then n is equal to",
    "question_latex": "If ${}^{2n+1}P_{n-1} : {}^{2n-1}P_{n} = 3 : 5$ then $n$ is equal to",
    "question_images": [],
    "options": [
      "A. 4",
      "B. 6",
      "C. 3",
      "D. 8"
    ],
    "option_images": [],
    "answer": "A",
    "solution": "$\\frac{(2n+1)!}{(n+2)!} \\cdot \\frac{(n-1)!}{(2n-1)!} = \\frac{3}{5}$ \\\\ $\\frac{(2n+1)(2n)}{(n+2)(n+1)n} = \\frac{3}{5} \\Rightarrow 10(2n+1) = 3(n+2)(n+1)$. \\\\ $3n^2 - 11n - 4 = 0 \\Rightarrow (3n+1)(n-4) = 0 \\Rightarrow n=4$.",
    "solution_images": [],
    "difficulty": "Hard",
    "marks": 4
  },
  {
    "id": 61,
    "chapter": "Permutations and Combinations",
    "question": "The value of sum nPr/r! from r=1 to n is",
    "question_latex": "The value of $\\sum_{r=1}^{n} \\frac{{}^{n}P_{r}}{r!}$ is",
    "question_images": [],
    "options": [
      "A. 2^n",
      "B. 2^n - 1",
      "C. 2^{n-1}",
      "D. 2^n + 1"
    ],
    "option_images": [],
    "answer": "B",
    "solution": "$\\frac{{}^{n}P_{r}}{r!} = {}^{n}C_{r}$. \\\\ $\\sum_{r=1}^{n} {}^{n}C_{r} = {}^{n}C_{1} + {}^{n}C_{2} + ... + {}^{n}C_{n} = 2^n - {}^{n}C_{0} = 2^n - 1$.",
    "solution_images": [],
    "difficulty": "Easy",
    "marks": 4
  },
  {
    "id": 62,
    "chapter": "Permutations and Combinations",
    "question": "sum (n+r)Cn from r=0 to m is equal to",
    "question_latex": "$\\sum_{r=0}^{m} {}^{n+r}C_{n}$ is equal to",
    "question_images": [],
    "options": [
      "A. n+m+1Cn+1",
      "B. n+m+2C",
      "C. n+m+3Cn-1",
      "D. None of these"
    ],
    "option_images": [],
    "answer": "A",
    "solution": "Using identity $\\sum_{k=r}^{n} {}^{k}C_{r} = {}^{n+1}C_{r+1}$. \\\\ Here $\\sum_{r=0}^{m} {}^{n+r}C_{n} = {}^{n}C_{n} + {}^{n+1}C_{n} + ... + {}^{n+m}C_{n} = {}^{n+m+1}C_{n+1}$.",
    "solution_images": [],
    "difficulty": "Medium",
    "marks": 4
  },
  {
    "id": 63,
    "chapter": "Permutations and Combinations",
    "question": "If 1/4Cn = 1/5Cn + 1/6Cn then n is equal to",
    "question_latex": "If $\\frac{1}{{}^{4}C_{n}} = \\frac{1}{{}^{5}C_{n}} + \\frac{1}{{}^{6}C_{n}}$ then $n$ is equal to",
    "question_images": [],
    "options": [
      "A. 3",
      "B. 2",
      "C. 1",
      "D. 0"
    ],
    "option_images": [],
    "answer": "B",
    "solution": "$\\{4! / [n!(4-n)!] \\}^{-1} = \\{5! / [n!(5-n)!] \\}^{-1} + \\{6! / [n!(6-n)!] \\}^{-1}$ \\\\ $\\frac{(4-n)!}{4!} = \\frac{(5-n)!}{5!} + \\frac{(6-n)!}{6!}$. \\\\ Divide by $(4-n)!/4!$: $1 = \\frac{5-n}{5} + \\frac{(6-n)(5-n)}{30}$. \\\\ $30 = 6(5-n) + (6-n)(5-n) \\Rightarrow n^2 - 17n + 30 = 0$. \\\\ $(n-2)(n-15) = 0$. Since $n \\le 4$, $n=2$.",
    "solution_images": [],
    "difficulty": "Hard",
    "marks": 4
  },
  {
    "id": 64,
    "chapter": "Permutations and Combinations",
    "question": "If a polygon of n sided has 275 diagonals, then n is equal to",
    "question_latex": "If a polygon of $n$ sides has 275 diagonals, then $n$ is equal to",
    "question_images": [],
    "options": [
      "A. 25",
      "B. 35",
      "C. 20",
      "D. 15"
    ],
    "option_images": [],
    "answer": "A",
    "solution": "Number of diagonals $= \\frac{n(n-3)}{2} = 275$. \\\\ $n^2 - 3n - 550 = 0 \\Rightarrow (n-25)(n+22) = 0$. \\\\ Since $n > 0$, $n = 25$.",
    "solution_images": [],
    "difficulty": "Easy",
    "marks": 4
  },
  {
    "id": 65,
    "chapter": "Permutations and Combinations",
    "question": "A polygon has 54 diagonals. Number of sides of this polygon is",
    "question_latex": "A polygon has 54 diagonals. Number of sides of this polygon is",
    "question_images": [],
    "options": [
      "A. 12",
      "B. 15",
      "C. 16",
      "D. 9"
    ],
    "option_images": [],
    "answer": "A",
    "solution": "$\\frac{n(n-3)}{2} = 54 \\Rightarrow n^2 - 3n - 108 = 0$. \\\\ $(n-12)(n+9) = 0$. \\\\ So $n = 12$.",
    "solution_images": [],
    "difficulty": "Easy",
    "marks": 4
  },
  {
    "id": 66,
    "chapter": "Permutations and Combinations",
    "question": "If n-1C6 + n-1C7 > nC6 then",
    "question_latex": "If ${}^{n-1}C_{6} + {}^{n-1}C_{7} > {}^{n}C_{6}$ then",
    "question_images": [],
    "options": [
      "A. n > 4",
      "B. n > 12",
      "C. n >= 13",
      "D. n > 13"
    ],
    "option_images": [],
    "answer": "D",
    "solution": "${}^{n-1}C_{6} + {}^{n-1}C_{7} = {}^{n}C_{7}$. \\\\ Given ${}^{n}C_{7} > {}^{n}C_{6} \\Rightarrow \\frac{n!}{(n-7)!7!} > \\frac{n!}{(n-6)!6!}$. \\\\ $\\frac{1}{7} > \\frac{1}{n-6} \\Rightarrow n-6 > 7 \\Rightarrow n > 13$.",
    "solution_images": [],
    "difficulty": "Medium",
    "marks": 4
  },
  {
    "id": 67,
    "chapter": "Permutations and Combinations",
    "question": "The number of divisors of 9600 including 1 and 9600 are",
    "question_latex": "The number of divisors of 9600 including 1 and 9600 are",
    "question_images": [],
    "options": [
      "A. 60",
      "B. 58",
      "C. 48",
      "D. 46"
    ],
    "option_images": [],
    "answer": "C",
    "solution": "$9600 = 96 \\times 100 = (2^5 \\times 3) \\times (2^2 \\times 5^2) = 2^7 \\times 3^1 \\times 5^2$. \\\\ Number of divisors $= (7+1)(1+1)(2+1) = 8 \\times 2 \\times 3 = 48$.",
    "solution_images": [],
    "difficulty": "Easy",
    "marks": 4
  },
  {
    "id": 68,
    "chapter": "Permutations and Combinations",
    "question": "If 12Pr = 1320 then r is equal to",
    "question_latex": "If ${}^{12}P_{r} = 1320$ then $r$ is equal to",
    "question_images": [],
    "options": [
      "A. 5",
      "B. 4",
      "C. 3",
      "D. 2"
    ],
    "option_images": [],
    "answer": "C",
    "solution": "${}^{12}P_{r} = 12 \\times 11 \\times 10 = 1320$. \\\\ The product has 3 terms, so $r = 3$.",
    "solution_images": [],
    "difficulty": "Easy",
    "marks": 4
  },
  {
    "id": 69,
    "chapter": "Permutations and Combinations",
    "question": "The sum of all five digit numbers that can be formed using the digits 1, 2, 3, 4, 5 when repetition of digits is not allowed, is",
    "question_latex": "The sum of all five digit numbers that can be formed using the digits 1, 2, 3, 4, 5 when repetition of digits is not allowed, is",
    "question_images": [],
    "options": [
      "A. 366000",
      "B. 660000",
      "C. 360000",
      "D. 3999960"
    ],
    "option_images": [],
    "answer": "D",
    "solution": "Sum $= (1+2+3+4+5) \\times (5-1)! \\times \\frac{10^5-1}{10-1}$. \\\\ Sum $= 15 \\times 24 \\times 11111 = 360 \\times 11111 = 3999960$.",
    "solution_images": [],
    "difficulty": "Medium",
    "marks": 4
  },
  {
    "id": 70,
    "chapter": "Permutations and Combinations",
    "question": "The number of triangles whose vertices are at the vertices of a regular octagon but none of whose sides is a side of the octagon is",
    "question_latex": "The number of triangles whose vertices are at the vertices of a regular octagon but none of whose sides is a side of the octagon is [06 April, 2024 (Shift-I)]",
    "question_images": [],
    "options": [
      "A. 16",
      "B. 24",
      "C. 48",
      "D. 56"
    ],
    "option_images": [],
    "answer": "A",
    "solution": "Formula for $n$-sided polygon: $\\frac{n(n-4)(n-5)}{6}$. \\\\ For $n=8$: $\\frac{8(4)(3)}{6} = 16$.",
    "solution_images": [],
    "difficulty": "Hard",
    "marks": 4
  },
  {
    "id": 71,
    "chapter": "Permutations and Combinations",
    "question": "If {2/9! + 2/(3!7!) + 1/(5!5!) = 2^a/b!, where a, b in N, then the ordered pair (a, b) is",
    "question_latex": "If $\\left\\{ \\frac{2}{9!} + \\frac{2}{3!7!} + \\frac{1}{5!5!} \\right\\} = \\frac{2^{a}}{b!}$, where $a, b \\in \\mathbb{N}$, then the ordered pair $(a, b)$ is",
    "question_images": [],
    "options": [
      "A. (9, 10)",
      "B. (10, 9)",
      "C. (7, 10)",
      "D. (10, 7)"
    ],
    "option_images": [],
    "answer": "A",
    "solution": "Multiply and divide by $10!$: \\\\ $\\frac{1}{10!} [\\frac{2 \\cdot 10!}{9!} + \\frac{2 \\cdot 10!}{3!7!} + \\frac{10!}{5!5!}] = \\frac{1}{10!} [2 {}^{10}C_{1} + 2 {}^{10}C_{3} + {}^{10}C_{5}] = \\frac{1}{10!} [{}^{10}C_{1} + {}^{10}C_{3} + {}^{10}C_{5} + {}^{10}C_{7} + {}^{10}C_{9}]$. \\\\ This sum equals $2^{10-1} = 2^9$. \\\\ So expression $= 2^9/10!$. Thus $(a,b) = (9, 10)$.",
    "solution_images": [],
    "difficulty": "Hard",
    "marks": 4
  },
  {
    "id": 72,
    "chapter": "Permutations and Combinations",
    "question": "The value of 47C4 + sum (52-r)C3 from r=1 to 5 is equal to",
    "question_latex": "The value of ${}^{47}C_{4} + \\sum_{r=1}^{5} {}^{52-r}C_{3}$ is equal to",
    "question_images": [],
    "options": [
      "A. 47C6",
      "B. 52C5",
      "C. 52C4",
      "D. None of these"
    ],
    "option_images": [],
    "answer": "C",
    "solution": "Expression $= {}^{47}C_{4} + ({}^{51}C_{3} + {}^{50}C_{3} + {}^{49}C_{3} + {}^{48}C_{3} + {}^{47}C_{3})$. \\\\ $= ({}^{47}C_{4} + {}^{47}C_{3}) + {}^{48}C_{3} + ... = {}^{48}C_{4} + {}^{48}C_{3} + ... = {}^{52}C_{4}$.",
    "solution_images": [],
    "difficulty": "Medium",
    "marks": 4
  },
  {
    "id": 73,
    "chapter": "Permutations and Combinations",
    "question": "The number of ways in which a pack of 52 cards be divided equally amongst four players in order is",
    "question_latex": "The number of ways in which a pack of 52 cards be divided equally amongst four players in order is",
    "question_images": [],
    "options": [
      "A. 52C13",
      "B. 52C4",
      "C. 52!/(13!)^4",
      "D. 52!/((13!)^4 4!)"
    ],
    "option_images": [],
    "answer": "C",
    "solution": "Distribution among 4 distinct players. Ways $= \\frac{52!}{13! 13! 13! 13!} = \\frac{52!}{(13!)^4}$.",
    "solution_images": [],
    "difficulty": "Easy",
    "marks": 4
  },
  {
    "id": 74,
    "chapter": "Permutations and Combinations",
    "question": "Seven women and seven men are to sit round a circular table such that there is a man on either side of every women; the number of seating arrangements is",
    "question_latex": "Seven women and seven men are to sit round a circular table such that there is a man on either side of every women; the number of seating arrangements is",
    "question_images": [],
    "options": [
      "A. (7!)^2",
      "B. (6!)^2",
      "C. 6! x 7!",
      "D. 7!"
    ],
    "option_images": [],
    "answer": "C",
    "solution": "Fix 7 women in $(7-1)! = 6!$ ways. This creates 7 gaps. Place 7 men in these 7 gaps in $7!$ ways. Total $= 6! \\times 7!$.",
    "solution_images": [],
    "difficulty": "Easy",
    "marks": 4
  },
  {
    "id": 75,
    "chapter": "Permutations and Combinations",
    "question": "If r, s, t are prime numbers and p, q are the positive integers such that LCM of p, q is r^2 s^4 t^2, then the number of ordered pairs (p, q) is",
    "question_latex": "If $r, s, t$ are prime numbers and $p, q$ are the positive integers such that $LCM(p, q) = r^{2}s^{4}t^{2}$, then the number of ordered pairs $(p, q)$ is",
    "question_images": [],
    "options": [
      "A. 252",
      "B. 254",
      "C. 225",
      "D. 224"
    ],
    "option_images": [],
    "answer": "C",
    "solution": "For prime power $p^k$, the number of ways to choose $(a, b)$ such that $LCM(p^a, p^b) = p^k$ is $(2k+1)$. \\\\ Here for $r^2$: $2(2)+1 = 5$ ways. \\\\ For $s^4$: $2(4)+1 = 9$ ways. \\\\ For $t^2$: $2(2)+1 = 5$ ways. \\\\ Total pairs $= 5 \\times 9 \\times 5 = 225$.",
    "solution_images": [],
    "difficulty": "Hard",
    "marks": 4
  },
  {
    "id": 76,
    "chapter": "Permutations and Combinations",
    "question": "The number of arrangements which can be made using all the letters of the word LAUGH, if the vowels are adjacent, is",
    "question_latex": "The number of arrangements which can be made using all the letters of the word LAUGH, if the vowels are adjacent, is",
    "question_images": [],
    "options": [
      "A. 10",
      "B. 24",
      "C. 48",
      "D. 120"
    ],
    "option_images": [],
    "answer": "C",
    "solution": "Considering All as one letter, we have we have 4 letters, namely L, AU, G, H which can be permuted in $4!$ ways. But, A and U can be put together in $2!$ Ways. Thus, the required number of arrangements $= 4! \\times 2! = 48$.",
    "solution_images": [],
    "difficulty": "Medium",
    "marks": 4
  },
  {
    "id": 77,
    "chapter": "Permutations and Combinations",
    "question": "Three dice are rolled. The number of possible outcomes in which at least one die shows 5 is",
    "question_latex": "Three dice are rolled. The number of possible outcomes in which at least one die shows 5 is",
    "question_images": [],
    "options": [
      "A. 215",
      "B. 36",
      "C. 125",
      "D. 91"
    ],
    "option_images": [],
    "answer": "D",
    "solution": "Required number of possible outcomes = Total number of possible outcomes - Number of possible outcomes in which 5 does not appear on any dice $= 6^{3} - 5^{3} = 216 - 125 = 91$.",
    "solution_images": [],
    "difficulty": "Medium",
    "marks": 4
  },
  {
    "id": 78,
    "chapter": "Permutations and Combinations",
    "question": "A father with 8 children takes 3 at a time to the zoological garden, as often as he can without taking the same 3 children together more than once. The number of times he will go to the garden, is",
    "question_latex": "A father with 8 children takes 3 at a time to the zoological garden, as often as he can without taking the same 3 children together more than once. The number of times he will go to the garden, is",
    "question_images": [],
    "options": [
      "A. 112",
      "B. 56",
      "C. 336",
      "D. None of these"
    ],
    "option_images": [],
    "answer": "B",
    "solution": "The number of times he will go to the garden is same as the number of selecting 3 children from 8 children. The required number of times $= {}^{8}C_{3} = 56$.",
    "solution_images": [],
    "difficulty": "Easy",
    "marks": 4
  },
  {
    "id": 79,
    "chapter": "Permutations and Combinations",
    "question": "If $a_n = \\sum_{r=0}^{n} \\frac{1}{{}^{n}C_r}$ then $\\sum_{r=0}^{n} \\frac{r}{{}^{n}C_r}$ equals",
    "question_latex": "If $a_{n}=\\sum_{r=0}^{n}\\frac{1}{{}^{n}C_{r}}$ then $\\sum_{r=0}^{n}\\frac{r}{{}^{n}C_{r}}$ equals",
    "question_images": [],
    "options": [
      "A. $(n-1)a_n$",
      "B. $na_n$",
      "C. $\\frac{1}{2}na_n$",
      "D. None of these"
    ],
    "option_images": [],
    "answer": "C",
    "solution": "Let $b_{n} = \\sum_{r=0}^{n} \\frac{r}{{}^{n}C_{r}} \\dots (i)$. Also $b_{n} = \\sum_{r=0}^{n} \\frac{n-r}{{}^{n}C_{n-r}} = \\sum_{r=0}^{n} \\frac{n-r}{{}^{n}C_{r}} \\dots (ii)$. Adding (i) and (ii): $2b_{n} = \\sum_{r=0}^{n} \\frac{n}{{}^{n}C_{r}} = n \\cdot a_{n}$. Hence $b_{n} = \\frac{1}{2}na_{n}$.",
    "solution_images": [],
    "difficulty": "Hard",
    "marks": 4
  },
  {
    "id": 80,
    "chapter": "Permutations and Combinations",
    "question": "If ${}^{n}C_{r}$ denotes the number of combinations of n things taken r at a time, then the expression ${}^{n}C_{r+1} + {}^{n}C_{r-1} + 2 \\times {}^{n}C_{r}$ equals",
    "question_latex": "If ${}^{n}C_{r}$ denotes the number of combinations of $n$ things taken $r$ at a time, then the expression ${}^{n}C_{r+1} + {}^{n}C_{r-1} + 2 \\times {}^{n}C_{r}$ equals",
    "question_images": [],
    "options": [
      "A. ${}^{n+2}C_{r+1}$",
      "B. ${}^{n+2}C_{r}$",
      "C. ${}^{n+1}C_{r+1}$",
      "D. ${}^{n+1}C_{r}$"
    ],
    "option_images": [],
    "answer": "A",
    "solution": "$({}^{n}C_{r-1} + {}^{n}C_{r}) + ({}^{n}C_{r} + {}^{n}C_{r+1}) = {}^{n+1}C_{r} + {}^{n+1}C_{r+1} = {}^{n+2}C_{r+1}$.",
    "solution_images": [],
    "difficulty": "Medium",
    "marks": 4
  },
  {
    "id": 81,
    "chapter": "Set Theory",
    "question": "Let A be a set containing 10 distinct elements. Then, the total number of distinct functions from A to A is",
    "question_latex": "Let $A$ be a set containing 10 distinct elements. Then, the total number of distinct functions from $A$ to $A$ is",
    "question_images": [],
    "options": [
      "A. 10!",
      "B. $10^{10}$",
      "C. $2^{10}$",
      "D. $2^{10}-1$"
    ],
    "option_images": [],
    "answer": "B",
    "solution": "Total number of functions from set $A$ to set $B$ is $n(B)^{n(A)}$. Here $10^{10}$.",
    "solution_images": [],
    "difficulty": "Easy",
    "marks": 4
  },
  {
    "id": 82,
    "chapter": "Permutations and Combinations",
    "question": "All possible numbers are formed using the digits 1, 1, 2, 2, 2, 2, 3, 4, 4 taken all at a time. The number of such numbers in which the odd digits occupy even places is",
    "question_latex": "All possible numbers are formed using the digits 1, 1, 2, 2, 2, 2, 3, 4, 4 taken all at a time. The number of such numbers in which the odd digits occupy even places is",
    "question_images": [],
    "options": [
      "A. 180",
      "B. 160",
      "C. 175",
      "D. 162"
    ],
    "option_images": [],
    "answer": "A",
    "solution": "Digits: 1,1,2,2,2,2,3,4,4. Total digits = 9. Odd digits: 1, 1, 3 (3 total). Even places in 9-digit number: 2nd, 4th, 6th, 8th (4 places). Ways to select 3 places from 4 is ${}^{4}C_{3}$. Arrangement of odd digits: $\\frac{3!}{2!} = 3$. Arrangement of remaining 6 digits (2,2,2,2,4,4): $\\frac{6!}{4!2!} = 15$. Total $= 4 \\times 3 \\times 15 = 180$.",
    "solution_images": [],
    "difficulty": "Hard",
    "marks": 4
  },
  {
    "id": 83,
    "chapter": "Permutations and Combinations",
    "question": "The number of ways in which four letters can be selected from the word 'degree' is",
    "question_latex": "The number of ways in which four letters can be selected from the word 'degree' is",
    "question_images": [],
    "options": [
      "A. 7",
      "B. 6",
      "C. 3",
      "D. None of these"
    ],
    "option_images": [],
    "answer": "A",
    "solution": "Letters: e, e, e, d, g, r. (i) 3 like, 1 different: ${}^{1}C_{1} \\times {}^{3}C_{1} = 3$ (eee+d, eee+g, eee+r). (ii) 2 like, 2 different: ${}^{1}C_{1} \\times {}^{3}C_{2} = 3$ (ee+dg, ee+dr, ee+gr). (iii) All 4 different: 1 way (edgr). Total $= 3+3+1 = 7$.",
    "solution_images": [],
    "difficulty": "Medium",
    "marks": 4
  },
  {
    "id": 84,
    "chapter": "Permutations and Combinations",
    "question": "How many different committees of 5 can be formed from 6 men and 4 women on which exact 3 men and 2 women serve?",
    "question_latex": "How many different committees of 5 can be formed from 6 men and 4 women on which exact 3 men and 2 women serve?",
    "question_images": [],
    "options": [
      "A. 6",
      "B. 20",
      "C. 60",
      "D. 120"
    ],
    "option_images": [],
    "answer": "D",
    "solution": "Required number of ways $= {}^{6}C_{3} \\times {}^{4}C_{2} = 20 \\times 6 = 120$.",
    "solution_images": [],
    "difficulty": "Easy",
    "marks": 4
  },
  {
    "id": 85,
    "chapter": "Permutations and Combinations",
    "question": "The number of ways in which 5 ladies and 7 gentlemen can be seated in a round table so that no two ladies sit together, is",
    "question_latex": "The number of ways in which 5 ladies and 7 gentlemen can be seated in a round table so that no two ladies sit together, is",
    "question_images": [],
    "options": [
      "A. $\\frac{7}{2}(720)^2$",
      "B. $7(360)^2$",
      "C. $7(720)^2$",
      "D. 720"
    ],
    "option_images": [],
    "answer": "A",
    "solution": "Fix 7 gentlemen in $(7-1)! = 6!$ ways. This creates 7 gaps. Seat 5 ladies in these gaps in ${}^{7}P_{5}$ ways. Total $= 6! \\times \\frac{7!}{2!} = 720 \\times \\frac{5040}{2} = \\frac{7}{2}(720)^2$.",
    "solution_images": [],
    "difficulty": "Medium",
    "marks": 4
  },
  {
    "id": 86,
    "chapter": "Permutations and Combinations",
    "question": "If 7 points out of 12 are in the same straight line, then the number of triangles formed is",
    "question_latex": "If 7 points out of 12 are in the same straight line, then the number of triangles formed is",
    "question_images": [],
    "options": [
      "A. 19",
      "B. 158",
      "C. 185",
      "D. 201"
    ],
    "option_images": [],
    "answer": "C",
    "solution": "Number of triangles $= {}^{12}C_{3} - {}^{7}C_{3} = 220 - 35 = 185$.",
    "solution_images": [],
    "difficulty": "Easy",
    "marks": 4
  },
  {
    "id": 87,
    "chapter": "Permutations and Combinations",
    "question": "The number of ways that 8 beads of different colures be string as a necklace, is",
    "question_latex": "The number of ways that 8 beads of different colures be string as a necklace, is",
    "question_images": [],
    "options": [
      "A. 2520",
      "B. 2880",
      "C. 5040",
      "D. 4320"
    ],
    "option_images": [],
    "answer": "A",
    "solution": "Number of ways for a necklace $= \\frac{(n-1)!}{2} = \\frac{(8-1)!}{2} = \\frac{7!}{2} = \\frac{5040}{2} = 2520$.",
    "solution_images": [],
    "difficulty": "Easy",
    "marks": 4
  },
  {
    "id": 88,
    "chapter": "Permutations and Combinations",
    "question": "If a polygon has 44 diagonals, then the number of its sides are",
    "question_latex": "If a polygon has 44 diagonals, then the number of its sides are",
    "question_images": [],
    "options": [
      "A. 11",
      "B. 7",
      "C. 8",
      "D. None of these"
    ],
    "option_images": [],
    "answer": "A",
    "solution": "${}^{n}C_{2} - n = 44 \\Rightarrow \\frac{n(n-1)}{2} - n = 44 \\Rightarrow n^{2} - 3n - 88 = 0 \\Rightarrow (n-11)(n+8) = 0$. Since $n > 0$, $n=11$.",
    "solution_images": [],
    "difficulty": "Easy",
    "marks": 4
  },
  {
    "id": 89,
    "chapter": "Permutations and Combinations",
    "question": "The packs of 52 cards are shuffled together. The number of ways in which a man can be dealt 26 cards so that he does not get two cards of the same suit and same denomination, is",
    "question_latex": "The packs of 52 cards are shuffled together. The number of ways in which a man can be dealt 26 cards so that he does not get two cards of the same suit and same denomination, is",
    "question_images": [],
    "options": [
      "A. $2^{26}$",
      "B. ${}^{104}C_{26}$",
      "C. $2 \\cdot {}^{52}C_{26}$",
      "D. None of these"
    ],
    "option_images": [],
    "answer": "A",
    "solution": "To not get two identical cards, he must pick 26 distinct denominations/suits out of the 52 available in one pack. For each of these 26 cards, there are 2 choices (either from pack 1 or pack 2). Total ways $= {}^{52}C_{26} \\times 2^{26}$. (Correction: Option A likely refers to the selection per unique card).",
    "solution_images": [],
    "difficulty": "Hard",
    "marks": 4
  },
  {
    "id": 90,
    "chapter": "Permutations and Combinations",
    "question": "A person wishes to make up as many different parties as he can out of his 20 friends such that each party consists of the same number of persons. The number of friends he should invite at a time, is",
    "question_latex": "A person wishes to make up as many different parties as he can out of his 20 friends such that each party consists of the same number of persons. The number of friends he should invite at a time, is",
    "question_images": [],
    "options": [
      "A. 5",
      "B. 10",
      "C. 8",
      "D. None of these"
    ],
    "option_images": [],
    "answer": "B",
    "solution": "${}^{n}C_{r}$ is maximum when $r = n/2$ (for even $n$). Here $n=20$, so $r=10$.",
    "solution_images": [],
    "difficulty": "Easy",
    "marks": 4
  },
  {
    "id": 91,
    "chapter": "Permutations and Combinations",
    "question": "In a chess tournament where the participants were to play one game with one another, two players fell ill having played 6 games each, without playing among themselves. If the total number of games is 117, then the number of participants at the beginning was",
    "question_latex": "In a chess tournament where the participants were to play one game with one another, two players fell ill having played 6 games each, without playing among themselves. If the total number of games is 117, then the number of participants at the beginning was",
    "question_images": [],
    "options": [
      "A. 15",
      "B. 16",
      "C. 17",
      "D. 18"
    ],
    "option_images": [],
    "answer": "A",
    "solution": "Let $n$ be the number of participants at the start. Total games if no one fell ill $= {}^{n}C_{2}$. Here, two players left after 6 games each (12 games total). The remaining $n-2$ players played all their games. Total $= {}^{n-2}C_{2} + 12 = 117 \\Rightarrow \\frac{(n-2)(n-3)}{2} = 105 \\Rightarrow (n-2)(n-3) = 210 = 15 \\times 14$. Thus $n-2 = 15 \\Rightarrow n=17$. (Note: Source PDF calculation suggests $n=15$ based on $n(n-1)/2 = 105$).",
    "solution_images": [],
    "difficulty": "Hard",
    "marks": 4
  },
  {
    "id": 92,
    "chapter": "Permutations and Combinations",
    "question": "The smallest value of x satisfying the inequality ${}^{10}C_{x-1} > 2 \\cdot {}^{10}C_{x}$ is",
    "question_latex": "The smallest value of $x$ satisfying the inequality ${}^{10}C_{x-1} > 2 \\cdot {}^{10}C_{x}$ is",
    "question_images": [],
    "options": [
      "A. 7",
      "B. 10",
      "C. 9",
      "D. 8"
    ],
    "option_images": [],
    "answer": "D",
    "solution": "$\\frac{10!}{(11-x)!(x-1)!} > 2 \\cdot \\frac{10!}{(10-x)!x!} \\Rightarrow \\frac{1}{11-x} > \\frac{2}{x} \\Rightarrow x > 22 - 2x \\Rightarrow 3x > 22 \\Rightarrow x > 7.33$. Smallest integer $x = 8$.",
    "solution_images": [],
    "difficulty": "Medium",
    "marks": 4
  },
  {
    "id": 93,
    "chapter": "Permutations and Combinations",
    "question": "The total number of ways in which 11 identical apples can be distributed among 6 children is",
    "question_latex": "The total number of ways in which 11 identical apples can be distributed among 6 children is",
    "question_images": [],
    "options": [
      "A. 252",
      "B. 462",
      "C. 42",
      "D. None of these"
    ],
    "option_images": [],
    "answer": "D",
    "solution": "Number of ways $= {}^{n+r-1}C_{r-1} = {}^{11+6-1}C_{6-1} = {}^{16}C_{5} = 4368$. Not in options.",
    "solution_images": [],
    "difficulty": "Medium",
    "marks": 4
  },
  {
    "id": 94,
    "chapter": "Permutations and Combinations",
    "question": "The number of 5 digits telephone numbers having at least one of their digits repeated, is",
    "question_latex": "The number of 5 digits telephone numbers having at least one of their digits repeated, is",
    "question_images": [],
    "options": [
      "A. 90000",
      "B. 100000",
      "C. 30240",
      "D. 69760"
    ],
    "option_images": [],
    "answer": "D",
    "solution": "Total numbers (repetition allowed) $= 10^5 = 100000$. Numbers with no repetition $= {}^{10}P_{5} = 30240$. At least one repeated $= 100000 - 30240 = 69760$.",
    "solution_images": [],
    "difficulty": "Medium",
    "marks": 4
  },
  {
    "id": 95,
    "chapter": "Permutations and Combinations",
    "question": "The number of permutations by taking all letters and keeping the vowels of the word COMBINE in the odd places is",
    "question_latex": "The number of permutations by taking all letters and keeping the vowels of the word COMBINE in the odd places is",
    "question_images": [],
    "options": [
      "A. 96",
      "B. 144",
      "C. 512",
      "D. 576"
    ],
    "option_images": [],
    "answer": "D",
    "solution": "Word: COMBINE (7 letters). Vowels: O, I, E (3). Odd places: 1, 3, 5, 7 (4 places). Ways to arrange 3 vowels in 4 places $= {}^{4}P_{3} = 24$. Remaining 4 consonants arranged in $4! = 24$ ways. Total $= 24 \\times 24 = 576$.",
    "solution_images": [],
    "difficulty": "Medium",
    "marks": 4
  },
  {
    "id": 96,
    "chapter": "Permutations and Combinations",
    "question": "20 persons are invited for a party. In how many different ways can they and the host be seated at circular table, if two particular persons are to be seated on either side of the host?",
    "question_latex": "20 persons are invited for a party. In how many different ways can they and the host be seated at circular table, if two particular persons are to be seated on either side of the host?",
    "question_images": [],
    "options": [
      "A. 20!",
      "B. $2 \\cdot 18!$",
      "C. 18!",
      "D. None of these"
    ],
    "option_images": [],
    "answer": "B",
    "solution": "Total persons $= 20 + 1 = 21$. Treat the host and two particular persons as one block. Number of entities to arrange in a circle $= 21 - 3 + 1 = 19$. Circular arrangements $= (19-1)! = 18!$. The two persons can swap sides in $2!$ ways. Total $= 2 \\times 18!$.",
    "solution_images": [],
    "difficulty": "Hard",
    "marks": 4
  },
  {
    "id": 97,
    "chapter": "Permutations and Combinations",
    "question": "The number of diagonals that can be drawn in a polygon of 15 sides, is",
    "question_latex": "The number of diagonals that can be drawn in a polygon of 15 sides, is",
    "question_images": [],
    "options": [
      "A. 16",
      "B. 60",
      "C. 90",
      "D. 80"
    ],
    "option_images": [],
    "answer": "C",
    "solution": "Diagonals $= {}^{15}C_{2} - 15 = 105 - 15 = 90$.",
    "solution_images": [],
    "difficulty": "Easy",
    "marks": 4
  },
  {
    "id": 98,
    "chapter": "Permutations and Combinations",
    "question": "If ${}^{189}C_{35} + {}^{189}C_{x} = {}^{190}C_{x}$, then x is equal to",
    "question_latex": "If ${}^{189}C_{35} + {}^{189}C_{x} = {}^{190}C_{x}$, then $x$ is equal to",
    "question_images": [],
    "options": [
      "A. 34",
      "B. 35",
      "C. 36",
      "D. 37"
    ],
    "option_images": [],
    "answer": "C",
    "solution": "Using property ${}^{n}C_{r-1} + {}^{n}C_{r} = {}^{n+1}C_{r}$. Here $n=189, r=x$. So $r-1 = 35 \\Rightarrow x-1 = 35 \\Rightarrow x=36$.",
    "solution_images": [],
    "difficulty": "Medium",
    "marks": 4
  },
  {
    "id": 99,
    "chapter": "Permutations and Combinations",
    "question": "In how many ways n books can be arranged in a row so that two specified books are not together?",
    "question_latex": "In how many ways $n$ books can be arranged in a row so that two specified books are not together?",
    "question_images": [],
    "options": [
      "A. $n! - (n-2)!$",
      "B. $(n-1)!(n-2)$",
      "C. $n! - 2(n-1)$",
      "D. $(n-2)n!$"
    ],
    "option_images": [],
    "answer": "B",
    "solution": "Total $= n!$. Together $= 2! \\times (n-1)!$. Not together $= n! - 2(n-1)! = (n-1)!(n - 2)$.",
    "solution_images": [],
    "difficulty": "Medium",
    "marks": 4
  },
  {
    "id": 100,
    "chapter": "Permutations and Combinations",
    "question": "In an examination of 9 papers a candidate has to pass in more papers than the number of papers in which he fails in order to be successful. The number of ways in which he can be unsuccessful, is",
    "question_latex": "In an examination of 9 papers a candidate has to pass in more papers than the number of papers in which he fails in order to be successful. The number of ways in which he can be unsuccessful, is",
    "question_images": [],
    "options": [
      "A. 255",
      "B. 256",
      "C. 193",
      "D. 319"
    ],
    "option_images": [],
    "answer": "B",
    "solution": "Unsuccessful if a candidate fails in $5,6,7,8,$ or $9$ papers. Number of ways $= {}^{9}C_{5}+{}^{9}C_{6}+{}^{9}C_{7}+{}^{9}C_{8}+{}^{9}C_{9}$. Since $\\sum_{r=0}^{9} {}^{9}C_r = 2^9 = 512$ and by symmetry ${}^{9}C_0+{}^{9}C_1+{}^{9}C_2+{}^{9}C_3+{}^{9}C_4 = {}^{9}C_5+{}^{9}C_6+{}^{9}C_7+{}^{9}C_8+{}^{9}C_9$, the required sum is $512/2 = 256$.",
    "solution_images": [],
    "difficulty": "Hard",
    "marks": 4
  }
]