[
  {
    "id": 1,
    "chapter": "Principle of Mathematical Induction",
    "question": "If n is a positive integer, then $5^{2n+2} - 24n - 25$ is divisible by",
    "question_latex": "If $n$ is a positive integer, then $5^{2n+2} - 24n - 25$ is divisible by",
    "image_url": "",
    "options": [
      "(A) 574",
      "(B) 575",
      "(C) 675",
      "(D) 576"
    ],
    "answer": "(D) 576",
    "solution": "Solution:-(d) Let $P(n) = 5^{2n+2} - 24n - 25$\nFor $n=1$\n$P(1) = 5^4 - 24 - 25 = 576$\n$P(2) = 5^6 - 24(2) - 25 = 15552$\n$= 576 \\times 27$\nHere, we see that $P(n)$ is divisible by $576$.",
    "difficulty": "medium",
    "marks": 4,
    "extracted_image_names": []
  },
  {
    "id": 2,
    "chapter": "Principle of Mathematical Induction",
    "question": "For each, $n \\in N$, $10^{2n-1} + 1$ is divisible by",
    "question_latex": "For each, $n \\in N$, $10^{2n-1} + 1$ is divisible by",
    "image_url": "",
    "options": [
      "(A) 11",
      "(B) 13",
      "(C) 9",
      "(D) None of these"
    ],
    "answer": "(A) 11",
    "solution": "Solution:-(a) Let $P(n) = 10^{2n-1} + 1$\n$P(1) = 10^1 + 1 = 11$\nLet $P(k) = 10^{2k-1} + 1 = 11I$ is true\nNow, $P(k+1) = 10^{2(k+1)-1} + 1$\n$= (11I-1)100 + 1$\n$= 1100I - 99 = 11I_1$\nSo, $P(k+1)$ is true.",
    "difficulty": "medium",
    "marks": 4,
    "extracted_image_names": []
  },
  {
    "id": 3,
    "chapter": "Principle of Mathematical Induction",
    "question": "If $a, b$ are distinct rational numbers, then for all $n \\in N$ the number $a^n - b^n$ is divisible by",
    "question_latex": "If $a, b$ are distinct rational numbers, then for all $n \\in N$ the number $a^n - b^n$ is divisible by",
    "image_url": "",
    "options": [
      "(A) $a-b$",
      "(B) $a+b$",
      "(C) $2a-b$",
      "(D) $a-2b$"
    ],
    "answer": "(A) $a-b$",
    "solution": "Solution:-(a)",
    "difficulty": "medium",
    "marks": 4,
    "extracted_image_names": []
  },
  {
    "id": 4,
    "chapter": "Principle of Mathematical Induction",
    "question": "The number $\\frac{(n+2)!}{n!}$ is divisible by",
    "question_latex": "The number $\\frac{(n+2)!}{n!}$ is divisible by",
    "image_url": "",
    "options": [
      "(A) 10",
      "(B) 11",
      "(C) 24",
      "(D) 26"
    ],
    "answer": "(C) 24",
    "solution": "Solution:-(c)",
    "difficulty": "medium",
    "marks": 4,
    "extracted_image_names": []
  },
  {
    "id": 5,
    "chapter": "Principle of Mathematical Induction",
    "question": "If $P(n)$ is a statement ($n \\in N$) such that, if $P(k)$ is true, $P(k+1)$ is true for $k \\in N$, then $P(n)$ is true",
    "question_latex": "If $P(n)$ is a statement ($n \\in N$) such that, if $P(k)$ is true, $P(k+1)$ is true for $k \\in N$, then $P(n)$ is true",
    "image_url": "",
    "options": [
      "(A) For all $n$",
      "(B) For all $n > 1$",
      "(C) For all $n > 2$",
      "(D) Nothing can be said"
    ],
    "answer": "(D) Nothing can be said",
    "solution": "Solution:-(d) Unless we prove $P(1)$ is true, nothing can be said.",
    "difficulty": "medium",
    "marks": 4,
    "extracted_image_names": []
  },
  {
    "id": 6,
    "chapter": "Principle of Mathematical Induction",
    "question": "The $n^{th}$ terms of the series $3+7+13+21+...$ is",
    "question_latex": "The $n^{th}$ terms of the series $3+7+13+21+\\dots$ is",
    "image_url": "",
    "options": [
      "(A) $4n-1$",
      "(B) $n^2+2n$",
      "(C) $n^2+n+1$",
      "(D) $n^2+2$"
    ],
    "answer": "(C) $n^2+n+1$",
    "solution": "Solution:-(c) Let the $n^{th}$ term be $T_n$. The series is $3, 7, 13, 21, \\dots$\nFirst differences: $4, 6, 8, \\dots$\nSecond differences: $2, 2, \\dots$\nSince the second differences are constant, the $n^{th}$ term is a quadratic of the form $T_n = An^2 + Bn + C$.\n$2A = 2 \\implies A = 1$\n$3A + B = 4 \\implies 3(1) + B = 4 \\implies B = 1$\n$A + B + C = 3 \\implies 1 + 1 + C = 3 \\implies C = 1$\nTherefore, $T_n = n^2 + n + 1$.",
    "difficulty": "medium",
    "marks": 4,
    "extracted_image_names": []
  },
  {
    "id": 7,
    "chapter": "Principle of Mathematical Induction",
    "question": "For natural number $n$, $2^{n}(n-1)! < n^n$, if",
    "question_latex": "For natural number $n$, $2^{n}(n-1)! < n^n$, if",
    "image_url": "",
    "options": [
      "(A) $n < 2$",
      "(B) $n > 2$",
      "(C) $n \\geq 2$",
      "(D) never"
    ],
    "answer": "(B) $n > 2$",
    "solution": "Solution:-(b) The condition $2^n (n-1)! < n^n$ is satisfied for $n > 2$.",
    "difficulty": "medium",
    "marks": 4,
    "extracted_image_names": []
  },
  {
    "id": 8,
    "chapter": "Principle of Mathematical Induction",
    "question": "The sum of $n$ terms of the series $1 + (1+a) + (1+a+a^2) + (1+a+a^2+a^3) + ...$ is",
    "question_latex": "The sum of $n$ terms of the series $1 + (1+a) + (1+a+a^2) + (1+a+a^2+a^3) + \\dots$ is",
    "image_url": "",
    "options": [
      "(A) $\\frac{1}{1-a} \\left(n - \\frac{a(1-a^n)}{1-a}\\right)$",
      "(B) $\\frac{n}{1-a} - \\frac{a(1-a^n)}{(1-a)^2}$",
      "(C) $\\frac{n}{1-a} + \\frac{a(1-a^n)}{(1-a)^2}$",
      "(D) $\\frac{1}{1-a} - \\frac{n(1-a^n)}{(1-a)^2}$"
    ],
    "answer": "(A) $\\frac{1}{1-a} \\left(n - \\frac{a(1-a^n)}{1-a}\\right)$",
    "solution": "Solution:-(A)",
    "difficulty": "medium",
    "marks": 4,
    "extracted_image_names": []
  },
  {
    "id": 9,
    "chapter": "Principle of Mathematical Induction",
    "question": "For all $n \\in N$, $2 \\cdot 4^{2n+1} + 3^{3n+1}$ is divisible by",
    "question_latex": "For all $n \\in N$, $2 \\cdot 4^{2n+1} + 3^{3n+1}$ is divisible by",
    "image_url": "",
    "options": [
      "(A) 2",
      "(B) 9",
      "(C) 3",
      "(D) 11"
    ],
    "answer": "(D) 11",
    "solution": "Solution:-(d) Let $P(n) = 2 \\cdot 4^{2n+1} + 3^{3n+1}$\n$P(1) = 2 \\cdot 4^3 + 3^4 = 2 \\cdot 64 + 81 = 128 + 81 = 209$ (divisible by $11$ only)",
    "difficulty": "medium",
    "marks": 4,
    "extracted_image_names": []
  },
  {
    "id": 10,
    "chapter": "Principle of Mathematical Induction",
    "question": "If $n$ is an odd positive integer, then $a^n + b^n$ is divisible by",
    "question_latex": "If $n$ is an odd positive integer, then $a^n + b^n$ is divisible by",
    "image_url": "",
    "options": [
      "(A) $a+b$",
      "(B) $a-b$",
      "(C) $a^2+b^2$",
      "(D) None of these"
    ],
    "answer": "(A) $a+b$",
    "solution": "Solution:-(a)",
    "difficulty": "medium",
    "marks": 4,
    "extracted_image_names": []
  },
  {
    "id": 11,
    "chapter": "Principle of Mathematical Induction",
    "question": "The sum of the cubes of three consecutive natural numbers is divisible by",
    "question_latex": "The sum of the cubes of three consecutive natural numbers is divisible by",
    "image_url": "",
    "options": [
      "(A) 7",
      "(B) 9",
      "(C) 25",
      "(D) 26"
    ],
    "answer": "(B) 9",
    "solution": "Solution:-(b)",
    "difficulty": "medium",
    "marks": 4,
    "extracted_image_names": []
  },
  {
    "id": 12,
    "chapter": "Principle of Mathematical Induction",
    "question": "For a positive integer $n$, Let $a(n) = 1 + \\frac{1}{2} + \\frac{1}{3} + \\dots + \\frac{1}{2n-1} - \\frac{1}{2n}$. Then",
    "question_latex": "For a positive integer $n$, Let $a(n) = 1 + \\frac{1}{2} + \\frac{1}{3} + \\dots + \\frac{1}{2n-1} - \\frac{1}{2n}$. Then",
    "image_url": "",
    "options": [
      "(A) $a(100) \\leq 100$",
      "(B) $a(100) > 100$",
      "(C) $a(200) \\leq 100$",
      "(D) None of these"
    ],
    "answer": "(A) $a(100) \\leq 100$",
    "solution": "Solution:-(a) It can be proved with the help of mathematical induction that $\\frac{1}{2} < a(n) \\leq n$.\\n$\\implies \\frac{1}{2} < a(200) \\implies a(200) > 100$\nand $a(100) \\leq 100$.",
    "difficulty": "medium",
    "marks": 4,
    "extracted_image_names": []
  },
  {
    "id": 13,
    "chapter": "Principle of Mathematical Induction",
    "question": "If $P(n): 3^n < n!$, $n \\in N$, then $P(n)$ is true",
    "question_latex": "If $P(n): 3^n < n!$, $n \\in N$, then $P(n)$ is true",
    "image_url": "",
    "options": [
      "(A) For $n \\geq 6$",
      "(B) For $n \\leq 7$",
      "(C) For $n \\geq 3$",
      "(D) For all $n$"
    ],
    "answer": "(B) For $n \\leq 7$",
    "solution": "Solution:-(b) Given that, $P(n): 3^n < n!$\nNow, $P(7): 3^7 < 7!$ is true\nLet $P(k): 3^k < k!$\n$P(k+1): 3^{k+1} = 3 \\cdot 3^k < 3 \\cdot k! < (k+1)! \\quad (\\because k+1 > 3)$",
    "difficulty": "medium",
    "marks": 4,
    "extracted_image_names": []
  },
  {
    "id": 14,
    "chapter": "Principle of Mathematical Induction",
    "question": "For all $n \\in N$, $n^3 + 2n$ is divisible by",
    "question_latex": "For all $n \\in N$, $n^3 + 2n$ is divisible by",
    "image_url": "",
    "options": [
      "(A) 3",
      "(B) 8",
      "(C) 9",
      "(D) 11"
    ],
    "answer": "(A) 3",
    "solution": "Solution:-(a) For $n=1,2,3$, we find that $n^3+2n$ takes values $3,12$ and $33$, which are divisible by $3$.",
    "difficulty": "medium",
    "marks": 4,
    "extracted_image_names": []
  },
  {
    "id": 15,
    "chapter": "Principle of Mathematical Induction",
    "question": "The greatest positive integer, which divides $(n+2)(n+3)(n+4)(n+5)(n+6)$ for all $n \\in N$, is",
    "question_latex": "The greatest positive integer, which divides $(n+2)(n+3)(n+4)(n+5)(n+6)$ for all $n \\in N$, is",
    "image_url": "",
    "options": [
      "(A) 4",
      "(B) 120",
      "(C) 240",
      "(D) 24"
    ],
    "answer": "(B) 120",
    "solution": "Solution:-(b)",
    "difficulty": "medium",
    "marks": 4,
    "extracted_image_names": []
  },
  {
    "id": 16,
    "chapter": "Principle of Mathematical Induction",
    "question": "For all $n \\in N$, $\\frac{n^8}{8} + \\frac{n^7}{7}$ is",
    "question_latex": "For all $n \\in N$, $\\frac{n^8}{8} + \\frac{n^7}{7}$ is",
    "image_url": "",
    "options": [
      "(A) An integer",
      "(B) A natural number",
      "(C) A positive fraction",
      "(D) None of these"
    ],
    "answer": "(B) A natural number",
    "solution": "Solution:-(b)",
    "difficulty": "medium",
    "marks": 4,
    "extracted_image_names": []
  },
  {
    "id": 17,
    "chapter": "Principle of Mathematical Induction",
    "question": "Let $S(k) = 1+3+5+...+ (2k-1) = 3+k^2$. Then, which of the following is true?",
    "question_latex": "Let $S(k) = 1+3+5+\\dots+(2k-1) = 3+k^2$. Then, which of the following is true?",
    "image_url": "",
    "options": [
      "(A) $S(1)$ is correct",
      "(B) $S(k) \\implies S(k+1)$",
      "(C) $S(k) \\not\\implies S(k+1)$",
      "(D) Principle of mathematical induction can be used to prove the formula"
    ],
    "answer": "(B) $S(k) \\implies S(k+1)$",
    "solution": "Solution:-(b) $S(k) = 1+3+5+\\dots+(2k-1) = k^2$.\\nGiven $S(k) = 1+3+5+\\dots+(2k-1) = 3+k^2$.\\nPut $k=1$ in both sides, we get\\nLHS = $1$ and RHS = $3+1^2 = 4$\\nLHS $\\neq$ RHS\\nPut $k+1$ in both sides in the place of $k$, we get\\nLHS = $1+3+5+\\dots+(2k-1) + (2k+1)$\\nRHS = $3+(k+1)^2 = 3+k^2+2k+1$\\nLet LHS = RHS\\nThen, $1+3+5+\\dots+(2k-1) + (2k+1)$\\n$= 3+k^2+2k+1$\\n$\\implies 3+k^2 + 2k+1 = 3+k^2+2k+1$\\nIf $S(k)$ is true, then $S(k+1)$ is also true.\\nHence, $S(k) \\implies S(k+1)$.",
    "difficulty": "medium",
    "marks": 4,
    "extracted_image_names": []
  },
  {
    "id": 18,
    "chapter": "Principle of Mathematical Induction",
    "question": "For all $n \\in N$, $1 + \\frac{1}{\\sqrt{2}} + \\frac{1}{\\sqrt{3}} + \\dots + \\frac{1}{\\sqrt{n}}$ is",
    "question_latex": "For all $n \\in N$, $1 + \\frac{1}{\\sqrt{2}} + \\frac{1}{\\sqrt{3}} + \\dots + \\frac{1}{\\sqrt{n}}$ is",
    "image_url": "",
    "options": [
      "(A) Equal to $\\sqrt{n}$",
      "(B) Less than or equal to $\\sqrt{n}$",
      "(C) Greater than or equal to $\\sqrt{n}$",
      "(D) None of these"
    ],
    "answer": "(B) Less than or equal to $\\sqrt{n}$",
    "solution": "Solution:-(b)",
    "difficulty": "medium",
    "marks": 4,
    "extracted_image_names": []
  },
  {
    "id": 19,
    "chapter": "Principle of Mathematical Induction",
    "question": "If $3^1+5+9+17+33+...$ to $n$ terms $= 2^{n+1}+n-2$, then $n^{th}$ term of LHS is",
    "question_latex": "If $3^1+5+9+17+33+\\dots$ to $n$ terms $= 2^{n+1}+n-2$, then $n^{th}$ term of LHS is",
    "image_url": "",
    "options": [
      "(A) $2^{n-1}+1$",
      "(B) $2n+1$",
      "(C) $2^n-1$",
      "(D) $3n-1$"
    ],
    "answer": "(C) $2^n-1$",
    "solution": "Solution:-(c)",
    "difficulty": "medium",
    "marks": 4,
    "extracted_image_names": []
  },
  {
    "id": 20,
    "chapter": "Principle of Mathematical Induction",
    "question": "$P(n)=2^{n-1}+4+6+...+ (2n), n \\in N$, then $P(k)=(k(k+1))+2 \\implies P(k+1)=(k(k+1))+2$",
    "question_latex": "$P(n)=2^{n-1}+4+6+\\dots+(2n), n \\in N$, then $P(k)=(k(k+1))+2 \\implies P(k+1)=(k(k+1))+2$",
    "image_url": "",
    "options": [
      "(A) For all $n \\in N$",
      "(B) For all $n > 1$",
      "(C) For $n > 2$",
      "(D) Nothing can be said"
    ],
    "answer": "(D) Nothing can be said",
    "solution": "Solution:-(d) It is obvious, nothing can be said.",
    "difficulty": "medium",
    "marks": 4,
    "extracted_image_names": []
  },
  {
    "id": 21,
    "chapter": "Principle of Mathematical Induction",
    "question": "Let $S(k) = 1+3+5+...+ (2k-1) = 3+k^2$. Then which of the following is true? (2004)",
    "question_latex": "Let $S(k) = 1+3+5+\\dots+(2k-1) = 3+k^2$. Then which of the following is true? (2004)",
    "image_url": "",
    "options": [
      "(A) Principle of mathematical induction can be used to prove the formula",
      "(B) $S(k) \\implies S(k+1)$",
      "(C) $S(k) \\not\\implies S(k+1)$",
      "(D) $S(1)$ is correct"
    ],
    "answer": "(B) $S(k) \\implies S(k+1)$",
    "solution": "Solution:-(b) $S(k) = 1+3+5+\\dots+(2k-1) = 3+k^2$.\\n(i) When $k=1$, L.H.S of $S(k)$ is $R.H.S$ of $S(k)$ So $S(1)$ is not true. Now, $S(k) = 1+3+5+\\dots+(2k-1)$ and $S(k+1) = 3+(k+1)^2$.\\n(ii) Let $S(k)$ is true\\n$= 1+3+5+\\dots+(2k-1) = k^2+3 \\implies 1+3+5+\\dots+(2k-1)+(2k+1)$\\n$= k^2+3+2k+1 = k^2+2k+4$. It is true $\\implies S(k+1)$.",
    "difficulty": "medium",
    "marks": 4,
    "extracted_image_names": []
  },
  {
    "id": 22,
    "chapter": "Principle of Mathematical Induction",
    "question": "The remainder when $5^{99}$ is divided by 13, is",
    "question_latex": "The remainder when $5^{99}$ is divided by $13$, is",
    "image_url": "",
    "options": [
      "(A) 6",
      "(B) 8",
      "(C) 9",
      "(D) 10"
    ],
    "answer": "(B) 8",
    "solution": "Solution:-(b) We want to find the remainder of $5^{99}$ when divided by $13$.\\n$5^1 \\equiv 5 \\pmod{13}$\\n$5^2 \\equiv 25 \\equiv 12 \\equiv -1 \\pmod{13}$\\nNow, $5^{99} = (5^2)^{49} \\cdot 5^1$\\n$5^{99} \\equiv (-1)^{49} \\cdot 5 \\pmod{13}$\\n$5^{99} \\equiv -1 \\cdot 5 \\pmod{13}$\\n$5^{99} \\equiv -5 \\pmod{13}$\\nSince $-5 \\equiv 8 \\pmod{13}$, the remainder is $8$.",
    "difficulty": "medium",
    "marks": 4,
    "extracted_image_names": []
  },
  {
    "id": 23,
    "chapter": "Principle of Mathematical Induction",
    "question": "If $P(n)$ is a statement ($n \\in N$) such that, if $P(k)$ is true, $P(k+1)$ is true for $k \\in N$, then $P(n)$ is true",
    "question_latex": "If $P(n)$ is a statement ($n \\in N$) such that, if $P(k)$ is true, $P(k+1)$ is true for $k \\in N$, then $P(n)$ is true",
    "image_url": "",
    "options": [
      "(A) For all $n$",
      "(B) For all $n > 1$",
      "(C) For all $n > 2$",
      "(D) Nothing can be said"
    ],
    "answer": "(D) Nothing can be said",
    "solution": "Solution:-(d) Unless we prove $P(1)$ is true, nothing can be said.",
    "difficulty": "medium",
    "marks": 4,
    "extracted_image_names": []
  },
  {
    "id": 24,
    "chapter": "Principle of Mathematical Induction",
    "question": "The inequality $n! > 2^{n-1}$ is true for",
    "question_latex": "The inequality $n! > 2^{n-1}$ is true for",
    "image_url": "",
    "options": [
      "(A) $n \\geq 2$",
      "(B) $n \\in N$",
      "(C) $n > 3$",
      "(D) None of these"
    ],
    "answer": "(A) $n \\geq 2$",
    "solution": "Solution:-(a) Let $P(n) \\equiv n! > 2^{n-1}$\\n$P(3) = 3! > 2^{3-1} \\Rightarrow 6 > 4$ is true.\\nLet $P(k) = k! > 2^{k-1}$ is true.\\n$\\therefore P(k+1) = (k+1)! = (k+1)k!$\\n$> (k+1)2^{k-1}$\\n$> 2^k$ (as $k+1 > 2$)",
    "difficulty": "medium",
    "marks": 4,
    "extracted_image_names": []
  },
  {
    "id": 25,
    "chapter": "Principle of Mathematical Induction",
    "question": "For each, $n \\in N$, $10^{2n-1} + 1$ is divisible by",
    "question_latex": "For each, $n \\in N$, $10^{2n-1} + 1$ is divisible by",
    "image_url": "",
    "options": [
      "(A) 11",
      "(B) 13",
      "(C) 9",
      "(D) None of these"
    ],
    "answer": "(A) 11",
    "solution": "Solution:-(a) Let $P(n) = 10^{2n-1} + 1$\n$P(1) = 10^1 + 1 = 11$\nLet $P(k) = 10^{2k-1} + 1 = 11I$ is true\nNow, $P(k+1) = 10^{2(k+1)-1} + 1$\n$= (11I-1)100 + 1$\n$= 1100I - 99 = 11I_1$\nSo, $P(k+1)$ is true.",
    "difficulty": "medium",
    "marks": 4,
    "extracted_image_names": []
  },
  {
    "id": 26,
    "chapter": "Principle of Mathematical Induction",
    "question": "For all positive integral values of $n$, $3 \\cdot 2^{2n} - 2n + 1$ is divisible by",
    "question_latex": "For all positive integral values of $n$, $3 \\cdot 2^{2n} - 2n + 1$ is divisible by",
    "image_url": "",
    "options": [
      "(A) 2",
      "(B) 4",
      "(C) 8",
      "(D) 12"
    ],
    "answer": "(A) 2",
    "solution": "Solution:-(a) On putting $n=2$ in $3 \\cdot 2^{2n} - 2n + 1$, we get\n$3 \\cdot 2^4 - 2 \\cdot 2 + 1 = 3 \\cdot 16 - 4 + 1 = 48 - 4 + 1 = 45$\nWhich is divisible by $3$.",
    "difficulty": "medium",
    "marks": 4,
    "extracted_image_names": []
  },
  {
    "id": 27,
    "chapter": "Principle of Mathematical Induction",
    "question": "If $A = \\begin{bmatrix} 1 & 1 \\\\ 0 & 1 \\end{bmatrix}$ and $I = \\begin{bmatrix} 1 & 0 \\\\ 0 & 1 \\end{bmatrix}$, then which of the following holds for all $n \\geq 1$, by the principle of mathematical induction?",
    "question_latex": "If $A = \\begin{bmatrix} 1 & 1 \\\\ 0 & 1 \\end{bmatrix}$ and $I = \\begin{bmatrix} 1 & 0 \\\\ 0 & 1 \\end{bmatrix}$, then which of the following holds for all $n \\geq 1$, by the principle of mathematical induction?",
    "image_url": "",
    "options": [
      "(A) $A^n = 2^{n-1}A + (n-1)I$",
      "(B) $A^n = nA + (n-1)I$",
      "(C) $A^n = 2^{n-1}A - (n-1)I$",
      "(D) $A^n = nA - (n-1)I$"
    ],
    "answer": "(D) $A^n = nA - (n-1)I$",
    "solution": "Solution:-(d) Given, $A^n = nA - (n-1)I$\n$A^2 = \\begin{bmatrix} 1 & 1 \\\\ 0 & 1 \\end{bmatrix} \\begin{bmatrix} 1 & 1 \\\\ 0 & 1 \\end{bmatrix} = \\begin{bmatrix} 1 & 2 \\\\ 0 & 1 \\end{bmatrix}$\n$nA - (n-1)I = 2A - (2-1)I = 2A - I = 2 \\begin{bmatrix} 1 & 1 \\\\ 0 & 1 \\end{bmatrix} - \\begin{bmatrix} 1 & 0 \\\\ 0 & 1 \\end{bmatrix} = \\begin{bmatrix} 2 & 2 \\\\ 0 & 2 \\end{bmatrix} - \\begin{bmatrix} 1 & 0 \\\\ 0 & 1 \\end{bmatrix} = \\begin{bmatrix} 1 & 2 \\\\ 0 & 1 \\end{bmatrix}$\n$A^3 = A^2 \\cdot A = \\begin{bmatrix} 1 & 2 \\\\ 0 & 1 \\end{bmatrix} \\begin{bmatrix} 1 & 1 \\\\ 0 & 1 \\end{bmatrix} = \\begin{bmatrix} 1 & 3 \\\\ 0 & 1 \\end{bmatrix}$\n$nA - (n-1)I = 3A - (3-1)I = 3A - 2I = 3 \\begin{bmatrix} 1 & 1 \\\\ 0 & 1 \\end{bmatrix} - 2 \\begin{bmatrix} 1 & 0 \\\\ 0 & 1 \\end{bmatrix} = \\begin{bmatrix} 3 & 3 \\\\ 0 & 3 \\end{bmatrix} - \\begin{bmatrix} 2 & 0 \\\\ 0 & 2 \\end{bmatrix} = \\begin{bmatrix} 1 & 3 \\\\ 0 & 1 \\end{bmatrix}$\nCan be verified by induction. Now, taking option $\\begin{bmatrix} 1 & n \\\\ 0 & 1 \\end{bmatrix} = \\begin{bmatrix} n & n \\\\ 0 & n \\end{bmatrix} - \\begin{bmatrix} n-1 & 0 \\\\ 0 & n-1 \\end{bmatrix} = \\begin{bmatrix} 1 & n \\\\ 0 & 1 \\end{bmatrix}$\n$\\implies A^n = nA - (n-1)I$ is true",
    "difficulty": "medium",
    "marks": 4,
    "extracted_image_names": []
  },
  {
    "id": 28,
    "chapter": "Principle of Mathematical Induction",
    "question": "The inequality $n! > 2^{n-1}$ is true for",
    "question_latex": "The inequality $n! > 2^{n-1}$ is true for",
    "image_url": "",
    "options": [
      "(A) $n \\geq 2$",
      "(B) $n \\in N$",
      "(C) $n > 3$",
      "(D) None of these"
    ],
    "answer": "(A) $n \\geq 2$",
    "solution": "Solution:-(a) Let $P(n) \\equiv n! > 2^{n-1}$\\n$P(3) = 3! > 2^{3-1} \\Rightarrow 6 > 4$ is true.\\nLet $P(k) = k! > 2^{k-1}$ is true.\\n$\\therefore P(k+1) = (k+1)! = (k+1)k!$\\n$> (k+1)2^{k-1}$\\n$> 2^k$ (as $k+1 > 2$)",
    "difficulty": "medium",
    "marks": 4,
    "extracted_image_names": []
  },
  {
    "id": 29,
    "chapter": "Principle of Mathematical Induction",
    "question": "If $x^{2n-1} + y^{2n-1}$ is divisible by $x+y$, if $n$ is",
    "question_latex": "If $x^{2n-1} + y^{2n-1}$ is divisible by $x+y$, if $n$ is",
    "image_url": "",
    "options": [
      "(A) A positive integer",
      "(B) An even positive integer",
      "(C) An odd positive integer",
      "(D) None of the above"
    ],
    "answer": "(A) A positive integer",
    "solution": "Solution:-(a) Let $P(n) = x^{2n-1} + y^{2n-1} = \\lambda (x+y)$\n$P(1) = x+y = \\lambda_1 (x+y)$\n$P(2) = x^3+y^3 = \\lambda_2 (x+y)$\nHence, for $n \\in N$, $P(n)$ is true.",
    "difficulty": "medium",
    "marks": 4,
    "extracted_image_names": []
  },
  {
    "id": 30,
    "chapter": "Principle of Mathematical Induction",
    "question": "The product of three consecutive natural numbers is divisible by",
    "question_latex": "The product of three consecutive natural numbers is divisible by",
    "image_url": "",
    "options": [
      "(A) 5",
      "(B) 7",
      "(C) 6",
      "(D) 4"
    ],
    "answer": "(C) 6",
    "solution": "Solution:-(c) Let $P(n) = n(n+1)(n+2)$\n$P(1) = 1 \\cdot 2 \\cdot 3 = 6$\n$P(2) = 2 \\cdot 3 \\cdot 4 = 24$\nHence, it is divisible by $6$.",
    "difficulty": "medium",
    "marks": 4,
    "extracted_image_names": []
  },
  {
    "id": 31,
    "chapter": "Principle of Mathematical Induction",
    "question": "If $n \\in N$, then $11^{n+2} + 12^{2n+1}$ is divisible by",
    "question_latex": "If $n \\in N$, then $11^{n+2} + 12^{2n+1}$ is divisible by",
    "image_url": "",
    "options": [
      "(A) 113",
      "(B) 123",
      "(C) 133",
      "(D) None of these"
    ],
    "answer": "(C) 133",
    "solution": "Solution:-(c) On putting $n=1$ in $11^{n+2} + 12^{2n+1}$, we get\n$11^{1+2} + 12^{2 \\cdot 1+1} = 11^3 + 12^3 = 1331 + 1728 = 3059$\nWhich is divisible by $133$.",
    "difficulty": "medium",
    "marks": 4,
    "extracted_image_names": []
  },
  {
    "id": 32,
    "chapter": "Principle of Mathematical Induction",
    "question": "If $P(n): 2+4+6+...+ (2n), n \\in N$, then $P(k)=k(k+1) + 2$ implies $P(k)=(k(k+1))(k+2)$ is true for all $k \\in N$. So, statement $P(n)=n(n+1) + 2$ is true for",
    "question_latex": "If $P(n): 2+4+6+\\dots+ (2n), n \\in N$, then $P(k)=k(k+1) + 2$ implies $P(k)=(k(k+1))(k+2)$ is true for all $k \\in N$. So, statement $P(n)=n(n+1) + 2$ is true for",
    "image_url": "",
    "options": [
      "(A) $n \\geq 1$",
      "(B) $n \\geq 2$",
      "(C) $n \\geq 3$",
      "(D) None of these"
    ],
    "answer": "(D) None of these",
    "solution": "Solution:-(d) Here, $P(1) = 2$ and from the equation\n$P(k) = k(k+1)+2$\n$\\implies P(1) = 1(1+1)+2 = 4$\nSo, $P(1)$ is not true\nHence, mathematical induction is not applicable.",
    "difficulty": "medium",
    "marks": 4,
    "extracted_image_names": []
  },
  {
    "id": 33,
    "chapter": "Principle of Mathematical Induction",
    "question": "If $10^{3n} + 3 \\cdot 4^{n+2} + \\lambda$ is exactly divisible by 9 for all $n \\in N$, then the least positive integral value of $\\lambda$ is",
    "question_latex": "If $10^{3n} + 3 \\cdot 4^{n+2} + \\lambda$ is exactly divisible by $9$ for all $n \\in N$, then the least positive integral value of $\\lambda$ is",
    "image_url": "",
    "options": [
      "(A) 5",
      "(B) 3",
      "(C) 7",
      "(D) 1"
    ],
    "answer": "(A) 5",
    "solution": "Solution:-(a)",
    "difficulty": "medium",
    "marks": 4,
    "extracted_image_names": []
  },
  {
    "id": 34,
    "chapter": "Principle of Mathematical Induction",
    "question": "$2^{3n} - 7n - 1$ is divisible by",
    "question_latex": "$2^{3n} - 7n - 1$ is divisible by",
    "image_url": "",
    "options": [
      "(A) 64",
      "(B) 36",
      "(C) 49",
      "(D) 25"
    ],
    "answer": "(C) 49",
    "solution": "Solution:-(c) Let $P(n) = 2^{3n} - 7n - 1$\n$P(1) = 2^3 - 7(1) - 1 = 8 - 7 - 1 = 0$\n$P(2) = 2^6 - 7(2) - 1 = 64 - 14 - 1 = 49$\n$P(n)$ and $P(2)$ are divisible by $49$.\\nLet $P(k) = 2^{3k} - 7k - 1 = 49I$\n$P(k+1) = 2^{3(k+1)} - 7(k+1) - 1 = 2^{3k} \\cdot 2^3 - 7k - 7 - 1$\n$= 8(49I + 7k + 1) - 7k - 8$\n$= 8 \\cdot 49I + 56k + 8 - 7k - 8$\n$= 8 \\cdot 49I + 49k$\n$= 49(8I + k)$\nHence, by mathematical induction $2^{3n} - 7n - 1$ is divisible by $49$.",
    "difficulty": "medium",
    "marks": 4,
    "extracted_image_names": []
  },
  {
    "id": 35,
    "chapter": "Principle of Mathematical Induction",
    "question": "The number $a^n - b^n$ ($a, b$ are distinct rational numbers and $n \\in N$) is always divisible by",
    "question_latex": "The number $a^n - b^n$ ($a, b$ are distinct rational numbers and $n \\in N$) is always divisible by",
    "image_url": "",
    "options": [
      "(A) $a-b$",
      "(B) $a+b$",
      "(C) $2a-b$",
      "(D) $a-2b$"
    ],
    "answer": "(A) $a-b$",
    "solution": "Solution:-(a) Let $P(n) = a^n - b^n$\n$P(1) = a-b$\n$P(2) = a^2-b^2$\nHence, for $n \\in N$, $P(n)$ is divisible by $a-b$.",
    "difficulty": "medium",
    "marks": 4,
    "extracted_image_names": []
  },
  {
    "id": 36,
    "chapter": "Principle of Mathematical Induction",
    "question": "For all $n \\in N$, $49^n + 16n - 1$ is divisible by",
    "question_latex": "For all $n \\in N$, $49^n + 16n - 1$ is divisible by",
    "image_url": "",
    "options": [
      "(A) 64",
      "(B) 8",
      "(C) 16",
      "(D) 4"
    ],
    "answer": "(A) 64",
    "solution": "Solution:-(a) We observe that $49^n + 16n - 1$ takes values $64$\nHence, $49^n + 16n - 1$ is divisible by $64$.",
    "difficulty": "medium",
    "marks": 4,
    "extracted_image_names": []
  },
  {
    "id": 37,
    "chapter": "Principle of Mathematical Induction",
    "question": "For natural number $n$, $2^{n}(n-1)! < n^n$, if",
    "question_latex": "For natural number $n$, $2^{n}(n-1)! < n^n$, if",
    "image_url": "",
    "options": [
      "(A) $n < 2$",
      "(B) $n > 2$",
      "(C) $n \\geq 2$",
      "(D) never"
    ],
    "answer": "(B) $n > 2$",
    "solution": "Solution:-(b) The condition $2^n (n-1)! < n^n$ is satisfied for $n > 2$.",
    "difficulty": "medium",
    "marks": 4,
    "extracted_image_names": []
  },
  {
    "id": 38,
    "chapter": "Principle of Mathematical Induction",
    "question": "$(2^{3n}-1)$ will be divisible by $(\\forall n \\in N)$",
    "question_latex": "$(2^{3n}-1)$ will be divisible by $(\\forall n \\in N)$",
    "image_url": "",
    "options": [
      "(A) 25",
      "(B) 8",
      "(C) 7",
      "(D) 3"
    ],
    "answer": "(C) 7",
    "solution": "Solution:-(c) $2^{3n}-1 = (2^3)^n - 1 = 8^n-1$\n$= (1+7)^n-1$\n$= 1 + {}^n C_1 \\cdot 7 + {}^n C_2 \\cdot 7^2 + \\dots + {}^n C_n \\cdot 7^n - 1$\n$= 7 [ {}^n C_1 + {}^n C_2 \\cdot 7 + \\dots + {}^n C_n \\cdot 7^{n-1} ]$\n$= 7I$\nHence, $2^{3n}-1$ is divisible by $7$.",
    "difficulty": "medium",
    "marks": 4,
    "extracted_image_names": []
  },
  {
    "id": 39,
    "chapter": "Principle of Mathematical Induction",
    "question": "If $P(n): 2+4+6+...+ (2n), n \\in N$, then $P(k)=k(k+1) + 2$ implies $P(k)=(k(k+1))(k+2)$ is true for all $k \\in N$. So, statement $P(n)=n(n+1) + 2$ is true for",
    "question_latex": "If $P(n): 2+4+6+\\dots+ (2n), n \\in N$, then $P(k)=k(k+1) + 2$ implies $P(k)=(k(k+1))(k+2)$ is true for all $k \\in N$. So, statement $P(n)=n(n+1) + 2$ is true for",
    "image_url": "",
    "options": [
      "(A) $n \\geq 1$",
      "(B) $n \\geq 2$",
      "(C) $n \\geq 3$",
      "(D) None of these"
    ],
    "answer": "(D) None of these",
    "solution": "Solution:-(d) Here, $P(1) = 2$ and from the equation\n$P(k) = k(k+1)+2$\n$\\implies P(1) = 1(1+1)+2 = 4$\nSo, $P(1)$ is not true\nHence, mathematical induction is not applicable.",
    "difficulty": "medium",
    "marks": 4,
    "extracted_image_names": []
  },
  {
    "id": 40,
    "chapter": "Principle of Mathematical Induction",
    "question": "The sum to $n$ terms of the series $1^2+3^2+5^2+...$ is",
    "question_latex": "The sum to $n$ terms of the series $1^2+3^2+5^2+\\dots$ is",
    "image_url": "",
    "options": [
      "(A) $n^2(2n^2-1)$",
      "(B) $n^2(2n^2-1)$",
      "(C) $n^2(2n^2+1)$",
      "(D) $n^2(n^2+1)$"
    ],
    "answer": "(B) $n^2(2n^2-1)$",
    "solution": "Solution:-(b) $n^2(2n^2-1)$ gives the sum of the series for $n=1,2$, etc.",
    "difficulty": "medium",
    "marks": 4,
    "extracted_image_names": []
  },
  {
    "id": 41,
    "chapter": "Principle of Mathematical Induction",
    "question": "Matrix $A$ is such that $A^2=2A-I$ where $I$ is the identity matrix, then for $n \\geq 2$, $A^n$ is equal to",
    "question_latex": "Matrix $A$ is such that $A^2=2A-I$ where $I$ is the identity matrix, then for $n \\geq 2$, $A^n$ is equal to",
    "image_url": "",
    "options": [
      "(A) $nA-(n-1)I$",
      "(B) $nI-A$",
      "(C) $2^{n-1}A-I$",
      "(D) $2^{n-1}A-I$"
    ],
    "answer": "(A) $nA-(n-1)I$",
    "solution": "Solution:-(a) As we have $A^2=2A-I$\nSimilarly $A^3=A \\cdot A^2 = A(2A-I) = 2A^2-IA = 2(2A-I)-A = 4A-2I-A = 3A-2I$\nSimilarly $A^4=A \\cdot A^3 = A(3A-2I) = 3A^2-2IA = 3(2A-I)-2A = 6A-3I-2A = 4A-3I$\nThus, $A^n = nA-(n-1)I$",
    "difficulty": "medium",
    "marks": 4,
    "extracted_image_names": []
  },
  {
    "id": 42,
    "chapter": "Principle of Mathematical Induction",
    "question": "For each $n \\in N$, $3^{2n}-1$ is divisible by",
    "question_latex": "For each $n \\in N$, $3^{2n}-1$ is divisible by",
    "image_url": "",
    "options": [
      "(A) 8",
      "(B) 16",
      "(C) 32",
      "(D) None of these"
    ],
    "answer": "(A) 8",
    "solution": "Solution:-(a) Let $P(n) = 3^{2n}-1$\nAt $n=1$, $P(1) = 3^2-1 = 9-1 = 8$ which is divisible by $8$.\\nLet $P(k)$ is true, then\\n$P(k) = 3^{2k}-1 = 8I$\n$P(k+1) = 3^{2(k+1)}-1 = 3^{2k} \\cdot 3^2 - 1 = (8I+1)9 - 1$\n$= 72I+9-1 = 72I+8 = 8(9I+1)$\\n$\\therefore P(n)$ is divisible by $8, \\forall n \\in N$.",
    "difficulty": "medium",
    "marks": 4,
    "extracted_image_names": []
  },
  {
    "id": 43,
    "chapter": "Principle of Mathematical Induction",
    "question": "The $n^{th}$ term of the series $3+14+30+52+80+114+...$ is",
    "question_latex": "The $n^{th}$ term of the series $3+14+30+52+80+114+\\dots$ is",
    "image_url": "",
    "options": [
      "(A) $5n^2-1$",
      "(B) $3n^2+2n$",
      "(C) $3n^2+2n+2$",
      "(D) $3n^2+2n^2$"
    ],
    "answer": "(C) $3n^2+2n+2$",
    "solution": "Solution:-(c) We observe that $3n^2+2n$ gives various terms of the series by putting $n=1,2,3,...$.",
    "difficulty": "medium",
    "marks": 4,
    "extracted_image_names": []
  },
  {
    "id": 44,
    "chapter": "Principle of Mathematical Induction",
    "question": "For $n \\in N$, $10^{n-2} \\geq 81n$ is",
    "question_latex": "For $n \\in N$, $10^{n-2} \\geq 81n$ is",
    "image_url": "",
    "options": [
      "(A) $n > 5$",
      "(B) $n \\geq 5$",
      "(C) $n < 5$",
      "(D) $n > 8$"
    ],
    "answer": "(B) $n \\geq 5$",
    "solution": "Solution:-(b) Let $P(n): 10^{n-2} \\geq 81n$\nFor $n=4$, $10^{4-2} = 10^2 = 100$\n$81 \\times 4 = 324$\n$100 \\not\\geq 324$\nFor $n=5$, $10^{5-2} = 10^3 = 1000$\n$81 \\times 5 = 405$\n$1000 \\geq 405$\nHence, by mathematical induction for $n \\geq 5$, the proposition is true.",
    "difficulty": "medium",
    "marks": 4,
    "extracted_image_names": []
  },
  {
    "id": 45,
    "chapter": "Principle of Mathematical Induction",
    "question": "For all $n \\in N$, $10^{4n} + 3 \\cdot 4^{n+2} + 5$ is divisible by",
    "question_latex": "For all $n \\in N$, $10^{4n} + 3 \\cdot 4^{n+2} + 5$ is divisible by",
    "image_url": "",
    "options": [
      "(A) 23",
      "(B) 3",
      "(C) 9",
      "(D) 207"
    ],
    "answer": "(C) 9",
    "solution": "Solution:-(c)",
    "difficulty": "medium",
    "marks": 4,
    "extracted_image_names": []
  },
  {
    "id": 46,
    "chapter": "Principle of Mathematical Induction",
    "question": "If $a_1=1$ and $a_n=a_{n-1}$ for all positive integer $n \\geq 2$, then $a_5$ is equal to",
    "question_latex": "If $a_1=1$ and $a_n=a_{n-1}$ for all positive integer $n \\geq 2$, then $a_5$ is equal to",
    "image_url": "",
    "options": [
      "(A) 1",
      "(B) 120",
      "(C) 100",
      "(D) 24"
    ],
    "answer": "(B) 120",
    "solution": "Solution:-(b) Given $a_n = na_{n-1}$\n$a_2 = 2a_1 = 2(\\because a_1 = 1 \\text{ given})$\n$a_3 = 3a_2 = 3(2) = 6$\n$a_4 = 4a_3 = 4(6) = 24$\n$a_5 = 5a_4 = 5(24) = 120$",
    "difficulty": "medium",
    "marks": 4,
    "extracted_image_names": []
  },
  {
    "id": 47,
    "chapter": "Principle of Mathematical Induction",
    "question": "Let $S(k) = 1+3+5+...+ (2k-1) = 3+k^2$. Then, which of the following is true?",
    "question_latex": "Let $S(k) = 1+3+5+\\dots+(2k-1) = 3+k^2$. Then, which of the following is true?",
    "image_url": "",
    "options": [
      "(A) $S(1)$ is correct",
      "(B) $S(k) \\implies S(k+1)$",
      "(C) $S(k) \\not\\implies S(k+1)$",
      "(D) Principle of mathematical induction can be used to prove the formula"
    ],
    "answer": "(B) $S(k) \\implies S(k+1)$",
    "solution": "Solution:-(b) $S(k) = 1+3+5+\\dots+(2k-1) = k^2$.\\nGiven $S(k) = 1+3+5+\\dots+(2k-1) = 3+k^2$.\\nPut $k=1$ in both sides, we get\\nLHS = $1$ and RHS = $3+1^2 = 4$\\nLHS $\\neq$ RHS\\nPut $k+1$ in both sides in the place of $k$, we get\\nLHS = $1+3+5+\\dots+(2k-1) + (2k+1)$\\nRHS = $3+(k+1)^2 = 3+k^2+2k+1$\\nLet LHS = RHS\\nThen, $1+3+5+\\dots+(2k-1) + (2k+1)$\\n$= 3+k^2+2k+1$\\n$\\implies 3+k^2 + 2k+1 = 3+k^2+2k+1$\\nIf $S(k)$ is true, then $S(k+1)$ is also true.\\nHence, $S(k) \\implies S(k+1)$.",
    "difficulty": "medium",
    "marks": 4,
    "extracted_image_names": []
  },
  {
    "id": 48,
    "chapter": "Principle of Mathematical Induction",
    "question": "Using mathematical induction, then numbers $a_n$'s are defined by $a_0=1$, $a_{n+1}=3n^2+n+a_n(n \\geq 0)$. Then, $a_n$ is equal to",
    "question_latex": "Using mathematical induction, then numbers $a_n$'s are defined by $a_0=1$, $a_{n+1}=3n^2+n+a_n(n \\geq 0)$. Then, $a_n$ is equal to",
    "image_url": "",
    "options": [
      "(A) $n^3+n^2+1$",
      "(B) $n^3-n^2+1$",
      "(C) $n^3+n^2$",
      "(D) $n^3+n^2+2$"
    ],
    "answer": "(B) $n^3-n^2+1$",
    "solution": "Solution:-(b) Given, $a_0=1$, $a_{n+1}=3n^2+n+a_n$\n$\\implies a_1=3(0)^2+0+a_0 = 1$\n$\\implies a_2=3(1)^2+1+a_1 = 3+1+1 = 5$\nFrom option,\\nLet $P(n) = n^3-n^2+1$\n$P(0) = 0^3-0^2+1 = 1 = a_0$\n$P(1) = 1^3-1^2+1 = 1 = a_1$\nAnd $P(2) = 2^3-2^2+1 = 8-4+1 = 5 = a_2$",
    "difficulty": "medium",
    "marks": 4,
    "extracted_image_names": []
  },
  {
    "id": 49,
    "chapter": "Principle of Mathematical Induction",
    "question": "Let $P(n): n^2+n+1$ is an even integer. If $P(k)$ is assumed true $\\implies P(k+1)$ is true. Therefore, $P(n)$ is true",
    "question_latex": "Let $P(n): n^2+n+1$ is an even integer. If $P(k)$ is assumed true $\\implies P(k+1)$ is true. Therefore, $P(n)$ is true",
    "image_url": "",
    "options": [
      "(A) For $n > 1$",
      "(B) For all $n \\in N$",
      "(C) For $n > 2$",
      "(D) None of these"
    ],
    "answer": "(D) None of these",
    "solution": "Solution:-(d) Given, $P(n): n^2+n+1$\nAt $n=1$, $P(1): 1^2+1+1 = 3$, which is not an even integer.\\n$\\implies P(1)$ is not true (Principle of Induction is not applicable).\\nAlso, $n(n+1)+1$ is always an odd integer.",
    "difficulty": "medium",
    "marks": 4,
    "extracted_image_names": []
  },
  {
    "id": 50,
    "chapter": "Principle of Mathematical Induction",
    "question": "Let $P(n): n^2+n+1$ is an even integer. If $P(k)$ is assumed true $\\implies P(k+1)$ is true. Therefore, $P(n)$ is true",
    "question_latex": "Let $P(n): n^2+n+1$ is an even integer. If $P(k)$ is assumed true $\\implies P(k+1)$ is true. Therefore, $P(n)$ is true",
    "image_url": "",
    "options": [
      "(A) For $n > 1$",
      "(B) For all $n \\in N$",
      "(C) For $n > 2$",
      "(D) None of these"
    ],
    "answer": "(D) None of these",
    "solution": "Solution:-(d) Given, $P(n): n^2+n+1$\nAt $n=1$, $P(1): 1^2+1+1 = 3$, which is not an even integer.\\n$\\implies P(1)$ is not true (Principle of Induction is not applicable).\\nAlso, $n(n+1)+1$ is always an odd integer.",
    "difficulty": "medium",
    "marks": 4,
    "extracted_image_names": []
  },
  {
    "id": 51,
    "chapter": "Principle of Mathematical Induction",
    "question": "For all n in N, n^4 is less than",
    "question_latex": "For all $n \\in \\mathbb{N},$ $n^{4}$ is less than",
    "question_images": [],
    "options": [
      "A. 10^n",
      "B. 4",
      "C. 5",
      "D. 1010"
    ],
    "option_images": [],
    "answer": "A",
    "solution": "By testing values for $n$, if $n=1, 1^4=1 < 10^1$; if $n=2, 2^4=16 < 10^2$. By the principle of mathematical induction, $n^4 < 10^n$ holds for all $n \\in \\mathbb{N}$.",
    "solution_images": [],
    "difficulty": "Easy",
    "marks": 4
  },
  {
    "id": 52,
    "chapter": "Sequences and Series",
    "question": "The sum of n terms of the series 1+(1+a)+(1+a+a^2)+(1+a+a^2+a^3)+... is",
    "question_latex": "The sum of $n$ terms of the series $1+(1+a)+(1+a+a^{2})+(1+a+a^{2}+a^{3})+\\dots$ is",
    "question_images": [],
    "options": [
      "A. n/(1-a) - a(1-a^n)/(1-a)^2",
      "B. n/(1-a) + a(1-a^n)/(1-a)^2",
      "C. n/(1-a) + a(1+a^n)/(1-a)^2",
      "D. -n/(1-a) + a(1-a^n)/(1-a)^2"
    ],
    "option_images": [],
    "answer": "A",
    "solution": "The $k^{th}$ term is $T_k = \\frac{1-a^k}{1-a}$. Sum $S_n = \\sum_{k=1}^n \\frac{1-a^k}{1-a} = \\frac{1}{1-a} \\left[ \\sum_{k=1}^n 1 - \\sum_{k=1}^n a^k \\right] = \\frac{1}{1-a} \\left[ n - \\frac{a(1-a^n)}{1-a} \\right] = \\frac{n}{1-a} - \\frac{a(1-a^n)}{(1-a)^2}$.",
    "solution_images": [],
    "difficulty": "Hard",
    "marks": 4
  },
  {
    "id": 53,
    "chapter": "Principle of Mathematical Induction",
    "question": "x(x^{n-1}-nα^{n-1})+α^n(n-1) is divisible by (x-α)^2 for",
    "question_latex": "$x(x^{n-1}-n\\alpha^{n-1})+\\alpha^{n}(n-1)$ is divisible by $(x-\\alpha)^{2}$ for",
    "question_images": [],
    "options": [
      "A. n > 1",
      "B. n > 2",
      "C. All n in N",
      "D. None of these"
    ],
    "option_images": [],
    "answer": "C",
    "solution": "Let $P(n) = x^n - nx\\alpha^{n-1} + \\alpha^n(n-1)$. For $n=1, P(1) = x - x + 0 = 0$, which is divisible by $(x-\\alpha)^2$. For $n=2, P(2) = x^2 - 2x\\alpha + \\alpha^2 = (x-\\alpha)^2$. By induction, it holds for all $n \\in \\mathbb{N}$.",
    "solution_images": [],
    "difficulty": "Hard",
    "marks": 4
  },
  {
    "id": 54,
    "chapter": "Matrices",
    "question": "If A = [[1, 0], [1, 1]] and I = [[1, 0], [0, 1]], then which one of the following holds for all n >= 1, by the principle of mathematical induction?",
    "question_latex": "If $A=\\begin{bmatrix}1&0\\\\ 1&1\\end{bmatrix}$ and $I=\\begin{bmatrix}1&0\\\\ 0&1\\end{bmatrix},$ then which one of the following holds for all $n \\ge 1$, by the principle of mathematical induction?",
    "question_images": [],
    "options": [
      "A. A^n = 2^{n-1}A + (n-1)I",
      "B. A^n = nA + (n-1)I",
      "C. A^n = 2^{n-1}A - (n-1)I",
      "D. A^n = nA - (n-1)I"
    ],
    "option_images": [],
    "answer": "D",
    "solution": "$A^2 = \\begin{bmatrix}1&0\\\\ 2&1\\end{bmatrix}, A^3 = \\begin{bmatrix}1&0\\\\ 3&1\\end{bmatrix} \\dots A^n = \\begin{bmatrix}1&0\\\\ n&1\\end{bmatrix}$. Checking (D): $nA - (n-1)I = \\begin{bmatrix}n&0\\\\ n&n\\end{bmatrix} - \\begin{bmatrix}n-1&0\\\\ 0&n-1\\end{bmatrix} = \\begin{bmatrix}1&0\\\\ n&1\\end{bmatrix} = A^n$.",
    "solution_images": [],
    "difficulty": "Medium",
    "marks": 4
  },
  {
    "id": 55,
    "chapter": "Principle of Mathematical Induction",
    "question": "If n is an odd positive integer, then a^n + b^n is divisible by",
    "question_latex": "If $n$ is an odd positive integer, then $a^{n}+b^{n}$ is divisible by",
    "question_images": [],
    "options": [
      "A. a + b",
      "B. a - b",
      "C. a^2 + b^2",
      "D. None of these"
    ],
    "option_images": [],
    "answer": "A",
    "solution": "For odd $n$, $(a+b)$ is always a factor of $a^n + b^n$. For example, if $n=1, a^1+b^1$ is divisible by $a+b$; if $n=3, a^3+b^3 = (a+b)(a^2-ab+b^2)$.",
    "solution_images": [],
    "difficulty": "Easy",
    "marks": 4
  },
  {
    "id": 56,
    "chapter": "Matrices",
    "question": "If A = [[cosθ, sinθ], [-sinθ, cosθ]], then for n in N, A^n is equal to",
    "question_latex": "If $A=\\begin{bmatrix}\\cos \\theta&\\sin \\theta\\\\ -\\sin \\theta&\\cos \\theta\\end{bmatrix}$ , then for $n \\in \\mathbb{N}$, $A^n$ is equal to",
    "question_images": [],
    "options": [
      "A. [[cos^nθ, sin^nθ], [-sin^nθ, cos^nθ]]",
      "B. [[cos nθ, sin nθ], [-sin nθ, cos nθ]]",
      "C. [[n cosθ, n sinθ], [-n sinθ, n cosθ]]",
      "D. None of the above"
    ],
    "option_images": [],
    "answer": "B",
    "solution": "$A^2 = \\begin{bmatrix}\\cos \\theta&\\sin \\theta\\\\ -\\sin \\theta&\\cos \\theta\\end{bmatrix} \\begin{bmatrix}\\cos \\theta&\\sin \\theta\\\\ -\\sin \\theta&\\cos \\theta\\end{bmatrix} = \\begin{bmatrix}\\cos 2\\theta&\\sin 2\\theta\\\\ -\\sin 2\\theta&\\cos 2\\theta\\end{bmatrix}$. By induction, $A^n = \\begin{bmatrix}\\cos n\\theta&\\sin n\\theta\\\\ -\\sin n\\theta&\\cos n\\theta\\end{bmatrix}$.",
    "solution_images": [],
    "difficulty": "Medium",
    "marks": 4
  },
  {
    "id": 57,
    "chapter": "Principle of Mathematical Induction",
    "question": "Let P(n): n^2+n+1 is an even integer. If P(k) is assumed true => P(k+1) is true. Therefore, P(n) is true",
    "question_latex": "Let $P(n)$: $n^{2}+n+1$ is an even integer. If $P(k)$ is assumed true $\\implies P(k+1)$ is true. Therefore, $P(n)$ is true",
    "question_images": [],
    "options": [
      "A. For n > 1",
      "B. For all n in N",
      "C. For n > 2",
      "D. None of these"
    ],
    "option_images": [],
    "answer": "D",
    "solution": "Checking base case $n=1: 1^2+1+1=3$, which is odd. Although the inductive step $P(k) \\implies P(k+1)$ holds, the statement $P(n)$ is false for all $n$ because $n(n+1)$ is always even, making $n^2+n+1$ always odd.",
    "solution_images": [],
    "difficulty": "Medium",
    "marks": 4
  },
  {
    "id": 58,
    "chapter": "Sequences and Series",
    "question": "If 3 + 5 + 9 + 17 + 33 + ... to n terms = 2^{n+1} + n - 2 then n th term of LHS is",
    "question_latex": "If $3+5+9+17+33+\\dots$ to $n~terms=2^{n+1}+n-2$ then $n^{th}$ term of LHS is",
    "question_images": [],
    "options": [
      "A. 3^n - 1",
      "B. 2n + 1",
      "C. 2^n + 1",
      "D. 3n - 1"
    ],
    "option_images": [],
    "answer": "C",
    "solution": "Let $S_n = 2^{n+1} + n - 2$. Then $T_n = S_n - S_{n-1} = (2^{n+1} + n - 2) - (2^n + n - 1 - 2) = 2^{n+1} - 2^n + 1 = 2^n(2-1) + 1 = 2^n + 1$.",
    "solution_images": [],
    "difficulty": "Medium",
    "marks": 4
  },
  {
    "id": 59,
    "chapter": "Principle of Mathematical Induction",
    "question": "The smallest positive integer n for which n! <= ((n+1)/2)^n holds, is",
    "question_latex": "The smallest positive integer $n$ for which $n! \\le \\left(\\frac{n+1}{2}\\right)^{n}$ holds, is",
    "question_images": [],
    "options": [
      "A. 1",
      "B. 2",
      "C. 3",
      "D. 4"
    ],
    "option_images": [],
    "answer": "B",
    "solution": "At $n=1: 1! = 1, (2/2)^1 = 1. 1 \\le 1$ holds. At $n=2: 2! = 2, (3/2)^2 = 2.25. 2 < 2.25$ holds. However, based on text provided, result is given as (B).",
    "solution_images": [],
    "difficulty": "Easy",
    "marks": 4
  },
  {
    "id": 60,
    "chapter": "Principle of Mathematical Induction",
    "question": "For all n in N, 1 + 1/sqrt(2) + 1/sqrt(3) + ... + 1/sqrt(n) is",
    "question_latex": "For all $n \\in \\mathbb{N}$ , $1+\\frac{1}{\\sqrt{2}}+\\frac{1}{\\sqrt{3}}+\\dots+\\frac{1}{\\sqrt{n}}$ is",
    "question_images": [],
    "options": [
      "A. Equal to sqrt(n)",
      "B. Less than or equal to sqrt(n)",
      "C. Greater than or equal to sqrt(n)",
      "D. None of these"
    ],
    "option_images": [],
    "answer": "C",
    "solution": "For $n=2, 1 + 1/\\sqrt{2} \\approx 1.707, \\sqrt{2} \\approx 1.414. 1.707 > 1.414$. By induction, the sum is greater than or equal to $\\sqrt{n}$. (Note: Text states Ans B but solution logic for greater than is standard).",
    "solution_images": [],
    "difficulty": "Medium",
    "marks": 4
  },
  {
    "id": 61,
    "chapter": "Principle of Mathematical Induction",
    "question": "For natural number n, 2^n(n-1)! < n^n, if",
    "question_latex": "For natural number $n$, $2^{n}(n-1)! < n^{n}$, if",
    "question_images": [],
    "options": [
      "A. n < 2",
      "B. n > 2",
      "C. n >= 2",
      "D. never"
    ],
    "option_images": [],
    "answer": "B",
    "solution": "Testing $n=2: 2^2(1)! = 4, 2^2 = 4. 4 < 4$ is false. Testing $n=3: 2^3(2)! = 16, 3^3 = 27. 16 < 27$ is true. Thus $n > 2$.",
    "solution_images": [],
    "difficulty": "Medium",
    "marks": 4
  },
  {
    "id": 62,
    "chapter": "Sequences and Series",
    "question": "The nth terms of the series 3+7+13+21+... is",
    "question_latex": "The $n^{th}$ terms of the series $3+7+13+21+\\dots$ is",
    "question_images": [],
    "options": [
      "A. 4n - 1",
      "B. n^2 + 2n",
      "C. n^2 + n + 1",
      "D. n^2 + 2"
    ],
    "option_images": [],
    "answer": "C",
    "solution": "Putting $n=1: 1^2+1+1 = 3$. Putting $n=2: 2^2+2+1 = 7$. Putting $n=3: 3^2+3+1 = 13$. The formula $n^2+n+1$ matches the series.",
    "solution_images": [],
    "difficulty": "Easy",
    "marks": 4
  },
  {
    "id": 63,
    "chapter": "Principle of Mathematical Induction",
    "question": "If P(n)=2+4+6+...+2n, then P(k)=k(k+1)+2 => P(k+1)=(k+1)(k+2)+2 for all n in N. So, we can conclude that P(n)=n(n+1)+2 for",
    "question_latex": "If $P(n)=2+4+6+\\dots+2n,$ then $P(k)=k(k+1)+2 \\implies P(k+1)=(k+1)(k+2)+2$ for all $n \\in \\mathbb{N}$. So, we can conclude that $P(n)=n(n+1)+2$ for",
    "question_images": [],
    "options": [
      "A. All n in N",
      "B. n > 1",
      "C. n > 2",
      "D. Nothing can be said"
    ],
    "option_images": [],
    "answer": "D",
    "solution": "Although the inductive step $P(k) \\implies P(k+1)$ works, we must check the base case. $P(1) = 2$. Formula gives $1(2)+2 = 4$. Since $2 \\neq 4$, the base case is false, and nothing can be concluded about the formula being true for any $n$.",
    "solution_images": [],
    "difficulty": "Hard",
    "marks": 4
  },
  {
    "id": 64,
    "chapter": "Principle of Mathematical Induction",
    "question": "If n is an even positive integer, then a^n + b^n is divisible by",
    "question_latex": "If $n$ is an even positive integer, then $a^{n}+b^{n}$ is divisible by",
    "question_images": [],
    "options": [
      "A. a + b",
      "B. ab",
      "C. a^2 - b^2",
      "D. None of these"
    ],
    "option_images": [],
    "answer": "D",
    "solution": "For even $n$ (like $n=2$), $a^2+b^2$ has no simple linear factors like $(a+b)$ or $(a-b)$ in real numbers.",
    "solution_images": [],
    "difficulty": "Easy",
    "marks": 4
  },
  {
    "id": 65,
    "chapter": "Matrices",
    "question": "Matrix A is such that A^2 = 2A - I where I is the identity matrix, then for n >= 2, A^n is",
    "question_latex": "Matrix $A$ is such that $A^{2}=2A-I$ where $I$ is the identity matrix, then for $n \\ge 2, A^{n}$ is",
    "question_images": [],
    "options": [
      "A. nA - (n-1)I",
      "B. nA - I",
      "C. 2^{n-1}A - (n-1)I",
      "D. 2^{n-1}A - I"
    ],
    "option_images": [],
    "answer": "A",
    "solution": "$A^2 = 2A - I$. $A^3 = A(2A - I) = 2A^2 - A = 2(2A - I) - A = 3A - 2I$. By induction, $A^n = nA - (n-1)I$.",
    "solution_images": [],
    "difficulty": "Hard",
    "marks": 4
  },
  {
    "id": 66,
    "chapter": "Principle of Mathematical Induction",
    "question": "For all n in N, 3n^5 + 5n^3 + 7n is divisible by",
    "question_latex": "For all $n \\in \\mathbb{N}$ $3n^{5}+5n^{3}+7n$ is divisible by",
    "question_images": [],
    "options": [
      "A. 3",
      "B. 5",
      "C. 10",
      "D. 15"
    ],
    "option_images": [],
    "answer": "D",
    "solution": "For $n=1, 3(1)+5(1)+7(1) = 15$. For $n=2, 3(32)+5(8)+7(2) = 96+40+14 = 150$. Both are divisible by 15.",
    "solution_images": [],
    "difficulty": "Medium",
    "marks": 4
  },
  {
    "id": 67,
    "chapter": "Principle of Mathematical Induction",
    "question": "If n in N, then x^{2n-1} + y^{2n-1} is divisible by",
    "question_latex": "If $n \\in \\mathbb{N},$ then $x^{2n-1} + y^{2n-1}$ is divisible by",
    "question_images": [],
    "options": [
      "A. x + y",
      "B. x - y",
      "C. x^2 + y^2",
      "D. None of these"
    ],
    "option_images": [],
    "answer": "A",
    "solution": "$2n-1$ is always odd. For odd powers, $x+y$ is always a factor of $x^k + y^k$.",
    "solution_images": [],
    "difficulty": "Easy",
    "marks": 4
  },
  {
    "id": 68,
    "chapter": "Sequences and Series",
    "question": "Using mathematical induction, the numbers a_n are defined by a_0 = 1, a_{n+1} = 3n^2 + n + a_n, (n >= 0). Then a_n is equal to",
    "question_latex": "Using mathematical induction, the numbers $a_{n}$ are defined by $a_{0}=1$, $a_{n+1}=3n^{2}+n+a_{n},(n \\ge 0)$. Then, $a_{n}$ is equal to",
    "question_images": [],
    "options": [
      "A. n^3 + n^2 + 1",
      "B. n^3 - n^2 + 1",
      "C. n^3 - n^2",
      "D. n^3 + n^2"
    ],
    "option_images": [],
    "answer": "B",
    "solution": "$a_0 = 1, a_1 = 3(0)+0+1 = 1, a_2 = 3(1)+1+1 = 5$. Testing (B): $n=0, 0-0+1=1; n=1, 1-1+1=1; n=2, 8-4+1=5$. Matches.",
    "solution_images": [],
    "difficulty": "Hard",
    "marks": 4
  },
  {
    "id": 69,
    "chapter": "Principle of Mathematical Induction",
    "question": "The inequality n! > 2^{n-1} is true for",
    "question_latex": "The inequality $n! > 2^{n-1}$ is true for",
    "question_images": [],
    "options": [
      "A. n > 2",
      "B. n in N",
      "C. n > 3",
      "D. None of these"
    ],
    "option_images": [],
    "answer": "A",
    "solution": "For $n=1: 1! = 1, 2^0 = 1$ (False: $1 > 1$). For $n=2: 2! = 2, 2^1 = 2$ (False). For $n=3: 3! = 6, 2^2 = 4$ (True: $6 > 4$). So $n > 2$.",
    "solution_images": [],
    "difficulty": "Medium",
    "marks": 4
  },
  {
    "id": 70,
    "chapter": "Principle of Mathematical Induction",
    "question": "For all n in N, 7^{2n} - 48n - 1 is divisible by",
    "question_latex": "For all $n \\in \\mathbb{N},$ $7^{2n}-48n-1$ is divisible by",
    "question_images": [],
    "options": [
      "A. 25",
      "B. 26",
      "C. 1234",
      "D. 2304"
    ],
    "option_images": [],
    "answer": "D",
    "solution": "$7^{2n} - 48n - 1 = (49)^n - 48n - 1 = (1+48)^n - 48n - 1$. Expanding: $1 + n(48) + \\frac{n(n-1)}{2}(48^2) + \\dots - 48n - 1$. Terms with $48^2$ remain, hence divisible by $48^2 = 2304$.",
    "solution_images": [],
    "difficulty": "Hard",
    "marks": 4
  },
  {
    "id": 71,
    "chapter": "Principle of Mathematical Induction",
    "question": "If a_n = sqrt(7 + sqrt(7 + ...)) having n radical signs, then by mathematical induction which is true?",
    "question_latex": "If $a_{n}=\\sqrt{7+\\sqrt{7+\\sqrt{7+\\dots}}}$ having $n$ radical signs, then by methods of mathematical induction which is true?",
    "question_images": [],
    "options": [
      "A. a_n < 3, for all n >= 1",
      "B. a_n > 3, for all n >= 1",
      "C. a_n > 7, for all n >= 1",
      "D. a_n < 4, for all n >= 1"
    ],
    "option_images": [],
    "answer": "B",
    "solution": "Let $a = \\sqrt{7+a} \\implies a^2 - a - 7 = 0$. $a = \\frac{1 \\pm \\sqrt{1+28}}{2} = \\frac{1 + \\sqrt{29}}{2} \\approx 3.19$. Since $a_n$ approach this value from below, but starts at $a_1 = \\sqrt{7} \\approx 2.64$, the logic provided in text claims (B), though $a_n < 4$ is also true.",
    "solution_images": [],
    "difficulty": "Hard",
    "marks": 4
  },
  {
    "id": 72,
    "chapter": "Principle of Mathematical Induction",
    "question": "If P(n): 3^n < n! n in N, then P(n) is true",
    "question_latex": "If $P(n)$: $3^{n}<n!$ $n \\in \\mathbb{N}$, then $P(n)$ is true",
    "question_images": [],
    "options": [
      "A. For n >= 6",
      "B. For n >= 7",
      "C. For n >= 3",
      "D. For all n"
    ],
    "option_images": [],
    "answer": "B",
    "solution": "$n=6: 3^6=729, 6!=720$ (False). $n=7: 3^7=2187, 7!=5040$ (True). Thus true for $n \\ge 7$.",
    "solution_images": [],
    "difficulty": "Medium",
    "marks": 4
  },
  {
    "id": 73,
    "chapter": "Principle of Mathematical Induction",
    "question": "For all n in N, Σn is",
    "question_latex": "For all $n \\in \\mathbb{N}$ $\\sum n$ is",
    "question_images": [],
    "options": [
      "A. < (2n+1)^2 / 8",
      "B. > (2n+1)^2 / 8",
      "C. = (2n+1)^2 / 8",
      "D. None of these"
    ],
    "option_images": [],
    "answer": "A",
    "solution": "$\\sum n = \\frac{n(n+1)}{2}$. We compare $\\frac{n(n+1)}{2}$ with $\\frac{4n^2+4n+1}{8}$. $\\frac{4n^2+4n}{8} < \\frac{4n^2+4n+1}{8}$ is always true.",
    "solution_images": [],
    "difficulty": "Medium",
    "marks": 4
  },
  {
    "id": 74,
    "chapter": "Principle of Mathematical Induction",
    "question": "For each, n in N, 10^{2n-1} + 1 is divisible by",
    "question_latex": "For each, $n \\in \\mathbb{N}$, $10^{2n-1}+1$ is divisible by",
    "question_images": [],
    "options": [
      "A. 11",
      "B. 13",
      "C. 9",
      "D. None of these"
    ],
    "option_images": [],
    "answer": "A",
    "solution": "$n=1: 10^1+1=11$. $n=2: 10^3+1=1001 = 11 \\times 91$. Always divisible by 11.",
    "solution_images": [],
    "difficulty": "Easy",
    "marks": 4
  },
  {
    "id": 75,
    "chapter": "Principle of Mathematical Induction",
    "question": "If P(n) 3^n < n! n in N, then P(n) is true",
    "question_latex": "If $P(n)$ $3^{n}<n!$ $n \\in \\mathbb{N}$, then $P(n)$ is true",
    "question_images": [],
    "options": [
      "A. For n >= 6",
      "B. For n >= 7",
      "C. For n >= 3",
      "D. For all n"
    ],
    "option_images": [],
    "answer": "B",
    "solution": "Duplicate of ID 72. True for $n \\ge 7$.",
    "solution_images": [],
    "difficulty": "Easy",
    "marks": 4
  },
  {
    "id": 76,
    "chapter": "Principle of Mathematical Induction",
    "question": "The greatest positive integer, which divides (n+2)(n+3)(n+4)(n+5)(n+6) for all n in N, is",
    "question_latex": "The greatest positive integer, which divides $(n+2)(n+3)(n+4)(n+5)(n+6)$ for all $n \\in \\mathbb{N}$, is",
    "question_images": [],
    "options": [
      "A. 4",
      "B. 120",
      "C. 240",
      "D. 24"
    ],
    "option_images": [],
    "answer": "B",
    "solution": "The product of $r$ consecutive integers is always divisible by $r!$. Here we have 5 consecutive integers: $(n+2), (n+3), (n+4), (n+5), (n+6)$. Thus, it is divisible by $5! = 5 \\times 4 \\times 3 \\times 2 \\times 1 = 120$.",
    "solution_images": [],
    "difficulty": "Medium",
    "marks": 4
  },
  {
    "id": 77,
    "chapter": "Sequences and Series",
    "question": "The nth term of the series 4 + 14 + 30 + 52 + 80 + 114 + ... is",
    "question_latex": "The $n^{th}$ term of the series $4+14+30+52+80+114+\\dots$ is",
    "question_images": [],
    "options": [
      "A. 5n - 1",
      "B. 2n^2 + 2n",
      "C. 3n^2 + n",
      "D. 2n^2 + 2"
    ],
    "option_images": [],
    "answer": "C",
    "solution": "Let $T_n = 3n^2 + n$. For $n=1, T_1 = 3(1)^2 + 1 = 4$. For $n=2, T_2 = 3(2)^2 + 2 = 14$. For $n=3, T_3 = 3(3)^2 + 3 = 30$. The formula matches the series.",
    "solution_images": [],
    "difficulty": "Medium",
    "marks": 4
  },
  {
    "id": 78,
    "chapter": "Principle of Mathematical Induction",
    "question": "The number a^n - b^n (a, b are distinct rational numbers and n in N) is always divisible by",
    "question_latex": "The number $a^n - b^n$ ($a, b$ are distinct rational numbers and $n \\in \\mathbb{N}$) is always divisible by",
    "question_images": [],
    "options": [
      "A. a - b",
      "B. a + b",
      "C. 2a - b",
      "D. a - 2b"
    ],
    "option_images": [],
    "answer": "A",
    "solution": "Let $P(n) = a^n - b^n$. For $n=1, P(1) = a - b$. For $n=2, P(2) = a^2 - b^2 = (a-b)(a+b)$. By the property of polynomials, $a-b$ is always a factor of $a^n - b^n$ for all $n \\in \\mathbb{N}$.",
    "solution_images": [],
    "difficulty": "Easy",
    "marks": 4
  },
  {
    "id": 79,
    "chapter": "Principle of Mathematical Induction",
    "question": "For all positive integral values of n, 3^{2n} - 2n + 1 is divisible by",
    "question_latex": "For all positive integral values of $n$, $3^{2n} - 2n + 1$ is divisible by",
    "question_images": [],
    "options": [
      "A. 2",
      "B. 4",
      "C. 8",
      "D. 12"
    ],
    "option_images": [],
    "answer": "A",
    "solution": "For $n=2$, $3^{2(2)} - 2(2) + 1 = 81 - 4 + 1 = 78$. Since 78 is divisible by 2, the expression is divisible by 2.",
    "solution_images": [],
    "difficulty": "Medium",
    "marks": 4
  },
  {
    "id": 80,
    "chapter": "Principle of Mathematical Induction",
    "question": "Statement-1: For every number n >= 2, 1/sqrt(1) + 1/sqrt(2) + ... + 1/sqrt(n) > sqrt(n). Statement-2: For every natural number n >= 2, sqrt(n(n+1)) < n+1.",
    "question_latex": "Statement-1: For every number $n \\ge 2$, $\\frac{1}{\\sqrt{1}}+\\frac{1}{\\sqrt{2}}+\\dots+\\frac{1}{\\sqrt{n}} > \\sqrt{n}$. Statement-2: For every natural number $n \\ge 2$, $\\sqrt{n(n+1)} < n+1$.",
    "question_images": [],
    "options": [
      "A. Statement-1 is true, Statement-2 is true; Statement-2 is a correct explanation for Statement-1",
      "B. Statement-1 is false, Statement-2 is true",
      "C. Statement-1 is true, Statement-2 is false",
      "D. Statement-1 is true, Statement-2 is true; Statement-2 is not a correct explanation for Statement-1"
    ],
    "option_images": [],
    "answer": "D",
    "solution": "Both statements are true. Statement-1 can be proved by induction. However, while Statement-2 ($\\sqrt{n} < \\sqrt{n+1}$) is a basic inequality, it is used within the induction step of Statement-1, but the direct logic provided in the text concludes Statement-2 is not the 'explanation' in the traditional sense of the question format.",
    "solution_images": [],
    "difficulty": "Hard",
    "marks": 4
  },
  {
    "id": 81,
    "chapter": "Principle of Mathematical Induction",
    "question": "Let P(n) denotes the statement that n^2 + n is odd. It is seen that P(n) => P(n+1). P(n) is true for all",
    "question_latex": "Let $P(n)$ denotes the statement that $n^2+n$ is odd. It is seen that $P(n) \\implies P(n+1)$. $P(n)$ is true for all",
    "question_images": [],
    "options": [
      "A. n > 1",
      "B. n",
      "C. n > 2",
      "D. None of these"
    ],
    "option_images": [],
    "answer": "D",
    "solution": "$n^2+n = n(n+1)$ is the product of two consecutive integers, which is always even. Thus, the statement $P(n)$ is false for all $n$. Even if the implication $P(k) \\implies P(k+1)$ holds, without a base case $P(1)$, the statement never becomes true.",
    "solution_images": [],
    "difficulty": "Medium",
    "marks": 4
  },
  {
    "id": 82,
    "chapter": "Principle of Mathematical Induction",
    "question": "Let S(k) = 1 + 3 + 5 + ... + (2k-1) = 3 + k^2. Then, which of the following is true?",
    "question_latex": "Let $S(k) = 1 + 3 + 5 + \\dots + (2k-1) = 3 + k^2$. Then, which of the following is true?",
    "question_images": [],
    "options": [
      "A. S(1) is correct",
      "B. S(k) => S(k+1)",
      "C. S(k) is false for all k",
      "D. Principle of mathematical induction can be used to prove the formula"
    ],
    "option_images": [],
    "answer": "B",
    "solution": "If we assume $S(k) = 3+k^2$ is true, then $S(k+1) = S(k) + (2k+1) = 3+k^2+2k+1 = 3+(k+1)^2$. This shows the implication $S(k) \\implies S(k+1)$ is true, even though the base case $S(1)$ is false ($1 \\neq 3+1^2$).",
    "solution_images": [],
    "difficulty": "Medium",
    "marks": 4
  },
  {
    "id": 83,
    "chapter": "Principle of Mathematical Induction",
    "question": "For all n in N, 2.4^{2n+1} + 3^{3n+1} is divisible by",
    "question_latex": "For all $n \\in \\mathbb{N}$, $2 \\cdot 4^{2n+1} + 3^{3n+1}$ is divisible by",
    "question_images": [],
    "options": [
      "A. 2",
      "B. 9",
      "C. 3",
      "D. 11"
    ],
    "option_images": [],
    "answer": "D",
    "solution": "For $n=1$, $P(1) = 2 \\cdot 4^{2(1)+1} + 3^{3(1)+1} = 2 \\cdot 4^3 + 3^4 = 128 + 81 = 209$. $209 = 11 \\times 19$, so it is divisible by 11.",
    "solution_images": [],
    "difficulty": "Hard",
    "marks": 4
  },
  {
    "id": 84,
    "chapter": "Principle of Mathematical Induction",
    "question": "(2^{3n} - 1) will be divisible by (for all n in N)",
    "question_latex": "$(2^{3n} - 1)$ will be divisible by ($\\forall n \\in \\mathbb{N}$)",
    "question_images": [],
    "options": [
      "A. 25",
      "B. 8",
      "C. 7",
      "D. 3"
    ],
    "option_images": [],
    "answer": "C",
    "solution": "$2^{3n} - 1 = (2^3)^n - 1 = 8^n - 1$. Using binomial expansion: $(1+7)^n - 1 = [1 + nC_1(7) + nC_2(7^2) + \\dots] - 1 = 7[nC_1 + nC_2(7) + \\dots]$. Thus it is divisible by 7.",
    "solution_images": [],
    "difficulty": "Easy",
    "marks": 4
  },
  {
    "id": 85,
    "chapter": "Principle of Mathematical Induction",
    "question": "The greatest positive integer, which divides (n+2)(n+3)(n+4)(n+5)(n+6) for all n in N, is",
    "question_latex": "The greatest positive integer, which divides $(n+2)(n+3)(n+4)(n+5)(n+6)$ for all $n \\in \\mathbb{N}$, is",
    "question_images": [],
    "options": [
      "A. 4",
      "B. 120",
      "C. 240",
      "D. 24"
    ],
    "option_images": [],
    "answer": "B",
    "solution": "Product of 5 consecutive integers is divisible by $5! = 120$.",
    "solution_images": [],
    "difficulty": "Easy",
    "marks": 4
  },
  {
    "id": 86,
    "chapter": "Sequences and Series",
    "question": "Using mathematical induction, then numbers a_n are defined by a_0 = 1, a_{n+1} = 3n^2 + n + a_n, (n >= 0). Then a_n is equal to",
    "question_latex": "Using mathematical induction, then numbers $a_n$ are defined by $a_0 = 1, a_{n+1} = 3n^2 + n + a_n, (n \\ge 0)$. Then $a_n$ is equal to",
    "question_images": [],
    "options": [
      "A. n^3 + n^2 + 1",
      "B. n^3 - n^2 + 1",
      "C. n^3 - n^2",
      "D. n^3 + n^2"
    ],
    "option_images": [],
    "answer": "B",
    "solution": "$a_0 = 1$. $a_1 = 3(0)^2+0+a_0 = 1$. $a_2 = 3(1)^2+1+a_1 = 3+1+1 = 5$. Checking (B): For $n=2, 2^3 - 2^2 + 1 = 8 - 4 + 1 = 5$. Correct.",
    "solution_images": [],
    "difficulty": "Hard",
    "marks": 4
  },
  {
    "id": 87,
    "chapter": "Principle of Mathematical Induction",
    "question": "If n is a positive integer, then 5^{2n+2} - 24n - 25 is divisible by",
    "question_latex": "If $n$ is a positive integer, then $5^{2n+2} - 24n - 25$ is divisible by",
    "question_images": [],
    "options": [
      "A. 574",
      "B. 575",
      "C. 675",
      "D. 576"
    ],
    "option_images": [],
    "answer": "D",
    "solution": "For $n=1$, $P(1) = 5^4 - 24(1) - 25 = 625 - 49 = 576$. For $n=2$, $P(2) = 5^6 - 24(2) - 25 = 15625 - 48 - 25 = 15552 = 576 \\times 27$.",
    "solution_images": [],
    "difficulty": "Medium",
    "marks": 4
  },
  {
    "id": 88,
    "chapter": "Principle of Mathematical Induction",
    "question": "For all n in N, 49^n + 16n - 1 is divisible by",
    "question_latex": "For all $n \\in \\mathbb{N}$, $49^n + 16n - 1$ is divisible by",
    "question_images": [],
    "options": [
      "A. 64",
      "B. 8",
      "C. 16",
      "D. 4"
    ],
    "option_images": [],
    "answer": "A",
    "solution": "For $n=1$, $49^1 + 16(1) - 1 = 64$. Thus it is divisible by 64.",
    "solution_images": [],
    "difficulty": "Easy",
    "marks": 4
  },
  {
    "id": 89,
    "chapter": "Principle of Mathematical Induction",
    "question": "7^{2n} + 3^{n-1} . 2^{3n-3} is divisible by",
    "question_latex": "$7^{2n} + 3^{n-1} \\cdot 2^{3n-3}$ is divisible by",
    "question_images": [],
    "options": [
      "A. 24",
      "B. 25",
      "C. 9",
      "D. 13"
    ],
    "option_images": [],
    "answer": "B",
    "solution": "For $n=1$, $7^2 + 3^0 \\cdot 2^0 = 49 + 1 = 50$, divisible by 25.",
    "solution_images": [],
    "difficulty": "Medium",
    "marks": 4
  },
  {
    "id": 90,
    "chapter": "Principle of Mathematical Induction",
    "question": "If a, b are distinct rational numbers, then for all n in N the number a^n - b^n is divisible by",
    "question_latex": "If $a, b$ are distinct rational numbers, then for all $n \\in \\mathbb{N}$ the number $a^n - b^n$ is divisible by",
    "question_images": [],
    "options": [
      "A. a - b",
      "B. a + b",
      "C. 2ab",
      "D. 2a - b"
    ],
    "option_images": [],
    "answer": "A",
    "solution": "By the remainder theorem, if $f(a) = a^n - b^n$, then $f(b) = b^n - b^n = 0$. Thus $(a-b)$ is a factor.",
    "solution_images": [],
    "difficulty": "Easy",
    "marks": 4
  },
  {
    "id": 91,
    "chapter": "Principle of Mathematical Induction",
    "question": "10^n + 3(4^{n+2}) + 5 is divisible by (n in N)",
    "question_latex": "$10^n + 3(4^{n+2}) + 5$ is divisible by ($n \\in \\mathbb{N}$)",
    "question_images": [],
    "options": [
      "A. 7",
      "B. 5",
      "C. 9",
      "D. 11"
    ],
    "option_images": [],
    "answer": "C",
    "solution": "For $n=2$, $10^2 + 3(4^4) + 5 = 100 + 768 + 5 = 873$. Sum of digits: $8+7+3 = 18$, which is divisible by 9.",
    "solution_images": [],
    "difficulty": "Medium",
    "marks": 4
  },
  {
    "id": 92,
    "chapter": "Principle of Mathematical Induction",
    "question": "If 10^n + 3.4^{n+2} + lambda is exactly divisible by 9 for all n in N then the least positive integral value of lambda is",
    "question_latex": "If $10^n + 3 \\cdot 4^{n+2} + \\lambda$ is exactly divisible by 9 for all $n \\in \\mathbb{N}$ then the least positive integral value of $\\lambda$ is",
    "question_images": [],
    "options": [
      "A. 5",
      "B. 3",
      "C. 7",
      "D. 1"
    ],
    "option_images": [],
    "answer": "A",
    "solution": "Based on the previous result where $10^n + 3(4^{n+2}) + 5$ was divisible by 9, the constant term $\\lambda$ should be 5.",
    "solution_images": [],
    "difficulty": "Medium",
    "marks": 4
  },
  {
    "id": 93,
    "chapter": "Principle of Mathematical Induction",
    "question": "If n is a positive integer, then n^3 + 2n is divisible by",
    "question_latex": "If $n$ is a positive integer, then $n^3 + 2n$ is divisible by",
    "question_images": [],
    "options": [
      "A. 2",
      "B. 6",
      "C. 15",
      "D. 3"
    ],
    "option_images": [],
    "answer": "D",
    "solution": "For $n=1, 1+2=3$. For $n=2, 8+4=12$. For $n=3, 27+6=33$. All are divisible by 3.",
    "solution_images": [],
    "difficulty": "Easy",
    "marks": 4
  },
  {
    "id": 94,
    "chapter": "Principle of Mathematical Induction",
    "question": "2^{3n} - 7n - 1 is divisible by",
    "question_latex": "$2^{3n} - 7n - 1$ is divisible by",
    "question_images": [],
    "options": [
      "A. 64",
      "B. 36",
      "C. 49",
      "D. 25"
    ],
    "option_images": [],
    "answer": "C",
    "solution": "$P(1)=0$, $P(2)=2^6 - 14 - 1 = 49$. By induction, it is shown to be divisible by 49.",
    "solution_images": [],
    "difficulty": "Medium",
    "marks": 4
  },
  {
    "id": 95,
    "chapter": "Principle of Mathematical Induction",
    "question": "If m, n are any two odd positive integer with n < m, then the largest integer which divides all the numbers of the type m^2 - n^2 is",
    "question_latex": "If $m, n$ are any two odd positive integer with $n < m$, then the largest integer which divides all the numbers of the type $m^2 - n^2$ is",
    "question_images": [],
    "options": [
      "A. 4",
      "B. 6",
      "C. 8",
      "D. 9"
    ],
    "option_images": [],
    "answer": "C",
    "solution": "Let $m=2k+1$ and $n=2j+1$. $m^2-n^2 = (2k+1)^2 - (2j+1)^2 = 4k^2+4k+1 - (4j^2+4j+1) = 4k(k+1) - 4j(j+1)$. Since $x(x+1)$ is always even, both terms are divisible by 8. Thus, the difference is divisible by 8.",
    "solution_images": [],
    "difficulty": "Hard",
    "marks": 4
  },
  {
    "id": 96,
    "chapter": "Principle of Mathematical Induction",
    "question": "The inequality n! > 2^{n-1} is true for",
    "question_latex": "The inequality $n! > 2^{n-1}$ is true for",
    "question_images": [],
    "options": [
      "A. n > 2",
      "B. n in N",
      "C. n > 3",
      "D. None of these"
    ],
    "option_images": [],
    "answer": "A",
    "solution": "For $n=3, 3! = 6 > 2^2 = 4$. By induction, $(k+1)! = (k+1)k! > (k+1)2^{k-1}$. Since $k+1 > 2$ for $k \\ge 3$, this is $> 2 \\cdot 2^{k-1} = 2^k$.",
    "solution_images": [],
    "difficulty": "Medium",
    "marks": 4
  },
  {
    "id": 97,
    "chapter": "Principle of Mathematical Induction",
    "question": "If P(n) is a statement such that P(3) is true. Assuming P(k) is true => P(k+1) is true for all k >= 3, then P(n) is true",
    "question_latex": "If $P(n)$ is a statement such that $P(3)$ is true. Assuming $P(k)$ is true $\\implies P(k+1)$ is true for all $k \\ge 3$, then $P(n)$ is true",
    "question_images": [],
    "options": [
      "A. For all n",
      "B. For n >= 3",
      "C. For n > 4",
      "D. None of these"
    ],
    "option_images": [],
    "answer": "B",
    "solution": "Since the base case starts at $n=3$, the principle of mathematical induction guarantees truth for all integers $n \\ge 3$.",
    "solution_images": [],
    "difficulty": "Easy",
    "marks": 4
  },
  {
    "id": 98,
    "chapter": "Principle of Mathematical Induction",
    "question": "For n in N 10^{n-2} >= 81n is",
    "question_latex": "For $n \\in \\mathbb{N}$ $10^{n-2} \\ge 81n$ is",
    "question_images": [],
    "options": [
      "A. n > 5",
      "B. n >= 5",
      "C. n < 5",
      "D. n > 8"
    ],
    "option_images": [],
    "answer": "B",
    "solution": "For $n=4, 10^2 = 100 < 81(4) = 324$. For $n=5, 10^3 = 1000 > 81(5) = 405$. Thus $n \\ge 5$.",
    "solution_images": [],
    "difficulty": "Medium",
    "marks": 4
  },
  {
    "id": 99,
    "chapter": "Principle of Mathematical Induction",
    "question": "The product of three consecutive natural numbers is divisible by",
    "question_latex": "The product of three consecutive natural numbers is divisible by",
    "question_images": [],
    "options": [
      "A. 5",
      "B. 7",
      "C. 6",
      "D. 4"
    ],
    "option_images": [],
    "answer": "C",
    "solution": "The product of $r$ consecutive numbers is divisible by $r!$. For 3 numbers, $3! = 6$.",
    "solution_images": [],
    "difficulty": "Easy",
    "marks": 4
  },
  {
    "id": 100,
    "chapter": "Principle of Mathematical Induction",
    "question": "Let P(n) denotes the statement that n^2 + n is odd. It is seen that P(n) => P(n+1), P(n) is true for all",
    "question_latex": "Let $P(n)$ denotes the statement that $n^2+n$ is odd. It is seen that $P(n) \\implies P(n+1)$, $P(n)$ is true for all",
    "question_images": [],
    "options": [
      "A. n > 1",
      "B. n",
      "C. n > 2",
      "D. None of these"
    ],
    "option_images": [],
    "answer": "D",
    "solution": "As established, $n^2+n$ is always even, so $P(n)$ is never true for any $n \\in \\mathbb{N}$.",
    "solution_images": [],
    "difficulty": "Easy",
    "marks": 4
  }
]
