[
  {
    "id": 1,
    "chapter": "Sets",
    "question": "In a rehabilitation programme, a group of 50 families were assured new houses and compensation by the government. Number of families who got both is equal to the number of families who got neither of the two. The number of families who got new houses is 6 greater than the number of families who got compensation. How many families got houses?",
    "question_latex": "",
    "question_images": [],
    "options": [
      "(A) 22",
      "(B) 28",
      "(C) 23",
      "(D) 25"
    ],
    "option_images": [],
    "answer": "(B)",
    "solution": "Let $A$ and $B$ denote respectively the sets of families who got new houses and compensation.\nIt is given that\n$n(A \\cap B) = n(\\overline{A \\cup B})$\n$\\Rightarrow n(A \\cap B) = 50 - n(A \\cup B)$\n$\\Rightarrow n(A \\cap B) + n(A \\cup B) = 50$\nUsing $n(A \\cup B) = n(A) + n(B) - n(A \\cap B)$, we get:\n$n(A) + n(B) = 50$\nGiven $n(A) = n(B) + 6$, substitute into the equation:\n$(n(B) + 6) + n(B) = 50$\n$\\Rightarrow 2n(B) = 44 \\Rightarrow n(B) = 22$\n$\\Rightarrow n(A) = 22 + 6 = 28$",
    "solution_images": [],
    "difficulty": "Medium",
    "marks": 4
  },
  {
    "id": 2,
    "chapter": "Sets",
    "question": "If $A=\\{1,2,3\\}$ then the relation $R=\\{(1,1),(2,2),(3,1),(1,3)\\}$ is",
    "question_latex": "$A=\\{1,2,3\\}, R=\\{(1,1),(2,2),(3,1),(1,3)\\}$",
    "question_images": [],
    "options": [
      "(A) Reflexive",
      "(B) Symmetric",
      "(C) Transitive",
      "(D) Equivalence"
    ],
    "option_images": [],
    "answer": "(B)",
    "solution": "Clearly, $(3,3) \\notin R$. So, $R$ is not reflexive.\nAlso, $(3,1) \\in R$ and $(1,3) \\in R$, but $(3,3) \\notin R$. So, $R$ is not transitive.\nBut, $R$ is symmetric as $R = R^{-1}$ (since for every $(a,b) \\in R$, $(b,a) \\in R$).",
    "solution_images": [],
    "difficulty": "Easy",
    "marks": 4
  },
  {
    "id": 3,
    "chapter": "Sets",
    "question": "If X and Y are two sets, then $X \\cap (Y \\cup X)'$ equals",
    "question_latex": "$X \\cap (Y \\cup X)'$",
    "question_images": [],
    "options": [
      "(A) X",
      "(B) Y",
      "(C) $\\phi$",
      "(D) None of these"
    ],
    "option_images": [],
    "answer": "(C)",
    "solution": "We have,\n$X \\cap (Y \\cup X)' = X \\cap (Y' \\cap X')$  (De Morgan's Law)\n$= (X \\cap X') \\cap Y'$\n$= \\phi \\cap Y'$\n$= \\phi$",
    "solution_images": [],
    "difficulty": "Easy",
    "marks": 4
  },
  {
    "id": 4,
    "chapter": "Sets",
    "question": "If a set A contains n elements, then which of the following cannot be the number of reflexive relations on the set A?",
    "question_latex": "",
    "question_images": [],
    "options": [
      "(A) $2$",
      "(B) $2^{n-1}$",
      "(C) $2^{n^2-1}$",
      "(D) $2^{n+1}$"
    ],
    "option_images": [],
    "answer": "(D)",
    "solution": "A relation on set A is a subset of $A \\times A$.\nLet $A = \\{a_1, a_2, ..., a_n\\}$. A reflexive relation on A must contain the $n$ elements $(a_1, a_1), (a_2, a_2), ..., (a_n, a_n)$.\nThe remaining $n^2 - n$ elements of $A \\times A$ can be either chosen or not.\nSo, the number of reflexive relations is $2^{n^2 - n}$.\nChecking options:\n$n^2 - n = n \\implies n=2$ (Integer solution exists)\n$n^2 - n = n-1 \\implies n=1$ (Integer solution exists)\n$n^2 - n = n^2 - 1$ (No solution for $n$)\n$n^2 - n = n+1$ implies $n^2 - 2n - 1 = 0$, which gives $n = \\frac{2 \\pm \\sqrt{8}}{2}$, not an integer.\nThus, $2^{n+1}$ cannot be the number of reflexive relations.",
    "solution_images": [],
    "difficulty": "Medium",
    "marks": 4
  },
  {
    "id": 5,
    "chapter": "Sets",
    "question": "If $A=\\{2,3,5\\}$, $B=\\{2,5,6\\}$, then $(A - B) \\times (A \\cap B)$ is",
    "question_latex": "$A=\\{2,3,5\\}, B=\\{2,5,6\\}$",
    "question_images": [],
    "options": [
      "(A) $\\{(3, 2), (3, 3), (3, 5)\\}$",
      "(B) $\\{(3, 2), (3, 5), (3, 6)\\}$",
      "(C) $\\{(3, 2), (3, 5)\\}$",
      "(D) None of these"
    ],
    "option_images": [],
    "answer": "(C)",
    "solution": "$A - B = \\{3\\}$\n$A \\cap B = \\{2, 5\\}$\n$(A - B) \\times (A \\cap B) = \\{3\\} \\times \\{2, 5\\} = \\{(3, 2), (3, 5)\\}$",
    "solution_images": [],
    "difficulty": "Easy",
    "marks": 4
  },
  {
    "id": 6,
    "chapter": "Sets",
    "question": "If A, B, C be three sets such that $A \\cup B = A \\cup C$ and $A \\cap B = A \\cap C$, then",
    "question_latex": "$A \\cup B = A \\cup C, A \\cap B = A \\cap C$",
    "question_images": [],
    "options": [
      "(A) $A = B$",
      "(B) $B = C$",
      "(C) $A = C$",
      "(D) $A = B = C$"
    ],
    "option_images": [],
    "answer": "(B)",
    "solution": "It is a standard property of sets. If the union of B and C with A is the same, and their intersection with A is the same, then B must equal C.\n$B = B \\cap (A \\cup B) = B \\cap (A \\cup C) = (B \\cap A) \\cup (B \\cap C) = (C \\cap A) \\cup (B \\cap C) = C \\cap (A \\cup B) = C \\cap (A \\cup C) = C$.",
    "solution_images": [],
    "difficulty": "Easy",
    "marks": 4
  },
  {
    "id": 7,
    "chapter": "Sets",
    "question": "If $A=\\{x,y\\}$, then the power set of A is",
    "question_latex": "$A=\\{x,y\\}$",
    "question_images": [],
    "options": [
      "(A) $\\{x^y, y^x\\}$",
      "(B) $\\{\\phi, x, y\\}$",
      "(C) $\\{\\phi, \\{x\\}, \\{2y\\}\\}$",
      "(D) $\\{\\phi, \\{x\\}, \\{y\\}, \\{x, y\\}\\}$"
    ],
    "option_images": [],
    "answer": "(D)",
    "solution": "The power set is the set of all possible subsets of a set.\n$P(A) = \\{\\phi, \\{x\\}, \\{y\\}, \\{x, y\\}\\}$",
    "solution_images": [],
    "difficulty": "Easy",
    "marks": 4
  },
  {
    "id": 8,
    "chapter": "Sets",
    "question": "If $A_n$ is the set of first n prime numbers, then $\\bigcup_{n=2}^{10} A_n =$",
    "question_latex": "$A_n$ is set of first n primes, $\\bigcup_{n=2}^{10} A_n$",
    "question_images": [],
    "options": [
      "(A) $\\{2,3,5,7,11,13,17,19\\}$",
      "(B) $\\{2,3,5,7,11,13,17,19,23,29\\}$",
      "(C) $\\{3,5\\}$",
      "(D) $\\{2,3\\}$"
    ],
    "option_images": [],
    "answer": "(B)",
    "solution": "Clearly,\n$A_2 \\subset A_3 \\subset A_4 \\subset ... \\subset A_{10}$\nTherefore, the union is the largest set, which is $A_{10}$.\n$A_{10} = \\{2, 3, 5, 7, 11, 13, 17, 19, 23, 29\\}$",
    "solution_images": [],
    "difficulty": "Medium",
    "marks": 4
  },
  {
    "id": 9,
    "chapter": "Sets",
    "question": "For any three sets $A_1, A_2, A_3$, let $B_1 = A_1, B_2 = A_2 - A_1$ and $B_3 = A_3 - (A_1 \\cup A_2)$, then which one of the following statement is always true",
    "question_latex": "$B_1 = A_1, B_2 = A_2 - A_1, B_3 = A_3 - (A_1 \\cup A_2)$",
    "question_images": [],
    "options": [
      "(A) $A_1 \\cup A_2 \\cup A_3 \\supset B_1 \\cup B_2 \\cup B_3$",
      "(B) $A_1 \\cup A_2 \\cup A_3 = B_1 \\cup B_2 \\cup B_3$",
      "(C) $A_1 \\cup A_2 \\cup A_3 \\subset B_1 \\cup B_2 \\cup B_3$",
      "(D) None of these"
    ],
    "option_images": [],
    "answer": "(A)",
    "solution": "We have:\n$B_1 = A_1 \\Rightarrow B_1 \\subset A_1$\n$B_2 = A_2 - A_1 \\Rightarrow B_2 \\subset A_2$\n$B_3 = A_3 - (A_1 \\cup A_2) \\Rightarrow B_3 \\subset A_3$\nSince each $B_i$ is a subset of $A_i$, their union must be a subset of the union of $A_i$.\nTherefore, $B_1 \\cup B_2 \\cup B_3 \\subset A_1 \\cup A_2 \\cup A_3$.\nNote: Actually, these sets $B_i$ form a disjoint partition of the union if constructed this way, often making the union equal, but strictly speaking, the subset relation is always true.",
    "solution_images": [],
    "difficulty": "Medium",
    "marks": 4
  },
  {
    "id": 10,
    "chapter": "Sets",
    "question": "If $R \\subset A \\times B$ and $S \\subset B \\times C$ be relations, then $(S \\circ R)^{-1} =$",
    "question_latex": "$(S \\circ R)^{-1}$",
    "question_images": [],
    "options": [
      "(A) $S^{-1} \\circ R^{-1}$",
      "(B) $R^{-1} \\circ S^{-1}$",
      "(C) $S \\circ R$",
      "(D) $R \\circ S$"
    ],
    "option_images": [],
    "answer": "(B)",
    "solution": "By the property of inverse relations, $(S \\circ R)^{-1} = R^{-1} \\circ S^{-1}$.",
    "solution_images": [],
    "difficulty": "Easy",
    "marks": 4
  },
  {
    "id": 11,
    "chapter": "Sets",
"question": "Let $R$ be a relation on the set $\\mathbb{N}$ defined by $R = \\{(x, y) \\mid x, y \\in \\mathbb{N},\\ 2x + y = 41\\}$. Then, $R$ is",    "question_latex": "$R=\\{(x, y) | x, y \\in N, 2x+y=41\\}$",
    "question_images": [],
    "options": [
      "(A) Reflexive",
      "(B) Symmetric",
      "(C) Transitive",
      "(D) None of these"
    ],
    "option_images": [],
    "answer": "(D)",
    "solution": "We have $R = \\{(1,39), (2,37), ..., (20,1)\\}$.\nReflexive: $(1,1) \\notin R$ because $2(1)+1 = 3 \\ne 41$. Not reflexive.\nSymmetric: $(1,39) \\in R$ but $(39,1) \\notin R$ ($2(39)+1 = 79 \\ne 41$). Not symmetric.\nTransitive: $(15,11) \\in R$ ($30+11=41$) and $(11,19) \\in R$ ($22+19=41$), but $(15,19) \\notin R$ ($30+19=49 \\ne 41$). Not transitive.\nTherefore, it is None of these.",
    "solution_images": [],
    "difficulty": "Medium",
    "marks": 4
  },
  {
    "id": 12,
    "chapter": "Sets",
    "question": "If $n(A \\cap B)=5, n(A \\cap C)=7$ and $n(A \\cap B \\cap C)=3$, then the minimum possible value of $n(B \\cap C)$ is",
    "question_latex": "$n(A \\cap B)=5, n(A \\cap C)=7, n(A \\cap B \\cap C)=3$",
    "question_images": [],
    "options": [
      "(A) 0",
      "(B) 1",
      "(C) 3",
      "(D) 2"
    ],
    "option_images": [],
    "answer": "(C)",
    "solution": "We know that $A \\cap B \\cap C \\subseteq B \\cap C$.\nTherefore, $n(B \\cap C) \\ge n(A \\cap B \\cap C)$.\nMinimum possible value of $n(B \\cap C)$ is $3$.",
    "solution_images": [],
    "difficulty": "Easy",
    "marks": 4
  },
  {
    "id": 13,
    "chapter": "Sets",
    "question": "In an office, every employee likes at least one of tea, coffee and milk. The number of employees who like only tea, only coffee, only milk and all the three are all equal. The number of employees who like only tea and coffee, only coffee and milk and only tea and milk are equal and each is equal to the number of employees who like all the three. Then a possible value of the number of employees in the office is",
    "question_latex": "",
    "question_images": [],
    "options": [
      "(A) 65",
      "(B) 90",
      "(C) 77",
      "(D) 85"
    ],
    "option_images": [],
    "answer": "(C)",
    "solution": "Let $x$ be the number for each category mentioned.\n$n(only T) = n(only C) = n(only M) = n(T \\cap C \\cap M) = x$\n$n(only T \\cap C) = n(only C \\cap M) = n(only T \\cap M) = x$\nTotal employees = sum of all disjoint regions = $x + x + x + x + x + x + x = 7x$.\nThe total number must be a multiple of 7.\nAmong the options, only 77 is a multiple of 7.",
    "solution_images": [],
    "difficulty": "Medium",
    "marks": 4
  },
  {
    "id": 14,
    "chapter": "Sets",
    "question": "If R is the smallest equivalence relation on the set $\\{1,2,3,4\\}$ such that $\\{(1,2), (1,3)\\} \\subset R$, then the number of elements in R is",
    "question_latex": "$\\{(1,2), (1,3)\\} \\subset R$",
    "question_images": [],
    "options": [
      "(A) 8",
      "(B) 10",
      "(C) 15",
      "(D) 12"
    ],
    "option_images": [],
    "answer": "(B)",
    "solution": "Reflexive: $(1,1), (2,2), (3,3), (4,4)$ must be in R. (4 elements)\nSymmetric: Given $(1,2) \\in R \\implies (2,1) \\in R$. Given $(1,3) \\in R \\implies (3,1) \\in R$. (4 elements so far added: 1,2, 2,1, 1,3, 3,1)\nTransitive: $(2,1) \\in R$ and $(1,3) \\in R \\implies (2,3) \\in R$. Symmetry $\\implies (3,2) \\in R$. (2 more elements)\nTotal elements: $\\{(1,1), (2,2), (3,3), (4,4), (1,2), (2,1), (1,3), (3,1), (2,3), (3,2)\\}$.\nCount = 10.",
    "solution_images": [],
    "difficulty": "Medium",
    "marks": 4
  },
  {
    "id": 15,
    "chapter": "Sets",
    "question": "If $A=\\{4,6,10,12\\}$ and R is a relation defined on A as two elements are related iff they have exactly one common factor other than 1. Then the relation R is",
    "question_latex": "$A=\\{4,6,10,12\\}$",
    "question_images": [],
    "options": [
      "(A) Antisymmetric",
      "(B) Only transitive",
      "(C) Only symmetric",
      "(D) Equivalence"
    ],
    "option_images": [],
    "answer": "(C)",
    "solution": "Calculate common factors (other than 1):\n$4: 2, 4$\n$6: 2, 3, 6$\n$10: 2, 5, 10$\n$12: 2, 3, 4, 6, 12$\nPairs:\n(4,6): Common factors {2}. Count=1. In R.\n(4,10): Common {2}. Count=1. In R.\n(4,12): Common {2, 4}. Count=2. Not in R.\n(6,10): Common {2}. Count=1. In R.\n(6,12): Common {2, 3, 6}. Count=3. Not in R.\n(10,12): Common {2}. Count=1. In R.\nR = {(4,6), (6,4), (4,10), (10,4), (6,10), (10,6), (10,12), (12,10)}\nReflexive: (4,4) factors 2,4 (2 factors). Not reflexive.\nSymmetric: Yes, definition is symmetric.\nTransitive: (6,4) in R, (4,10) in R. Is (6,10) in R? Yes. Is (12,10) in R and (10,6) in R? Yes. Is (12,6) in R? No. (12,6) has factors 2,3,6. So not transitive.\nCorrect answer: Only symmetric.",
    "solution_images": [],
    "difficulty": "Hard",
    "marks": 4
  },
  {
    "id": 16,
    "chapter": "Sets",
    "question": "If $A_1 \\subset A_2 \\subset A_3 \\subset ... \\subset A_{50}$ and $n(A_i) = i-1$, then $n(\\bigcap_{i=11}^{50} A_i) = $",
    "question_latex": "$A_1 \\subset A_2 \\subset ... \\subset A_{50}, n(A_i) = i-1$",
    "question_images": [],
    "options": [
      "(A) 49",
      "(B) 50",
      "(C) 11",
      "(D) 10"
    ],
    "option_images": [],
    "answer": "(D)",
    "solution": "Given the nested property $A_1 \\subset A_2 ...$, the intersection of a range of these sets is the smallest set in the range.\n$\\bigcap_{i=11}^{50} A_i = A_{11}$.\n$n(A_{11}) = 11 - 1 = 10$.",
    "solution_images": [],
    "difficulty": "Medium",
    "marks": 4
  },
  {
    "id": 17,
    "chapter": "Sets",
    "question": "Let L be the set of all straight lines in the Euclidean plane. Two lines $l_1$ and $l_2$ are said to be related by the relation R iff $l_1$ is parallel to $l_2$. Then, the relation R is not",
    "question_latex": "$l_1 R l_2 \\iff l_1 \\parallel l_2$",
    "question_images": [],
    "options": [
      "(A) Reflexive",
      "(B) Symmetric",
      "(C) Transitive",
      "(D) None of these"
    ],
    "option_images": [],
    "answer": "(D)",
    "solution": "Parallelism is an equivalence relation.\n1. Reflexive: Every line is parallel to itself. (True)\n2. Symmetric: If l1 || l2, then l2 || l1. (True)\n3. Transitive: If l1 || l2 and l2 || l3, then l1 || l3. (True)\nSince it is all of the above, the answer to 'what it is not' is 'None of these'.",
    "solution_images": [],
    "difficulty": "Easy",
    "marks": 4
  },
  {
    "id": 18,
    "chapter": "Sets",
    "question": "Let $n(U)=700, n(A)=200, n(B)=300$ and $n(A \\cap B)=100$, then $n(A' \\cap B') =$",
    "question_latex": "$n(U)=700, n(A)=200, n(B)=300, n(A \\cap B)=100$",
    "question_images": [],
    "options": [
      "(A) 400",
      "(B) 600",
      "(C) 300",
      "(D) 200"
    ],
    "option_images": [],
    "answer": "(C)",
    "solution": "$n(A' \\cap B') = n((A \\cup B)') = n(U) - n(A \\cup B)$\n$n(A \\cup B) = n(A) + n(B) - n(A \\cap B) = 200 + 300 - 100 = 400$\n$n(A' \\cap B') = 700 - 400 = 300$",
    "solution_images": [],
    "difficulty": "Easy",
    "marks": 4
  },
  {
    "id": 19,
    "chapter": "Sets",
    "question": "Let the set $S=\\{2,4,8,16,.....,512\\}$ be partitioned into 3 sets A, B, C with equal number of elements such that $A \\cup B \\cup C = S$ and $A \\cap B = B \\cap C = A \\cap C = \\phi$. The maximum number of such possible partitions of S is equal to:",
    "question_latex": "$S=\\{2,4,8,16,.....,512\\}$",
    "question_images": [
      "q19_1"
    ],
    "options": [
      "(A) 1640",
      "(B) 1680",
      "(C) 1710",
      "(D) 1520"
    ],
    "option_images": [],
    "answer": "(B)",
    "solution": "The set $S = \\{2^1, 2^2, ..., 2^9\\}$ has 9 elements.\nWe need to partition $S$ into 3 sets of equal size. Size of each set $= 9/3 = 3$.\nThe number of ways to partition a set of 9 elements into 3 subsets of size 3 is given by the multinomial coefficient divided by the factorial of the number of identical groups (since the order of sets A, B, C usually matters if they are labeled, but 'partition' often implies unlabeled groups unless specified. However, the question says 'partitioned into 3 sets A, B, C', which implies labeled sets).\nIf sets are labeled A, B, C:\nNumber of ways $= \\frac{9!}{3!3!3!}$.\nCalculation: $\\frac{362880}{6 \\times 6 \\times 6} = \\frac{362880}{216} = 1680$.\nIf the groups were unlabeled, we would divide by $3!$, but since they are named A, B, C, the order matters (or rather, the assignment matters). The options suggest 1680 is the answer.",
    "solution_images": [],
    "difficulty": "Hard",
    "marks": 4
  },
  {
    "id": 20,
    "chapter": "Sets",
    "question": "The set $S=\\{1,2,3,....,12\\}$ is to be partitioned into three sets A, B, C of equal size. Thus $A \\cup B \\cup C = S, A \\cap B = B \\cap C = A \\cap C = \\phi$. The number of ways to partition S is",
    "question_latex": "$S=\\{1,2,3,....,12\\}$",
    "question_images": [],
    "options": [
      "(A) $\\frac{12!}{(4!)^3}$",
      "(B) $\\frac{12!}{3!(4!)^4}$",
      "(C) $\\frac{12!}{(4!)^4}$",
      "(D) $\\frac{12!}{3!(4!)^3}$"
    ],
    "option_images": [],
    "answer": "(A)",
    "solution": "Total elements = 12. Size of each set = 12/3 = 4.\nSince the sets are labeled A, B, C, we use the multinomial coefficient:\nNumber of ways $= \\binom{12}{4} \\times \\binom{8}{4} \\times \\binom{4}{4} = \\frac{12!}{4!8!} \\times \\frac{8!}{4!4!} \\times 1 = \\frac{12!}{(4!)^3}$.",
    "solution_images": [],
    "difficulty": "Medium",
    "marks": 4
  },
  {
    "id": 21,
    "chapter": "Sets",
    "question": "Which of the following is the empty set",
    "question_latex": "",
    "question_images": [],
    "options": [
      "(A) $\\{x : x \\text{ is a real number and } x^2-1=0\\}$",
      "(B) $\\{x : x \\text{ is a real number and } x^2+1=0\\}$",
      "(C) $\\{x : x \\text{ is a real number and } x^2-9=0\\}$",
      "(D) $\\{x : x \\text{ is a real number and } x^2=x+2\\}$"
    ],
    "option_images": [],
    "answer": "(B)",
    "solution": "$x^2 + 1 = 0 \\implies x^2 = -1$. There is no real number whose square is negative.\nSo the set is empty.",
    "solution_images": [],
    "difficulty": "Easy",
    "marks": 4
  },
  {
    "id": 22,
    "chapter": "Sets",
    "question": "Which one of the following relations on R is an equivalence relation?",
    "question_latex": "",
    "question_images": [],
    "options": [
      "(A) $a R_1 b \\iff |a|=|b|$",
      "(B) $a R_2 b \\iff a \\ge b$",
      "(C) $a R_3 b \\iff a \\text{ divides } b$",
      "(D) $a R_4 b \\iff a < b$"
    ],
    "option_images": [],
    "answer": "(A)",
    "solution": "Check $R_1$: $|a|=|b|$.\nReflexive: $|a|=|a|$ (Yes)\nSymmetric: $|a|=|b| \\implies |b|=|a|$ (Yes)\nTransitive: $|a|=|b|$ and $|b|=|c| \\implies |a|=|c|$ (Yes)\n$R_1$ is an equivalence relation.",
    "solution_images": [],
    "difficulty": "Easy",
    "marks": 4
  },
  {
    "id": 23,
    "chapter": "Sets",
    "question": "Let U be the universal set for sets A and B such that $n(A)=200, n(B)=300$ and $n(A \\cap B)=100$. Then, $n(A' \\cap B')$ is equal to 300, provided that $n(U)$ is equal to",
    "question_latex": "$n(A)=200, n(B)=300, n(A \\cap B)=100, n(A' \\cap B')=300$",
    "question_images": [],
    "options": [
      "(A) 600",
      "(B) 700",
      "(C) 800",
      "(D) 900"
    ],
    "option_images": [],
    "answer": "(B)",
    "solution": "$n(A' \\cap B') = n(U) - n(A \\cup B)$\n$300 = n(U) - [n(A) + n(B) - n(A \\cap B)]$\n$300 = n(U) - [200 + 300 - 100]$\n$300 = n(U) - 400$\n$n(U) = 700$",
    "solution_images": [],
    "difficulty": "Easy",
    "marks": 4
  },
  {
    "id": 24,
    "chapter": "Sets",
    "question": "If A and B are any two sets, then $A \\cap (A \\cup B)$ is equal to",
    "question_latex": "$A \\cap (A \\cup B)$",
    "question_images": [],
    "options": [
      "(A) A",
      "(B) B",
      "(C) $\\phi$",
      "(D) $B^c$"
    ],
    "option_images": [],
    "answer": "(A)",
    "solution": "By the Absorption Law, $A \\cap (A \\cup B) = A$.",
    "solution_images": [],
    "difficulty": "Easy",
    "marks": 4
  },
  {
    "id": 25,
    "chapter": "Sets",
    "question": "If relation R is defined as: aRb if \"a is the father of b\". Then, R is",
    "question_latex": "aRb \\text{ if } a \\text{ is father of } b",
    "question_images": [],
    "options": [
      "(A) Reflexive",
      "(B) Symmetric",
      "(C) Transitive",
      "(D) None of these"
    ],
    "option_images": [],
    "answer": "(D)",
    "solution": "Reflexive: a is father of a? No.\nSymmetric: a is father of b implies b is father of a? No.\nTransitive: a is father of b, b is father of c implies a is father of c? No (a is grandfather).\nIt is neither reflexive, symmetric, nor transitive.",
    "solution_images": [],
    "difficulty": "Easy",
    "marks": 4
  },
  {
    "id": 26,
    "chapter": "Sets",
    "question": "Let A be a set represented by the squares of natural number and x, y are any two elements of A. Then,",
    "question_latex": "",
    "question_images": [],
    "options": [
      "(A) $x-y\\in A$",
      "(B) $xy\\in A$",
      "(C) $x+y\\in A$",
      "(D) $\\frac{x}{y}\\in A$"
    ],
    "option_images": [],
    "answer": "(B)",
    "solution": "Let $x, y \\in A$. Then,\n$x=m^{2}$ and $y=n^{2}$ for some $m, n \\in N$\n$\\Rightarrow xy=(m^2)(n^2)=(mn)^{2} \\in A$\nTherefore, the product of two squares is also a square.",
    "solution_images": [],
    "difficulty": "Easy",
    "marks": 4
  },
  {
    "id": 27,
    "chapter": "Sets",
    "question": "If $n(A)$ denotes the number of elements in A and if $n(A)=4$, $n(B)=5$ and $n(A \\cap B)=3$, then $n[(A \\times B) \\cap (B \\times A)]$ is equal to",
    "question_latex": "$n(A)=4, n(B)=5, n(A \\cap B)=3$",
    "question_images": [],
    "options": [
      "(A) 8",
      "(B) 9",
      "(C) 10",
      "(D) 11"
    ],
    "option_images": [],
    "answer": "(B)",
    "solution": "We know that $(A \\times B) \\cap (B \\times A) = (A \\cap B) \\times (B \\cap A) = (A \\cap B) \\times (A \\cap B)$.\nSo, $n[(A \\times B) \\cap (B \\times A)] = n(A \\cap B) \\times n(A \\cap B) = [n(A \\cap B)]^2$.\nGiven $n(A \\cap B) = 3$, the result is $3^2 = 9$.",
    "solution_images": [],
    "difficulty": "Medium",
    "marks": 4
  },
  {
    "id": 28,
    "chapter": "Sets",
    "question": "Let $A=\\{(x,y):y=e^{x}, x \\in R\\}$, $B = \\{(x,y): y=e^{-x}, x \\in R\\}$. Then",
    "question_latex": "$A=\\{(x,y):y=e^{x}\\}, B = \\{(x,y): y=e^{-x}\\}$",
    "question_images": [],
    "options": [
      "(A) $A \\cap B = \\emptyset$",
      "(B) $A \\cap B \\neq \\emptyset$",
      "(C) $A \\cup B = R^2$",
      "(D) None of these"
    ],
    "option_images": [],
    "answer": "(B)",
    "solution": "To find the intersection, equate $y$ values:\n$e^x = e^{-x} \\Rightarrow e^{2x} = 1 \\Rightarrow 2x = 0 \\Rightarrow x = 0$.\nIf $x=0$, then $y=e^0=1$.\nSo the curves intersect at the point $(0,1)$.\nTherefore, $A \\cap B = \\{(0,1)\\} \\neq \\emptyset$. (Note: The provided source indicates answer B but describes intersection. Wait, the source text says 'A and B meet on (0, 1), A intersect B = empty set' which is contradictory. However, option B in the source text seems to be misinterpreted by OCR or truncated, usually B is 'intersection is not empty' or a specific set. Looking at the logic, they do intersect. I will extract based on logic and standard question types. The source text marks (B) as answer but the text 'A cap B = phi' appears in the solution line which is likely an error in the source text or OCR, given the calculation shows they meet. Let's look closely at source [206] and [209]. [206] Options B is 'A cap B = (C)...' very garbled. But [209] says 'A and B meet on (0, 1)'. If they meet, intersection is not empty. I will assume B implies non-empty or singleton.)\nCorrection: Looking at the extracted text 'Ans:-(B)', 'Solution:-(b)... A and B meet on (0, 1)'. This implies option B corresponds to the set being not empty or a singleton. I will set the answer to reflect the intersection exists.",
    "solution_images": [],
    "difficulty": "Medium",
    "marks": 4
  },
  {
    "id": 29,
    "chapter": "Sets",
    "question": "If $A=\\{(x,y);x^{2}+y^{2}=4;x,y\\in R\\}$ and $B=\\{(x,y):x^{2}+y^{2}=9;x,y\\in R\\}$, then",
    "question_latex": "$A=\\{(x,y);x^{2}+y^{2}=4\\}, B=\\{(x,y):x^{2}+y^{2}=9\\}$",
    "question_images": [],
    "options": [
      "(A) $A-B=\\Phi$",
      "(B) $B-A=B$",
      "(C) $A \\cap B \\neq \\Phi$",
      "(D) $A \\cap B=A$"
    ],
    "option_images": [],
    "answer": "(B)",
    "solution": "Set A represents a circle with radius 2 centered at origin.\nSet B represents a circle with radius 3 centered at origin.\nThese represent the boundary points (circumference).\nSince the radii are different (2 vs 3), the circles are concentric and do not intersect.\n$A \\cap B = \\Phi$.\nTherefore, removing A from B leaves B unchanged.\n$B - A = B$.",
    "solution_images": [],
    "difficulty": "Easy",
    "marks": 4
  },
  {
    "id": 30,
    "chapter": "Sets",
    "question": "If $A=\\{\\phi,\\{\\phi\\}\\}$ then the power set of A is",
    "question_latex": "$A=\\{\\phi,\\{\\phi\\}\\}$",
    "question_images": [],
    "options": [
      "(A) A",
      "(B) $\\{\\phi, \\{\\phi\\}, \\{\\{\\phi\\}\\}\\}$",
      "(C) $\\{\\phi, \\{\\phi\\}, \\{\\{\\phi\\}\\}, A\\}$",
      "(D) None of these"
    ],
    "option_images": [],
    "answer": "(C)",
    "solution": "Let $x = \\phi$ and $y = \\{\\phi\\}$. Then $A = \\{x, y\\}$.\nThe power set $P(A)$ contains all subsets: $\\phi, \\{x\\}, \\{y\\}, \\{x, y\\}$.\nSubstituting back:\n$\\phi$\n$\\{x\\} = \\{\\phi\\}$\n$\\{y\\} = \\{\\{\\phi\\}\\}$\n$\\{x, y\\} = A = \\{\\phi, \\{\\phi\\}\\}$\nSo, $P(A) = \\{\\phi, \\{\\phi\\}, \\{\\{\\phi\\}\\}, A\\}$.",
    "solution_images": [],
    "difficulty": "Medium",
    "marks": 4
  },
  {
    "id": 31,
    "chapter": "Sets",
    "question": "If S is a set with 10 elements and $A=\\{(x,y):x, y\\in S,x\\ne y\\}$, then the number of elements in A is",
    "question_latex": "$S$ has 10 elements, $A=\\{(x,y):x, y\\in S,x\\ne y\\}$",
    "question_images": [],
    "options": [
      "(A) 100",
      "(B) 90",
      "(C) 50",
      "(D) 45"
    ],
    "option_images": [],
    "answer": "(B)",
    "solution": "The total number of ordered pairs in $S \\times S$ is $10 \\times 10 = 100$.\nThe number of pairs where $x = y$ is 10 (diagonal elements).\nSince $x \\neq y$, we subtract these diagonal elements.\n$n(A) = 100 - 10 = 90$.",
    "solution_images": [],
    "difficulty": "Easy",
    "marks": 4
  },
  {
    "id": 32,
    "chapter": "Sets",
    "question": "Let A be the set of all students in a school. A relation R is defined on A as follows: \"aRb iff a and b have the same teacher\". Then R is",
    "question_latex": "aRb \\iff \\text{a and b have the same teacher}",
    "question_images": [],
    "options": [
      "(A) Reflexive",
      "(B) Symmetric",
      "(C) Transitive",
      "(D) Equivalence"
    ],
    "option_images": [],
    "answer": "(D)",
    "solution": "Reflexive: a has the same teacher as a. (True)\nSymmetric: If a has same teacher as b, b has same teacher as a. (True)\nTransitive: If a same as b, and b same as c, then a same as c. (True)\nTherefore, it is an equivalence relation. \n(Note: The solution text in the source for Q32 seems to belong to a completely different problem regarding set numbers 9, 10, 24 etc. However, the question itself is standard. I have provided the correct logical solution for the stated question).",
    "solution_images": [],
    "difficulty": "Easy",
    "marks": 4
  },
  {
    "id": 33,
    "chapter": "Sets",
    "question": "Which of the following cannot be the number of elements in the power set of any finite set?",
    "question_latex": "",
    "question_images": [],
    "options": [
      "(A) 26",
      "(B) 32",
      "(C) 8",
      "(D) 16"
    ],
    "option_images": [],
    "answer": "(A)",
    "solution": "The number of elements in a power set is given by $2^n$ where $n$ is the number of elements in the set.\nCheck powers of 2:\n$2^3 = 8$ (Option C)\n$2^4 = 16$ (Option D)\n$2^5 = 32$ (Option B)\n26 is not a power of 2. So it cannot be the size of a power set.",
    "solution_images": [],
    "difficulty": "Easy",
    "marks": 4
  },
  {
    "id": 34,
    "chapter": "Sets",
    "question": "If the sets A and B are defined as $A = \\{(x,y): y=e^x, x \\in R\\}$ and $B=\\{(x,y): y=x, x \\in R\\}$, then",
    "question_latex": "$A = \\{(x,y): y=e^x\\}, B=\\{(x,y): y=x\\}$",
    "question_images": [],
    "options": [
      "(A) $B \\subseteq A$",
      "(B) $A \\subseteq B$",
      "(C) $A \\cap B = \\emptyset$",
      "(D) $A \\cup B = A$"
    ],
    "option_images": [],
    "answer": "(C)",
    "solution": "We check if $e^x = x$ has any real solution.\nFor all $x \\in R$, $e^x > x$.\nTherefore, the curves never intersect.\n$A \\cap B = \\emptyset$.",
    "solution_images": [],
    "difficulty": "Medium",
    "marks": 4
  },
  {
    "id": 35,
    "chapter": "Sets",
    "question": "If $A=\\{(x,y):y^{2}=x;x,y\\in R\\}$ and $B=\\{(x,y): y=|x|;x,y\\in R\\}$ then",
    "question_latex": "$A=\\{(x,y):y^{2}=x\\}, B=\\{(x,y): y=|x|\\}$",
    "question_images": [],
    "options": [
      "(A) $A \\cap B = \\Phi$",
      "(B) A \\cap B is a singleton set",
      "(C) A \\cap B contains two elements only",
      "(D) A \\cap B contains three elements only"
    ],
    "option_images": [],
    "answer": "(D)",
    "solution": "Solve the system:\n1) $y^2 = x$\n2) $y = |x|$\nSubstitute (2) into (1): $|x|^2 = x \\Rightarrow x^2 = x \\Rightarrow x(x-1) = 0$.\nSo $x=0$ or $x=1$.\nIf $x=0$, $y=0$. Point: $(0,0)$.\nIf $x=1$, $y=|1|=1$. Point: $(1,1)$.\nWait, check source solution: Source says (0,0), (1,1) and (-1, -1). Let's re-verify.\nIf $x=-1$, $y=|-1|=1$. Check equation 1: $y^2 = 1^2 = 1$. Does $x=1$ equal $y^2$? No, $x=-1$, $y^2=1$. So $(-1, 1)$ satisfies $y=|x|$ but does not satisfy $y^2=x$ ($1 \\neq -1$).\nHowever, the source [259] claims intersection at (0,0), (1,1) and (-1,-1). Let's check $(-1,-1)$.\n$y=|x| \\Rightarrow -1 = |-1| = 1$ (False). So (-1, -1) is not on B.\nIs there a typo in the question in the source? Maybe $x^2 = y$? If $x^2=y$ and $y=|x|$, then $x^2=|x|$, $x=0, 1, -1$. Points (0,0), (1,1), (-1,1). (3 points).\nGiven the text $y^2=x$, technically only (0,0) and (1,1) are solutions. But the Answer Key says (D) (three elements) and the solution text claims (-1,-1). This suggests the intended question might have been different or the source is incorrect. Following the source's explicit answer choice and solution text logic (even if flawed mathematically for the written equation), I will record the source's answer but note the discrepancy in thought.\nActually, looking at the options and standard problems, it's likely $x^2=y$ or similar.\nHowever, strictly extracting: Source says D, solution lists 3 points. I will extract D and the solution provided.",
    "solution_images": [],
    "difficulty": "Hard",
    "marks": 4
  },
  {
    "id": 36,
    "chapter": "Sets",
    "question": "Let $S=\\{1,2,3,4\\}$. The total number of unordered pairs of disjoint subsets of S is equal to",
    "question_latex": "$S=\\{1,2,3,4\\}$",
    "question_images": [],
    "options": [
      "(A) 25",
      "(B) 34",
      "(C) 42",
      "(D) 41"
    ],
    "option_images": [],
    "answer": "(D)",
    "solution": "The number of ordered pairs of disjoint subsets is $3^n$.\nFor $n=4$, $3^4 = 81$.\nThe pair $(\\phi, \\phi)$ is counted once.\nOther pairs $(A, B)$ and $(B, A)$ are distinct in ordered counting but same in unordered.\nTotal unordered pairs = $\\frac{3^n + 1}{2}$.\n$= \\frac{81 + 1}{2} = \\frac{82}{2} = 41$.",
    "solution_images": [],
    "difficulty": "Hard",
    "marks": 4
  },
  {
    "id": 37,
    "chapter": "Sets",
    "question": "If $A=\\{1,2,4\\}$, $B=\\{2,4,5\\}$, $C=\\{2,5\\}$, then $(A-B) \\times (B-C)$ is",
    "question_latex": "$A=\\{1,2,4\\}, B=\\{2,4,5\\}, C=\\{2,5\\}$",
    "question_images": [],
    "options": [
      "(A) $\\{(1, 2), (1, 5), (2, 5)\\}$",
      "(B) $\\{(1, 4)\\}$",
      "(C) $(1, 4)$",
      "(D) None of these"
    ],
    "option_images": [],
    "answer": "(B)",
    "solution": "$A - B = \\{1\\}$ (elements in A not in B: 2,4 are in B).\n$B - C = \\{4\\}$ (elements in B not in C: 2,5 are in C).\n$(A-B) \\times (B-C) = \\{1\\} \\times \\{4\\} = \\{(1, 4)\\}$.",
    "solution_images": [],
    "difficulty": "Easy",
    "marks": 4
  },
  {
    "id": 38,
    "chapter": "Sets",
    "question": "If A is a non-empty set, then which of the following is false?\np: Every reflexive relation is a symmetric relation\nq: Every antisymmetric relation is reflexive\nWhich of the following is/are true?",
    "question_latex": "",
    "question_images": [],
    "options": [
      "(A) P alone",
      "(B) q alone",
      "(C) Both P and q",
      "(D) Neither P nor q"
    ],
    "option_images": [],
    "answer": "(D)",
    "solution": "Statement p: False. Example: $\\{(1,1), (2,2), (1,2)\\}$ is reflexive on $\\{1,2\\}$ but not symmetric.\nStatement q: False. Example: $\\{(1,2)\\}$ is antisymmetric (vacuously true condition) but not reflexive.\nThe question asks \"Which of the following is/are true?\" regarding the statements being true descriptions (Wait, the question asks 'Which of the following is false?' in the prompt but options are 'P alone', 'Neither P nor q'. Standard logic questions ask which statements are true. Let's look at the answer D. D says 'Neither P nor q'. This usually means neither statement is true. The prompt title says 'which... is false?' then options ask 'Which... is/are true?'. This is contradictory text in the source. Based on the answer D and solution explaining why both are false, the question effectively asks 'Which statements are correct?'. Since both are false, the answer is Neither.)",
    "solution_images": [],
    "difficulty": "Medium",
    "marks": 4
  },
  {
    "id": 39,
    "chapter": "Sets",
    "question": "If R is a relation from a set A to a set B and S is a relation from B to a set C, then the relation $SoR$",
    "question_latex": "",
    "question_images": [],
    "options": [
      "(A) Is from A to C",
      "(B) Is from C to A",
      "(C) Does not exist",
      "(D) None of these"
    ],
    "option_images": [],
    "answer": "(A)",
    "solution": "By definition of composition of relations:\nIf $R \\subseteq A \\times B$ and $S \\subseteq B \\times C$, then $SoR \\subseteq A \\times C$.\nIt relates elements of A to elements of C.",
    "solution_images": [],
    "difficulty": "Easy",
    "marks": 4
  },
  {
    "id": 40,
    "chapter": "Sets",
    "question": "If S is the set of squares and R is the set of rectangles, then $(S \\cup R) - (S \\cap R)$ is",
    "question_latex": "$(S \\cup R) - (S \\cap R)$",
    "question_images": [],
    "options": [
      "(A) S",
      "(B) R",
      "(C) Set of squares but not rectangles",
      "(D) Set of rectangles but not squares"
    ],
    "option_images": [],
    "answer": "(D)",
    "solution": "We know that every square is a rectangle. So $S \\subset R$.\nTherefore, $S \\cup R = R$ and $S \\cap R = S$.\nThe expression becomes $R - S$.\nThis is the set of elements in R (rectangles) that are not in S (squares).\nSo: Set of rectangles but not squares.",
    "solution_images": [],
    "difficulty": "Easy",
    "marks": 4
  },
  {
    "id": 41,
    "chapter": "Sets",
    "question": "Let S be the set of positive integral values of a for which $ax^{2}+2(a+1)x+9a+4 < 0$ for all $x \\in R$. Then, the number of elements in S is:",
    "question_latex": "$ax^{2}+2(a+1)x+9a+4 < 0, \\forall x \\in R$",
    "question_images": [],
    "options": [
      "(A) 1",
      "(B) 0",
      "(C) \\infty",
      "(D) 3"
    ],
    "option_images": [],
    "answer": "(B)",
    "solution": "For a quadratic to be negative for all real x, two conditions must be met:\n1. The coefficient of $x^2$ must be negative: $a < 0$.\n2. The discriminant must be negative: $D < 0$.\nThe question asks for 'positive integral values of a'.\nSince the condition $a < 0$ is required for the expression to be strictly negative everywhere, there are no positive integer values for $a$ that satisfy this.\nThus, S is the empty set.\nNumber of elements = 0.",
    "solution_images": [],
    "difficulty": "Medium",
    "marks": 4
  },
  {
    "id": 42,
    "chapter": "Sets",
    "question": "Set builder form of the relation $R=\\{(-2,-7), (-1,-4), (0, -1), (1, 2), (2,5)\\}$ is",
    "question_latex": "R=\\{(-2,-7), (-1,-4), (0, -1), (1, 2), (2,5)\\}",
    "question_images": [],
    "options": [
      "(A) $\\{(a, b): b=2a-3; a, b \\in Z\\}$",
      "(B) $\\{(x, y): y=3x-1; x, y \\in Z\\}$",
      "(C) $\\{(a, b): b=3a-1; a, b \\in N\\}$",
      "(D) $\\{(u, v): v=3u-1; -2 \\le u < 3 \\text{ and } u \\in Z\\}$"
    ],
    "option_images": [],
    "answer": "(D)",
    "solution": "Check the pattern:\n$x=-2, y=-7 \\Rightarrow 3(-2)-1 = -7$ (Matches)\n$x=-1, y=-4 \\Rightarrow 3(-1)-1 = -4$ (Matches)\n$x=0, y=-1 \\Rightarrow 3(0)-1 = -1$ (Matches)\n$x=1, y=2 \\Rightarrow 3(1)-1 = 2$ (Matches)\n$x=2, y=5 \\Rightarrow 3(2)-1 = 5$ (Matches)\nThe relation is $y = 3x - 1$.\nThe domain is $\\{-2, -1, 0, 1, 2\\}$. This can be written as $-2 \\le u < 3$ (integers: -2, -1, 0, 1, 2). (Note: <3 means up to 2).\nOption D matches this perfectly.",
    "solution_images": [],
    "difficulty": "Medium",
    "marks": 4
  },
  {
    "id": 43,
    "chapter": "Sets",
    "question": "Let $A=\\{2,3,6,8,9,11\\}$ and $B=\\{1,4,5,10,15\\}$. Let R be a relation on $A \\times B$ defined by $(a,b)R(c,d)$ if and only if $3ad-7bc$ is an even integer. Then the relation R is",
    "question_latex": "$(a,b)R(c,d) \\iff 3ad-7bc \\text{ is even}$",
    "question_images": [],
    "options": [
      "(A) Reflexive but not symmetric",
      "(B) Transitive but not symmetric",
      "(C) An equivalence relation",
      "(D) Reflexive and symmetric but not transitive"
    ],
    "option_images": [],
    "answer": "(D)",
    "solution": "Reflexive: Check $(a,b)R(a,b)$. $3ab - 7ba = -4ab$. $-4ab$ is always even. (True).\nSymmetric: If $3ad - 7bc$ is even, is $3cb - 7da$ even? \n$3ad - 7bc = 2k$.\n$3cb - 7da = -(3da - 7cb)$ (Not directly obvious). Let's use parity arguments.\n$3ad - 7bc \\equiv ad - bc \\pmod 2$.\nSo condition is $ad \\equiv bc \\pmod 2$.\nSymmetry: $cb - da \\equiv bc - ad \\equiv -(ad - bc) \\equiv 0 \\pmod 2$. Yes, symmetric.\nTransitive: $(a,b)R(c,d) \\implies ad \\equiv bc \\pmod 2$.\n$(c,d)R(e,f) \\implies cf \\equiv de \\pmod 2$.\nMultiply: $adcf \\equiv bcde$. If all non-zero, $af \\equiv be$. But we deal with integers.\nThe solution in source says 'not transitive' with example: (3,4)R(6,4) and (6,4)R(3,1) but not (3,4)R(3,1).\nLet's check example:\n(3,4)R(6,4): $3(3)(4) - 7(4)(6) = 36 - 168 = -132$ (Even). OK.\n(6,4)R(3,1): $3(6)(1) - 7(4)(3) = 18 - 84 = -66$ (Even). OK.\nCheck (3,4)R(3,1): $3(3)(1) - 7(4)(3) = 9 - 84 = -75$ (Odd).\nSo transitivity fails.\nResult: Reflexive, Symmetric, Not Transitive.",
    "solution_images": [],
    "difficulty": "Hard",
    "marks": 4
  },
  {
    "id": 44,
    "chapter": "Sets",
    "question": "Let $A=\\{(x,y)\\in R\\times R|2x^{2}+2y^{2}-2x-2y=1\\}$, $B=\\{(x,y)\\in R\\times R|4x^{2}+4y^{2}-16y+7=0\\}$ and $C=\\{(x,y)\\in R\\times R|x^{2}+y^{2}-4x-2y+5\\le r^{2}\\}$. Then the minimum value of r such that $A \\cup B \\subseteq C$ is equal to",
    "question_latex": "$A \\cup B \\subseteq C$",
    "question_images": [
      "q44_1"
    ],
    "options": [
      "(A) $\\frac{2+\\sqrt{10}}{2}$",
      "(B) $\\frac{3+2\\sqrt{5}}{2}$",
      "(C) $1+\\sqrt{5}$",
      "(D) $\\frac{3+\\sqrt{10}}{2}$"
    ],
    "option_images": [],
    "answer": "(B)",
    "solution": "Circle A: $x^2 + y^2 - x - y - 0.5 = 0$. Center $C_1(0.5, 0.5)$, Radius $R_1 = \\sqrt{0.25+0.25+0.5} = 1$.\nCircle B: $x^2 + y^2 - 4y + 1.75 = 0$. Center $C_2(0, 2)$, Radius $R_2 = \\sqrt{0+4-1.75} = \\sqrt{2.25} = 1.5$.\nCircle C: $(x-2)^2 + (y-1)^2 \\le r^2$. Center $P(2, 1)$, Radius $r$.\nFor $A \\subseteq C$, $r \\ge PC_1 + R_1 = \\sqrt{(2-0.5)^2 + (1-0.5)^2} + 1 = \\sqrt{2.25 + 0.25} + 1 = \\sqrt{2.5} + 1$.\nFor $B \\subseteq C$, $r \\ge PC_2 + R_2 = \\sqrt{(2-0)^2 + (1-2)^2} + 1.5 = \\sqrt{4+1} + 1.5 = \\sqrt{5} + 1.5$.\nCompare values: $\\sqrt{2.5} \\approx 1.58$. $1.58+1=2.58$.\n$\\sqrt{5} \\approx 2.23$. $2.23+1.5=3.73$.\nWe need the maximum of these two requirements to cover both.\nMax is $\\sqrt{5} + 1.5 = \\frac{2\\sqrt{5} + 3}{2}$.",
    "solution_images": [],
    "difficulty": "Hard",
    "marks": 4
  },
  {
    "id": 45,
    "chapter": "Sets",
    "question": "If $A=\\{x:x \\text{ is a multiple of } 3\\}$ and $B=\\{x:x \\text{ is a multiple of } 5\\}$, then $A-B$ is",
    "question_latex": "$A=\\{3n\\}, B=\\{5n\\}$",
    "question_images": [],
    "options": [
      "(A) $\\overline{A} \\cap B$",
      "(B) $A \\cap \\overline{B}$",
      "(C) $\\overline{A} \\cap \\overline{B}$",
      "(D) $\\overline{A \\cap B}$"
    ],
    "option_images": [],
    "answer": "(B)",
    "solution": "By definition of set difference, $A - B = A \\cap B'$ (or $A \\cap \\overline{B}$).\nIt is the set of elements in A but not in B.",
    "solution_images": [],
    "difficulty": "Easy",
    "marks": 4
  },
  {
    "id": 46,
    "chapter": "Sets",
    "question": "Universal set, $U=\\{x:x^{5}-6x^{4}+11x^{3}-6x^{2}=0\\}$. And $A=\\{x:x^{2}-5x+6=0\\}$, $B=\\{x:x^{2}-3x+2=0\\}$. Then, $(A \\cap B)'$ is equal to",
    "question_latex": "$U=\\{x:x^{5}-6x^{4}+11x^{3}-6x^{2}=0\\}, A=\\{x:x^{2}-5x+6=0\\}, B=\\{x:x^{2}-3x+2=0\\}$",
    "question_images": [],
    "options": [
      "(A) $\\{1,3\\}$",
      "(B) $\\{1, 2, 3\\}$",
      "(C) $\\{0, 1, 3\\}$",
      "(D) $\\{0, 1, 2, 3\\}$"
    ],
    "option_images": [],
    "answer": "(C)",
    "solution": "Find U: $x^2(x^3 - 6x^2 + 11x - 6) = 0$.\nRoots of cubic $x^3 - 6x^2 + 11x - 6$: $x=1, 2, 3$.\nSo $U = \\{0, 1, 2, 3\\}$.\nFind A: $(x-2)(x-3)=0 \\Rightarrow A=\\{2,3\\}$.\nFind B: $(x-1)(x-2)=0 \\Rightarrow B=\\{1,2\\}$.\n$A \\cap B = \\{2\\}$.\n$(A \\cap B)' = U - \\{2\\} = \\{0, 1, 2, 3\\} - \\{2\\} = \\{0, 1, 3\\}$.",
    "solution_images": [],
    "difficulty": "Medium",
    "marks": 4
  },
  {
    "id": 47,
    "chapter": "Sets",
    "question": "Let $R=\\{(a,a)\\}$ be a relation on a set A. Then, R is",
    "question_latex": "$R=\\{(a,a)\\}$",
    "question_images": [],
    "options": [
      "(A) Symmetric",
      "(B) Antisymmetric",
      "(C) Symmetric and antisymmetric",
      "(D) Neither symmetric nor antisymmetric"
    ],
    "option_images": [],
    "answer": "(C)",
    "solution": "Given $R = \\{(a,a)\\}$ (presumably for all $a$ or just a single element, the properties hold for diagonal elements).\nSymmetric: If $(x,y) \\in R$, then $(y,x) \\in R$. Here $(a,a) \\in R \\implies (a,a) \\in R$. True.\nAntisymmetric: If $(x,y) \\in R$ and $(y,x) \\in R$, then $x=y$. Here $(a,a) \\in R$ implies $a=a$. True.\nThus, it is both symmetric and antisymmetric.\n(Note: The Source lists 'Symmetric and antisymmetric' as option C).",
    "solution_images": [],
    "difficulty": "Easy",
    "marks": 4
  },
  {
    "id": 48,
    "chapter": "Sets",
    "question": "In a town of 10,000 families it was found that 40% families buy newspaper A, 20% families buy newspaper B and 10% families buy newspaper C, 5% families buy A and B, 3% buy B and C and 4% buy A and C. If 2% families buy all the three newspapers, then the number of families which buy A only is",
    "question_latex": "",
    "question_images": [],
    "options": [
      "(A) 3100",
      "(B) 3300",
      "(C) 2900",
      "(D) 1400"
    ],
    "option_images": [],
    "answer": "(B)",
    "solution": "$n(A only) = n(A) - n(A \\cap B) - n(A \\cap C) + n(A \\cap B \\cap C)$.\nValues in %:\n$A = 40$\n$A \\cap B = 5$\n$A \\cap C = 4$\n$A \\cap B \\cap C = 2$\n$A_{only} = 40 - 5 - 4 + 2 = 33\\%$.\n$33\\%$ of $10,000 = 3300$.",
    "solution_images": [],
    "difficulty": "Medium",
    "marks": 4
  },
  {
    "id": 49,
    "chapter": "Sets",
    "question": "Let A = {ONGC, BHEL, SAIL, GAIL, IOCL} and R be a relation defined as two elements of A are related if they share exactly one letter. The relation R is",
    "question_latex": "",
    "question_images": [],
    "options": [
      "(A) Anti-symmetric",
      "(B) Only transitive",
      "(C) Only symmetric",
      "(D) Equivalence"
    ],
    "option_images": [],
    "answer": "(C)",
    "solution": "Let's check pairs:\nBHEL (B,H,E,L) and SAIL (S,A,I,L). Common: {L}. Count=1. (BHEL, SAIL) in R.\nSymmetry: If A shares 1 letter with B, B shares 1 letter with A. So Symmetric.\nReflexive: ONGC shares 4 letters with ONGC. Not reflexive.\nTransitive: (BHEL, SAIL) in R. Check (SAIL, GAIL). SAIL(S,A,I,L), GAIL(G,A,I,L). Common {A,I,L}. Count=3. Not in R.\nLet's check the source example: The source lists pairs explicitly.\n$R = \\{(BHEL, SAIL), (SAIL, BHEL), (BHEL, GAIL), (GAIL, BHEL), (BHEL, IOCL), (IOCL, BHEL)\\}$.\nWait, does BHEL and GAIL share exactly one? B,H,E,L vs G,A,I,L. Common: {L}. Yes.\nDoes BHEL and IOCL share exactly one? B,H,E,L vs I,O,C,L. Common: {L}. Yes.\nDoes SAIL and GAIL share 1? {A,I,L}. No (3).\nDoes SAIL and IOCL share 1? S,A,I,L vs I,O,C,L. {I,L} (2). No.\nDoes GAIL and IOCL share 1? G,A,I,L vs I,O,C,L. {I,L} (2). No.\nSo the relation R contains the symmetric pairs listed.\nIt is not transitive because (SAIL, BHEL) is in R, (BHEL, GAIL) is in R, but (SAIL, GAIL) is NOT in R.\nTherefore: Only Symmetric.",
    "solution_images": [],
    "difficulty": "Hard",
    "marks": 4
  },
  {
    "id": 50,
    "chapter": "Sets",
    "question": "In order that a relation R defined on a non-empty set A is an equivalence relation, it is sufficient, if R",
    "question_latex": "",
    "question_images": [],
    "options": [
      "(A) Is reflexive",
      "(B) Is symmetric",
      "(C) Is transitive",
      "(D) Possesses all the above three properties"
    ],
    "option_images": [],
    "answer": "(D)",
    "solution": "Definition of equivalence relation: A relation must be Reflexive, Symmetric, and Transitive.\nSo it must possess all three properties.",
    "solution_images": [],
    "difficulty": "Easy",
    "marks": 4
  },
  {
    "id": 51,
    "chapter": "Sets",
    "question": "If A and B are any two sets, then $A\\cup(A\\cap B)$ is equal to",
    "question_latex": "$A\\cup(A\\cap B)$",
    "question_images": [],
    "options": [
      "(A) A",
      "(B) B",
      "(C) A",
      "(D) B"
    ],
    "option_images": [],
    "answer": "(A)",
    "solution": "We know that $A \\cap B \\subseteq A$.\nHence, $A \\cup (A \\cap B) = A$.",
    "solution_images": [],
    "difficulty": "Easy",
    "marks": 4
  },
  {
    "id": 52,
    "chapter": "Sets",
    "question": "Let $S=\\{x\\in[-6,3]-\\{-2,2\\}:\\frac{|x+3|-1}{|x|-2}\\ge0\\}$ and $T=\\{x\\in Z:x^{2}-7|x|+9\\le0\\}$. Then the number of elements in $S \\cap T$ is",
    "question_latex": "$S=\\{x\\in[-6,3]-\\{-2,2\\}:\\frac{|x+3|-1}{|x|-2}\\ge0\\}, T=\\{x\\in Z:x^{2}-7|x|+9\\le0\\}$",
    "question_images": [],
    "options": [
      "(A) 4",
      "(B) 7",
      "(C) 5",
      "(D) 3"
    ],
    "option_images": [],
    "answer": "(D)",
    "solution": "**For S:**\nCase I: $|x|-2 > 0$ and $|x+3|-1 \\ge 0$\n$|x| > 2 \\Rightarrow x > 2$ or $x < -2$.\n$|x+3| \\ge 1 \\Rightarrow x+3 \\ge 1$ or $x+3 \\le -1 \\Rightarrow x \\ge -2$ or $x \\le -4$.\nIntersection with domain $[-6,3]$: $x \\in [-6, -4] \\cup (2, 3]$.\nCase II: $|x|-2 < 0$ and $|x+3|-1 \\le 0$\n$|x| < 2 \\Rightarrow -2 < x < 2$.\n$|x+3| \\le 1 \\Rightarrow -1 \\le x+3 \\le 1 \\Rightarrow -4 \\le x \\le -2$.\nNo common solution.\nSo, $S = [-6, -4] \\cup (2, 3]$.\n\n**For T:**\n$x^2 - 7|x| + 9 \\le 0$.\nRoots of $t^2 - 7t + 9 = 0$ are $t = \\frac{7 \\pm \\sqrt{13}}{2} \\approx \\frac{7 \\pm 3.6}{2}$.\n$t_1 \\approx 1.7, t_2 \\approx 5.3$.\nSo $1.7 \\le |x| \\le 5.3$.\nSince $x \\in Z$, $|x| \\in \\{2, 3, 4, 5\\}$.\n$x \\in \\{\\pm 2, \\pm 3, \\pm 4, \\pm 5\\}$.\n\n**Intersection $S \\cap T$:**\n$S$ contains integers $\\{-6, -5, -4, 3\\}$.\n$T$ contains $\\{-5, -4, -3, -2, 2, 3, 4, 5\\}$.\nCommon elements: $\\{-5, -4, 3\\}$.\nNumber of elements = 3.",
    "solution_images": [],
    "difficulty": "Hard",
    "marks": 4
  },
  {
    "id": 53,
    "chapter": "Sets",
    "question": "The relation $R = \\{(1,1), (2,2), (3,3), (1,2), (2,3), (1,3)\\}$ on set $A=\\{1,2,3\\}$ is",
    "question_latex": "$R = \\{(1,1), (2,2), (3,3), (1,2), (2,3), (1,3)\\}$",
    "question_images": [],
    "options": [
      "(A) Reflexive but not symmetric",
      "(B) Reflexive but not transitive",
      "(C) Symmetric and transitive",
      "(D) Neither symmetric nor transitive"
    ],
    "option_images": [],
    "answer": "(A)",
    "solution": "Reflexive: $(1,1), (2,2), (3,3)$ are in R. So, Reflexive.\nSymmetric: $(1,2) \\in R$ but $(2,1) \\notin R$. So, Not Symmetric.\nTransitive: $(1,2) \\in R, (2,3) \\in R \\Rightarrow (1,3) \\in R$. This holds. It is transitive.\nCorrect description among options: Reflexive but not symmetric.",
    "solution_images": [],
    "difficulty": "Easy",
    "marks": 4
  },
  {
    "id": 54,
    "chapter": "Sets",
    "question": "If $A=\\{1,2,3,4\\}$, then the number of subsets of set A containing element 3, is",
    "question_latex": "$A=\\{1,2,3,4\\}$",
    "question_images": [],
    "options": [
      "(A) 24",
      "(B) 28",
      "(C) 8",
      "(D) 16"
    ],
    "option_images": [],
    "answer": "(C)",
    "solution": "Total elements $n=4$.\nWe want subsets containing '3'.\nFix '3' in the subset. We have to choose from the remaining $4-1=3$ elements.\nNumber of ways = $2^3 = 8$.",
    "solution_images": [],
    "difficulty": "Easy",
    "marks": 4
  },
  {
    "id": 55,
    "chapter": "Sets",
    "question": "If $A=\\{1,2,3\\},$ then the relation $R=\\{(1,1),(2,2),(3,1),(1,3)\\}$ is",
    "question_latex": "$A=\\{1,2,3\\}, R=\\{(1,1),(2,2),(3,1),(1,3)\\}$",
    "question_images": [],
    "options": [
      "(A) Reflexive",
      "(B) Symmetric",
      "(C) Transitive",
      "(D) Equivalence"
    ],
    "option_images": [],
    "answer": "(B)",
    "solution": "Reflexive: $(3,3) \\notin R$. Not reflexive.\nSymmetric: $(3,1) \\in R$ and $(1,3) \\in R$. $(1,1), (2,2)$ are symmetric. So, Symmetric.\nTransitive: $(3,1) \\in R, (1,3) \\in R \\Rightarrow (3,3) \\in R$. But $(3,3) \\notin R$. Not transitive.",
    "solution_images": [],
    "difficulty": "Easy",
    "marks": 4
  },
  {
    "id": 56,
    "chapter": "Sets",
    "question": "Let R be a reflexive relation on a set A and I be the identity relation on A. Then,",
    "question_latex": "",
    "question_images": [],
    "options": [
      "(A) $R \\subset I$",
      "(B) $I \\subset R$",
      "(C) $R=I$",
      "(D) None of these"
    ],
    "option_images": [],
    "answer": "(B)",
    "solution": "Identity relation $I = \\{(a,a) : a \\in A\\}$.\nA reflexive relation R must contain all $(a,a)$ for $a \\in A$, plus possibly other elements.\nTherefore, $I \\subseteq R$.",
    "solution_images": [],
    "difficulty": "Easy",
    "marks": 4
  },
  {
    "id": 57,
    "chapter": "Sets",
    "question": "Let $A=\\{(x,y): y=e^{x},x\\in R\\}$, $B=\\{(x,y):y=e^{-x},x\\in R\\}$. Then",
    "question_latex": "$A=\\{(x,y): y=e^{x}\\}, B=\\{(x,y):y=e^{-x}\\}$",
    "question_images": [],
    "options": [
      "(A) $A \\cap B = \\emptyset$",
      "(B) $A \\cap B \\neq \\emptyset$",
      "(C) $A \\cup B = R^{2}$",
      "(D) None of these"
    ],
    "option_images": [],
    "answer": "(B)",
    "solution": "Equating $y$: $e^x = e^{-x} \\Rightarrow e^{2x} = 1 \\Rightarrow x = 0$.\n$y = e^0 = 1$.\nIntersection point is $(0,1)$.\nThus, $A \\cap B \\neq \\emptyset$.",
    "solution_images": [],
    "difficulty": "Medium",
    "marks": 4
  },
  {
    "id": 58,
    "chapter": "Sets",
    "question": "If a set A contains n elements, then which of the following cannot be the number of reflexive relations on the set A?",
    "question_latex": "",
    "question_images": [],
    "options": [
      "(A) 2",
      "(B) $2^{n-1}$",
      "(C) $2^{n^{2}-1}$",
      "(D) $2^{n+1}$"
    ],
    "option_images": [],
    "answer": "(D)",
    "solution": "Number of reflexive relations is $2^{n^2-n}$.\nFor $n=1$, $2^0=1$. (Not in options).\nFor $n=2$, $2^{4-2}=2^2=4$.\nChecking options:\n(A) 2: If $n^2-n=1$, no integer solution.\nWait, let's solve $n^2-n = k$ for options.\n(B) $2^{n-1}$: $n^2-n = n-1 \\implies n^2-2n+1=0 \\implies (n-1)^2=0 \\implies n=1$. Possible.\n(C) $2^{n^2-1}$: $n^2-n = n^2-1 \\implies n=1$. Possible.\n(D) $2^{n+1}$: $n^2-n = n+1 \\implies n^2-2n-1=0$. Discriminant $4+4=8$. Not a perfect square. No integer n.\nSo $2^{n+1}$ is not possible.",
    "solution_images": [],
    "difficulty": "Hard",
    "marks": 4
  },
  {
    "id": 59,
    "chapter": "Sets",
    "question": "If $A_{1}\\subset A_{2}\\subset A_{3}\\subset\\cdot\\cdot\\cdot\\subset A_{50}$ and $n(A_{i})=i-1$, then $n(\\bigcap_{i=11}^{50}A_{i})=$",
    "question_latex": "$A_{1}\\subset A_{2}\\subset ...\\subset A_{50}, n(A_{i})=i-1$",
    "question_images": [],
    "options": [
      "(A) 49",
      "(B) 50",
      "(C) 11",
      "(D) 10"
    ],
    "option_images": [],
    "answer": "(D)",
    "solution": "Since $A_{11} \\subset A_{12} ... \\subset A_{50}$, the intersection is the smallest set, which is $A_{11}$.\n$n(A_{11}) = 11 - 1 = 10$.",
    "solution_images": [],
    "difficulty": "Medium",
    "marks": 4
  },
  {
    "id": 60,
    "chapter": "Sets",
    "question": "Let $A=\\{1,2,3,4,5\\}$. Let R be a relation on A defined by xRy, if and only if $4x\\le5y$. Let m be the number of elements in R and n be the minimum number of elements from $A\\times A$ that are required to be added to R to make it a symmetric relation. Then $m+n$ is equal to:",
    "question_latex": "$A=\\{1,2,3,4,5\\}, xRy \\iff 4x\\le5y$",
    "question_images": [],
    "options": [
      "(A) 25",
      "(B) 23",
      "(C) 24",
      "(D) 26"
    ],
    "option_images": [],
    "answer": "(A)",
    "solution": "$4x \\le 5y \\implies y \\ge 0.8x$.\nPossible pairs (x,y):\nx=1 ($y \\ge 0.8$): (1,1), (1,2), (1,3), (1,4), (1,5) (5 pairs)\nx=2 ($y \\ge 1.6$): (2,2), (2,3), (2,4), (2,5) (4 pairs)\nx=3 ($y \\ge 2.4$): (3,3), (3,4), (3,5) (3 pairs)\nx=4 ($y \\ge 3.2$): (4,4), (4,5) (2 pairs)\nx=5 ($y \\ge 4.0$): (5,4), (5,5) (2 pairs)\nTotal $m = 5+4+3+2+2 = 16$.\nRelation R:\nSymmety check: If $(x,y) \\in R$, need $(y,x) \\in R$.\nMissing symmetric pairs:\n(1,2) in R -> (2,1) needed. ($4(2) \\le 5(1) \\implies 8 \\le 5$ False). Need to add (2,1).\n(1,3) -> (3,1) needed.\n(1,4) -> (4,1) needed.\n(1,5) -> (5,1) needed.\n(2,3) -> (3,2) needed.\n(2,4) -> (4,2) needed.\n(2,5) -> (5,2) needed.\n(3,4) -> (4,3) needed.\n(3,5) -> (5,3) needed.\n(4,5) -> (5,4). Is (5,4) in R? $4(5) \\le 5(4) \\implies 20 \\le 20$. Yes. So (5,4) exists.\n(5,4) -> (4,5). Exists.\nPairs to add: (2,1), (3,1), (4,1), (5,1), (3,2), (4,2), (5,2), (4,3), (5,3). Total $n = 9$.\n$m + n = 16 + 9 = 25$.",
    "solution_images": [],
    "difficulty": "Hard",
    "marks": 4
  },
  {
    "id": 61,
    "chapter": "Sets",
    "question": "Let A be the set of all students in a school. A relation R is defined on A as follows: \"aRb iff a and b have the same teacher\".",
    "question_latex": "aRb \\iff \\text{a and b have same teacher}",
    "question_images": [],
    "options": [
      "(A) Reflexive",
      "(B) Symmetric",
      "(C) Transitive",
      "(D) Equivalence"
    ],
    "option_images": [],
    "answer": "(D)",
    "solution": "Reflexive: a has same teacher as a. (True)\nSymmetric: a same teacher as b -> b same teacher as a. (True)\nTransitive: a same as b, b same as c -> a same as c. (True)\nIt is an equivalence relation.",
    "solution_images": [],
    "difficulty": "Easy",
    "marks": 4
  },
  {
    "id": 62,
    "chapter": "Sets",
    "question": "$\\{x\\in R:\\frac{2x-1}{x^{3}+4x^{2}+3x}\\in R\\}$ equals",
    "question_latex": "$\\{x\\in R:\\frac{2x-1}{x^{3}+4x^{2}+3x}\\in R\\}$",
    "question_images": [],
    "options": [
      "(A) $R-\\{0\\}$",
      "(B) $R-\\{0,1,3\\}$",
      "(C) $R-\\{0,-1,-3\\}$",
      "(D) $R-\\{0,-1,-3,+\\infty\\}$"
    ],
    "option_images": [],
    "answer": "(C)",
    "solution": "The expression is defined if the denominator is non-zero.\n$x^3 + 4x^2 + 3x \\ne 0$\n$x(x^2 + 4x + 3) \\ne 0$\n$x(x+1)(x+3) \\ne 0$\n$x \\ne 0, x \\ne -1, x \\ne -3$.\nSo the set is $R - \\{0, -1, -3\\}$.",
    "solution_images": [],
    "difficulty": "Easy",
    "marks": 4
  },
  {
    "id": 63,
    "chapter": "Sets",
    "question": "In a certain town, 25% of the families own a phone and 15% own a car, 65% families own neither a phone nor a car and 2000 families own both a car and a phone. Consider the following three statements:\n(1) 5% families own both a car and a phone.\n(2) 35% families own either a car or a phone.\n(3) 40,000 families live in the town.\nThen",
    "question_latex": "",
    "question_images": [],
    "options": [
      "(A) only (1) and (3) are correct",
      "(B) only (2) and (3) are correct",
      "(C) only (1) and (2) are correct",
      "(D) all (1), (2) and (3) are correct"
    ],
    "option_images": [],
    "answer": "(D)",
    "solution": "Let P = Phone, C = Car.\n$n(P) = 25\\%, n(C) = 15\\%$.\n$n(P' \\cap C') = 65\\% \\Rightarrow n((P \\cup C)') = 65\\%$.\nSo $n(P \\cup C) = 100\\% - 65\\% = 35\\%$. (Statement 2 is correct).\n$n(P \\cap C) = n(P) + n(C) - n(P \\cup C) = 25 + 15 - 35 = 5\\%$. (Statement 1 is correct).\nGiven 2000 families own both: $5\\%$ of Total = 2000.\nTotal $= \\frac{2000}{0.05} = 40,000$. (Statement 3 is correct).\nAll statements are correct.",
    "solution_images": [],
    "difficulty": "Medium",
    "marks": 4
  },
  {
    "id": 64,
    "chapter": "Sets",
    "question": "Let A and B be two sets, then $(A\\cup B)^{\\prime}\\cup(A^{\\prime}\\cap B)$ is equal to",
    "question_latex": "$(A\\cup B)^{\\prime}\\cup(A^{\\prime}\\cap B)$",
    "question_images": [],
    "options": [
      "(A) $A^{\\prime}$",
      "(B) A",
      "(C) B'",
      "(D) None of these"
    ],
    "option_images": [],
    "answer": "(A)",
    "solution": "$(A \\cup B)' = A' \\cap B'$.\nExpression $= (A' \\cap B') \\cup (A' \\cap B)$.\nFactor out $A'$: $A' \\cap (B' \\cup B)$.\n$B' \\cup B = U$.\n$A' \\cap U = A'$.",
    "solution_images": [],
    "difficulty": "Easy",
    "marks": 4
  },
  {
    "id": 65,
    "chapter": "Sets",
    "question": "If A and B are two sets such that $n(A\\cap\\overline{B})=9$, $n(\\overline{A}\\cap B)=10$ and $n(A\\cup B)=24$ then $n(A\\times B)=$",
    "question_latex": "$n(A\\cap\\overline{B})=9, n(\\overline{A}\\cap B)=10, n(A\\cup B)=24$",
    "question_images": [],
    "options": [
      "(A) 105",
      "(B) 210",
      "(C) 70",
      "(D) None of these"
    ],
    "option_images": [],
    "answer": "(B)",
    "solution": "$n(A \\cap B') = n(A - B) = 9$.\n$n(A' \\cap B) = n(B - A) = 10$.\n$n(A \\cup B) = n(A - B) + n(B - A) + n(A \\cap B)$.\n$24 = 9 + 10 + n(A \\cap B) \\Rightarrow n(A \\cap B) = 5$.\n$n(A) = n(A - B) + n(A \\cap B) = 9 + 5 = 14$.\n$n(B) = n(B - A) + n(A \\cap B) = 10 + 5 = 15$.\n$n(A \\times B) = n(A) \\times n(B) = 14 \\times 15 = 210$.",
    "solution_images": [],
    "difficulty": "Medium",
    "marks": 4
  },
  {
    "id": 66,
    "chapter": "Sets",
    "question": "If S is a set with 10 elements and $A=\\{(x,y): x, y\\in S,x\\ne y\\}$, then the number of elements in A is",
    "question_latex": "$n(S)=10, A=\\{(x,y): x, y\\in S,x\\ne y\\}$",
    "question_images": [],
    "options": [
      "(A) 100",
      "(B) 90",
      "(C) 50",
      "(D) 45"
    ],
    "option_images": [],
    "answer": "(B)",
    "solution": "Total ordered pairs in $S \\times S$ is $10^2 = 100$.\nPairs with $x=y$ are 10.\n$n(A) = 100 - 10 = 90$.",
    "solution_images": [],
    "difficulty": "Easy",
    "marks": 4
  },
  {
    "id": 67,
    "chapter": "Sets",
    "question": "If A, B and C are three sets such that $A\\supset B\\supset C.$ then $(A\\cup B\\cup C)-(A\\cap B\\cap C)=$",
    "question_latex": "$A\\supset B\\supset C$",
    "question_images": [],
    "options": [
      "(A) $A-B$",
      "(B) B-C",
      "(C) $A-C$",
      "(D) None of these"
    ],
    "option_images": [],
    "answer": "(C)",
    "solution": "Given $A \\supset B \\supset C$, we have:\n$A \\cup B \\cup C = A$.\n$A \\cap B \\cap C = C$.\nThe expression becomes $A - C$.",
    "solution_images": [],
    "difficulty": "Easy",
    "marks": 4
  },
  {
    "id": 68,
    "chapter": "Sets",
    "question": "If $A=\\{p\\in N: p \\text{ is a prime and } p=\\frac{7n^{2}+3n+3}{n} \\text{ for some } n \\in N\\}$, then the number of elements in the set A, is",
    "question_latex": "$p=\\frac{7n^{2}+3n+3}{n}$",
    "question_images": [],
    "options": [
      "(A) 1",
      "(B) 2",
      "(C) 3",
      "(D) 4"
    ],
    "option_images": [],
    "answer": "(A)",
    "solution": "$p = 7n + 3 + \\frac{3}{n}$.\nFor $p$ to be an integer, $n$ must divide 3.\nSince $n \\in N$, $n$ can be 1 or 3.\nIf $n=1$: $p = 7(1) + 3 + 3 = 13$ (Prime).\nIf $n=3$: $p = 7(3) + 3 + 1 = 21 + 4 = 25$ (Not prime).\nSo only $p=13$ works.\nNumber of elements in A is 1.",
    "solution_images": [],
    "difficulty": "Medium",
    "marks": 4
  },
  {
    "id": 69,
    "chapter": "Sets",
    "question": "Consider the relations $R_{1}$ and $R_{2}$ defined as $aR_{1}b\\Leftrightarrow a^{2}+b^{2}=1$ for all a, b $\\in$ R and $(a,b)R_{2}(c,d)\\Leftrightarrow a+d=b+c$ for all (a, b), $(c,d)\\in N\\times N$. Then",
    "question_latex": "$aR_{1}b\\Leftrightarrow a^{2}+b^{2}=1$",
    "question_images": [],
    "options": [
      "(A) Neither $R_{1}$ nor $R_{2}$ is an equivalence relation",
      "(B) Only $R_{2}$ is an equivalence relation",
      "(C) $R_{1}$ and $R_{2}$ both are equivalence relations",
      "(D) Only $R_{1}$ is an equivalence relation"
    ],
    "option_images": [],
    "answer": "(B)",
    "solution": "**For $R_1$:**\nReflexive? $a^2 + a^2 = 2a^2 = 1 \\implies a = \\pm 1/\\sqrt{2}$. Not true for all real a. (e.g. $1^2+1^2=2\\ne 1$). Not reflexive.\n\n**For $R_2$:** $(a,b)R_2(c,d) \\iff a+d=b+c \\iff a-b=c-d$.\nReflexive: $a-b = a-b$. (True)\nSymmetric: $a-b=c-d \\Rightarrow c-d=a-b$. (True)\nTransitive: $a-b=c-d$ and $c-d=e-f \\Rightarrow a-b=e-f$. (True)\n$R_2$ is an equivalence relation.\nThus, only $R_2$ is an equivalence relation.",
    "solution_images": [],
    "difficulty": "Medium",
    "marks": 4
  },
  {
    "id": 70,
    "chapter": "Sets",
    "question": "Let n be a fixed positive integer. Define a relation R on the set Z of integers by, $a R b \\iff n | a-b$. Then, R is not",
    "question_latex": "$a R b \\iff n | a-b$",
    "question_images": [],
    "options": [
      "(A) Reflexive",
      "(B) Symmetric",
      "(C) Transitive",
      "(D) None of these"
    ],
    "option_images": [],
    "answer": "(D)",
    "solution": "The relation is congruence modulo n.\nIt is Reflexive ($n|a-a$), Symmetric ($n|a-b \\implies n|b-a$), and Transitive ($n|a-b, n|b-c \\implies n|a-c$).\nSince it is all of the above, it is an Equivalence relation.\nThe question asks what it is *not*.\nSince it *is* Reflexive, Symmetric, and Transitive, the answer is \"None of these\".",
    "solution_images": [],
    "difficulty": "Easy",
    "marks": 4
  },
  {
    "id": 71,
    "chapter": "Sets",
    "question": "Two newspapers A and B are published in a city. It is known that 25% of the city population reads A and 20% reads B while 8% reads both A and B. Further, 30% of those who read A but not B look into advertisements and 40% of those who read B but not A also look into advertisements, while 50% of those who read both A and B look into advertisements. Then the percentage of the population who look into advertisements is",
    "question_latex": "",
    "question_images": [],
    "options": [
      "(A) 13",
      "(B) 13.9",
      "(C) 13.5",
      "(D) 12.8"
    ],
    "option_images": [],
    "answer": "(B)",
    "solution": "Reads A only: $25 - 8 = 17\\%$.\nReads B only: $20 - 8 = 12\\%$.\nReads Both: $8\\%$.\nAds from A only: $30\\%$ of $17 = 5.1\\%$.\nAds from B only: $40\\%$ of $12 = 4.8\\%$.\nAds from Both: $50\\%$ of $8 = 4.0\\%$.\nTotal Ads = $5.1 + 4.8 + 4.0 = 13.9\\%$.",
    "solution_images": [],
    "difficulty": "Medium",
    "marks": 4
  },
  {
    "id": 72,
    "chapter": "Sets",
    "question": "Let Z denote the set of all integers and $A=\\{(a,b):a^{2}+3b^{2}=28, a,b\\in\\mathbb{Z}\\}$ and $B=\\{(a,b): a > b, a, b \\in Z\\}$. Then, the number of elements in $A \\cap B$ is",
    "question_latex": "$A=\\{(a,b):a^{2}+3b^{2}=28\\}, B=\\{(a,b): a > b\\}$",
    "question_images": [],
    "options": [
      "(A) 2",
      "(B) 3",
      "(C) 4",
      "(D) 6"
    ],
    "option_images": [],
    "answer": "(D)",
    "solution": "Solve $a^2 + 3b^2 = 28$ for integers.\nPossible values for $b^2$:\nIf $b^2=0, a^2=28$ (No integer a).\nIf $b^2=1, a^2=25 \\Rightarrow a=\\pm 5$. Pairs: $(5,1), (5,-1), (-5,1), (-5,-1)$.\nIf $b^2=4, a^2=28-12=16 \\Rightarrow a=\\pm 4$. Pairs: $(4,2), (4,-2), (-4,2), (-4,-2)$.\nIf $b^2=9, a^2=28-27=1 \\Rightarrow a=\\pm 1$. Pairs: $(1,3), (1,-3), (-1,3), (-1,-3)$.\nIf $b^2 \\ge 16$, $3b^2 > 28$. Stop.\nTotal pairs in A: 12.\nCheck condition $a > b$ for each:\n(5,1): 5>1 (Yes)\n(5,-1): 5>-1 (Yes)\n(-5,1): -5>1 (No)\n(-5,-1): -5>-1 (No)\n(4,2): 4>2 (Yes)\n(4,-2): 4>-2 (Yes)\n(-4,2): -4>2 (No)\n(-4,-2): -4>-2 (No)\n(1,3): 1>3 (No)\n(1,-3): 1>-3 (Yes)\n(-1,3): -1>3 (No)\n(-1,-3): -1>-3 (Yes)\nValid pairs: (5,1), (5,-1), (4,2), (4,-2), (1,-3), (-1,-3).\nTotal 6 elements.",
    "solution_images": [],
    "difficulty": "Hard",
    "marks": 4
  },
  {
    "id": 73,
    "chapter": "Sets",
    "question": "Let $R=\\{(a,a)\\}$ be a relation on a set A. Then, R is",
    "question_latex": "$R=\\{(a,a)\\}$",
    "question_images": [],
    "options": [
      "(A) Symmetric",
      "(B) Antisymmetric",
      "(C) Symmetric and antisymmetric",
      "(D) Neither symmetric nor antisymmetric"
    ],
    "option_images": [],
    "answer": "(C)",
    "solution": "A relation containing only diagonal elements is both symmetric ($(a,a) \\in R \\implies (a,a) \\in R$) and antisymmetric ($ (a,a) \\in R \\text{ and } (a,a) \\in R \\implies a=a$).\n(Assuming 'a' here implies for all elements in R, or R consists of a single element (a,a), property holds).",
    "solution_images": [],
    "difficulty": "Easy",
    "marks": 4
  },
  {
    "id": 74,
    "chapter": "Sets",
    "question": "Let $S=\\{1,2,3,...,100\\}$. The number of non-empty subsets A of S such that the product of elements in A is even is",
    "question_latex": "$S=\\{1,2,3,...,100\\}$",
    "question_images": [],
    "options": [
      "(A) $2^{50}(2^{50}-1)$",
      "(B) $2^{100}-1$",
      "(C) $2^{50}+1$",
      "(D) $2^{50}-1$"
    ],
    "option_images": [],
    "answer": "(A)",
    "solution": "Product is even if at least one element is even.\nTotal non-empty subsets = $2^{100} - 1$.\nSubsets with product odd = Subsets containing ONLY odd numbers.\nOdd numbers in S: 1, 3, ..., 99 (50 numbers).\nNumber of odd subsets = $2^{50} - 1$.\nRequired = Total - Odd subsets = $(2^{100} - 1) - (2^{50} - 1) = 2^{100} - 2^{50} = 2^{50}(2^{50} - 1)$.",
    "solution_images": [],
    "difficulty": "Medium",
    "marks": 4
  },
  {
    "id": 75,
    "chapter": "Sets",
    "question": "If $A=\\{1,2,3\\},$ $B=\\{a,b\\}$, then $A\\times B$ is",
    "question_latex": "$A=\\{1,2,3\\}, B=\\{a,b\\}$",
    "question_images": [],
    "options": [
      "(A) $\\{(1,a), (2, b), (3, b)\\}$",
      "(B) $\\{(1, b), (2, a)\\}$",
      "(C) $\\{(1,a), (1,b), (2, a), (2, b), (3, a), (3,b)\\}$",
      "(D) $\\{(1,a), (2, a), (2, b), (3, b)\\}$"
    ],
    "option_images": [],
    "answer": "(C)",
    "solution": "Cartesian product $A \\times B$ contains all ordered pairs $(x,y)$ where $x \\in A$ and $y \\in B$.\nPairs: (1,a), (1,b), (2,a), (2,b), (3,a), (3,b).",
    "solution_images": [],
    "difficulty": "Easy",
    "marks": 4
  },
  {
    "id": 76,
    "chapter": "Sets",
    "question": "If A, B, C are three sets such that $A \\cap B = A \\cap C$ and $A \\cup B = A \\cup C$, then",
    "question_latex": "$A \\cap B = A \\cap C, A \\cup B = A \\cup C$",
    "question_images": [],
    "options": [
      "(A) $A = B$",
      "(B) $A = C$",
      "(C) $B = C$",
      "(D) $A \\cap B = \\phi$"
    ],
    "option_images": [],
    "answer": "(C)",
    "solution": "Given $A \\cup B = A \\cup C$ and $A \\cap B = A \\cap C$.\nUsing the property $B = (B \\cup A) \\cap (B \\cup A^c)$ and comparing with C, or by distributive laws:\n$B = B \\cap (B \\cup A) = B \\cap (C \\cup A) = (B \\cap C) \\cup (B \\cap A)$\n$= (B \\cap C) \\cup (C \\cap A) = C \\cap (B \\cup A) = C \\cap (C \\cup A) = C$.\nThus $B = C$.",
    "solution_images": [],
    "difficulty": "Medium",
    "marks": 4
  },
  {
    "id": 77,
    "chapter": "Sets",
    "question": "The number of elements in the power set of the set $A = \\{\\{1, 2\\}, \\{3\\}\\}$ is",
    "question_latex": "$A = \\{\\{1, 2\\}, \\{3\\}\\}$",
    "question_images": [],
    "options": [
      "(A) 2",
      "(B) 4",
      "(C) 8",
      "(D) 16"
    ],
    "option_images": [],
    "answer": "(B)",
    "solution": "The set A contains two elements: $e_1 = \\{1, 2\\}$ and $e_2 = \\{3\\}$.\nSince $n(A) = 2$, the number of elements in the power set $P(A)$ is $2^{n(A)} = 2^2 = 4$.",
    "solution_images": [],
    "difficulty": "Easy",
    "marks": 4
  },
  {
    "id": 78,
    "chapter": "Sets",
    "question": "If $A = \\{x : x^2 - 5x + 6 = 0\\}$, $B = \\{2, 4\\}$, $C = \\{4, 5\\}$, then $A \\times (B \\cap C)$ is",
    "question_latex": "$A = \\{x : x^2 - 5x + 6 = 0\\}, B = \\{2, 4\\}, C = \\{4, 5\\}$",
    "question_images": [],
    "options": [
      "(A) $\\{(2, 4), (3, 4)\\}$",
      "(B) $\\{(4, 2), (4, 3)\\}$",
      "(C) $\\{(2, 4), (3, 5)\\}$",
      "(D) $\\{(2, 1), (3, 4), (4, 4)\\}$"
    ],
    "option_images": [],
    "answer": "(A)",
    "solution": "Solving $x^2 - 5x + 6 = 0$ gives $(x-2)(x-3)=0$, so $A = \\{2, 3\\}$.\n$B \\cap C = \\{2, 4\\} \\cap \\{4, 5\\} = \\{4\\}$.\n$A \\times (B \\cap C) = \\{2, 3\\} \\times \\{4\\} = \\{(2, 4), (3, 4)\\}$.",
    "solution_images": [],
    "difficulty": "Easy",
    "marks": 4
  },
  {
    "id": 79,
    "chapter": "Sets",
    "question": "Let $A = \\{1, 2, 3\\}$. The total number of distinct relations that can be defined over A is",
    "question_latex": "$A = \\{1, 2, 3\\}$",
    "question_images": [],
    "options": [
      "(A) $2^9$",
      "(B) 6",
      "(C) 8",
      "(D) $2^6$"
    ],
    "option_images": [],
    "answer": "(A)",
    "solution": "A relation on set A is a subset of $A \\times A$.\nSince $n(A) = 3$, $n(A \\times A) = 3 \\times 3 = 9$.\nThe total number of subsets (and thus relations) is $2^9$.",
    "solution_images": [],
    "difficulty": "Easy",
    "marks": 4
  },
  {
    "id": 80,
    "chapter": "Sets",
    "question": "If $A = \\{1, 2, 3, 4, 5\\}$, then the number of proper subsets of A is",
    "question_latex": "$A = \\{1, 2, 3, 4, 5\\}$",
    "question_images": [],
    "options": [
      "(A) 31",
      "(B) 32",
      "(C) 10",
      "(D) 25"
    ],
    "option_images": [],
    "answer": "(A)",
    "solution": "The number of subsets of a set with $n$ elements is $2^n$.\nThe number of proper subsets is $2^n - 1$.\nHere $n = 5$, so $2^5 - 1 = 32 - 1 = 31$.",
    "solution_images": [],
    "difficulty": "Easy",
    "marks": 4
  },
  {
    "id": 81,
    "chapter": "Sets",
    "question": "Let R be a relation on N defined by $xRy \\iff x + 2y = 8$. The domain of R is",
    "question_latex": "$x + 2y = 8, x, y \\in N$",
    "question_images": [],
    "options": [
      "(A) $\\{2, 4, 8\\}$",
      "(B) $\\{2, 4, 6\\}$",
      "(C) $\\{1, 2, 3, 4\\}$",
      "(D) $\\{1, 2, 3\\}$"
    ],
    "option_images": [],
    "answer": "(B)",
    "solution": "Given $x + 2y = 8$ and $x, y \\in \\{1, 2, 3, ...\\}$.\nIf $y=1, x=6$.\nIf $y=2, x=4$.\nIf $y=3, x=2$.\nIf $y=4, x=0 \\notin N$.\nThe relation $R = \\{(6,1), (4,2), (2,3)\\}$.\nThe domain is the set of first elements: $\\{2, 4, 6\\}$.",
    "solution_images": [],
    "difficulty": "Medium",
    "marks": 4
  },
  {
    "id": 82,
    "chapter": "Sets",
    "question": "Which of the following is a singleton set?",
    "question_latex": "",
    "question_images": [],
    "options": [
      "(A) $\\{x : |x| < 1, x \\in Z\\}$",
      "(B) $\\{x : |x| = 5, x \\in Z\\}$",
      "(C) $\\{x : x^2 = 1, x \\in Z\\}$",
      "(D) $\\{x : x^2 + x + 1 = 0, x \\in R\\}$"
    ],
    "option_images": [],
    "answer": "(A)",
    "solution": "(A) $|x| < 1, x \\in Z \\implies x = 0$. Set is $\\{0\\}$. (Singleton)\n(B) $|x| = 5, x \\in Z \\implies x = \\pm 5$. Set is $\\{-5, 5\\}$.\n(C) $x^2 = 1, x \\in Z \\implies x = \\pm 1$. Set is $\\{-1, 1\\}$.\n(D) $x^2 + x + 1 = 0$ has no real roots (Discriminant < 0). Set is $\\phi$.",
    "solution_images": [],
    "difficulty": "Easy",
    "marks": 4
  },
  {
    "id": 83,
    "chapter": "Sets",
    "question": "If $n(A) = 3$ and $n(B) = 6$, then the minimum number of elements in $A \\cup B$ is",
    "question_latex": "$n(A) = 3, n(B) = 6$",
    "question_images": [],
    "options": [
      "(A) 3",
      "(B) 6",
      "(C) 9",
      "(D) 18"
    ],
    "option_images": [],
    "answer": "(B)",
    "solution": "$n(A \\cup B) = n(A) + n(B) - n(A \\cap B)$.\nTo minimize $n(A \\cup B)$, we must maximize $n(A \\cap B)$.\nThe maximum value of $n(A \\cap B)$ is $\\min(n(A), n(B)) = 3$.\nMin $n(A \\cup B) = 3 + 6 - 3 = 6$.",
    "solution_images": [],
    "difficulty": "Easy",
    "marks": 4
  },
  {
    "id": 84,
    "chapter": "Sets",
    "question": "If A and B are two sets, then $A \\cap (A \\cup B)^c$ is equal to",
    "question_latex": "$A \\cap (A \\cup B)^c$",
    "question_images": [],
    "options": [
      "(A) A",
      "(B) B",
      "(C) $\\phi$",
      "(D) $A \\cap B^c$"
    ],
    "option_images": [],
    "answer": "(C)",
    "solution": "Using De Morgan's Law: $(A \\cup B)^c = A^c \\cap B^c$.\nThe expression is $A \\cap (A^c \\cap B^c) = (A \\cap A^c) \\cap B^c = \\phi \\cap B^c = \\phi$.",
    "solution_images": [],
    "difficulty": "Easy",
    "marks": 4
  },
  {
    "id": 85,
    "chapter": "Sets",
    "question": "If $R = \\{(x, y) : x, y \\in Z, x^2 + y^2 \\le 4\\}$ is a relation on Z, then the domain of R is",
    "question_latex": "$x^2 + y^2 \\le 4, x, y \\in Z$",
    "question_images": [],
    "options": [
      "(A) $\\{0, 1, 2\\}$",
      "(B) $\\{0, -1, -2\\}$",
      "(C) $\\{-2, -1, 0, 1, 2\\}$",
      "(D) None of these"
    ],
    "option_images": [],
    "answer": "(C)",
    "solution": "For $x^2 + y^2 \\le 4$, $x^2$ must be $\\le 4$ since $y^2 \\ge 0$.\n$x^2 \\le 4 \\implies |x| \\le 2$.\nSince $x \\in Z$, $x \\in \\{-2, -1, 0, 1, 2\\}$.\nFor each such $x$, there exists at least one $y \\in Z$ (e.g., $y=0$) such that $x^2 + y^2 \\le 4$.\nThus, domain is $\\{-2, -1, 0, 1, 2\\}$.",
    "solution_images": [],
    "difficulty": "Medium",
    "marks": 4
  },
  {
    "id": 86,
    "chapter": "Sets",
    "question": "Let $A = \\{1, 2, 3, 4\\}$ and $B = \\{1, 2, 3, 4, 5, 6\\}$. The number of functions $f : A \\to B$ which are strictly increasing is",
    "question_latex": "$f : A \\to B$",
    "question_images": [],
    "options": [
      "(A) $^{6}C_{4}$",
      "(B) $^{6}P_{4}$",
      "(C) $6^4$",
      "(D) $4^6$"
    ],
    "option_images": [],
    "answer": "(A)",
    "solution": "To form a strictly increasing function, we just need to choose 4 distinct elements from set B.\nOnce 4 elements are chosen, there is only one way to arrange them in increasing order to map from $\\{1, 2, 3, 4\\}$.\nNumber of ways = $^{6}C_{4} = 15$.",
    "solution_images": [],
    "difficulty": "Medium",
    "marks": 4
  },
  {
    "id": 87,
    "chapter": "Sets",
    "question": "The number of elements in the set $\\{x : x \\in Z, |x-3| < 2\\}$ is",
    "question_latex": "$|x-3| < 2, x \\in Z$",
    "question_images": [],
    "options": [
      "(A) 2",
      "(B) 3",
      "(C) 4",
      "(D) 5"
    ],
    "option_images": [],
    "answer": "(B)",
    "solution": "$|x-3| < 2 \\implies -2 < x - 3 < 2$.\nAdding 3 to all parts: $1 < x < 5$.\nSince $x \\in Z$, $x \\in \\{2, 3, 4\\}$.\nThe number of elements is 3.",
    "solution_images": [],
    "difficulty": "Easy",
    "marks": 4
  },
  {
    "id": 88,
    "chapter": "Sets",
    "question": "If A and B are two sets, then $A - (A - B)$ is equal to",
    "question_latex": "$A - (A - B)$",
    "question_images": [],
    "options": [
      "(A) $A \\cup B$",
      "(B) $A \\cap B$",
      "(C) A",
      "(D) B"
    ],
    "option_images": [],
    "answer": "(B)",
    "solution": "Using the identity $X - Y = X \\cap Y^c$:\n$A - (A \\cap B^c) = A \\cap (A \\cap B^c)^c$\n$= A \\cap (A^c \\cup B) = (A \\cap A^c) \\cup (A \\cap B)$\n$= \\phi \\cup (A \\cap B) = A \\cap B$.",
    "solution_images": [],
    "difficulty": "Medium",
    "marks": 4
  },
  {
    "id": 89,
    "chapter": "Sets",
    "question": "If $A = \\{1, 3, 5, 7, 9\\}$ and $B = \\{2, 4, 6, 8\\}$, then $n(P(A \\cap B))$ is",
    "question_latex": "$n(P(A \\cap B))$",
    "question_images": [],
    "options": [
      "(A) 1",
      "(B) 0",
      "(C) $2^9$",
      "(D) $2^5$"
    ],
    "option_images": [],
    "answer": "(A)",
    "solution": "$A$ is the set of odd digits, $B$ is the set of even digits.\n$A \\cap B = \\phi$.\n$n(A \\cap B) = 0$.\n$n(P(A \\cap B)) = 2^0 = 1$.",
    "solution_images": [],
    "difficulty": "Easy",
    "marks": 4
  },
  {
    "id": 90,
    "chapter": "Sets",
    "question": "A relation R is defined on N by $aRb \\iff a$ divides $b$. Then R is",
    "question_latex": "$a | b, a, b \\in N$",
    "question_images": [],
    "options": [
      "(A) Reflexive and symmetric",
      "(B) Symmetric and transitive",
      "(C) Reflexive and transitive",
      "(D) Equivalence relation"
    ],
    "option_images": [],
    "answer": "(C)",
    "solution": "Reflexive: $a|a$ for all $a \\in N$. (True)\nSymmetric: If $a|b$, does $b|a$? No, e.g., $2|4$ but $4 \\nmid 2$. (False)\nTransitive: If $a|b$ and $b|c$, then $a|c$. (True)\nThus, reflexive and transitive.",
    "solution_images": [],
    "difficulty": "Easy",
    "marks": 4
  },
  {
    "id": 91,
    "chapter": "Sets",
    "question": "In a group of 52 persons, 16 drink tea but not coffee and 33 drink tea. The number of persons who drink coffee but not tea is",
    "question_latex": "",
    "question_images": [],
    "options": [
      "(A) 17",
      "(B) 36",
      "(C) 19",
      "(D) None of these"
    ],
    "option_images": [],
    "answer": "(C)",
    "solution": "Total $n(T \\cup C) = 52$.\nTea but not coffee $n(T - C) = 16$.\nTea $n(T) = 33$.\nSince $n(T) = n(T-C) + n(T \\cap C)$, $33 = 16 + n(T \\cap C) \\implies n(T \\cap C) = 17$.\nNow, $n(T \\cup C) = n(T) + n(C - T) \\implies 52 = 33 + n(C - T)$.\n$n(C - T) = 52 - 33 = 19$.",
    "solution_images": [],
    "difficulty": "Medium",
    "marks": 4
  },
  {
    "id": 92,
    "chapter": "Sets",
    "question": "Let $A = \\{x, y, z\\}$ and $B = \\{a, b, c, d\\}$. The number of injections from A to B is",
    "question_latex": "$f : A \\to B$",
    "question_images": [],
    "options": [
      "(A) 12",
      "(B) 24",
      "(C) 64",
      "(D) 81"
    ],
    "option_images": [],
    "answer": "(B)",
    "solution": "The number of injective (one-to-one) functions from set A ($n=3$) to B ($m=4$) is given by $^mP_n$.\n$^4P_3 = 4 \\times 3 \\times 2 = 24$.",
    "solution_images": [],
    "difficulty": "Medium",
    "marks": 4
  },
  {
    "id": 93,
    "chapter": "Sets",
    "question": "The relation R defined on the set $A = \\{1, 2, 3\\}$ by $R = \\{(1, 1), (2, 2), (3, 3), (1, 2), (2, 1), (2, 3), (3, 2)\\}$ is",
    "question_latex": "$R = \\{(1, 1), (2, 2), (3, 3), (1, 2), (2, 1), (2, 3), (3, 2)\\}$",
    "question_images": [],
    "options": [
      "(A) Reflexive and symmetric",
      "(B) Reflexive and transitive",
      "(C) Symmetric and transitive",
      "(D) Equivalence relation"
    ],
    "option_images": [],
    "answer": "(A)",
    "solution": "Reflexive: $(1,1), (2,2), (3,3) \\in R$. (True)\nSymmetric: $(1,2) \\in R \\implies (2,1) \\in R$; $(2,3) \\in R \\implies (3,2) \\in R$. (True)\nTransitive: $(1,2) \\in R$ and $(2,3) \\in R$ but $(1,3) \\notin R$. (False)\nThus, Reflexive and symmetric.",
    "solution_images": [],
    "difficulty": "Easy",
    "marks": 4
  },
  {
    "id": 94,
    "chapter": "Sets",
    "question": "If $n(A) = 100$, $n(B) = 150$ and $n(A \\cap B) = 50$, then $n(A \\cup B)$ is",
    "question_latex": "$n(A) = 100, n(B) = 150, n(A \\cap B) = 50$",
    "question_images": [],
    "options": [
      "(A) 200",
      "(B) 250",
      "(C) 300",
      "(D) None of these"
    ],
    "option_images": [],
    "answer": "(A)",
    "solution": "$n(A \\cup B) = n(A) + n(B) - n(A \\cap B) = 100 + 150 - 50 = 200$.",
    "solution_images": [],
    "difficulty": "Easy",
    "marks": 4
  },
  {
    "id": 95,
    "chapter": "Sets",
    "question": "If $A = \\{1, 2\\}$, then the number of elements in $P(P(A))$ is",
    "question_latex": "$n(P(P(A)))$",
    "question_images": [],
    "options": [
      "(A) 4",
      "(B) 8",
      "(C) 16",
      "(D) 2"
    ],
    "option_images": [],
    "answer": "(C)",
    "solution": "$n(A) = 2$.\n$n(P(A)) = 2^2 = 4$.\n$n(P(P(A))) = 2^4 = 16$.",
    "solution_images": [],
    "difficulty": "Easy",
    "marks": 4
  },
  {
    "id": 96,
    "chapter": "Sets",
    "question": "The symmetric difference of $A = \\{1, 2, 3\\}$ and $B = \\{2, 3, 4\\}$ is",
    "question_latex": "$A \\Delta B$",
    "question_images": [],
    "options": [
      "(A) $\\{1, 4\\}$",
      "(B) $\\{1, 2, 3, 4\\}$",
      "(C) $\\{2, 3\\}$",
      "(D) $\\phi$"
    ],
    "option_images": [],
    "answer": "(A)",
    "solution": "$A \\Delta B = (A - B) \\cup (B - A)$.\n$A - B = \\{1\\}$.\n$B - A = \\{4\\}$.\n$A \\Delta B = \\{1, 4\\}$.",
    "solution_images": [],
    "difficulty": "Easy",
    "marks": 4
  },
  {
    "id": 97,
    "chapter": "Sets",
    "question": "If $n(U) = 100$, $n(A) = 50$, $n(B) = 20$ and $n(A \\cap B) = 10$, then $n((A \\cup B)^c)$ is",
    "question_latex": "$n(U) = 100, n(A) = 50, n(B) = 20, n(A \\cap B) = 10$",
    "question_images": [],
    "options": [
      "(A) 60",
      "(B) 30",
      "(C) 40",
      "(D) 20"
    ],
    "option_images": [],
    "answer": "(C)",
    "solution": "$n(A \\cup B) = 50 + 20 - 10 = 60$.\n$n((A \\cup B)^c) = n(U) - n(A \\cup B) = 100 - 60 = 40$.",
    "solution_images": [],
    "difficulty": "Easy",
    "marks": 4
  },
  {
    "id": 98,
    "chapter": "Sets",
    "question": "Let R be a relation on the set N defined by $nRm \\iff n$ is a factor of $m$. Then R is",
    "question_latex": "$n | m, n, m \\in N$",
    "question_images": [],
    "options": [
      "(A) Reflexive and symmetric",
      "(B) Transitive and symmetric",
      "(C) Equivalence",
      "(D) Reflexive, transitive but not symmetric"
    ],
    "option_images": [],
    "answer": "(D)",
    "solution": "Reflexivity: $n|n$ is true for all $n \\in N$. (Reflexive)\nSymmetry: $2|6$ is true but $6|2$ is false. (Not symmetric)\nTransitivity: If $n|m$ and $m|p$, then $n|p$. (Transitive)\nThus, reflexive, transitive but not symmetric.",
    "solution_images": [],
    "difficulty": "Easy",
    "marks": 4
  },
  {
    "id": 99,
    "chapter": "Sets",
    "question": "If $A = \\{p : p = \\frac{(n+2)(2n^5 + 3n^4 + 4n^3 + 5n^2 + 6)}{n}, n \\in \\{1, 2, 3\\}\\}$, then the number of elements in A is",
    "question_latex": "$p = \\frac{(n+2)(2n^5 + 3n^4 + 4n^3 + 5n^2 + 6)}{n}$",
    "question_images": [],
    "options": [
      "(A) 1",
      "(B) 2",
      "(C) 3",
      "(D) 0"
    ],
    "option_images": [],
    "answer": "(C)",
    "solution": "The set is defined for three distinct values of $n$: 1, 2, and 3.\nEach $n$ will produce a distinct value for $p$ because the expression is strictly increasing for positive $n$.\nHence, there are 3 elements in the set.",
    "solution_images": [],
    "difficulty": "Medium",
    "marks": 4
  },
  {
    "id": 100,
    "chapter": "Sets",
    "question": "If $A = \\{1, 2, 3, 4\\}$, then the number of reflexive relations on A is",
    "question_latex": "$n(A) = 4$",
    "question_images": [],
    "options": [
      "(A) $2^4$",
      "(B) $2^{12}$",
      "(C) $2^{16}$",
      "(D) $2^8$"
    ],
    "option_images": [],
    "answer": "(B)",
    "solution": "Number of reflexive relations on a set with $n$ elements is $2^{n^2 - n}$.\nFor $n = 4$, the number is $2^{16 - 4} = 2^{12}$.",
    "solution_images": [],
    "difficulty": "Medium",
    "marks": 4
  }
]
