[
  {
    "id": 1,
    "chapter": "Waves",
    "question": "A wave in which particles oscillate perpendicular to the direction of propagation is called:",
    "options": ["Transverse wave", "Longitudinal wave", "Mechanical wave", "Stationary wave"],
    "answer": "Transverse wave",
    "difficulty": "easy",
    "marks": 1
  },
  {
    "id": 2,
    "chapter": "Waves",
    "question": "A wave in which particles oscillate parallel to the direction of propagation is called:",
    "options": ["Longitudinal wave", "Transverse wave", "Mechanical wave", "Electromagnetic wave"],
    "answer": "Longitudinal wave",
    "difficulty": "easy",
    "marks": 1
  },
  {
    "id": 3,
    "chapter": "Waves",
    "question": "The distance between two successive crests or troughs of a wave is called:",
    "options": ["Wavelength", "Amplitude", "Frequency", "Period"],
    "answer": "Wavelength",
    "difficulty": "easy",
    "marks": 1
  },
  {
    "id": 4,
    "chapter": "Waves",
    "question": "The time taken by a wave to complete one oscillation is called:",
    "options": ["Period", "Frequency", "Wavelength", "Amplitude"],
    "answer": "Period",
    "difficulty": "easy",
    "marks": 1
  },
  {
    "id": 5,
    "chapter": "Waves",
    "question": "The number of oscillations per second is called:",
    "options": ["Frequency", "Amplitude", "Wave speed", "Period"],
    "answer": "Frequency",
    "difficulty": "easy",
    "marks": 1
  },
  {
    "id": 6,
    "chapter": "Waves",
    "question": "The product of wavelength and frequency gives:",
    "options": ["Wave speed", "Amplitude", "Acceleration", "Force"],
    "answer": "Wave speed",
    "difficulty": "medium",
    "marks": 1
  },
  {
    "id": 7,
    "chapter": "Waves",
    "question": "Superposition of two waves moving in opposite directions produces:",
    "options": ["Stationary wave", "Progressive wave", "Transverse wave", "Longitudinal wave"],
    "answer": "Stationary wave",
    "difficulty": "medium",
    "marks": 1
  },
  {
    "id": 8,
    "chapter": "Waves",
    "question": "In a stationary wave, points which remain at rest are called:",
    "options": ["Nodes", "Antinodes", "Crests", "Troughs"],
    "answer": "Nodes",
    "difficulty": "medium",
    "marks": 1
  },
  {
    "id": 9,
    "chapter": "Waves",
    "question": "In a stationary wave, points of maximum displacement are called:",
    "options": ["Antinodes", "Nodes", "Crests", "Troughs"],
    "answer": "Antinodes",
    "difficulty": "medium",
    "marks": 1
  },
  {
    "id": 10,
    "chapter": "Waves",
    "question": "Sound waves are an example of:",
    "options": ["Longitudinal waves", "Transverse waves", "Electromagnetic waves", "Stationary waves"],
    "answer": "Longitudinal waves",
    "difficulty": "easy",
    "marks": 1
  }
]
