[
  {
    "id": 1,
    "chapter": "Aldehyde Ketone and Carboxylic Acid",
    "question": "A mixture of benzaldehyde and formaldehyde when treated with 50% NaOH yields",
    "question_latex": "",
    "question_images": [
      "q1_1"
    ],
    "options": [
      "A. Sodium benzoate and sodium formate",
      "B. Sodium formate and benzyl alcohol",
      "C. Benzyl alcohol and methanol",
      "D. Sodium formate and benzyl alcohol"
    ],
    "option_images": [],
    "answer": "D. Sodium formate and benzyl alcohol",
    "solution": "This is Cannizzaro reaction. Formaldehyde is oxidized to sodium formate and benzaldehyde is reduced to benzyl alcohol.",
    "solution_images": [
      "q1_solution_1"
    ],
    "difficulty": "",
    "marks": 4
  },
  {
    "id": 2,
    "chapter": "Aldehyde Ketone and Carboxylic Acid",
    "question": "What is IUPAC name of the following compound?",
    "question_latex": "",
    "question_images": [
      "q2_1"
    ],
    "options": [
      "A. 4-methyl-3-hydroxybenzoic acid",
      "B. 3-carboxy-6-methylphenol",
      "C. 5-carboxy-2-methylphenol",
      "D. 3-hydroxy-4-methylbenzoic acid"
    ],
    "option_images": [],
    "answer": "A. 4-methyl-3-hydroxybenzoic acid",
    "solution": "Carboxylic acid is principal functional group. Hydroxy and methyl are substituents at 3 and 4 positions respectively.",
    "solution_images": [
      "q2_solution_1"
    ],
    "difficulty": "",
    "marks": 4
  },
  {
    "id": 3,
    "chapter": "Aldehyde Ketone and Carboxylic Acid",
    "question": "Which among the following has highest boiling point?",
    "question_latex": "",
    "question_images": [],
    "options": [
      "A. Propanal",
      "B. Propanol",
      "C. Propan-1-ol",
      "D. Ethanoic acid"
    ],
    "option_images": [],
    "answer": "D. Ethanoic acid",
    "solution": "Carboxylic acids form dimers due to hydrogen bonding, hence have highest boiling point.",
    "solution_images": [],
    "difficulty": "",
    "marks": 4
  },
  {
    "id": 4,
    "chapter": "Aldehyde Ketone and Carboxylic Acid",
    "question": "Identify the product obtained when alkyl alkanoate is hydrolyzed with dilute HCl.",
    "question_latex": "",
    "question_images": [],
    "options": [
      "A. Alkanoic acid and alkanol",
      "B. Alkane and alkanoic acid",
      "C. Alkanone and alkanoic acid",
      "D. Alkane and alcohol"
    ],
    "option_images": [],
    "answer": "A. Alkanoic acid and alkanol",
    "solution": "Acidic hydrolysis of ester gives carboxylic acid and alcohol.",
    "solution_images": [
      "q4_solution_1"
    ],
    "difficulty": "",
    "marks": 4
  },
  {
    "id": 5,
    "chapter": "Aldehyde Ketone and Carboxylic Acid",
    "question": "Identify the product obtained when 3,5-dinitrobenzoic acid is heated with thionyl chloride.",
    "question_latex": "",
    "question_images": [
      "q5_1"
    ],
    "options": [
      "A. 3,5-dinitrobenzoyl chloride",
      "B. 3-chloro-5-nitrobenzoic acid",
      "C. 3,5-dichlorobenzyl chloride",
      "D. 3,5-dinitrobenzyl chloride"
    ],
    "option_images": [],
    "answer": "A. 3,5-dinitrobenzoyl chloride",
    "solution": "Carboxylic acids react with $SOCl_2$ to form acid chlorides.",
    "solution_images": [
      "q5_solution_1"
    ],
    "difficulty": "",
    "marks": 4
  },
  {
    "id": 6,
    "chapter": "Aldehyde Ketone and Carboxylic Acid",
    "question": "Identify the reagent R necessary to bring the following conversion.",
    "question_latex": "",
    "question_images": [
      "q6_1"
    ],
    "options": [
      "A. $H_2O$",
      "B. $KMnO_4$",
      "C. $CrO_3$",
      "D. dil. NaOH"
    ],
    "option_images": [],
    "answer": "A. $H_2O$",
    "solution": "Acid chloride on hydrolysis gives carboxylic acid.",
    "solution_images": [
      "q6_solution_1"
    ],
    "difficulty": "",
    "marks": 4
  },
  {
    "id": 7,
    "chapter": "Aldehyde Ketone and Carboxylic Acid",
    "question": "IUPAC name of the given compound is",
    "question_latex": "",
    "question_images": [
      "q7_1"
    ],
    "options": [
      "A. 3,4-dimethylpentanoic acid",
      "B. 2,3-dimethylpentanoic acid",
      "C. dimethylpentanoic acid",
      "D. 1,1-dimethylpentanoic acid"
    ],
    "option_images": [],
    "answer": "A. 3,4-dimethylpentanoic acid",
    "solution": "Longest chain containing COOH has five carbons with methyl groups at 3 and 4 positions.",
    "solution_images": [
      "q7_solution_1"
    ],
    "difficulty": "",
    "marks": 4
  },
  {
    "id": 8,
    "chapter": "Aldehyde Ketone and Carboxylic Acid",
    "question": "What is IUPAC name of mesityl oxide?",
    "question_latex": "",
    "question_images": [],
    "options": [
      "A. 1-Phenylbutan-2-one",
      "B. 4-Methylpent-3-en-2-one",
      "C. 4-Methylbenzaldehyde",
      "D. 2-Bromohexan-3-one"
    ],
    "option_images": [],
    "answer": "B. 4-Methylpent-3-en-2-one",
    "solution": "Mesityl oxide structure corresponds to unsaturated ketone with given IUPAC name.",
    "solution_images": [],
    "difficulty": "",
    "marks": 4
  },
  {
    "id": 9,
    "chapter": "Aldehyde Ketone and Carboxylic Acid",
    "question": "The IUPAC name of ethyl isopropyl ketone is",
    "question_latex": "",
    "question_images": [],
    "options": [
      "A. 4-methylpentan-3-one",
      "B. 2-methylbutan-2-one",
      "C. 2-methylpentan-2-one",
      "D. 4,4-dimethylbutan-3-one"
    ],
    "option_images": [],
    "answer": "C. 2-methylpentan-2-one",
    "solution": "Longest chain is pentane with ketone at 2nd carbon and methyl substituent.",
    "solution_images": [
      "q9_solution_1"
    ],
    "difficulty": "",
    "marks": 4
  },
  {
    "id": 10,
    "chapter": "Aldehyde Ketone and Carboxylic Acid",
    "question": "Pentan-3-en-2-one is reduced by LiAlH4 gives",
    "question_latex": "",
    "question_images": [],
    "options": [
      "A. Pent-4-en-2-ol",
      "B. Pentan-3-en-1-ol",
      "C. Pent-2-ol",
      "D. Pent-3-en-2-ol"
    ],
    "option_images": [],
    "answer": "D. Pent-3-en-2-ol",
    "solution": "LiAlH4 reduces carbonyl group to alcohol without affecting C=C bond.",
    "solution_images": [],
    "difficulty": "",
    "marks": 4
  },
  {
    "id": 11,
    "chapter": "Aldehyde Ketone and Carboxylic Acid",
    "question": "Identify the product B in the following reaction.",
    "question_latex": "",
    "question_images": [
      "q11_1"
    ],
    "options": [
      "A. CH3CH2NO2",
      "B. C2H6",
      "C. CH3CH2NH2",
      "D. CH3CH3"
    ],
    "option_images": [],
    "answer": "B. C2H6",
    "solution": "Diazonium salt on reduction with ethanol gives corresponding alkane.",
    "solution_images": [
      "q11_solution_1"
    ],
    "difficulty": "",
    "marks": 4
  },
  {
    "id": 12,
    "chapter": "Aldehyde Ketone and Carboxylic Acid",
    "question": "Identify product B in the following reaction (Cumene oxidation).",
    "question_latex": "",
    "question_images": [
      "q12_1"
    ],
    "options": [
      "A. Phenol",
      "B. Benzoic acid",
      "C. Benzaldehyde",
      "D. Benzophenone"
    ],
    "option_images": [],
    "answer": "B. Benzoic acid",
    "solution": "Cumene undergoes oxidation to potassium benzoate which on acidification gives benzoic acid.",
    "solution_images": [
      "q12_solution_1"
    ],
    "difficulty": "",
    "marks": 4
  },
  {
    "id": 13,
    "chapter": "Aldehyde Ketone and Carboxylic Acid",
    "question": "Acetone gives addition-elimination reactions with which reagents?",
    "question_latex": "",
    "question_images": [],
    "options": [
      "A. NH2OH",
      "B. NH2CONH2",
      "C. NaHSO3",
      "D. 1,2,4"
    ],
    "option_images": [],
    "answer": "D. 1,2,4",
    "solution": "Carbonyl compounds give addition-elimination with hydroxylamine, semicarbazide and bisulfite.",
    "solution_images": [],
    "difficulty": "",
    "marks": 4
  },
  {
    "id": 14,
    "chapter": "Aldehyde Ketone and Carboxylic Acid",
    "question": "Which aldehyde is most reactive in nucleophilic addition?",
    "question_latex": "",
    "question_images": [],
    "options": [
      "A. HCHO",
      "B. Cl-CH2-CHO",
      "C. Br-CH2-CHO",
      "D. I-CH2-CHO"
    ],
    "option_images": [],
    "answer": "A. HCHO",
    "solution": "Formaldehyde has least steric hindrance and maximum electrophilicity.",
    "solution_images": [],
    "difficulty": "",
    "marks": 4
  },
  {
    "id": 15,
    "chapter": "Aldehyde Ketone and Carboxylic Acid",
    "question": "Which product is obtained when sodium salt of carboxylic acid is heated with soda lime?",
    "question_latex": "",
    "question_images": [],
    "options": [
      "A. Alkanes",
      "B. Carboxylic acid",
      "C. Alkenes",
      "D. Esters"
    ],
    "option_images": [],
    "answer": "A. Alkanes",
    "solution": "Decarboxylation occurs producing alkane with one less carbon.",
    "solution_images": [
      "q15_solution_1"
    ],
    "difficulty": "",
    "marks": 4
  },
  {
    "id": 16,
    "chapter": "Aldehyde Ketone and Carboxylic Acid",
    "question": "What is the total number of carbon atoms present in n mole of citric acid?",
    "question_latex": "",
    "question_images": [],
    "options": [
      "A. 3n",
      "B. 4n",
      "C. 2n",
      "D. 6n"
    ],
    "option_images": [],
    "answer": "D. 6n",
    "solution": "Citric acid has 6 carbon atoms per molecule.",
    "solution_images": [
      "q16_solution_1"
    ],
    "difficulty": "",
    "marks": 4
  },
  {
    "id": 17,
    "chapter": "Aldehyde Ketone and Carboxylic Acid",
    "question": "Diphenyl methanone is obtained from",
    "question_latex": "",
    "question_images": [
      "q17_1"
    ],
    "options": [
      "A. Benzoyl chloride + benzene / AlCl3",
      "B. Benzene + CH3COCl",
      "C. Toluene oxidation",
      "D. Benzaldehyde reduction"
    ],
    "option_images": [],
    "answer": "A. Benzoyl chloride + benzene / AlCl3",
    "solution": "Friedel–Crafts acylation gives benzophenone.",
    "solution_images": [
      "q17_solution_1"
    ],
    "difficulty": "",
    "marks": 4
  },
  {
    "id": 18,
    "chapter": "Aldehyde Ketone and Carboxylic Acid",
    "question": "Which of the following is a tricarboxylic acid?",
    "question_latex": "",
    "question_images": [],
    "options": [
      "A. Propionic acid",
      "B. Malonic acid",
      "C. Citric acid",
      "D. Oxalic acid"
    ],
    "option_images": [],
    "answer": "C. Citric acid",
    "solution": "Citric acid contains three carboxyl groups.",
    "solution_images": [
      "q18_solution_1"
    ],
    "difficulty": "",
    "marks": 4
  },
  {
    "id": 19,
    "chapter": "Aldehyde Ketone and Carboxylic Acid",
    "question": "Which aromatic acid is the strongest acid?",
    "question_latex": "",
    "question_images": [
      "q19_1"
    ],
    "options": [
      "A. o-nitrobenzoic acid",
      "B. m-nitrobenzoic acid",
      "C. p-nitrobenzoic acid",
      "D. p-methoxybenzoic acid"
    ],
    "option_images": [],
    "answer": "A. o-nitrobenzoic acid",
    "solution": "Ortho effect and strong -I effect of nitro group increases acidity.",
    "solution_images": [
      "q19_solution_1"
    ],
    "difficulty": "",
    "marks": 4
  },
  {
    "id": 20,
    "chapter": "Aldehyde Ketone and Carboxylic Acid",
    "question": "What is IUPAC name of the given compound?",
    "question_latex": "",
    "question_images": [
      "q20_1"
    ],
    "options": [
      "A. 5-Formyl-3-methylphenol",
      "B. 3-Formyl-5-methylphenol",
      "C. 5-Hydroxy-3-methylbenzaldehyde",
      "D. 3-Hydroxy-5-methylbenzaldehyde"
    ],
    "option_images": [],
    "answer": "D. 3-Hydroxy-5-methylbenzaldehyde",
    "solution": "Aldehyde is principal functional group; substituents are hydroxy and methyl.",
    "solution_images": [
      "q20_solution_1"
    ],
    "difficulty": "",
    "marks": 4
  },
  {
    "id": 21,
    "chapter": "Aldehyde Ketone and Carboxylic Acid",
    "question": "Which aldehyde has highest boiling point?",
    "question_latex": "",
    "question_images": [],
    "options": [
      "A. Propanal",
      "B. Butanal",
      "C. Pentanal",
      "D. Hexanal"
    ],
    "option_images": [],
    "answer": "D. Hexanal",
    "solution": "Boiling point increases with molecular mass.",
    "solution_images": [],
    "difficulty": "",
    "marks": 4
  },
  {
    "id": 22,
    "chapter": "Aldehyde Ketone and Carboxylic Acid",
    "question": "Which reaction is obtained by hydrogenation of benzoyl chloride in presence of Pd/BaSO4?",
    "question_latex": "",
    "question_images": [
      "q22_1"
    ],
    "options": [
      "A. Benzene",
      "B. Benzene diazonium chloride",
      "C. Benzaldehyde",
      "D. Benzyl alcohol"
    ],
    "option_images": [],
    "answer": "C. Benzaldehyde",
    "solution": "This is Rosenmund reduction.",
    "solution_images": [
      "q22_solution_1"
    ],
    "difficulty": "",
    "marks": 4
  },
  {
    "id": 23,
    "chapter": "Aldehyde Ketone and Carboxylic Acid",
    "question": "Identify substrate A in the following reaction.",
    "question_latex": "",
    "question_images": [
      "q23_1"
    ],
    "options": [
      "A. CH3CHO",
      "B. HCN",
      "C. CH3COCl",
      "D. CH3CN"
    ],
    "option_images": [],
    "answer": "D. CH3CN",
    "solution": "Grignard reagent reacts with nitrile to form ketone after hydrolysis.",
    "solution_images": [
      "q23_solution_1"
    ],
    "difficulty": "",
    "marks": 4
  },
  {
    "id": 24,
    "chapter": "Aldehyde Ketone and Carboxylic Acid",
    "question": "Aldehydes with Tollen's reagent undergo",
    "question_latex": "",
    "question_images": [],
    "options": [
      "A. Reducing agent",
      "B. Oxidation",
      "C. Reduction",
      "D. Hydrolysis"
    ],
    "option_images": [],
    "answer": "B. Oxidation",
    "solution": "Aldehydes are oxidized to carboxylic acids by Tollens reagent.",
    "solution_images": [],
    "difficulty": "",
    "marks": 4
  },
  {
    "id": 25,
    "chapter": "Aldehyde Ketone and Carboxylic Acid",
    "question": "Which compound has smell of pistachio and is used in ice-cream?",
    "question_latex": "",
    "question_images": [],
    "options": [
      "A. Butyraldehyde",
      "B. Vanillin",
      "C. Cinnamaldehyde",
      "D. Acetophenone"
    ],
    "option_images": [],
    "answer": "D. Acetophenone",
    "solution": "Acetophenone has characteristic pistachio-like aroma.",
    "solution_images": [
      "q25_solution_1"
    ],
    "difficulty": "",
    "marks": 4
  },
  {
    "id": 26,
    "chapter": "Aldehyde Ketone and Carboxylic Acid",
    "question": "Acetyl chloride can be prepared",
    "question_latex": "",
    "question_images": [],
    "options": [
      "A. By the action of CH3COOH with chloroform",
      "B. By the action of PCl3 on acetic acid",
      "C. By the action of Cl2 on acetic acid",
      "D. By the action of SO2 on acetic acid"
    ],
    "option_images": [],
    "answer": "B. By the action of PCl3 on acetic acid",
    "solution": "Carboxylic acids react with $PCl_3$ to form corresponding acid chlorides.",
    "solution_images": [],
    "difficulty": "",
    "marks": 4
  },
  {
    "id": 27,
    "chapter": "Aldehyde Ketone and Carboxylic Acid",
    "question": "Ethylidene chloride on hydrolysis with aq. NaOH gives",
    "question_latex": "",
    "question_images": [],
    "options": [
      "A. CH3CHO",
      "B. CH3COOC2H5",
      "C. C2H5OH",
      "D. CH3CH(OH)2"
    ],
    "option_images": [],
    "answer": "A. CH3CHO",
    "solution": "Geminal dihalides on hydrolysis give aldehydes.",
    "solution_images": [],
    "difficulty": "",
    "marks": 4
  },
  {
    "id": 28,
    "chapter": "Aldehyde Ketone and Carboxylic Acid",
    "question": "Which among the following is an aromatic ketone?",
    "question_latex": "",
    "question_images": [],
    "options": [
      "A. Ethyl methyl ketone",
      "B. Diethyl ketone",
      "C. Benzophenone",
      "D. Acetone"
    ],
    "option_images": [],
    "answer": "C. Benzophenone",
    "solution": "In benzophenone, the carbonyl group is attached to aromatic rings.",
    "solution_images": [
      "q28_solution_1"
    ],
    "difficulty": "",
    "marks": 4
  },
  {
    "id": 29,
    "chapter": "Aldehyde Ketone and Carboxylic Acid",
    "question": "What is the product obtained when phenylethene is heated with KMnO4 in dilute H2SO4?",
    "question_latex": "",
    "question_images": [
      "q29_1"
    ],
    "options": [
      "A. Benzyl alcohol",
      "B. Benzoic acid",
      "C. Benzaldehyde",
      "D. Phenylacetic acid"
    ],
    "option_images": [],
    "answer": "B. Benzoic acid",
    "solution": "Strong oxidation of alkyl benzene side chain yields benzoic acid.",
    "solution_images": [
      "q29_solution_1"
    ],
    "difficulty": "",
    "marks": 4
  },
  {
    "id": 30,
    "chapter": "Aldehyde Ketone and Carboxylic Acid",
    "question": "The IUPAC name of α-methylpropionic acid is",
    "question_latex": "",
    "question_images": [],
    "options": [
      "A. 2-propanoic acid",
      "B. 2-butanoic acid",
      "C. 2-methylpropanoic acid",
      "D. 2-methylbutanoic acid"
    ],
    "option_images": [],
    "answer": "C. 2-methylpropanoic acid",
    "solution": "α-methyl substitution on propionic acid gives 2-methylpropanoic acid.",
    "solution_images": [],
    "difficulty": "",
    "marks": 4
  },
  {
    "id": 31,
    "chapter": "Aldehyde Ketone and Carboxylic Acid",
    "question": "Acetone is the first member of homologous series of ketones where pentan-2-one is ____ member.",
    "question_latex": "",
    "question_images": [],
    "options": [
      "A. 5th",
      "B. 2nd",
      "C. 3rd",
      "D. 4th"
    ],
    "option_images": [],
    "answer": "C. 3rd",
    "solution": "Ketone series: acetone (1st), butan-2-one (2nd), pentan-2-one (3rd).",
    "solution_images": [],
    "difficulty": "",
    "marks": 4
  },
  {
    "id": 32,
    "chapter": "Aldehyde Ketone and Carboxylic Acid",
    "question": "Which among the following reactions does not correctly match with its reagent?",
    "question_latex": "",
    "question_images": [],
    "options": [
      "A. Etard reaction – CrO2Cl2",
      "B. Stephen reaction – SnCl2/HCl",
      "C. Rosenmund reduction – H2/Pd-BaSO4",
      "D. Gattermann–Koch – CO, HCl, AlCl3"
    ],
    "option_images": [],
    "answer": "A. Etard reaction – CrO2Cl2",
    "solution": "Etard reaction uses chromyl chloride but not as a general reagent for all aldehydes.",
    "solution_images": [],
    "difficulty": "",
    "marks": 4
  },
  {
    "id": 33,
    "chapter": "Aldehyde Ketone and Carboxylic Acid",
    "question": "Which of the following reagents react differently with HCHO, CH3CHO and CH3COCH3?",
    "question_latex": "",
    "question_images": [],
    "options": [
      "A. HCN",
      "B. NH2NH2",
      "C. NH2OH",
      "D. NH3"
    ],
    "option_images": [],
    "answer": "B. NH2NH2",
    "solution": "Hydrazine reacts differently due to steric and electronic effects.",
    "solution_images": [],
    "difficulty": "",
    "marks": 4
  },
  {
    "id": 34,
    "chapter": "Aldehyde Ketone and Carboxylic Acid",
    "question": "What is the IUPAC name of salicylic acid?",
    "question_latex": "",
    "question_images": [],
    "options": [
      "A. Benzene-1,2-dicarboxylic acid",
      "B. Benzoic acid",
      "C. 2-hydroxybenzoic acid",
      "D. 2-methylbenzoic acid"
    ],
    "option_images": [],
    "answer": "C. 2-hydroxybenzoic acid",
    "solution": "Salicylic acid contains OH group at ortho position to COOH.",
    "solution_images": [
      "q34_solution_1"
    ],
    "difficulty": "",
    "marks": 4
  },
  {
    "id": 35,
    "chapter": "Aldehyde Ketone and Carboxylic Acid",
    "question": "The compound formed when propionaldehyde reacts with dil. NaOH solution is",
    "question_latex": "",
    "question_images": [],
    "options": [
      "A. CH3CH2COCH2CH3",
      "B. CH3CH2CH(OH)CH2CHO",
      "C. CH3CH2CH(OH)CH2CH2CHO",
      "D. CH3CH2COCH2CHO"
    ],
    "option_images": [],
    "answer": "B. CH3CH2CH(OH)CH2CHO",
    "solution": "Aldol condensation occurs forming β-hydroxy aldehyde.",
    "solution_images": [
      "q35_solution_1"
    ],
    "difficulty": "",
    "marks": 4
  },
  {
    "id": 36,
    "chapter": "Aldehyde Ketone and Carboxylic Acid",
    "question": "Identify the reagent R necessary to carry out following conversion.",
    "question_latex": "",
    "question_images": [
      "q36_1"
    ],
    "options": [
      "A. H2O",
      "B. CrO3",
      "C. dil. NaOH",
      "D. KMnO4"
    ],
    "option_images": [],
    "answer": "A. H2O",
    "solution": "Acid chloride on hydrolysis forms carboxylic acid.",
    "solution_images": [
      "q36_solution_1"
    ],
    "difficulty": "",
    "marks": 4
  },
  {
    "id": 37,
    "chapter": "Aldehyde Ketone and Carboxylic Acid",
    "question": "When acetone reacts with ammonia at room temperature, it gives",
    "question_latex": "",
    "question_images": [],
    "options": [
      "A. Triacetone amine",
      "B. Diacetone amine",
      "C. Methyl tertiary amine",
      "D. Acetaldehyde"
    ],
    "option_images": [],
    "answer": "B. Diacetone amine",
    "solution": "Acetone undergoes condensation with ammonia forming diacetone amine.",
    "solution_images": [
      "q37_solution_1"
    ],
    "difficulty": "",
    "marks": 4
  },
  {
    "id": 38,
    "chapter": "Aldehyde Ketone and Carboxylic Acid",
    "question": "Which of the following is structural formula of mesityl oxide?",
    "question_latex": "",
    "question_images": [
      "q38_1"
    ],
    "options": [
      "A. CH3COCH=CHCH3",
      "B. (CH3)2C=CHCOCH3",
      "C. CH3CH=CHCOCH3",
      "D. CH3COCH2CH3"
    ],
    "option_images": [],
    "answer": "B. (CH3)2C=CHCOCH3",
    "solution": "Mesityl oxide is 4-methylpent-3-en-2-one.",
    "solution_images": [
      "q38_solution_1"
    ],
    "difficulty": "",
    "marks": 4
  },
  {
    "id": 39,
    "chapter": "Aldehyde Ketone and Carboxylic Acid",
    "question": "Which among the following compounds represents a soap molecule?",
    "question_latex": "",
    "question_images": [],
    "options": [
      "A. Potassium salt of higher fatty acids",
      "B. Ammonium salt of higher fatty acids",
      "C. Sodium salt of formic acid",
      "D. Ammonium salt of formic acid"
    ],
    "option_images": [],
    "answer": "A. Potassium salt of higher fatty acids",
    "solution": "Soaps are sodium or potassium salts of long-chain fatty acids.",
    "solution_images": [],
    "difficulty": "",
    "marks": 4
  },
  {
    "id": 40,
    "chapter": "Aldehyde Ketone and Carboxylic Acid",
    "question": "Identify the compound formed by action of chromyl chloride on toluene in presence of CS2 and hydrolysis.",
    "question_latex": "",
    "question_images": [
      "q40_1"
    ],
    "options": [
      "A. Benzyl alcohol",
      "B. Benzaldehyde",
      "C. Chlorobenzene",
      "D. Benzoic acid"
    ],
    "option_images": [],
    "answer": "B. Benzaldehyde",
    "solution": "This is Etard reaction producing benzaldehyde.",
    "solution_images": [
      "q40_solution_1"
    ],
    "difficulty": "",
    "marks": 4
  },
  {
    "id": 41,
    "chapter": "Aldehyde Ketone and Carboxylic Acid",
    "question": "Which of the following functional groups is reduced by diborane?",
    "question_latex": "",
    "question_images": [],
    "options": [
      "A. Carboxyl group",
      "B. Halo group",
      "C. Nitro group",
      "D. Ester group"
    ],
    "option_images": [],
    "answer": "A. Carboxyl group",
    "solution": "Diborane reduces carboxylic acids to primary alcohols.",
    "solution_images": [
      "q41_solution_1"
    ],
    "difficulty": "",
    "marks": 4
  },
  {
    "id": 42,
    "chapter": "Aldehyde Ketone and Carboxylic Acid",
    "question": "When ethanol is heated with Fehling’s solution, it gives a precipitate of",
    "question_latex": "",
    "question_images": [],
    "options": [
      "A. Cu",
      "B. CuO",
      "C. Cu2O",
      "D. CuO + CuO"
    ],
    "option_images": [],
    "answer": "C. Cu2O",
    "solution": "Aldehydes reduce Fehling’s solution forming red Cu2O precipitate.",
    "solution_images": [
      "q42_solution_1"
    ],
    "difficulty": "",
    "marks": 4
  },
  {
    "id": 43,
    "chapter": "Aldehyde Ketone and Carboxylic Acid",
    "question": "Which of the following statement is WRONG?",
    "question_latex": "",
    "question_images": [],
    "options": [
      "A. Polar character of C=O group gives rise to intermolecular attraction",
      "B. Lower aldehydes and ketones are soluble in water",
      "C. Boiling points of aldehydes and ketones are lower than alcohols",
      "D. Aldehydes and ketones are nonpolar compounds"
    ],
    "option_images": [],
    "answer": "D. Aldehydes and ketones are nonpolar compounds",
    "solution": "Aldehydes and ketones are polar due to C=O group.",
    "solution_images": [],
    "difficulty": "",
    "marks": 4
  },
  {
    "id": 44,
    "chapter": "Aldehyde Ketone and Carboxylic Acid",
    "question": "Diacetone alcohol on heating gives",
    "question_latex": "",
    "question_images": [],
    "options": [
      "A. Acetone",
      "B. Mesityl oxide",
      "C. Diacetone amine",
      "D. Acetoxime"
    ],
    "option_images": [],
    "answer": "B. Mesityl oxide",
    "solution": "Dehydration of diacetone alcohol yields mesityl oxide.",
    "solution_images": [
      "q44_solution_1"
    ],
    "difficulty": "",
    "marks": 4
  },
  {
    "id": 45,
    "chapter": "Aldehyde Ketone and Carboxylic Acid",
    "question": "Which is leaving group in hydrolysis of CH3COOC2H5?",
    "question_latex": "",
    "question_images": [],
    "options": [
      "A. CH3+",
      "B. C2H5O−",
      "C. CH3COO−",
      "D. CH3−"
    ],
    "option_images": [],
    "answer": "B. C2H5O−",
    "solution": "Ester hydrolysis involves cleavage of alkoxy group.",
    "solution_images": [],
    "difficulty": "",
    "marks": 4
  },
  {
    "id": 46,
    "chapter": "Aldehyde Ketone and Carboxylic Acid",
    "question": "Identify an aldehyde used in margarine and food for its buttery odour.",
    "question_latex": "",
    "question_images": [],
    "options": [
      "A. Benzaldehyde",
      "B. Oxaldehyde",
      "C. Butyraldehyde",
      "D. Cinnamaldehyde"
    ],
    "option_images": [],
    "answer": "C. Butyraldehyde",
    "solution": "Butyraldehyde has buttery odour and is used in food flavouring.",
    "solution_images": [],
    "difficulty": "",
    "marks": 4
  },
  {
    "id": 47,
    "chapter": "Aldehyde Ketone and Carboxylic Acid",
    "question": "Monocarboxylic acid shows functional isomerism with",
    "question_latex": "",
    "question_images": [],
    "options": [
      "A. Esters",
      "B. Aldehydes",
      "C. Ketones",
      "D. Ethers"
    ],
    "option_images": [],
    "answer": "A. Esters",
    "solution": "Carboxylic acids and esters have same molecular formula but different functional groups.",
    "solution_images": [],
    "difficulty": "",
    "marks": 4
  },
  {
    "id": 48,
    "chapter": "Aldehyde Ketone and Carboxylic Acid",
    "question": "Which among the following is a pair of monocarboxylic acids?",
    "question_latex": "",
    "question_images": [],
    "options": [
      "A. Butyric acid and caproic acid",
      "B. Acetic acid and adipic acid",
      "C. Malonic acid and propionic acid",
      "D. Valeric acid and succinic acid"
    ],
    "option_images": [],
    "answer": "A. Butyric acid and caproic acid",
    "solution": "Both acids contain only one carboxyl group.",
    "solution_images": [
      "q48_solution_1"
    ],
    "difficulty": "",
    "marks": 4
  },
  {
    "id": 49,
    "chapter": "Aldehyde Ketone and Carboxylic Acid",
    "question": "Which compound on treatment with dibenzyl cadmium yields benzyl methyl ketone?",
    "question_latex": "",
    "question_images": [],
    "options": [
      "A. Acetaldehyde",
      "B. Acetic acid",
      "C. Acetyl chloride",
      "D. Ethyl chloride"
    ],
    "option_images": [],
    "answer": "C. Acetyl chloride",
    "solution": "Acid chlorides react with dialkyl cadmium to form ketones.",
    "solution_images": [
      "q49_solution_1"
    ],
    "difficulty": "",
    "marks": 4
  },
  {
    "id": 50,
    "chapter": "Aldehyde Ketone and Carboxylic Acid",
    "question": "CH3COOH and HCOOH, HCOOH will be",
    "question_latex": "",
    "question_images": [],
    "options": [
      "A. Less acidic",
      "B. Equally acidic",
      "C. More acidic",
      "D. Basic"
    ],
    "option_images": [],
    "answer": "C. More acidic",
    "solution": "Formic acid is more acidic due to absence of +I effect of alkyl group.",
    "solution_images": [],
    "difficulty": "",
    "marks": 4
  },
  {
    "id": 51,
    "chapter": "Aldehyde Ketone and Carboxylic Acid",
    "question": "Identify B in the following reaction $CH_3COOH + C_2H_5OH \\xrightarrow{H^+ / -H_2O} A \\xrightarrow{H_2 / Ni} B$ [MHT-CET 2020]",
    "question_latex": "Identify B in the following reaction $CH_3COOH + C_2H_5OH \\xrightarrow{H^+ / -H_2O} A \\xrightarrow{H_2 / Ni} B$ [MHT-CET 2020]",
    "question_images": [],
    "options": [
      "A. Ethanol",
      "B. Ethanol and propionic acid",
      "C. Ethanol and propanol",
      "D. Ethanol and ethanoic acid"
    ],
    "option_images": [],
    "answer": "A",
    "solution": "Formation of A - Esterification: $CH_3COOH + C_2H_5OH \\xrightarrow{H^+} CH_3COOC_2H_5$ (Ethyl acetate). Ester on catalytic reduction gives alcohol: $CH_3COOC_2H_5 + 2H_2 \\xrightarrow{Ni} 2C_2H_5OH$ (Ethanol).",
    "solution_images": [],
    "difficulty": "",
    "marks": 4
  },
  {
    "id": 52,
    "chapter": "Aldehyde Ketone and Carboxylic Acid",
    "question": "Cannizzaro reaction is an example of [MHT-CET 2021]",
    "question_latex": "Cannizzaro reaction is an example of [MHT-CET 2021]",
    "question_images": [],
    "options": [
      "A. decomposition reaction.",
      "B. elimination reaction.",
      "C. disproportionation reaction.",
      "D. nucleophilic addition reaction."
    ],
    "option_images": [],
    "answer": "C",
    "solution": "In Cannizzaro reaction, one molecule of an aldehyde is reduced to alcohol and at the same time, second molecule is oxidized to carboxylic acid salt. This is an example of disproportionation reaction.",
    "solution_images": [],
    "difficulty": "",
    "marks": 4
  },
  {
    "id": 53,
    "chapter": "Aldehyde Ketone and Carboxylic Acid",
    "question": "Which among the following compounds is NOT used for the preparation of aromatic carboxylic acids from alkyl benzene? [MHT-CET 2022]",
    "question_latex": "Which among the following compounds is NOT used for the preparation of aromatic carboxylic acids from alkyl benzene? [MHT-CET 2022]",
    "question_images": [],
    "options": [
      "A. Alkaline potassium permanganate",
      "B. Chromic acid",
      "C. Diborane",
      "D. Dilute nitric acid"
    ],
    "option_images": [],
    "answer": "C",
    "solution": "Aromatic carboxylic acids can be prepared by oxidation of alkyl benzene with dilute $HNO_3$ or alkaline / acidic $KMnO_4$ or chromic acid. [cite_start]Diborane is a reducing agent[cite: 53].",
    "solution_images": [],
    "difficulty": "",
    "marks": 4
  },
  {
    "id": 54,
    "chapter": "Aldehyde Ketone and Carboxylic Acid",
    "question": "The correct IUPAC name of Glyceraldehyde is [MHT-CET 2019]",
    "question_latex": "The correct IUPAC name of Glyceraldehyde is [MHT-CET 2019]",
    "question_images": [],
    "options": [
      "A. 2,3 - Dihydroxypropanal",
      "B. 2,3 - Dihydroxybutanal",
      "C. 3-Hydroxypropanal",
      "D. Hydroxy ethanal"
    ],
    "option_images": [],
    "answer": "A",
    "solution": "Glyceraldehyde has the structure $HOCH_2-CH(OH)-CHO$. Its IUPAC name is 2,3-Dihydroxypropanal.",
    "solution_images": [],
    "difficulty": "",
    "marks": 4
  },
  {
    "id": 55,
    "chapter": "Aldehyde Ketone and Carboxylic Acid",
    "question": "Which of the following compounds on heating with potassium permanganate and dilute sulphuric acid forms adipic acid? [MHT-CET 2020]",
    "question_latex": "Which of the following compounds on heating with potassium permanganate and dilute sulphuric acid forms adipic acid? [MHT-CET 2020]",
    "question_images": [],
    "options": [
      "A. Cyclohexene",
      "B. Phenylethene",
      "C. Methylbenzene",
      "D. n-Butylbenzene"
    ],
    "option_images": [],
    "answer": "A",
    "solution": "Oxidation of Cyclohexene with $KMnO_4 / dil. [cite_start]H_2SO_4$ followed by heating causes ring opening to form Adipic acid ($HOOC-(CH_2)_4-COOH$)[cite: 55].",
    "solution_images": [
      "q55_solution_1"
    ],
    "difficulty": "",
    "marks": 4
  },
  {
    "id": 56,
    "chapter": "Aldehyde Ketone and Carboxylic Acid",
    "question": "Identify the product in the following reaction. Cyclohexene -> KMnO4, dil. H2SO4, Delta -> Product [MHT-CET 2022]",
    "question_latex": "Identify the product in the following reaction. Cyclohexene $\\xrightarrow{KMnO_4, dil. H_2SO_4, \\Delta}$ Product [MHT-CET 2022]",
    "question_images": [
      "q56_1"
    ],
    "options": [
      "A. Structure B",
      "B. Structure D",
      "C. Structure C",
      "D. Structure A"
    ],
    "option_images": [],
    "answer": "B",
    "solution": "The oxidation of cyclohexene yields Adipic acid. [cite_start]Structure D corresponds to Adipic acid ($HOOC-CH_2-CH_2-CH_2-CH_2-COOH$)[cite: 56].",
    "solution_images": [
      "q56_solution_1"
    ],
    "difficulty": "",
    "marks": 4
  },
  {
    "id": 57,
    "chapter": "Aldehyde Ketone and Carboxylic Acid",
    "question": "Which of the following is an example of aldol condensations?",
    "question_latex": "Which of the following is an example of aldol condensations?",
    "question_images": [],
    "options": [
      "A. 2CH3CHO ->(OH-) CH3CH(OH)CH2CHO",
      "B. C6H5CHO ->(OH-) C6H5CH2OH",
      "C. HCHO ->(OH-) HCH2OH",
      "D. C6H5CHO + HCHO ->(OH-) C6H5CH2OH"
    ],
    "option_images": [],
    "answer": "A",
    "solution": "Aldol condensation occurs in aldehydes or ketones having $\\alpha$-hydrogen atoms. [cite_start]Acetaldehyde ($CH_3CHO$) contains $\\alpha$-hydrogen and undergoes aldol condensation to form 3-hydroxybutanal[cite: 57].",
    "solution_images": [],
    "difficulty": "",
    "marks": 4
  },
  {
    "id": 58,
    "chapter": "Aldehyde Ketone and Carboxylic Acid",
    "question": "Which of the following catalyst is used in Rosenmund reaction? [MHT-CET 2020]",
    "question_latex": "Which of the following catalyst is used in Rosenmund reaction? [MHT-CET 2020]",
    "question_images": [],
    "options": [
      "A. Pd - BaSO4",
      "B. CS2",
      "C. Cu2Cl2",
      "D. V2O5"
    ],
    "option_images": [],
    "answer": "A",
    "solution": "When benzoyl chloride is hydrogenated in the presence of palladium on barium sulphate ($Pd-BaSO_4$), benzaldehyde is obtained. [cite_start]This reaction is called Rosenmund reduction[cite: 58].",
    "solution_images": [
      "q58_solution_1"
    ],
    "difficulty": "",
    "marks": 4
  },
  {
    "id": 59,
    "chapter": "Aldehyde Ketone and Carboxylic Acid",
    "question": "Conversion of acetone into 2, 3 dimethylbutane 2, 3 diol can be achieved by ___",
    "question_latex": "Conversion of acetone into 2, 3 dimethylbutane 2, 3 diol can be achieved by ___",
    "question_images": [],
    "options": [
      "A. Zn Hg/HCl",
      "B. Wolff Kishner reduction",
      "C. Fe/Hg/H2O",
      "D. Mg/C6H6/dil. HCl"
    ],
    "option_images": [],
    "answer": "D",
    "solution": "Acetone reacts with $Mg$ in benzene ($C_6H_6$) followed by acid hydrolysis to form 2,3-dimethylbutane-2,3-diol (Pinacol)[cite: 59].",
    "solution_images": [
      "q59_solution_1"
    ],
    "difficulty": "",
    "marks": 4
  },
  {
    "id": 60,
    "chapter": "Aldehyde Ketone and Carboxylic Acid",
    "question": "Which of the following compounds undergoes aldol condensation reaction? [MHT-CET 2019]",
    "question_latex": "Which of the following compounds undergoes aldol condensation reaction? [MHT-CET 2019]",
    "question_images": [],
    "options": [
      "A. Benzophenone",
      "B. Benzaldehyde",
      "C. 2,2 -Dimethylpropanal",
      "D. Propanone"
    ],
    "option_images": [],
    "answer": "D",
    "solution": "Propanone ($CH_3COCH_3$) contains $\\alpha$-hydrogen atoms, which is the requisite for aldol condensation. Benzophenone, Benzaldehyde, and 2,2-Dimethylpropanal do not have $\\alpha$-hydrogens.",
    "solution_images": [],
    "difficulty": "",
    "marks": 4
  },
  {
    "id": 61,
    "chapter": "Aldehyde Ketone and Carboxylic Acid",
    "question": "Identify the product 'B' in following sequence of reaction. Methyl magnesium bromide + CdCl2 -> A + CH3COCl -> B [MHT-CET 2022]",
    "question_latex": "Identify the product 'B' in following sequence of reaction. Methyl magnesium bromide $\\xrightarrow{CdCl_2} A \\xrightarrow{CH_3COCl} B$ [MHT-CET 2022]",
    "question_images": [],
    "options": [
      "A. Butanone",
      "B. Propanol",
      "C. Propanone",
      "D. Dimethyl cadmium"
    ],
    "option_images": [],
    "answer": "C",
    "solution": "$2CH_3MgBr + CdCl_2 \\rightarrow (CH_3)_2Cd + 2Mg(Br)Cl$. Then $(CH_3)_2Cd + 2CH_3COCl \\rightarrow 2CH_3COCH_3 + CdCl_2$. [cite_start]Product B is Propanone[cite: 61].",
    "solution_images": [
      "q61_solution_1"
    ],
    "difficulty": "",
    "marks": 4
  },
  {
    "id": 62,
    "chapter": "Aldehyde Ketone and Carboxylic Acid",
    "question": "Identify the product 'B' in the following reaction Benzonitrile + C6H5MgBr/dry ether -> A + H3O+ -> B + NH3 + Mg(Br)OH [MHT-CET 2024]",
    "question_latex": "Identify the product 'B' in the following reaction Benzonitrile $\\xrightarrow{C_6H_5MgBr / dry ether} A \\xrightarrow{H_3O^+} B + NH_3 + Mg(Br)OH$ [MHT-CET 2024]",
    "question_images": [],
    "options": [
      "A. Benzophenone",
      "B. Benzyl alcohol",
      "C. Benzoic acid",
      "D. Benzaldehyde"
    ],
    "option_images": [],
    "answer": "A",
    "solution": "Benzonitrile reacts with phenyl magnesium bromide to form an imine complex (A), which on acid hydrolysis yields Benzophenone ($C_6H_5COC_6H_5$)[cite: 62].",
    "solution_images": [
      "q62_solution_1"
    ],
    "difficulty": "",
    "marks": 4
  },
  {
    "id": 63,
    "chapter": "Aldehyde Ketone and Carboxylic Acid",
    "question": "Identify the product formed in the following reaction. (CH3CO)2O + H2O -> Product [2025, 2024]",
    "question_latex": "Identify the product formed in the following reaction. $(CH_3CO)_2O \\xrightarrow{H_2O} Product$ [2025, 2024]",
    "question_images": [],
    "options": [
      "A. CH3-OH",
      "B. CH3COCH3",
      "C. CH3-CHO",
      "D. CH3COOH"
    ],
    "option_images": [],
    "answer": "D",
    "solution": "Anhydrides on hydrolysis give carboxylic acids. [cite_start]$(CH_3CO)_2O + H_2O \\rightarrow 2CH_3COOH$ (Acetic acid)[cite: 63].",
    "solution_images": [
      "q63_solution_1"
    ],
    "difficulty": "",
    "marks": 4
  },
  {
    "id": 64,
    "chapter": "Aldehyde Ketone and Carboxylic Acid",
    "question": "Identify the product in the following reaction. Pent-3-enenitrile + AlH(i-Bu)2 -> H3O+ -> Product [MHT-CET 2024]",
    "question_latex": "Identify the product in the following reaction. Pent-3-enenitrile $\\xrightarrow{AlH(i-Bu)_2 \\to H_3O^+} Product$ [MHT-CET 2024]",
    "question_images": [],
    "options": [
      "A. Pent-3-enal",
      "B. Pent-3-en-1-amine",
      "C. Pentanol",
      "D. Pen-3-en-1-ol"
    ],
    "option_images": [],
    "answer": "A",
    "solution": "$AlH(i-Bu)_2$ (DIBAL-H) reduces nitriles to aldehydes. The double bond at position 3 remains unaffected. [cite_start]$CH_3CH=CHCH_2CN \\rightarrow CH_3CH=CHCH_2CHO$ (Pent-3-enal)[cite: 64].",
    "solution_images": [
      "q64_solution_1"
    ],
    "difficulty": "",
    "marks": 4
  },
  {
    "id": 65,
    "chapter": "Aldehyde Ketone and Carboxylic Acid",
    "question": "Identify 'B' in following reaction. Ethyl cyanide -> H2O -> A -> H2O/dil. HCl -> B + NH3 [MHT-CET 2024]",
    "question_latex": "Identify 'B' in following reaction. Ethyl cyanide $\\xrightarrow{H_2O} A \\xrightarrow{H_2O / dil. HCl} B + NH_3$ [MHT-CET 2024]",
    "question_images": [],
    "options": [
      "A. Propanoic acid",
      "B. Ethanoic acid",
      "C. Ethanamide",
      "D. Propanamide"
    ],
    "option_images": [],
    "answer": "A",
    "solution": "Ethyl cyanide ($C_2H_5CN$) on partial hydrolysis gives Propanamide (A). [cite_start]Propanamide on acid hydrolysis gives Propanoic acid (B)[cite: 65].",
    "solution_images": [
      "q65_solution_1"
    ],
    "difficulty": "",
    "marks": 4
  },
  {
    "id": 66,
    "chapter": "Aldehyde Ketone and Carboxylic Acid",
    "question": "Which among the following is dicarboxylic acid? [MHT-CET 2023]",
    "question_latex": "Which among the following is dicarboxylic acid? [MHT-CET 2023]",
    "question_images": [],
    "options": [
      "A. Valeric acid",
      "B. Caproic acid",
      "C. Butyric acid",
      "D. Glutaric acid"
    ],
    "option_images": [],
    "answer": "D",
    "solution": "Glutaric acid ($HOOC-CH_2-CH_2-CH_2-COOH$) contains two carboxyl groups, making it a dicarboxylic acid[cite: 66].",
    "solution_images": [
      "q66_solution_1"
    ],
    "difficulty": "",
    "marks": 4
  },
  {
    "id": 67,
    "chapter": "Aldehyde Ketone and Carboxylic Acid",
    "question": "The increasing order of the rate of HCN addition to compounds A to D is (i) HCHO (ii) CH3COCH3 (iii) PhCOCH3 (iv) PhCOPh",
    "question_latex": "The increasing order of the rate of HCN addition to compounds A to D is (i) $HCHO$ (ii) $CH_3COCH_3$ (iii) $PhCOCH_3$ (iv) $PhCOPh$",
    "question_images": [],
    "options": [
      "A. (i) < (ii) < (iii) < (iv)",
      "B. (iv) < (ii) < (iii) < (i)",
      "C. (iv) < (iii) < (ii) < (i)",
      "D. (iii) < (iv) < (ii) < (i)"
    ],
    "option_images": [],
    "answer": "C",
    "solution": "Reactivity towards nucleophilic addition decreases with steric hindrance and electron-donating groups. Order: Aldehydes > Ketones. Aromatic ketones are less reactive. [cite_start]Correct order: PhCOPh < PhCOCH3 < CH3COCH3 < HCHO[cite: 67].",
    "solution_images": [],
    "difficulty": "",
    "marks": 4
  },
  {
    "id": 68,
    "chapter": "Aldehyde Ketone and Carboxylic Acid",
    "question": "Which of the following on hydrolysis forms propanoic acid?",
    "question_latex": "Which of the following on hydrolysis forms propanoic acid?",
    "question_images": [],
    "options": [
      "A. CH3CH2CN",
      "B. CH3OH",
      "C. C2H5OH",
      "D. C2H5NH2"
    ],
    "option_images": [],
    "answer": "A",
    "solution": "Hydrolysis of Propanenitrile ($CH_3CH_2CN$) yields Propanoic acid ($CH_3CH_2COOH$)[cite: 68].",
    "solution_images": [
      "q68_solution_1"
    ],
    "difficulty": "",
    "marks": 4
  },
  {
    "id": 69,
    "chapter": "Aldehyde Ketone and Carboxylic Acid",
    "question": "Identify 'A' in following conversion. Pent-3-enenitrile -> A -> Pent-3-enal [2025, 2021]",
    "question_latex": "Identify 'A' in following conversion. Pent-3-enenitrile $\\xrightarrow{A}$ Pent-3-enal [2025, 2021]",
    "question_images": [],
    "options": [
      "A. H2/Pd, BaSO4",
      "B. SnCl2 . HCl",
      "C. K2Cr2O7/H2SO4",
      "D. AlH(i - Bu)2"
    ],
    "option_images": [],
    "answer": "D",
    "solution": "Nitriles are reduced by diisobutyl aluminium hydride ($AlH(i-Bu)_2$ or DIBAL-H) to imines followed by acid hydrolysis to aldehydes without affecting double bonds[cite: 69].",
    "solution_images": [],
    "difficulty": "",
    "marks": 4
  },
  {
    "id": 70,
    "chapter": "Aldehyde Ketone and Carboxylic Acid",
    "question": "Which of the following compounds is used for the conversion of Grignard reagent into corresponding carboxylic acids by acidic hydrolysis? [MHT-CET 2023]",
    "question_latex": "Which of the following compounds is used for the conversion of Grignard reagent into corresponding carboxylic acids by acidic hydrolysis? [MHT-CET 2023]",
    "question_images": [],
    "options": [
      "A. Solid carbon dioxide",
      "B. Aqueous NaOH",
      "C. Liquid ammonia",
      "D. Dry ether"
    ],
    "option_images": [],
    "answer": "A",
    "solution": "Grignard reagents react with solid carbon dioxide (dry ice) to form an adduct which on acidic hydrolysis gives corresponding carboxylic acid[cite: 70].",
    "solution_images": [
      "q70_solution_1"
    ],
    "difficulty": "",
    "marks": 4
  },
  {
    "id": 71,
    "chapter": "Aldehyde Ketone and Carboxylic Acid",
    "question": "Aldol condensation product acetone on dehydration gives [MHT-CET 2011]",
    "question_latex": "Aldol condensation product acetone on dehydration gives [MHT-CET 2011]",
    "question_images": [],
    "options": [
      "A. but-2-enal",
      "B. 2-methylpent-3-en-4-one",
      "C. 4-hydroxy-4-methylpentan-2-one",
      "D. 4 – methylpent-3-en-2-one"
    ],
    "option_images": [],
    "answer": "D",
    "solution": "Acetone undergoes aldol condensation to form Diacetone alcohol, which on dehydration loses a water molecule to form Mesityl oxide (4-methylpent-3-en-2-one)[cite: 71].",
    "solution_images": [
      "q71_solution_1"
    ],
    "difficulty": "",
    "marks": 4
  },
  {
    "id": 72,
    "chapter": "Aldehyde Ketone and Carboxylic Acid",
    "question": "What is the reagent used in Etard reaction? [MHT-CET 2016]",
    "question_latex": "What is the reagent used in Etard reaction? [MHT-CET 2016]",
    "question_images": [],
    "options": [
      "A. Chromyl chloride",
      "B. Ethanoyl chloride",
      "C. SnCl2 and HCl",
      "D. Cadmium chloride"
    ],
    "option_images": [],
    "answer": "A",
    "solution": "Etard reaction involves the oxidation of toluene to benzaldehyde using Chromyl chloride ($CrO_2Cl_2$)[cite: 72].",
    "solution_images": [
      "q72_solution_1"
    ],
    "difficulty": "",
    "marks": 4
  },
  {
    "id": 73,
    "chapter": "Aldehyde Ketone and Carboxylic Acid",
    "question": "Which metal compound among the following involves in Etard reaction? [MHT-CET 2022]",
    "question_latex": "Which metal compound among the following involves in Etard reaction? [MHT-CET 2022]",
    "question_images": [],
    "options": [
      "A. FeSO4",
      "B. NiCl2",
      "C. CoCl2",
      "D. CrO2Cl2"
    ],
    "option_images": [],
    "answer": "D",
    "solution": "$CrO_2Cl_2$ (Chromyl chloride) is used in Etard reaction to convert Toluene to Benzaldehyde[cite: 73].",
    "solution_images": [
      "q73_solution_1"
    ],
    "difficulty": "",
    "marks": 4
  },
  {
    "id": 74,
    "chapter": "Aldehyde Ketone and Carboxylic Acid",
    "question": "Identify the product obtained when R - OH reacts with acid anhydride in presence of H+ ions. [MHT-CET 2022]",
    "question_latex": "Identify the product obtained when $R-OH$ reacts with acid anhydride in presence of $H^+$ ions. [MHT-CET 2022]",
    "question_images": [],
    "options": [
      "A. Ether and carboxylic acid",
      "B. Carboxylic acid only",
      "C. Ester and carboxylic acid",
      "D. Ether only"
    ],
    "option_images": [],
    "answer": "C",
    "solution": "The reaction of alcohol ($R-OH$) with acid anhydride yields Ester and Carboxylic acid[cite: 74].",
    "solution_images": [
      "q74_solution_1"
    ],
    "difficulty": "",
    "marks": 4
  },
  {
    "id": 75,
    "chapter": "Aldehyde Ketone and Carboxylic Acid",
    "question": "Which among the following functional groups is reduced by diborane? [2025, 2020]",
    "question_latex": "Which among the following functional groups is reduced by diborane? [2025, 2020]",
    "question_images": [],
    "options": [
      "A. -COOR",
      "B. -COOH",
      "C. X",
      "D. -NO2"
    ],
    "option_images": [],
    "answer": "B",
    "solution": "Diborane ($B_2H_6$) selectively reduces the carboxyl group ($-COOH$) to primary alcohol[cite: 75].",
    "solution_images": [],
    "difficulty": "",
    "marks": 4
  },
  {
    "id": 76,
    "chapter": "Aldehyde Ketone and Carboxylic Acid",
    "question": "Which among the following compounds is called as Schiff's base? [MHT-CET 2022]",
    "question_latex": "Which among the following compounds is called as Schiff's base? [MHT-CET 2022]",
    "question_images": [],
    "options": [
      "A. Oxime",
      "B. Aldol",
      "C. Substituted imine",
      "D. Hydrazone"
    ],
    "option_images": [],
    "answer": "C",
    "solution": "Schiff's base is a substituted imine ($C=N-Z$).",
    "solution_images": [
      "q76_solution_1"
    ],
    "difficulty": "",
    "marks": 4
  },
  {
    "id": 77,
    "chapter": "Aldehyde Ketone and Carboxylic Acid",
    "question": "Identify the common name of the following compound. [MHT-CET 2022]",
    "question_latex": "Identify the common name of $H_3C-CH(OH)-COOH$. [MHT-CET 2022]",
    "question_images": [
      "q77_1"
    ],
    "options": [
      "A. Lactic acid",
      "B. Oxalic acid",
      "C. Propylene glycol",
      "D. Acrylic acid"
    ],
    "option_images": [],
    "answer": "A",
    "solution": "IUPAC name: 2-Hydroxypropanoic acid. Common name: Lactic acid.",
    "solution_images": [],
    "difficulty": "",
    "marks": 4
  },
  {
    "id": 78,
    "chapter": "Aldehyde Ketone and Carboxylic Acid",
    "question": "Hydrolysis of nitriles with alkaline solutions gives",
    "question_latex": "Hydrolysis of nitriles with alkaline solutions gives",
    "question_images": [],
    "options": [
      "A. Salt of acid",
      "B. Amides",
      "C. Acid",
      "D. Esters"
    ],
    "option_images": [],
    "answer": "A",
    "solution": "Hydrolysis of nitriles with alkaline solutions yields the salt of the carboxylic acid.",
    "solution_images": [],
    "difficulty": "",
    "marks": 4
  },
  {
    "id": 79,
    "chapter": "Aldehyde Ketone and Carboxylic Acid",
    "question": "The compound formed when 3, 5 dinitrobenzoic acid reacts with thionyl chloride is___",
    "question_latex": "The compound formed when 3, 5 dinitrobenzoic acid reacts with thionyl chloride is___",
    "question_images": [],
    "options": [
      "A. 3, 5 dinitrobenzene",
      "B. 3, 5 dinitrobenzene chloride",
      "C. 3, 5 dinitrobenzene thionyl chloride",
      "D. 3, 5 dinitrobenzoyl chloride"
    ],
    "option_images": [],
    "answer": "D",
    "solution": "Reaction of 3,5-dinitrobenzoic acid with $SOCl_2$ yields 3,5-dinitrobenzoyl chloride.",
    "solution_images": [
      "q79_solution_1"
    ],
    "difficulty": "",
    "marks": 4
  },
  {
    "id": 80,
    "chapter": "Aldehyde Ketone and Carboxylic Acid",
    "question": "Identify from following reactions that converts carbonyl group of aldehydes and ketones to methylene group. [MHT-CET 2022]",
    "question_latex": "Identify from following reactions that converts carbonyl group of aldehydes and ketones to methylene group. [MHT-CET 2022]",
    "question_images": [],
    "options": [
      "A. Etard reaction",
      "B. Clemmensen reduction",
      "C. Stephen reaction",
      "D. Rosenmund reduction"
    ],
    "option_images": [],
    "answer": "B",
    "solution": "Clemmensen reduction converts the carbonyl group ($C=O$) in aldehydes and ketones to a methylene group ($CH_2$) using $Zn-Hg$ and conc. $HCl$.",
    "solution_images": [
      "q80_solution_1"
    ],
    "difficulty": "",
    "marks": 4
  },
  {
    "id": 81,
    "chapter": "Aldehyde Ketone and Carboxylic Acid",
    "question": "Which of the followings is most reactive towards addition reaction of hydrogen cyanide to form corresponding cyanohydrin? [MHT-CET 2018]",
    "question_latex": "Which of the followings is most reactive towards addition reaction of hydrogen cyanide to form corresponding cyanohydrin? [MHT-CET 2018]",
    "question_images": [],
    "options": [
      "A. Acetone",
      "B. Formaldehyde",
      "C. Acetaldehyde",
      "D. Diethylketone"
    ],
    "option_images": [],
    "answer": "B",
    "solution": "Reactivity towards nucleophilic addition: Aldehyde > Ketone. In aldehydes, reactivity decreases with increasing steric hindrance: $HCHO > CH_3CHO > CH_3CH_2CHO$. Thus, Formaldehyde is most reactive.",
    "solution_images": [],
    "difficulty": "",
    "marks": 4
  },
  {
    "id": 82,
    "chapter": "Aldehyde Ketone and Carboxylic Acid",
    "question": "Carboxylic acid donot give characteristic property of",
    "question_latex": "Carboxylic acid donot give characteristic property of",
    "question_images": [],
    "options": [
      "A. R-Groups",
      "B. COOH groups",
      "C. >C=O groups",
      "D. O-H group"
    ],
    "option_images": [],
    "answer": "C",
    "solution": "Carboxylic acids do not give characteristic reactions of the carbonyl group ($>C=O$) (like formation of oximes, hydrazones, etc.) because the carbonyl group is involved in resonance with the lone pairs on the oxygen of the OH group.",
    "solution_images": [],
    "difficulty": "",
    "marks": 4
  },
  {
    "id": 83,
    "chapter": "Aldehyde Ketone and Carboxylic Acid",
    "question": "Identify P in the following reaction.",
    "question_latex": "Identify P in the following reaction.",
    "question_images": [
      "q83_1"
    ],
    "options": [
      "A. Structure A",
      "B. Structure B",
      "C. Structure C",
      "D. Structure D"
    ],
    "option_images": [
      "q83_option_a",
      "q83_option_b",
      "q83_option_c",
      "q83_option_d"
    ],
    "answer": "C",
    "solution": "The reaction shown is an intramolecular Cannizzaro reaction of phthalaldehyde in the presence of concentrated NaOH, yielding the sodium salt of o-hydroxymethylbenzoic acid (Structure C).",
    "solution_images": [],
    "difficulty": "",
    "marks": 4
  },
  {
    "id": 84,
    "chapter": "Aldehyde Ketone and Carboxylic Acid",
    "question": "Which of the following aromatic acids has less acidic strength than benzoic acid? [MHT-CET 2020]",
    "question_latex": "Which of the following aromatic acids has less acidic strength than benzoic acid? [MHT-CET 2020]",
    "question_images": [],
    "options": [
      "A. o-chlorobenzoic acid",
      "B. o-nitrobenzoic acid",
      "C. m-nitrobenzoic acid",
      "D. p-methoxybenzoic acid"
    ],
    "option_images": [],
    "answer": "D",
    "solution": "Since the methoxy $-OCH_3$ group is electron donating to the ring, it destabilizes the carboxylate ion, making the acid weaker. Electron withdrawing groups ($Cl, NO_2$) increase acidity.",
    "solution_images": [],
    "difficulty": "",
    "marks": 4
  },
  {
    "id": 85,
    "chapter": "Aldehyde Ketone and Carboxylic Acid",
    "question": "Which among the following has lowest boiling point? [2025, 2021]",
    "question_latex": "Which among the following has lowest boiling point? [2025, 2021]",
    "question_images": [],
    "options": [
      "A. $CH_3-COOH$",
      "B. $CH_3-CH_2-CH_2-CH_3$",
      "C. $CH_3-O-CH_2-CH_3$",
      "D. $CH_3-CH_2-CH_2-OH$"
    ],
    "option_images": [],
    "answer": "B",
    "solution": "Alkanes ($CH_3-CH_2-CH_2-CH_3$) have lower boiling points than ethers, alcohols, and carboxylic acids of comparable molar mass. Alcohols and carboxylic acids have higher boiling points due to hydrogen bonding.",
    "solution_images": [],
    "difficulty": "",
    "marks": 4
  },
  {
    "id": 86,
    "chapter": "Aldehyde Ketone and Carboxylic Acid",
    "question": "Ethanal reacts with alkali to give 3-hydroxy butanal. The reactions is",
    "question_latex": "Ethanal reacts with alkali to give 3-hydroxy butanal. The reactions is",
    "question_images": [],
    "options": [
      "A. Aldol condensations",
      "B. Claisen condensations",
      "C. Cannizzaro s reactions",
      "D. Clemmenson reductions"
    ],
    "option_images": [],
    "answer": "A",
    "solution": "The reaction of ethanal with alkali to form 3-hydroxybutanal is an example of Aldol condensation.",
    "solution_images": [],
    "difficulty": "",
    "marks": 4
  },
  {
    "id": 87,
    "chapter": "Aldehyde Ketone and Carboxylic Acid",
    "question": "An optical active alcohol of formula C4H10O on oxidations gives which of the following compounds ?",
    "question_latex": "An optical active alcohol of formula $C_4H_{10}O$ on oxidations gives which of the following compounds ?",
    "question_images": [],
    "options": [
      "A. $(CH_3)_2CHCHO$",
      "B. $(CH_3)_2C=CH_2$",
      "C. $CH_3COC_2H_5$",
      "D. $CH_2CH_2CH_2CHO$"
    ],
    "option_images": [],
    "answer": "C",
    "solution": "Molecular formula $C_4H_{10}O$ has four isomers. Sec-butyl alcohol ($CH_3CH(OH)CH_2CH_3$) is optically active and on oxidation gives ethyl methyl ketone ($CH_3COC_2H_5$).",
    "solution_images": [
      "q87_solution_1"
    ],
    "difficulty": "",
    "marks": 4
  },
  {
    "id": 88,
    "chapter": "Aldehyde Ketone and Carboxylic Acid",
    "question": "Which among the following is NOT dicarboxylic acid? [2025, 2024]",
    "question_latex": "Which among the following is NOT dicarboxylic acid? [2025, 2024]",
    "question_images": [],
    "options": [
      "A. Valeric acid",
      "B. Adipic acid",
      "C. Glutaric acid",
      "D. Malonic acid"
    ],
    "option_images": [],
    "answer": "A",
    "solution": "Valeric acid ($CH_3(CH_2)_3COOH$) is a monocarboxylic acid. Adipic, Glutaric, and Malonic acids are dicarboxylic acids.",
    "solution_images": [
      "q88_solution_1"
    ],
    "difficulty": "",
    "marks": 4
  },
  {
    "id": 89,
    "chapter": "Aldehyde Ketone and Carboxylic Acid",
    "question": "Acids having higher B.P. than alcohols because of",
    "question_latex": "Acids having higher B.P. than alcohols because of",
    "question_images": [],
    "options": [
      "A. Intra molecular HB",
      "B. Dimerisations of acid",
      "C. Dipole-dipole attractions",
      "D. Vander Waals force of attrition"
    ],
    "option_images": [],
    "answer": "B",
    "solution": "Carboxylic acids exist as dimers due to intermolecular hydrogen bonding, which effectively doubles the molecular weight and increases the boiling point significantly compared to alcohols.",
    "solution_images": [],
    "difficulty": "",
    "marks": 4
  },
  {
    "id": 90,
    "chapter": "Aldehyde Ketone and Carboxylic Acid",
    "question": "The compound is ______",
    "question_latex": "The compound $CH_3-C(=O)-H$ is ______",
    "question_images": [
      "q90_1"
    ],
    "options": [
      "A. Acetaldehyde",
      "B. Acetic acid",
      "C. Acetal",
      "D. Acetone"
    ],
    "option_images": [],
    "answer": "A",
    "solution": "The structure $CH_3-CHO$ corresponds to Acetaldehyde.",
    "solution_images": [],
    "difficulty": "",
    "marks": 4
  },
  {
    "id": 91,
    "chapter": "Aldehyde Ketone and Carboxylic Acid",
    "question": "Identify B in the following reaction $R-C\\equiv N \\xrightarrow{SnCl_2/HCl dil.} A \\xrightarrow{H_3O^+} B + NH_4Cl$",
    "question_latex": "Identify B in the following reaction $R-C\\equiv N \\xrightarrow{SnCl_2/HCl dil.} A \\xrightarrow{H_3O^+} B + NH_4Cl$",
    "question_images": [],
    "options": [
      "A. R-CHO",
      "B. R-COOH",
      "C. RCH2-NH2",
      "D. R-CO-NH2"
    ],
    "option_images": [],
    "answer": "A",
    "solution": "This is Stephen's reduction. Nitriles are reduced to imines ($R-CH=NH$) which on acid hydrolysis give aldehydes ($R-CHO$).",
    "solution_images": [
      "q91_solution_1"
    ],
    "difficulty": "",
    "marks": 4
  },
  {
    "id": 92,
    "chapter": "Aldehyde Ketone and Carboxylic Acid",
    "question": "Identify the product ' B ' in following reaction. Isopropyl cyanide $\\xrightarrow{SnCl_2, HCl} \\xrightarrow{H_3O^+} B + NH_4Cl$ [MHT-CET 2022]",
    "question_latex": "Identify the product ' B ' in following reaction. Isopropyl cyanide $\\xrightarrow{SnCl_2, HCl} \\xrightarrow{H_3O^+} B + NH_4Cl$ [MHT-CET 2022]",
    "question_images": [],
    "options": [
      "A. 2-Methylpropanoic acid",
      "B. Propanal",
      "C. Propanone",
      "D. 2-Methylpropanal"
    ],
    "option_images": [],
    "answer": "D",
    "solution": "Isopropyl cyanide ($CH_3-CH(CH_3)-CN$) undergoes Stephen reduction to form 2-Methylpropanal ($CH_3-CH(CH_3)-CHO$).",
    "solution_images": [
      "q92_solution_1"
    ],
    "difficulty": "",
    "marks": 4
  },
  {
    "id": 93,
    "chapter": "Aldehyde Ketone and Carboxylic Acid",
    "question": "CN group is converted into COOH group by,",
    "question_latex": "CN group is converted into COOH group by,",
    "question_images": [],
    "options": [
      "A. Hydrolysis",
      "B. Oxidations",
      "C. Reductions",
      "D. Esterification"
    ],
    "option_images": [],
    "answer": "A",
    "solution": "The nitrile group ($-CN$) yields the carboxyl group ($-COOH$) upon complete hydrolysis.",
    "solution_images": [],
    "difficulty": "",
    "marks": 4
  },
  {
    "id": 94,
    "chapter": "Aldehyde Ketone and Carboxylic Acid",
    "question": "Which among the following is strongest acid? [MHT-CET 2021 ]",
    "question_latex": "Which among the following is strongest acid? [MHT-CET 2021 ]",
    "question_images": [],
    "options": [
      "A. Fluoroacetic acid",
      "B. Chloroacetic acid",
      "C. Iodoacetic acid",
      "D. Bromoacetic acid"
    ],
    "option_images": [],
    "answer": "A",
    "solution": "Acidity increases with the electronegativity of the halogen substituent due to the -I effect. $F > Cl > Br > I$. Therefore, Fluoroacetic acid is the strongest.",
    "solution_images": [],
    "difficulty": "",
    "marks": 4
  },
  {
    "id": 95,
    "chapter": "Aldehyde Ketone and Carboxylic Acid",
    "question": "Which among the following compounds is hemiacetal?",
    "question_latex": "Which among the following compounds is hemiacetal?",
    "question_images": [],
    "options": [
      "A. Structure A",
      "B. Structure B",
      "C. Structure C",
      "D. Structure D"
    ],
    "option_images": [
      "q95_option_a",
      "q95_option_b",
      "q95_option_c",
      "q95_option_d"
    ],
    "answer": "C",
    "solution": "A hemiacetal is formed by the addition of alcohol to an aldehyde, having the general formula $R-CH(OH)(OR')$.",
    "solution_images": [],
    "difficulty": "",
    "marks": 4
  },
  {
    "id": 96,
    "chapter": "Aldehyde Ketone and Carboxylic Acid",
    "question": "Which from following aldehydes has highest boiling point? [MHT-CET 2023 ]",
    "question_latex": "Which from following aldehydes has highest boiling point? [MHT-CET 2023 ]",
    "question_images": [],
    "options": [
      "A. Propanal",
      "B. Hexanal",
      "C. Pentanal",
      "D. Butanal"
    ],
    "option_images": [],
    "answer": "B",
    "solution": "Boiling point for aldehydes in a homologous series increases with the increase in the number of carbon atoms. Hexanal (6 carbons) > Pentanal > Butanal > Propanal.",
    "solution_images": [],
    "difficulty": "",
    "marks": 4
  },
  {
    "id": 97,
    "chapter": "Aldehyde Ketone and Carboxylic Acid",
    "question": "Which among the following compounds has highest boiling point? [MHT-CET 2020]",
    "question_latex": "Which among the following compounds has highest boiling point? [MHT-CET 2020]",
    "question_images": [],
    "options": [
      "A. $CH_3-CH_2-COCH_3$",
      "B. $CH_3-CH_2-CH_2-CHO$",
      "C. $CH_3-CH_2-COOH$",
      "D. $CH_3-CH_2-CH_2-CH_2-OH$"
    ],
    "option_images": [],
    "answer": "C",
    "solution": "Carboxylic acids possess higher boiling points than those of alcohols, aldehydes, ketones, ethers, and hydrocarbons of comparable molecular masses due to stronger hydrogen bonding.",
    "solution_images": [],
    "difficulty": "",
    "marks": 4
  },
  {
    "id": 98,
    "chapter": "Aldehyde Ketone and Carboxylic Acid",
    "question": "Identify the symmetrical ketone from the following compounds. [MHT-CET 2022 ]",
    "question_latex": "Identify the symmetrical ketone from the following compounds. [MHT-CET 2022 ]",
    "question_images": [],
    "options": [
      "A. Ethyl phenyl ketone",
      "B. Ethyl methyl ketone",
      "C. Acetophenone",
      "D. Benzophenone"
    ],
    "option_images": [],
    "answer": "D",
    "solution": "Benzophenone ($C_6H_5-CO-C_6H_5$) has two identical phenyl groups attached to the carbonyl carbon, making it a symmetrical ketone.",
    "solution_images": [
      "q98_solution_1"
    ],
    "difficulty": "",
    "marks": 4
  },
  {
    "id": 99,
    "chapter": "Aldehyde Ketone and Carboxylic Acid",
    "question": "Which of the following four hydrogen s which is most acidic ?",
    "question_latex": "Which of the following four hydrogen s which is most acidic ?",
    "question_images": [
      "q99_1"
    ],
    "options": [
      "A. 1",
      "B. 2",
      "C. 3",
      "D. 4"
    ],
    "option_images": [],
    "answer": "B",
    "solution": "The methylene hydrogens (position 2) between two electron-withdrawing carbonyl groups in a 1,3-diketone (like acetylacetone) are the most acidic due to resonance stabilization of the carbanion.",
    "solution_images": [],
    "difficulty": "",
    "marks": 4
  },
  {
    "id": 100,
    "chapter": "Aldehyde Ketone and Carboxylic Acid",
    "question": "Which among the following compounds is formed when aldehydes react with Grignard reagent followed by acid hydrolysis? [MHT-CET 2023 ]",
    "question_latex": "Which among the following compounds is formed when aldehydes react with Grignard reagent followed by acid hydrolysis? [MHT-CET 2023 ]",
    "question_images": [],
    "options": [
      "A. Amides",
      "B. Carboxylic acids",
      "C. Alcohols",
      "D. Phenols"
    ],
    "option_images": [],
    "answer": "C",
    "solution": "Aldehydes react with Grignard reagents to form an addition product (adduct), which on acid hydrolysis yields alcohols ($R-CH(OH)-R'$).",
    "solution_images": [
      "q100_solution_1"
    ],
    "difficulty": "",
    "marks": 4
  }
]