[
  {
    "id": 1,
    "chapter": "Elements of Group 16,17 and 18",
    "question": "Which from following elements is in liquid state at room temperature? [MHT-CET 2023 ]",
    "question_latex": "Which from following elements is in liquid state at room temperature? [MHT-CET 2023 ]",
    "question_images": [],
    "options": [
      "A. S",
      "B. Br",
      "C. I",
      "D. Se"
    ],
    "option_images": [],
    "answer": "B",
    "solution": "Bromine ($Br$) is a liquid at room temperature.",
    "solution_images": [],
    "difficulty": "",
    "marks": 4
  },
  {
    "id": 2,
    "chapter": "Elements of Group 16,17 and 18",
    "question": "Which of the following is the correct decreasing order of thermal stability of interhalogen compounds? [2025]",
    "question_latex": "Which of the following is the correct decreasing order of thermal stability of interhalogen compounds? [2025]",
    "question_images": [],
    "options": [
      "A. $IBr>ClF>ICl$",
      "B. $ICl>ClF>IBr$",
      "C. $ClF>ICl>IBr$",
      "D. $ICl>IBr>ClF$"
    ],
    "option_images": [],
    "answer": "C",
    "solution": "Thermal stability of interhalogen compounds follows the following order: $ClF>ICl>IBr>BrCl>BrF$.",
    "solution_images": [],
    "difficulty": "",
    "marks": 4
  },
  {
    "id": 3,
    "chapter": "Elements of Group 16,17 and 18",
    "question": "Which of the following noble gas was reacted with PtF₆ by Bartlett to prepare the first noble gas compounds?",
    "question_latex": "Which of the following noble gas was reacted with $PtF_{6}$ by Bartlett to prepare the first noble gas compounds?",
    "question_images": [],
    "options": [
      "A. He",
      "B. Xe",
      "C. Ar",
      "D. Kr"
    ],
    "option_images": [],
    "answer": "B",
    "solution": "Bartlett prepared the first noble gas compound by reacting Xenon ($Xe$) with $PtF_{6}$.",
    "solution_images": [],
    "difficulty": "",
    "marks": 4
  },
  {
    "id": 4,
    "chapter": "Elements of Group 16,17 and 18",
    "question": "Electronic configuration of only one P block element is exceptional. One molecule of that element consists of how many atoms of it? [MHT-CET 2015]",
    "question_latex": "Electronic configuration of only one P block element is exceptional. One molecule of that element consists of how many atoms of it? [MHT-CET 2015]",
    "question_images": [],
    "options": [
      "A. One",
      "B. Two",
      "C. Three",
      "D. Four"
    ],
    "option_images": [],
    "answer": "A",
    "solution": "Helium ($He$) is a p-block element but its electronic configuration ($1s^2$) does not follow the normal trend of p-block element electronic configuration. Since it is monoatomic, it consists of one atom of it.",
    "solution_images": [],
    "difficulty": "",
    "marks": 4
  },
  {
    "id": 5,
    "chapter": "Elements of Group 16,17 and 18",
    "question": "Which element from following is most electronegative? [MHT-CET 2022 ]",
    "question_latex": "Which element from following is most electronegative? [MHT-CET 2022 ]",
    "question_images": [],
    "options": [
      "A. Br",
      "B. O",
      "C. S",
      "D. Se"
    ],
    "option_images": [],
    "answer": "B",
    "solution": "Oxygen is the second most electronegative element in the periodic table.",
    "solution_images": [],
    "difficulty": "",
    "marks": 4
  },
  {
    "id": 6,
    "chapter": "Elements of Group 16,17 and 18",
    "question": "What is oxidation state of xenon in xenon monooxytetrafluoride? [2025]",
    "question_latex": "What is oxidation state of xenon in xenon monooxytetrafluoride? [2025]",
    "question_images": [],
    "options": [
      "A. +6",
      "B. +8",
      "C. +4",
      "D. +2"
    ],
    "option_images": [],
    "answer": "A",
    "solution": "Let the oxidation state of xenon (Xe) be $x$ in $XeOF_4$; $x + 1(-2) + 4(-1) = 0 \\Rightarrow x - 2 - 4 = 0 \\Rightarrow x - 6 = 0 \\Rightarrow x = +6$.",
    "solution_images": [],
    "difficulty": "",
    "marks": 4
  },
  {
    "id": 7,
    "chapter": "Elements of Group 16,17 and 18",
    "question": "What is the oxidation state of chlorine atom in hypochlorous acid? [MHT-CET 2020]",
    "question_latex": "What is the oxidation state of chlorine atom in hypochlorous acid? [MHT-CET 2020]",
    "question_images": [],
    "options": [
      "A. -1",
      "B. +2",
      "C. +1",
      "D. +3"
    ],
    "option_images": [],
    "answer": "C",
    "solution": "Hypochlorus acid is $HOCl$. The oxidation state of $Cl$ is $+1$.",
    "solution_images": [],
    "difficulty": "",
    "marks": 4
  },
  {
    "id": 8,
    "chapter": "Elements of Group 16,17 and 18",
    "question": "Which from following is a formula of cryolite? [MHT-CET 2023 ]",
    "question_latex": "Which from following is a formula of cryolite? [MHT-CET 2023 ]",
    "question_images": [],
    "options": [
      "A. $CaF_{2}$",
      "B. $Na_{3}AlF_{6}$",
      "C. $BaSO_{4}$",
      "D. $Ca_{3}(PO_{4})_{2}$"
    ],
    "option_images": [],
    "answer": "B",
    "solution": "Cryolite formula is $Na_{3}AlF_{6}$.",
    "solution_images": [],
    "difficulty": "",
    "marks": 4
  },
  {
    "id": 9,
    "chapter": "Elements of Group 16,17 and 18",
    "question": "Which from following formulae is of galena? [MHT-CET 2023 ]",
    "question_latex": "Which from following formulae is of galena? [MHT-CET 2023 ]",
    "question_images": [],
    "options": [
      "A. $BaSO_{4}$",
      "B. $PbS$",
      "C. $ZnS$",
      "D. $CaSO_{4}\\cdot2H_{2}O$"
    ],
    "option_images": [],
    "answer": "B",
    "solution": "Galena is Lead Sulfide, $PbS$.",
    "solution_images": [],
    "difficulty": "",
    "marks": 4
  },
  {
    "id": 10,
    "chapter": "Elements of Group 16,17 and 18",
    "question": "Which is INCORRECT among the following statements?",
    "question_latex": "Which is INCORRECT among the following statements?",
    "question_images": [],
    "options": [
      "A. The oxide which combines with water to give an acid is referred as acidic oxide",
      "B. The oxide which show both acidic and basic characteristics are called amphoteric oxides",
      "C. In a period the acidic character of oxide increase while the basic character decrease",
      "D. NO, N₂O and CO are example of amphoteric oxides"
    ],
    "option_images": [],
    "answer": "D",
    "solution": "$NO$, $N_{2}O$ and $CO$ are examples of neutral oxides, not amphoteric.",
    "solution_images": [],
    "difficulty": "",
    "marks": 4
  },
  {
    "id": 11,
    "chapter": "Elements of Group 16,17 and 18",
    "question": "The sulphide which is orange red is",
    "question_latex": "The sulphide which is orange red is",
    "question_images": [],
    "options": [
      "A. $Sb_{2}S_{3}$",
      "B. $As_{2}S_{3}$",
      "C. CdS",
      "D. $Ag_{2}S$"
    ],
    "option_images": [],
    "answer": "A",
    "solution": "$Sb_{2}S_{3}$ is an orange-red sulphide. $As_{2}S_{3}$ is yellow, $CdS$ is yellow, and $Ag_{2}S$ is black.",
    "solution_images": [],
    "difficulty": "",
    "marks": 4
  },
  {
    "id": 12,
    "chapter": "Elements of Group 16,17 and 18",
    "question": "Identify a molecule with lowest ionic character from following if M is monovalent metal atom. [MHT-CET 2023]",
    "question_latex": "Identify a molecule with lowest ionic character from following if M is monovalent metal atom. [MHT-CET 2023]",
    "question_images": [],
    "options": [
      "A. MBr",
      "B. MF",
      "C. MCI",
      "D. MI"
    ],
    "option_images": [],
    "answer": "D",
    "solution": "Ionic character of halides decreases in the order $MF > MCl > MBr > MI$, where M is a monovalent metal. As the size of the anion increases (from F to I), the polarization increases (Fajan's rule), leading to increased covalent character and decreased ionic character.",
    "solution_images": [],
    "difficulty": "",
    "marks": 4
  },
  {
    "id": 13,
    "chapter": "Elements of Group 16,17 and 18",
    "question": "Gradual addition of electronic shells in the noble gases causes a decrease in their",
    "question_latex": "Gradual addition of electronic shells in the noble gases causes a decrease in their",
    "question_images": [],
    "options": [
      "A. Ionization energy",
      "B. atomic radius",
      "C. Boiling point",
      "D. Density"
    ],
    "option_images": [],
    "answer": "A",
    "solution": "As the number of shells increases down the group, the atomic size increases and the effective nuclear charge on the outermost electron decreases. Thus, Ionization Energy (I.E.) decreases.",
    "solution_images": [],
    "difficulty": "",
    "marks": 4
  },
  {
    "id": 14,
    "chapter": "Elements of Group 16,17 and 18",
    "question": "Pick out incorrect statement for ClF₃",
    "question_latex": "Pick out incorrect statement for $ClF_{3}$",
    "question_images": [],
    "options": [
      "A. It has trigoanl planar geometry",
      "B. It is used to make gaseous $UF_{6}$ which is useful in making enriched U-235 fuel",
      "C. It is used as powerful fluorinating agent for inorganic compounds",
      "D. $ClF_{3}$ Has been used as fuel in short range rockest reacting with hydrazine"
    ],
    "option_images": [],
    "answer": "A",
    "solution": "$ClF_{3}$ has a T-shaped geometry (due to 2 lone pairs and 3 bond pairs in a trigonal bipyramidal electron geometry), not trigonal planar geometry.",
    "solution_images": [],
    "difficulty": "",
    "marks": 4
  },
  {
    "id": 15,
    "chapter": "Elements of Group 16,17 and 18",
    "question": "Which trioxide of group 16 elements exists as a cyclic tetramer in the solid state?",
    "question_latex": "Which trioxide of group 16 elements exists as a cyclic tetramer in the solid state?",
    "question_images": [],
    "options": [
      "A. $SO_{3}$",
      "B. $SeO_{3}$",
      "C. $TeO_{3}$",
      "D. Both $SO_{3}$ and $SeO_{3}$"
    ],
    "option_images": [],
    "answer": "B",
    "solution": "Only $SeO_{3}$ in the solid state exists as a cyclic tetramer. $SO_{3}$ in the solid state exists as a linear chain or a cyclic trimer. $TeO_{3}$ is a solid with a network structure.",
    "solution_images": [],
    "difficulty": "",
    "marks": 4
  },
  {
    "id": 16,
    "chapter": "Elements of Group 16,17 and 18",
    "question": "Which among the following statements about ozone depletion is NOT true? [MHT-CET 2021]",
    "question_latex": "Which among the following statements about ozone depletion is NOT true? [MHT-CET 2021]",
    "question_images": [],
    "options": [
      "A. Freons used in aerosol that enters into atmosphere causes depletion of ozone layer.",
      "B. Due to ozone depletion less amount of UV radiations reaches to earth surface.",
      "C. Nitrogen oxide released from cars causes ozone depletion.",
      "D. Depletion of ozone is most pronounced over Antarctica."
    ],
    "option_images": [],
    "answer": "B",
    "solution": "Ozone depletion is a major environmental problem because it *increases* the amount of UV radiation that reaches the earth's surface, not decreases it.",
    "solution_images": [],
    "difficulty": "",
    "marks": 4
  },
  {
    "id": 17,
    "chapter": "Elements of Group 16,17 and 18",
    "question": "Which from following minerals is NOT of radioactive in origin? [MHT-CET 2024]",
    "question_latex": "Which from following minerals is NOT of radioactive in origin? [MHT-CET 2024]",
    "question_images": [],
    "options": [
      "A. Cleveite",
      "B. Monazite",
      "C. Carnallite",
      "D. Pitchblende"
    ],
    "option_images": [],
    "answer": "C",
    "solution": "Carnallite is a chloride mineral ($KMgCl_3 \\cdot 6H_2O$) and is not radioactive. Cleveite, monazite, and pitchblende contain radioactive elements.",
    "solution_images": [],
    "difficulty": "",
    "marks": 4
  },
  {
    "id": 18,
    "chapter": "Elements of Group 16,17 and 18",
    "question": "Which halogen forms an oxyacid that contains the halogen atom in tripositive oxidation state? [MHT-CET 2015]",
    "question_latex": "Which halogen forms an oxyacid that contains the halogen atom in tripositive oxidation state? [MHT-CET 2015]",
    "question_images": [],
    "options": [
      "A. Fluorine",
      "B. Chlorine",
      "C. Bromine",
      "D. Iodine"
    ],
    "option_images": [],
    "answer": "B",
    "solution": "Chlorine forms oxyacids in +1, +3, +5, +7 oxidation states (e.g., $HClO_{2}$ where Cl is +3). Fluorine only forms HOF (+1). Bromine and Iodine typically form oxyacids in +1, +5, +7 states.",
    "solution_images": [],
    "difficulty": "",
    "marks": 4
  },
  {
    "id": 19,
    "chapter": "Elements of Group 16,17 and 18",
    "question": "Ozone (O₃) and oxygen gas O₂ are examples of",
    "question_latex": "Ozone ($O_{3}$) and oxygen gas $O_{2}$ are examples of",
    "question_images": [],
    "options": [
      "A. Isotops",
      "B. Allotropes",
      "C. Antelopes",
      "D. Amphoterism"
    ],
    "option_images": [],
    "answer": "B",
    "solution": "Ozone ($O_{3}$) and Oxygen ($O_{2}$) are allotropes of the element Oxygen.",
    "solution_images": [],
    "difficulty": "",
    "marks": 4
  },
  {
    "id": 20,
    "chapter": "Elements of Group 16,17 and 18",
    "question": "What is oxidation state of iodine in periodic acid? [2025]",
    "question_latex": "What is oxidation state of iodine in periodic acid? [2025]",
    "question_images": [],
    "options": [
      "A. +3",
      "B. +7",
      "C. +5",
      "D. +1"
    ],
    "option_images": [],
    "answer": "B",
    "solution": "Periodic acid is $HIO_4$. Let the oxidation state of iodine be $x$. $1 + x + 4(-2) = 0 \\Rightarrow 1 + x - 8 = 0 \\Rightarrow x = +7$.",
    "solution_images": [],
    "difficulty": "",
    "marks": 4
  },
  {
    "id": 21,
    "chapter": "Elements of Group 16,17 and 18",
    "question": "Antimony with hot conc. H2SO4 produces sulphates and behaves like",
    "question_latex": "$\\text{Antimony when treated with hot concentrated } H_2SO_4 \\text{ produces sulphates and behaves like}$",
    "question_images": [],
    "options": [
      "A. Metal",
      "B. Non metal",
      "C. Metalloid",
      "D. Any of the above"
    ],
    "option_images": [],
    "answer": "D. Any of the above",
    "solution": "$\\text{Antimony shows variable behaviour depending on conditions and can behave as metal, non-metal, or metalloid.}$",
    "solution_images": [],
    "difficulty": "Medium",
    "marks": 4
  },
  {
    "id": 22,
    "chapter": "Elements of Group 16,17 and 18",
    "question": "What is shape of BrF5 molecule?",
    "question_latex": "$\\text{What is the shape of } BrF_5 \\text{ molecule?}$",
    "question_images": ["q22_1"],
    "options": [
      "A. Bent",
      "B. T-shape",
      "C. Square pyramidal",
      "D. Square planar"
    ],
    "option_images": [],
    "answer": "C. Square pyramidal",
    "solution": "$\\text{BrF}_5 \\text{ has } sp^3d^2 \\text{ hybridisation with one lone pair, giving square pyramidal geometry.}$",
    "solution_images": ["q22_solution_1"],
    "difficulty": "Easy",
    "marks": 4
  },
  {
    "id": 23,
    "chapter": "Elements of Group 16,17 and 18",
    "question": "Which among the following is pyrosulphuric acid?",
    "question_latex": "$\\text{Which among the following compounds is pyrosulphuric acid?}$",
    "question_images": ["q23_1"],
    "options": [
      "A. $H_2S_2O_8$",
      "B. $H_2S_2O_7$",
      "C. $H_2SO_4$",
      "D. $H_2SO_3$"
    ],
    "option_images": [],
    "answer": "B. $H_2S_2O_7$",
    "solution": "$\\text{Pyrosulphuric acid (oleum) has the formula } H_2S_2O_7.$",
    "solution_images": ["q23_solution_1"],
    "difficulty": "Easy",
    "marks": 4
  },
  {
    "id": 24,
    "chapter": "Elements of Group 16,17 and 18",
    "question": "Chlorine is used in water for",
    "question_latex": "$\\text{Chlorine is used in water for}$",
    "question_images": [],
    "options": [
      "A. Killing germs",
      "B. Prevention of pollution",
      "C. Cleaning",
      "D. Removing dirt"
    ],
    "option_images": [],
    "answer": "A. Killing germs",
    "solution": "$\\text{Chlorine is used for disinfection of drinking water by killing pathogenic microorganisms.}$",
    "solution_images": [],
    "difficulty": "Easy",
    "marks": 4
  },
  {
    "id": 25,
    "chapter": "Elements of Group 16,17 and 18",
    "question": "Liquid ______ is used in research laboratories for the detection of mesons and gamma photons",
    "question_latex": "$\\text{Liquid } \\_\\_\\_\\_ \\text{ is used in research laboratories for the detection of mesons and gamma photons}$",
    "question_images": [],
    "options": [
      "A. Helium",
      "B. Neon",
      "C. Xenon",
      "D. Radon"
    ],
    "option_images": [],
    "answer": "C. Xenon",
    "solution": "$\\text{Liquid xenon is used as a scintillation detector for gamma rays and mesons.}$",
    "solution_images": [],
    "difficulty": "Medium",
    "marks": 4
  },
  {
    "id": 26,
    "chapter": "Elements of Group 16,17 and 18",
    "question": "Which of the following is an acidic oxide?",
    "question_latex": "$\\text{Which of the following compounds is an acidic oxide?}$",
    "question_images": [],
    "options": [
      "A. $Na_2O$",
      "B. $NO$",
      "C. $N_2O$",
      "D. $CO$"
    ],
    "option_images": [],
    "answer": "A. $Na_2O$",
    "solution": "$\\text{According to the provided question key, } Na_2O \\text{ is considered acidic in this context.}$",
    "solution_images": [],
    "difficulty": "Medium",
    "marks": 4
  },
  {
    "id": 27,
    "chapter": "Elements of Group 16,17 and 18",
    "question": "What is the number of allotropes of tellurium?",
    "question_latex": "$\\text{What is the number of allotropes of tellurium?}$",
    "question_images": [],
    "options": [
      "A. 2",
      "B. 3",
      "C. 4",
      "D. 5"
    ],
    "option_images": [],
    "answer": "A. 2",
    "solution": "$\\text{Tellurium exists in two allotropes: crystalline and amorphous.}$",
    "solution_images": [],
    "difficulty": "Easy",
    "marks": 4
  },
  {
    "id": 28,
    "chapter": "Elements of Group 16,17 and 18",
    "question": "Which of following interhalogen compounds is NOT obtained by action of fluorine with bromine?",
    "question_latex": "$\\text{Which of the following interhalogen compounds is NOT obtained by action of fluorine on bromine?}$",
    "question_images": [],
    "options": [
      "A. $BrF$",
      "B. $BrF_3$",
      "C. $BrF_5$",
      "D. $BrF_7$"
    ],
    "option_images": [],
    "answer": "D. $BrF_7$",
    "solution": "$\\text{Bromine does not form } BrF_7 \\text{ due to size and electronic limitations.}$",
    "solution_images": [],
    "difficulty": "Medium",
    "marks": 4
  },
  {
    "id": 29,
    "chapter": "Elements of Group 16,17 and 18",
    "question": "In which of the following reaction does nitric acid act as an oxidising agent?",
    "question_latex": "$\\text{In which of the following reactions does nitric acid act as an oxidising agent?}$",
    "question_images": [],
    "options": [
      "A. $Cu + CuO \\rightarrow Cu_2O$",
      "B. $Cu + 4HNO_3 \\rightarrow Cu(NO_3)_2 + 2NO_2 + 2H_2O$",
      "C. $NaNO_3 + NaOH$",
      "D. $NaOH + HNO_3$"
    ],
    "option_images": [],
    "answer": "B. $Cu + 4HNO_3 \\rightarrow Cu(NO_3)_2 + 2NO_2 + 2H_2O$",
    "solution": "$\\text{Nitric acid oxidises copper metal to } Cu^{2+}. $",
    "solution_images": [],
    "difficulty": "Medium",
    "marks": 4
  },
  {
    "id": 30,
    "chapter": "Elements of Group 16,17 and 18",
    "question": "Which of the following is not true for structure of SO3?",
    "question_latex": "$\\text{Which of the following statements is NOT true for the structure of } SO_3 ?$",
    "question_images": [],
    "options": [
      "A. It is a resonance hybrid of three resonating structures",
      "B. One }$\\pi$ bond arises from $p\\pi$-$p\\pi$ overlap",
      "C. One }$\\pi$ bond arises from $d\\pi$-$p\\pi$ overlap",
      "D. It is a resonance hybrid of two resonating structures"
    ],
    "option_images": [],
    "answer": "D. It is a resonance hybrid of two resonating structures",
    "solution": "$SO_3$ has three equivalent resonance structures, not two.",
    "solution_images": [],
    "difficulty": "Medium",
    "marks": 4
  },
  {
    "id": 31,
    "chapter": "Elements of Group 16,17 and 18",
    "question": "Identify the product obtained when n moles of copper is treated with double the quantity of hot conc. sulphuric acid. [MHT-CET 2024]",
    "question_latex": "Identify the product obtained when $n$ moles of copper is treated with double the quantity of hot conc. sulphuric acid. [MHT-CET 2024]",
    "question_images": [],
    "options": [
      "A. n moles each of copper sulphate, $SO_{3}$ and $H_{2}O$.",
      "B. n moles copper sulphide and 2 n moles water.",
      "C. 2 n moles of copper sulphate and 2 n moles of water.",
      "D. n moles copper sulphate, n moles $SO_{2}$ and 2 n moles water."
    ],
    "option_images": [],
    "answer": "D",
    "solution": "The reaction is $Cu + 2H_{2}SO_{4} \\rightarrow CuSO_{4} + SO_{2} + 2H_{2}O$. For $n$ moles of $Cu$ reacting with $2n$ moles of $H_{2}SO_{4}$, it produces $n$ moles of $CuSO_{4}$, $n$ moles of $SO_{2}$, and $2n$ moles of $H_{2}O$[cite: 43, 44].",
    "solution_images": [],
    "difficulty": "",
    "marks": 4
  },
  {
    "id": 32,
    "chapter": "Elements of Group 16,17 and 18",
    "question": "Which element from following combines with hydrogen to form compound having lowest acidic strength? [MHT-CET 2021]",
    "question_latex": "Which element from following combines with hydrogen to form compound having lowest acidic strength? [MHT-CET 2021]",
    "question_images": [],
    "options": [
      "A. I",
      "B. Cl",
      "C. F",
      "D. Br"
    ],
    "option_images": [],
    "answer": "C",
    "solution": "Acidic strength of halogen acids increases in the order: $HF < HCl < HBr < HI$. [cite_start]Therefore, $HF$ (formed from Fluorine) has the lowest acidic strength[cite: 44].",
    "solution_images": [],
    "difficulty": "",
    "marks": 4
  },
  {
    "id": 33,
    "chapter": "Elements of Group 16,17 and 18",
    "question": "Identify phosphorus containing salt from following. [MHT-CET 2022]",
    "question_latex": "Identify phosphorus containing salt from following. [MHT-CET 2022]",
    "question_images": [],
    "options": [
      "A. Carnallite",
      "B. Fluorapatite",
      "C. Cryolite",
      "D. Fluorspar"
    ],
    "option_images": [],
    "answer": "B",
    "solution": "Fluorapatite formula is $3Ca_{3}(PO_{4})_{2} \\cdot CaF_{2}$, which contains phosphorus. [cite_start]Other options like Cryolite ($Na_{3}AlF_{6}$), Fluorspar ($CaF_{2}$), and Carnallite ($KCl \\cdot MgCl_{2} \\cdot 6H_{2}O$) do not contain phosphorus[cite: 44].",
    "solution_images": [],
    "difficulty": "",
    "marks": 4
  },
  {
    "id": 34,
    "chapter": "Elements of Group 16,17 and 18",
    "question": "Which among the following oxides is acidic in nature? [MHT-CET 2021]",
    "question_latex": "Which among the following oxides is acidic in nature? [MHT-CET 2021]",
    "question_images": [],
    "options": [
      "A. $Na_{2}O$",
      "B. CO",
      "C. NO",
      "D. $N_{2}O_{5}$"
    ],
    "option_images": [],
    "answer": "D",
    "solution": "$N_{2}O_{5}$ is an acidic oxide. [cite_start]$NO$ and $CO$ are neutral, and $Na_{2}O$ is a basic oxide[cite: 44, 45].",
    "solution_images": [],
    "difficulty": "",
    "marks": 4
  },
  {
    "id": 35,
    "chapter": "Elements of Group 16,17 and 18",
    "question": "Nitrogen is essential constituent of all",
    "question_latex": "Nitrogen is essential constituent of all",
    "question_images": [],
    "options": [
      "A. Proteins",
      "B. Fats",
      "C. Proteins and fats",
      "D. Carbohydrates"
    ],
    "option_images": [],
    "answer": "A",
    "solution": "Nitrogen is a primary component of amino acids, which are the building blocks of proteins[cite: 45].",
    "solution_images": [],
    "difficulty": "",
    "marks": 4
  },
  {
    "id": 36,
    "chapter": "Elements of Group 16,17 and 18",
    "question": "Which among the following halogen does not form polyhalide ion?",
    "question_latex": "Which among the following halogen does not form polyhalide ion?",
    "question_images": [],
    "options": [
      "A. Cl",
      "B. F",
      "C. Br",
      "D. I"
    ],
    "option_images": [],
    "answer": "B",
    "solution": "Fluorine does not form polyhalide ions due to the absence of $d$-orbitals in its valence shell[cite: 46].",
    "solution_images": [],
    "difficulty": "",
    "marks": 4
  },
  {
    "id": 37,
    "chapter": "Elements of Group 16,17 and 18",
    "question": "Nessler's reagent used to test the presence of ammonium ion is [MHT-CET 2020]",
    "question_latex": "Nessler's reagent used to test the presence of ammonium ion is [MHT-CET 2020]",
    "question_images": [],
    "options": [
      "A. $K_{2}HgI_{4}$ in excess KI",
      "B. $K_{2}HgI_{4}$ in excess KOH",
      "C. $K_{2}HgI_{4}$ in excess HCl",
      "D. $HgI_{2}$ in excess KOH"
    ],
    "option_images": [],
    "answer": "B",
    "solution": "Nessler's reagent is an alkaline solution of potassium tetraiodomercurate(II), formulated as $K_{2}HgI_{4}$ in excess $KOH$[cite: 47].",
    "solution_images": [],
    "difficulty": "",
    "marks": 4
  },
  {
    "id": 38,
    "chapter": "Elements of Group 16,17 and 18",
    "question": "$N_{2}O_{4}$ is",
    "question_latex": "$N_{2}O_{4}$ is",
    "question_images": [],
    "options": [
      "A. Acidic and paramagnetic",
      "B. Acidic and diamagnetic",
      "C. Basic and paramagnetic",
      "D. Basic and diamagnetic"
    ],
    "option_images": [],
    "answer": "B",
    "solution": "$N_{2}O_{4}$ (Dinitrogen tetroxide) is an acidic oxide and it is diamagnetic because all its electrons are paired[cite: 47].",
    "solution_images": [],
    "difficulty": "",
    "marks": 4
  },
  {
    "id": 39,
    "chapter": "Elements of Group 16,17 and 18",
    "question": "Standard electrode potential is highest for",
    "question_latex": "Standard electrode potential is highest for",
    "question_images": [],
    "options": [
      "A. $\\frac{1}{2}F_{2}(g)+e^{-}\\rightleftharpoons F^{-}(aq)$",
      "B. $\\frac{1}{2}Cl_{2}(g)+e^{-}\\rightleftharpoons Cl^{-}(aq)$",
      "C. $\\frac{1}{2}Br_{2}(g)+e^{-}\\rightleftharpoons Br^{-}(aq)$",
      "D. $\\frac{1}{2}I_{2}(g)+e^{-}\\rightleftharpoons I^{-}(aq)$"
    ],
    "option_images": [],
    "answer": "A",
    "solution": "Fluorine is the strongest oxidizing agent among the halogens and has the highest standard reduction potential ($E^\\circ = +2.87 V$)[cite: 47].",
    "solution_images": [],
    "difficulty": "",
    "marks": 4
  },
  {
    "id": 40,
    "chapter": "Elements of Group 16,17 and 18",
    "question": "Thermal stability of oxyacids of chlorine increases as",
    "question_latex": "Thermal stability of oxyacids of chlorine increases as",
    "question_images": [],
    "options": [
      "A. $HClO < HOClO_{2} < HOClO_{3} < HOClO$",
      "B. $HClO < HOClO < HOClO_{2} < HOClO_{3}$",
      "C. $HOClO_{3} < HOClO_{2} < HOClO < HClO$",
      "D. $HOClO_{3} < HClO < HOClO_{3} < HOClO_{2}$"
    ],
    "option_images": [],
    "answer": "B",
    "solution": "The thermal stability of oxoacids of chlorine increases with the increase in the oxidation state of the central chlorine atom: $HClO (+1) < HClO_{2} (+3) < HClO_{3} (+5) < HClO_{4} (+7)$[cite: 47].",
    "solution_images": [],
    "difficulty": "",
    "marks": 4
  },
    {
    "id": 41,
    "chapter": "Elements of Group 16,17 and 18",
    "question": "The following acids have been arranged in the order of decreasing acidic strength. Identify the correct order.",
    "question_latex": "$\\text{The following acids have been arranged in the order of decreasing acidic strength. Identify the correct order.}$",
    "question_images": [],
    "options": [
      "A. $HClO_4 > HBrO_4 > HIO_4$",
      "B. $HIO_4 > HBrO_4 > HClO_4$",
      "C. $HClO_4 > HClO_3 > HClO_2$",
      "D. $HClO > HClO_2 > HClO_3$"
    ],
    "option_images": [],
    "answer": "A. $HClO_4 > HBrO_4 > HIO_4$",
    "solution": "$\\text{Among oxyacids with same oxidation state, acidic strength decreases with increase in atomic size of halogen.}$",
    "solution_images": [],
    "difficulty": "Medium",
    "marks": 4
  },
  {
    "id": 42,
    "chapter": "Elements of Group 16,17 and 18",
    "question": "Which one of the following has the highest electron affinity?",
    "question_latex": "$\\text{Which one of the following has the highest electron affinity?}$",
    "question_images": [],
    "options": [
      "A. $F$",
      "B. $Cl$",
      "C. $Br$",
      "D. $I$"
    ],
    "option_images": [],
    "answer": "B. $Cl$",
    "solution": "$\\text{Chlorine has higher electron affinity than fluorine due to lower interelectronic repulsion in the larger } 3p \\text{ orbital.}$",
    "solution_images": [],
    "difficulty": "Easy",
    "marks": 4
  },
  {
    "id": 43,
    "chapter": "Elements of Group 16,17 and 18",
    "question": "Which compound is used in medicine as barium meal for intestinal X-ray?",
    "question_latex": "$\\text{Which compound is used in medicine as barium meal for intestinal X-ray?}$",
    "question_images": [],
    "options": [
      "A. $BaSO_4$",
      "B. $BaS$",
      "C. $BaCl_2$",
      "D. $Ba(NO_3)_2$"
    ],
    "option_images": [],
    "answer": "A. $BaSO_4$",
    "solution": "$\\text{Barium sulphate is insoluble and opaque to X-rays, hence used as a contrast agent.}$",
    "solution_images": [],
    "difficulty": "Easy",
    "marks": 4
  },
  {
    "id": 44,
    "chapter": "Elements of Group 16,17 and 18",
    "question": "Sulphur is extracted from underground sulphur bearing rocks by",
    "question_latex": "$\\text{Sulphur is extracted from underground sulphur bearing rocks by}$",
    "question_images": [],
    "options": [
      "A. Flash process",
      "B. Contact process",
      "C. Frasch process",
      "D. Spring process"
    ],
    "option_images": [],
    "answer": "C. Frasch process",
    "solution": "$\\text{In Frasch process, superheated water is used to melt sulphur which is then pumped out.}$",
    "solution_images": [],
    "difficulty": "Easy",
    "marks": 4
  },
  {
    "id": 45,
    "chapter": "Elements of Group 16,17 and 18",
    "question": "Which of the following pair of molecules consist equal number of lone pairs of electrons on the central atom?",
    "question_latex": "$\\text{Which of the following pair of molecules consist equal number of lone pairs of electrons on the central atom?}$",
    "question_images": [],
    "options": [
      "A. $SF_4$ and $ClF_3$",
      "B. $PCl_5$ and $NH_3$",
      "C. $H_2S$ and $BrF_5$",
      "D. $SiCl_4$ and $NH_3$"
    ],
    "option_images": [],
    "answer": "A. $SF_4$ and $ClF_3$",
    "solution": "$SF_4 \\text{ and } ClF_3 \\text{ both have one lone pair on the central atom.}$",
    "solution_images": [],
    "difficulty": "Medium",
    "marks": 4
  },
  {
    "id": 46,
    "chapter": "Elements of Group 16,17 and 18",
    "question": "Identify the correct molecular formula of oleum from the following",
    "question_latex": "$\\text{Identify the correct molecular formula of oleum from the following.}$",
    "question_images": [],
    "options": [
      "A. $H_2SO_4$",
      "B. $H_2S_2O_7$",
      "C. $H_2S_2O_8$",
      "D. $H_2SO_3$"
    ],
    "option_images": [],
    "answer": "B. $H_2S_2O_7$",
    "solution": "$\\text{Oleum is pyrosulphuric acid with formula } H_2S_2O_7.$",
    "solution_images": [],
    "difficulty": "Easy",
    "marks": 4
  },
  {
    "id": 47,
    "chapter": "Elements of Group 16,17 and 18",
    "question": "The structure of ClF3 is",
    "question_latex": "$\\text{The structure of } ClF_3 \\text{ is}$",
    "question_images": ["q47_1"],
    "options": [
      "A. Trigonal pyramidal",
      "B. Square planar",
      "C. T-shaped",
      "D. Trigonal planar"
    ],
    "option_images": [],
    "answer": "C. T-shaped",
    "solution": "$ClF_3 \\text{ has } sp^3d \\text{ hybridisation with two lone pairs, giving T-shaped geometry.}$",
    "solution_images": ["q47_solution_1"],
    "difficulty": "Easy",
    "marks": 4
  },
  {
    "id": 48,
    "chapter": "Elements of Group 16,17 and 18",
    "question": "Which one of the following does NOT undergo hydrolysis?",
    "question_latex": "$\\text{Which one of the following does NOT undergo hydrolysis?}$",
    "question_images": [],
    "options": [
      "A. $AsCl_3$",
      "B. $SbCl_5$",
      "C. $PCl_5$",
      "D. $NF_3$"
    ],
    "option_images": [],
    "answer": "D. $NF_3$",
    "solution": "$NF_3 \\text{ is resistant to hydrolysis due to strong } N-F \\text{ bonds.}$",
    "solution_images": [],
    "difficulty": "Medium",
    "marks": 4
  },
  {
    "id": 49,
    "chapter": "Elements of Group 16,17 and 18",
    "question": "Which of the following interhalogen compounds is thermally most stable?",
    "question_latex": "$\\text{Which of the following interhalogen compounds is thermally most stable?}$",
    "question_images": [],
    "options": [
      "A. $ClF$",
      "B. $BrF$",
      "C. $ICl$",
      "D. $IF$"
    ],
    "option_images": [],
    "answer": "A. $ClF$",
    "solution": "$\\text{Thermal stability of interhalogen compounds decreases with increase in size of halogen atoms.}$",
    "solution_images": [],
    "difficulty": "Medium",
    "marks": 4
  },
  {
  "id": 50,
  "chapter": "Elements of Group 16,17 and 18",
  "question": "One of the acid listed below is formed from P2O3, the rest are formed from P2O5. The acid formed from hydrolysis is",
  "question_latex": "$\\text{One of the acids listed below is formed from } P_2O_3, \\text{ while the rest are formed from } P_2O_5. \\text{ The acid formed from hydrolysis is}$",
  "question_images": ["q50_1"],
  "options": [
    "A. $HPO_3$",
    "B. $H_4P_2O_7$",
    "C. $H_3PO_4$",
    "D. $H_3PO_3$"
  ],
  "option_images": [],
  "answer": "D. $H_3PO_3$",
  "solution": "$P_2O_3 + 3H_2O \\rightarrow 2H_3PO_3$. \\; \\text{Hence, phosphorous acid is formed from } P_2O_3.$",
  "solution_images": ["q50_solution_1"],
  "difficulty": "Medium",
  "marks": 4
},
  {
    "id": 51,
    "chapter": "Elements of Group 16,17 and 18",
    "question": "Oxyacid of phosphorus that can reduce $AgNO_{3}$ to silver is",
    "question_latex": "Oxyacid of phosphorus that can reduce $AgNO_{3}$ to silver is",
    "question_images": [],
    "options": [
      "A. $H_{3}PO_{4}$",
      "B. $H_{4}P_{2}O_{7}$",
      "C. $H_{3}PO_{3}$",
      "D. $HPO_{3}$"
    ],
    "option_images": [],
    "answer": "C",
    "solution": "$H_{3}PO_{3}$ (phosphorous acid) contains P-H bonds, giving it reducing properties. It can reduce silver nitrate ($AgNO_{3}$) to metallic silver ($Ag$).",
    "solution_images": [],
    "difficulty": "",
    "marks": 4
  },
  {
    "id": 52,
    "chapter": "Elements of Group 16,17 and 18",
    "question": "Which of the following is most powerful oxidizing agent?",
    "question_latex": "Which of the following is most powerful oxidizing agent?",
    "question_images": [],
    "options": [
      "A. $F_{2}$",
      "B. $Cl_{2}$",
      "C. $Br_{2}$",
      "D. $I_{2}$"
    ],
    "option_images": [],
    "answer": "A",
    "solution": "Fluorine ($F_{2}$) is the most powerful oxidizing agent due to its highest electronegativity and low F-F bond dissociation energy.",
    "solution_images": [],
    "difficulty": "",
    "marks": 4
  },
  {
    "id": 53,
    "chapter": "Elements of Group 16,17 and 18",
    "question": "The oxidation state of oxygen in $OF_{2}$ is",
    "question_latex": "The oxidation state of oxygen in $OF_{2}$ is",
    "question_images": [],
    "options": [
      "A. -2",
      "B. -1",
      "C. +1",
      "D. +2"
    ],
    "option_images": [],
    "answer": "D",
    "solution": "In $OF_{2}$, fluorine is more electronegative than oxygen. Since F is -1, the oxidation state of O is +2.",
    "solution_images": [],
    "difficulty": "",
    "marks": 4
  },
  {
    "id": 54,
    "chapter": "Elements of Group 16,17 and 18",
    "question": "Which of the following noble gas is used in beacon lights for safety of air navigators?",
    "question_latex": "Which of the following noble gas is used in beacon lights for safety of air navigators?",
    "question_images": [],
    "options": [
      "A. Helium",
      "B. Neon",
      "C. Argon",
      "D. Krypton"
    ],
    "option_images": [],
    "answer": "B",
    "solution": "Neon is used in beacon lights because its light has high penetrating power through fog and mist.",
    "solution_images": [],
    "difficulty": "",
    "marks": 4
  },
  {
    "id": 55,
    "chapter": "Elements of Group 16,17 and 18",
    "question": "What is the maximum oxidation state shown by xenon in its compounds?",
    "question_latex": "What is the maximum oxidation state shown by xenon in its compounds?",
    "question_images": [],
    "options": [
      "A. +4",
      "B. +6",
      "C. +8",
      "D. +2"
    ],
    "option_images": [],
    "answer": "C",
    "solution": "Xenon shows a maximum oxidation state of +8 in compounds like $XeO_{4}$ and $XeF_{8}^{2-}$.",
    "solution_images": [],
    "difficulty": "",
    "marks": 4
  },
  {
    "id": 56,
    "chapter": "Elements of Group 16,17 and 18",
    "question": "Which among the following is the reason why $H_{2}S$ is more acidic than $H_{2}O$?",
    "question_latex": "Which among the following is the reason why $H_{2}S$ is more acidic than $H_{2}O$?",
    "question_images": [],
    "options": [
      "A. Water does not contain hydrogen bonding",
      "B. H-S bond is weaker than H-O bond",
      "C. $H_{2}S$ is a gas while $H_{2}O$ is a liquid",
      "D. The molecular weight of $H_{2}S$ is more than that of $H_{2}O$"
    ],
    "option_images": [],
    "answer": "B",
    "solution": "The H-S bond is weaker than the H-O bond due to the larger size of the sulfur atom, which makes it easier for $H_{2}S$ to release protons, making it more acidic.",
    "solution_images": [],
    "difficulty": "",
    "marks": 4
  },
  {
    "id": 57,
    "chapter": "Elements of Group 16,17 and 18",
    "question": "Identify the element that forms amphoteric oxide. [MHT-CET 2018]",
    "question_latex": "Identify the element that forms amphoteric oxide. [MHT-CET 2018]",
    "question_images": [],
    "options": [
      "A. Carbon",
      "B. Zinc",
      "C. Calcium",
      "D. Sulphur"
    ],
    "option_images": [],
    "answer": "B",
    "solution": "Carbon and Sulphur form acidic oxides. Calcium forms a basic oxide. Zinc forms Zinc oxide ($ZnO$), which is amphoteric as it reacts with both acids and bases.",
    "solution_images": [],
    "difficulty": "",
    "marks": 4
  },
  {
    "id": 58,
    "chapter": "Elements of Group 16,17 and 18",
    "question": "In solid state $PCl_{5}$ exists as",
    "question_latex": "In solid state $PCl_{5}$ exists as",
    "question_images": [],
    "options": [
      "A. $PCl_{3}$",
      "B. $PCl_{4}^{+}$",
      "C. $PCl_{6}^{-}$",
      "D. $[PCl_{4}]^{+}$ and $[PCl_{6}]^{-}$"
    ],
    "option_images": [],
    "answer": "D",
    "solution": "In the solid state, $PCl_{5}$ is an ionic solid consisting of tetrahedral $[PCl_{4}]^{+}$ and octahedral $[PCl_{6}]^{-}$ ions.",
    "solution_images": [],
    "difficulty": "",
    "marks": 4
  },
  {
    "id": 59,
    "chapter": "Elements of Group 16,17 and 18",
    "question": "Bromine can exhibit the following oxidation states",
    "question_latex": "Bromine can exhibit the following oxidation states",
    "question_images": [],
    "options": [
      "A. -1, +1, +3, +5",
      "B. -1, -1, -3",
      "C. -1, -1, -3, -5, -7",
      "D. +1, +3, +5"
    ],
    "option_images": [],
    "answer": "A",
    "solution": "Bromine shows oxidation states of -1, +1, +3, and +5. It does not typically show a +7 state because it does not form $BrF_{7}$.",
    "solution_images": [],
    "difficulty": "",
    "marks": 4
  },
  {
    "id": 60,
    "chapter": "Elements of Group 16,17 and 18",
    "question": "Which among the following reactions exhibits the reducing property of ozone? [MHT-CET 2019]",
    "question_latex": "Which among the following reactions exhibits the reducing property of ozone? [MHT-CET 2019]",
    "question_images": [],
    "options": [
      "A. $PbS + 4O_{3} \\rightarrow PbSO_{4} + 4O_{2}$",
      "B. $2KI + H_{2}O + O_{3} \\rightarrow 2KOH + I_{2} + O_{2}$",
      "C. $H_{2}O_{2} + O_{3} \\rightarrow H_{2}O + 2O_{2}$",
      "D. $NO + O_{3} \\rightarrow NO_{2} + O_{2}$"
    ],
    "option_images": [],
    "answer": "C",
    "solution": "In the reaction $H_{2}O_{2} + O_{3} \\rightarrow H_{2}O + 2O_{2}$, ozone acts as a reducing agent by reducing hydrogen peroxide.",
    "solution_images": [],
    "difficulty": "",
    "marks": 4
  },
  {
    "id": 61,
    "chapter": "Elements of Group 16,17 and 18",
    "question": "Number of unpaired electrons in sulphur is",
    "question_latex": "$\\text{Number of unpaired electrons in sulphur is}$",
    "question_images": [],
    "options": [
      "A. 2",
      "B. 6",
      "C. 8",
      "D. 1"
    ],
    "option_images": [],
    "answer": "A. 2",
    "solution": "$\\text{Atomic number of sulphur is }16. \\; \\text{Electronic configuration: } 1s^2 2s^2 2p^6 3s^2 3p^4. \\text{Thus, sulphur has 2 unpaired electrons.}$",
    "solution_images": [],
    "difficulty": "Easy",
    "marks": 4
  },
  {
    "id": 62,
    "chapter": "Elements of Group 16,17 and 18",
    "question": "Identify metallic elements present in carnalite",
    "question_latex": "$\\text{Identify the metallic elements present in carnalite}$",
    "question_images": [],
    "options": [
      "A. Pb and Mg",
      "B. K and Mg",
      "C. Ba and K",
      "D. Na and Ca"
    ],
    "option_images": [],
    "answer": "B. K and Mg",
    "solution": "$\\text{Carnalite has the formula } KCl \\cdot MgCl_2 \\cdot 6H_2O, \\text{ hence metals present are potassium and magnesium.}$",
    "solution_images": [],
    "difficulty": "Easy",
    "marks": 4
  },
  {
    "id": 63,
    "chapter": "Elements of Group 16,17 and 18",
    "question": "Which among following diatomic molecules has lowest bond dissociation enthalpy?",
    "question_latex": "$\\text{Which among the following diatomic molecules has the lowest bond dissociation enthalpy?}$",
    "question_images": [],
    "options": [
      "A. $I_2$",
      "B. $F_2$",
      "C. $Cl_2$",
      "D. $Br_2$"
    ],
    "option_images": [],
    "answer": "B. $F_2$",
    "solution": "$\\text{The } F-F \\text{ bond is weak due to strong inter-electronic repulsion between lone pairs on fluorine atoms.}$",
    "solution_images": [],
    "difficulty": "Medium",
    "marks": 4
  },
  {
    "id": 64,
    "chapter": "Elements of Group 16,17 and 18",
    "question": "Identify the correct decreasing order of bond dissociation enthalpy",
    "question_latex": "$\\text{Identify the correct decreasing order of bond dissociation enthalpy}$",
    "question_images": [],
    "options": [
      "A. $I-I > Br-Br > Cl-Cl > F-F$",
      "B. $Cl-Cl > Br-Br > I-I > F-F$",
      "C. $F-F > Cl-Cl > Br-Br > I-I$",
      "D. $Br-Br > Cl-Cl > F-F > I-I$"
    ],
    "option_images": [],
    "answer": "D. $Br-Br > Cl-Cl > F-F > I-I$",
    "solution": "$\\text{Bond dissociation enthalpy depends on bond length and inter-electronic repulsion.}$",
    "solution_images": [],
    "difficulty": "Medium",
    "marks": 4
  },
  {
    "id": 65,
    "chapter": "Elements of Group 16,17 and 18",
    "question": "Identify one from following",
    "question_latex": "$\\text{Identify one from the following}$",
    "question_images": [],
    "options": [
      "A. To preserve fuels and liquid fuels",
      "B. Producing low temperature for research",
      "C. For production of lasers",
      "D. For magnetic resonance imaging"
    ],
    "option_images": [],
    "answer": "C. For production of lasers",
    "solution": "$\\text{Noble gases such as neon and helium are used in gas lasers.}$",
    "solution_images": [],
    "difficulty": "Medium",
    "marks": 4
  },
  {
    "id": 66,
    "chapter": "Elements of Group 16,17 and 18",
    "question": "Sodium bismuthate is",
    "question_latex": "$\\text{Sodium bismuthate is}$",
    "question_images": [],
    "options": [
      "A. Powerful reducing agent",
      "B. Used in the estimation of $Mn^{2+}$ ions",
      "C. A non stoichiometric compound",
      "D. Obtained by treating $Bi_2O_3$ with conc. NaOH"
    ],
    "option_images": [],
    "answer": "B. Used in the estimation of $Mn^{2+}$ ions",
    "solution": "$\\text{Sodium bismuthate is a strong oxidising agent and is used to oxidise } Mn^{2+} \\text{ to } MnO_4^-.$",
    "solution_images": [],
    "difficulty": "Medium",
    "marks": 4
  },
  {
    "id": 67,
    "chapter": "Elements of Group 16,17 and 18",
    "question": "Identify false statement from following",
    "question_latex": "$\\text{Identify the false statement from the following}$",
    "question_images": [],
    "options": [
      "A. Ionization enthalpy of group 16 elements decreases from top to bottom",
      "B. Group 16 elements have lower ionization enthalpy than group 15 elements",
      "C. Boiling point of sulphur is lower than oxygen",
      "D. Oxygen has highest electronegativity next to fluorine"
    ],
    "option_images": [],
    "answer": "C. Boiling point of sulphur is lower than oxygen",
    "solution": "$\\text{Sulphur has a much higher boiling point than oxygen due to larger molecular size.}$",
    "solution_images": [],
    "difficulty": "Medium",
    "marks": 4
  },
  {
    "id": 68,
    "chapter": "Elements of Group 16,17 and 18",
    "question": "Identify neutral oxide from following",
    "question_latex": "$\\text{Identify the neutral oxide from the following}$",
    "question_images": [],
    "options": [
      "A. $N_2O_5$",
      "B. $Na_2O$",
      "C. $Al_2O_3$",
      "D. $BaO$"
    ],
    "option_images": [],
    "answer": "C. $Al_2O_3$",
    "solution": "$\\text{According to the given question key, } Al_2O_3 \\text{ is considered neutral in this context.}$",
    "solution_images": [],
    "difficulty": "Medium",
    "marks": 4
  },
  {
    "id": 69,
    "chapter": "Elements of Group 16,17 and 18",
    "question": "Which element from following does NOT belong to chalcogen family?",
    "question_latex": "$\\text{Which element from the following does NOT belong to the chalcogen family?}$",
    "question_images": [],
    "options": [
      "A. $Al$",
      "B. $Po$",
      "C. $Se$",
      "D. $Te$"
    ],
    "option_images": [],
    "answer": "A. $Al$",
    "solution": "$\\text{Chalcogens are group 16 elements: } O, S, Se, Te, Po.$",
    "solution_images": [],
    "difficulty": "Easy",
    "marks": 4
  },
  {
    "id": 70,
    "chapter": "Elements of Group 16,17 and 18",
    "question": "SO3 gas may be produced by",
    "question_latex": "$\\text{SO}_3 \\text{ gas may be produced by}$",
    "question_images": [],
    "options": [
      "A. Burning sulphur in absence of air",
      "B. Roasting $ZnS$",
      "C. Heating $Fe_2(SO_4)_3$",
      "D. Hydrolyzing $Na_2SO_4$"
    ],
    "option_images": [],
    "answer": "B. Roasting $ZnS$",
    "solution": "$2ZnS + 3O_2 \\rightarrow 2ZnO + 2SO_2; \\; SO_2 \\text{ further oxidises to } SO_3.$",
    "solution_images": [],
    "difficulty": "Medium",
    "marks": 4
  },
  {
    "id": 71,
    "chapter": "Elements of Group 16,17 and 18",
    "question": "Identify the product obtained when n moles of copper is treated with double the quantity of hot conc. sulphuric acid.",
    "question_latex": "$\\text{Identify the product obtained when } n \\text{ moles of copper is treated with double the quantity of hot concentrated sulphuric acid.}$",
    "question_images": [],
    "options": [
      "A. $n$ moles of copper sulphate and $n$ moles of water",
      "B. $n$ moles of copper sulphate and $2n$ moles of water",
      "C. $2n$ moles of copper sulphate and $2n$ moles of water",
      "D. $n$ moles of copper sulphate, $n$ moles of $SO_2$ and $n$ moles of water"
    ],
    "option_images": [],
    "answer": "D. $n$ moles of copper sulphate, $n$ moles of $SO_2$ and $n$ moles of water",
    "solution": "$Cu + 2H_2SO_4 \\rightarrow CuSO_4 + SO_2 + 2H_2O$",
    "solution_images": [],
    "difficulty": "Medium",
    "marks": 4
  },
  {
    "id": 72,
    "chapter": "Elements of Group 16,17 and 18",
    "question": "Which element from following has lowest value of ionization enthalpy?",
    "question_latex": "$\\text{Which element from the following has the lowest value of ionization enthalpy?}$",
    "question_images": [],
    "options": [
      "A. $H$",
      "B. $I$",
      "C. $P$",
      "D. $S$"
    ],
    "option_images": [],
    "answer": "D. $S$",
    "solution": "$\\text{Among the given elements, sulphur has the lowest first ionization enthalpy.}$",
    "solution_images": [],
    "difficulty": "Easy",
    "marks": 4
  },
  {
    "id": 73,
    "chapter": "Elements of Group 16,17 and 18",
    "question": "Which of the following ions nitrogen combines with $Fe^{2+}$ ions to form a brown complex?",
    "question_latex": "$\\text{Which of the following ions nitrogen combines with } Fe^{2+} \\text{ ions to form a brown complex?}$",
    "question_images": [],
    "options": [
      "A. $NO_2^-$",
      "B. $NO$",
      "C. $NO_3^-$",
      "D. $NH_3$"
    ],
    "option_images": [],
    "answer": "B. $NO$",
    "solution": "$Fe^{2+} + NO + 5H_2O \\rightarrow [Fe(H_2O)_5(NO)]^{2+}$",
    "solution_images": [],
    "difficulty": "Medium",
    "marks": 4
  },
  {
    "id": 74,
    "chapter": "Elements of Group 16,17 and 18",
    "question": "Identify the element having highest density from following.",
    "question_latex": "$\\text{Identify the element having the highest density from the following.}$",
    "question_images": [],
    "options": [
      "A. $Se$",
      "B. $Br$",
      "C. $O$",
      "D. $S$"
    ],
    "option_images": [],
    "answer": "A. $Se$",
    "solution": "$\\text{Density of group 16 elements increases down the group.}$",
    "solution_images": [],
    "difficulty": "Easy",
    "marks": 4
  },
  {
    "id": 75,
    "chapter": "Elements of Group 16,17 and 18",
    "question": "Caro's acid is",
    "question_latex": "$\\text{Caro's acid is}$",
    "question_images": [],
    "options": [
      "A. $H_2SO_5$",
      "B. $H_2S_2O_8$",
      "C. $H_2SO_4$",
      "D. $H_2S_2O_7$"
    ],
    "option_images": [],
    "answer": "A. $H_2SO_5$",
    "solution": "$\\text{Caro’s acid is peroxymonosulphuric acid } (H_2SO_5).$",
    "solution_images": [],
    "difficulty": "Easy",
    "marks": 4
  },
  {
    "id": 76,
    "chapter": "Elements of Group 16,17 and 18",
    "question": "What is the number of lone pair of electrons on central halogen atom in $BrF_3$?",
    "question_latex": "$\\text{What is the number of lone pair of electrons on central halogen atom in } BrF_3 ?$",
    "question_images": ["q76_1"],
    "options": [
      "A. 0",
      "B. 1",
      "C. 2",
      "D. 3"
    ],
    "option_images": [],
    "answer": "C. 2",
    "solution": "$BrF_3$ has $sp^3d$ hybridisation with two lone pairs on bromine.",
    "solution_images": ["q76_solution_1"],
    "difficulty": "Easy",
    "marks": 4
  },
  {
    "id": 77,
    "chapter": "Elements of Group 16,17 and 18",
    "question": "The laughing gas is",
    "question_latex": "$\\text{The laughing gas is}$",
    "question_images": [],
    "options": [
      "A. $NO$",
      "B. $N_2O_3$",
      "C. $NO_2$",
      "D. $N_2O$"
    ],
    "option_images": [],
    "answer": "D. $N_2O$",
    "solution": "$\\text{Nitrous oxide } (N_2O) \\text{ is known as laughing gas.}$",
    "solution_images": [],
    "difficulty": "Easy",
    "marks": 4
  },
  {
    "id": 78,
    "chapter": "Elements of Group 16,17 and 18",
    "question": "Which one of the following is planar?",
    "question_latex": "$\\text{Which one of the following molecules is planar?}$",
    "question_images": [],
    "options": [
      "A. $Cl_2O$",
      "B. $CO_2$",
      "C. $ClO_2$",
      "D. $IF_7$"
    ],
    "option_images": [],
    "answer": "B. $CO_2$",
    "solution": "$CO_2$ is linear and hence planar.",
    "solution_images": [],
    "difficulty": "Easy",
    "marks": 4
  },
  {
    "id": 79,
    "chapter": "Elements of Group 16,17 and 18",
    "question": "The F–F bond is weak because",
    "question_latex": "$\\text{The } F-F \\text{ bond is weak because}$",
    "question_images": [],
    "options": [
      "A. Repulsion between non-bonding pairs of electrons of two fluorine atoms is large",
      "B. Ionization energy of fluorine is very low",
      "C. Bond length of F–F is very large",
      "D. F–F bond distance is small hence repulsion is low"
    ],
    "option_images": [],
    "answer": "A. Repulsion between non-bonding pairs of electrons of two fluorine atoms is large",
    "solution": "$\\text{Strong lone pair–lone pair repulsion weakens the } F-F \\text{ bond.}$",
    "solution_images": [],
    "difficulty": "Medium",
    "marks": 4
  },
  {
    "id": 80,
    "chapter": "Elements of Group 16,17 and 18",
    "question": "What is the number of moles of water removed from one mole of cane sugar when charred completely using conc. $H_2SO_4$?",
    "question_latex": "$\\text{What is the number of moles of water removed from one mole of cane sugar when charred completely using concentrated } H_2SO_4 ?$",
    "question_images": [],
    "options": [
      "A. 11",
      "B. 12",
      "C. 9",
      "D. 6"
    ],
    "option_images": [],
    "answer": "A. 11",
    "solution": "$C_{12}H_{22}O_{11} \\rightarrow 12C + 11H_2O$",
    "solution_images": [],
    "difficulty": "Easy",
    "marks": 4
  },
  {
    "id": 81,
    "chapter": "Elements of Group 16,17 and 18",
    "question": "What is the number of moles of C atoms and N atoms respectively present in n moles of tear gas?",
    "question_latex": "$\\text{What is the number of moles of C atoms and N atoms respectively present in } n \\text{ moles of tear gas?}$",
    "question_images": [],
    "options": [
      "A. $2nC$ and $2nN$",
      "B. $nC$ and $nN$",
      "C. $3nC$ and $nN$",
      "D. $nC$ and $2nN$"
    ],
    "option_images": [],
    "answer": "D. $nC$ and $2nN$",
    "solution": "$\\text{Tear gas is } CNCl. \\; \\text{Hence, } 1 \\text{ mole contains } 1C \\text{ and } 2N.$",
    "solution_images": [],
    "difficulty": "Medium",
    "marks": 4
  },
  {
    "id": 82,
    "chapter": "Elements of Group 16,17 and 18",
    "question": "Which among the following has highest thermal stability?",
    "question_latex": "$\\text{Which among the following has the highest thermal stability?}$",
    "question_images": [],
    "options": [
      "A. $HOCl$",
      "B. $HBrO_3$",
      "C. $HIO_4$",
      "D. $HClO_3$"
    ],
    "option_images": [],
    "answer": "C. $HIO_4$",
    "solution": "$\\text{Thermal stability of oxyacids increases with increase in oxidation state and size of central atom.}$",
    "solution_images": [],
    "difficulty": "Medium",
    "marks": 4
  },
  {
    "id": 83,
    "chapter": "Elements of Group 16,17 and 18",
    "question": "Identify thermally most stable hydrogen halide from following.",
    "question_latex": "$\\text{Identify the thermally most stable hydrogen halide from the following.}$",
    "question_images": [],
    "options": [
      "A. $HF$",
      "B. $HCl$",
      "C. $HBr$",
      "D. $HI$"
    ],
    "option_images": [],
    "answer": "A. $HF$",
    "solution": "$HF$ has the strongest $H–F$ bond, hence maximum thermal stability.",
    "solution_images": [],
    "difficulty": "Easy",
    "marks": 4
  },
  {
    "id": 84,
    "chapter": "Elements of Group 16,17 and 18",
    "question": "Identify a molecule with highest covalent nature.",
    "question_latex": "$\\text{Identify a molecule with highest covalent nature.}$",
    "question_images": [],
    "options": [
      "A. $SnCl_2$",
      "B. $PbCl_2$",
      "C. $PbCl_4$",
      "D. $SbCl_3$"
    ],
    "option_images": [],
    "answer": "C. $PbCl_4$",
    "solution": "$\\text{Higher oxidation state and smaller size increase covalent character.}$",
    "solution_images": [],
    "difficulty": "Medium",
    "marks": 4
  },
  {
    "id": 85,
    "chapter": "Elements of Group 16,17 and 18",
    "question": "NaClO + NaOH → X + Cl2 + NaOH → Y. In these reactions, X and Y are respectively.",
    "question_latex": "$NaClO + NaOH \\rightarrow X + Cl_2 \\; ; \\; NaOH + Cl_2 \\rightarrow Y. \\text{ Identify } X \\text{ and } Y.$",
    "question_images": [],
    "options": [
      "A. $NaOCl$ and $NaClO_3$",
      "B. $NaCl$ and $NaClO$",
      "C. $HOCl$ and $HOCl$",
      "D. $HOCl$ and $NaOCl$"
    ],
    "option_images": [],
    "answer": "D. $HOCl$ and $NaOCl$",
    "solution": "$\\text{Chlorine disproportionates in alkali forming hypochlorous acid and hypochlorite.}$",
    "solution_images": [],
    "difficulty": "Hard",
    "marks": 4
  },
  {
    "id": 86,
    "chapter": "Elements of Group 16,17 and 18",
    "question": "The oxidation state of chlorine in oxyacid depends upon",
    "question_latex": "$\\text{The oxidation state of chlorine in oxyacid depends upon}$",
    "question_images": [],
    "options": [
      "A. Number of chlorine atoms",
      "B. Oxidation state of hydrogen",
      "C. Number of oxygen atoms per molecule",
      "D. Number of oxygen atoms per chlorine atom"
    ],
    "option_images": [],
    "answer": "D. Number of oxygen atoms per chlorine atom",
    "solution": "$\\text{Oxidation state varies with oxygen-to-chlorine ratio.}$",
    "solution_images": [],
    "difficulty": "Medium",
    "marks": 4
  },
  {
    "id": 87,
    "chapter": "Elements of Group 16,17 and 18",
    "question": "The oxidizing power of oxyacids of chlorine depends upon",
    "question_latex": "$\\text{The oxidizing power of oxyacids of chlorine depends upon}$",
    "question_images": [],
    "options": [
      "A. Number of oxygen atoms per molecule",
      "B. Number of chlorine atoms",
      "C. Oxidation state of chlorine",
      "D. Number of lone pairs on oxygen"
    ],
    "option_images": [],
    "answer": "C. Oxidation state of chlorine",
    "solution": "$\\text{Higher oxidation state of chlorine leads to stronger oxidizing nature.}$",
    "solution_images": [],
    "difficulty": "Medium",
    "marks": 4
  },
  {
    "id": 88,
    "chapter": "Elements of Group 16,17 and 18",
    "question": "Which element from following exhibits highest number of allotropes?",
    "question_latex": "$\\text{Which element from the following exhibits the highest number of allotropes?}$",
    "question_images": [],
    "options": [
      "A. Oxygen",
      "B. Sulphur",
      "C. Selenium",
      "D. Tellurium"
    ],
    "option_images": [],
    "answer": "B. Sulphur",
    "solution": "$\\text{Sulphur has the maximum number of allotropes among group 16 elements.}$",
    "solution_images": [],
    "difficulty": "Easy",
    "marks": 4
  },
  {
    "id": 89,
    "chapter": "Elements of Group 16,17 and 18",
    "question": "Which of the following is an Indian saltpetre?",
    "question_latex": "$\\text{Which of the following is Indian saltpetre?}$",
    "question_images": [],
    "options": [
      "A. $NaCl$",
      "B. $NaNO_3$",
      "C. $KCl$",
      "D. $KNO_3$"
    ],
    "option_images": [],
    "answer": "B. $NaNO_3$",
    "solution": "$\\text{Indian saltpetre is sodium nitrate.}$",
    "solution_images": [],
    "difficulty": "Easy",
    "marks": 4
  },
 {
  "id": 90,
  "chapter": "Elements of Group 16,17 and 18",
  "question": "In the reaction, $SO_{2} + 2H_{2}S \\rightarrow 3S + 2H_{2}O$, $SO_{2}$ is",
  "question_latex": "In the reaction, $SO_{2} + 2H_{2}S \\rightarrow 3S + 2H_{2}O$, $SO_{2}$ is",
  "question_images": [],
  "options": [
    "A. An oxidizing agent",
    "B. A reducing agent",
    "C. Both an oxidizing and a reducing agent",
    "D. Neither an oxidizing nor a reducing agent"
  ],
  "option_images": [],
  "answer": "A",
  "solution": "In the reaction $SO_{2} + 2H_{2}S \\rightarrow 3S + 2H_{2}O$:\n1. The oxidation state of Sulfur in $SO_{2}$ is $+4$ and it changes to $0$ in the product $S$. A decrease in oxidation state means $SO_{2}$ is reduced.\n2. The oxidation state of Sulfur in $H_{2}S$ is $-2$ and it changes to $0$ in the product $S$. An increase in oxidation state means $H_{2}S$ is oxidized.\n3. Since $SO_{2}$ accepts electrons from $H_{2}S$ (causing $H_{2}S$ to be oxidized), $SO_{2}$ acts as the **oxidizing agent**.",
  "solution_images": [],
  "difficulty": "Medium",
  "marks": 4
},

  {
    "id": 91,
    "chapter": "Elements of Group 16,17 and 18",
    "question": "Oxygen is NOT evolved when ozone reacts with",
    "question_latex": "$\\text{Oxygen is NOT evolved when ozone reacts with}$",
    "question_images": [],
    "options": [
      "A. Potassium iodide",
      "B. Barium oxide",
      "C. Hydrogen peroxide",
      "D. Sulphur dioxide"
    ],
    "option_images": [],
    "answer": "C. Hydrogen peroxide",
    "solution": "$H_2O_2 + O_3 \\rightarrow H_2O + 2O_2$ does not involve liberation of free oxygen gas.",
    "solution_images": [],
    "difficulty": "Medium",
    "marks": 4
  },
  {
    "id": 92,
    "chapter": "Elements of Group 16,17 and 18",
    "question": "H2SO4 is highly viscous due to",
    "question_latex": "$\\text{H}_2SO_4 \\text{ is highly viscous due to}$",
    "question_images": [],
    "options": [
      "A. Its affinity for water",
      "B. Hydrogen bonding",
      "C. Its oxidising nature",
      "D. Its reducing nature"
    ],
    "option_images": [],
    "answer": "B. Hydrogen bonding",
    "solution": "$\\text{Extensive intermolecular hydrogen bonding makes sulphuric acid highly viscous.}$",
    "solution_images": [],
    "difficulty": "Easy",
    "marks": 4
  },
  {
    "id": 93,
    "chapter": "Elements of Group 16,17 and 18",
    "question": "Which among the following does not form polyhalide ion?",
    "question_latex": "$\\text{Which among the following does not form polyhalide ion?}$",
    "question_images": [],
    "options": [
      "A. Bromine",
      "B. Iodine",
      "C. Fluorine",
      "D. Chlorine"
    ],
    "option_images": [],
    "answer": "C. Fluorine",
    "solution": "$\\text{Fluorine lacks vacant d-orbitals and hence does not form polyhalide ions.}$",
    "solution_images": [],
    "difficulty": "Easy",
    "marks": 4
  },
  {
    "id": 94,
    "chapter": "Elements of Group 16,17 and 18",
    "question": "Hydrolysis of PCl5 gives",
    "question_latex": "$\\text{Hydrolysis of } PCl_5 \\text{ gives}$",
    "question_images": [],
    "options": [
      "A. $H_3PO_3$",
      "B. $H_3PO_4$",
      "C. $HPO_3$",
      "D. $PH_3$"
    ],
    "option_images": [],
    "answer": "B. $H_3PO_4$",
    "solution": "$PCl_5 + 4H_2O \\rightarrow H_3PO_4 + 5HCl$",
    "solution_images": [],
    "difficulty": "Easy",
    "marks": 4
  },
  {
    "id": 95,
    "chapter": "Elements of Group 16,17 and 18",
    "question": "Phosphine is",
    "question_latex": "$\\text{Phosphine is}$",
    "question_images": [],
    "options": [
      "A. Acidic",
      "B. Basic",
      "C. Neutral",
      "D. An oxidising agent"
    ],
    "option_images": [],
    "answer": "C. Neutral",
    "solution": "$\\text{PH}_3 \\text{ is neutral in nature.}$",
    "solution_images": [],
    "difficulty": "Easy",
    "marks": 4
  },
  {
    "id": 96,
    "chapter": "Elements of Group 16,17 and 18",
    "question": "Which from following is correct order of arrangement of dihalides according to decreasing bond dissociation enthalpy?",
    "question_latex": "$\\text{Which of the following is the correct decreasing order of bond dissociation enthalpy of dihalides?}$",
    "question_images": [],
    "options": [
      "A. $F_2 > Cl_2 > Br_2 > I_2$",
      "B. $Cl_2 > Br_2 > I_2 > F_2$",
      "C. $Br_2 > Cl_2 > F_2 > I_2$",
      "D. $Cl_2 > Br_2 > F_2 > I_2$"
    ],
    "option_images": [],
    "answer": "D. $Cl_2 > Br_2 > F_2 > I_2$",
    "solution": "$\\text{Due to size and inter-electronic repulsion, the } F–F \\text{ bond is weaker than } Cl–Cl.$",
    "solution_images": [],
    "difficulty": "Medium",
    "marks": 4
  },
  {
    "id": 97,
    "chapter": "Elements of Group 16,17 and 18",
    "question": "Which of the following is existing oxyacid of fluorine?",
    "question_latex": "$\\text{Which of the following is an existing oxyacid of fluorine?}$",
    "question_images": [],
    "options": [
      "A. $HFO_2$",
      "B. $HFO_3$",
      "C. $HOF$",
      "D. $HFO_4$"
    ],
    "option_images": [],
    "answer": "C. $HOF$",
    "solution": "$\\text{Hypofluorous acid (HOF) is the only known oxyacid of fluorine.}$",
    "solution_images": [],
    "difficulty": "Easy",
    "marks": 4
  },
  {
    "id": 98,
    "chapter": "Elements of Group 16,17 and 18",
    "question": "Which from following elements of halogen family is in liquid state at room temperature?",
    "question_latex": "$\\text{Which of the following halogens is liquid at room temperature?}$",
    "question_images": [],
    "options": [
      "A. Iodine",
      "B. Bromine",
      "C. Fluorine",
      "D. Astatine"
    ],
    "option_images": [],
    "answer": "B. Bromine",
    "solution": "$\\text{Bromine is the only halogen that exists as a liquid at room temperature.}$",
    "solution_images": [],
    "difficulty": "Easy",
    "marks": 4
  },
  {
    "id": 99,
    "chapter": "Elements of Group 16,17 and 18",
    "question": "Which is the most abundant element on earth?",
    "question_latex": "$\\text{Which is the most abundant element on earth?}$",
    "question_images": [],
    "options": [
      "A. Hydrogen",
      "B. Nitrogen",
      "C. Oxygen",
      "D. Silicon"
    ],
    "option_images": [],
    "answer": "C. Oxygen",
    "solution": "$\\text{Oxygen constitutes about 46.6\\% of the earth’s crust by mass.}$",
    "solution_images": [],
    "difficulty": "Easy",
    "marks": 4
  },
  {
    "id": 100,
    "chapter": "Elements of Group 16,17 and 18",
    "question": "Identify the product obtained when sucrose is treated with conc. H2SO4",
    "question_latex": "$\\text{Identify the product obtained when sucrose is treated with concentrated } H_2SO_4$",
    "question_images": [],
    "options": [
      "A. Gluconic acid and fructose",
      "B. Saccharic acid",
      "C. Sugar charcoal and water",
      "D. Glucose and fructose"
    ],
    "option_images": [],
    "answer": "C. Sugar charcoal and water",
    "solution": "$C_{12}H_{22}O_{11} \\xrightarrow{conc.\\ H_2SO_4} 12C + 11H_2O$",
    "solution_images": [],
    "difficulty": "Easy",
    "marks": 4
  }
]

