[
  {
    "id": 1,
    "chapter": "Morphology of Flowering Plants",
    "question": "Lateral branches with short internodes and each nodes bearing a rosette of leaves above and a tuft of roots below is found in aquatic plants like Pistia and Eichhornia. These lateral branches are called",
    "question_latex": "Lateral branches with short internodes and each nodes bearing a rosette of leaves above and a tuft of roots below is found in aquatic plants like $Pistia$ and $Eichhornia$. These lateral branches are called",
    "question_images": [],
    "options": [
      "A. Suckers",
      "B. Offsets",
      "C. Stolons",
      "D. Rhizome"
    ],
    "option_images": [],
    "answer": "B. Offsets",
    "solution": "Offsets are one internode long small runners found in aquatic rosette plants like $Pistia$ (water lettuce) and $Eichhornia$ (water hyacinth).",
    "solution_images": [],
    "difficulty": "easy",
    "marks": 4
  },
  {
    "id": 2,
    "chapter": "Morphology of Flowering Plants",
    "question": "Prickles of rose are",
    "question_latex": "Prickles of rose are",
    "question_images": [],
    "options": [
      "A. Modified leaves",
      "B. Endogenous in origin",
      "C. Exogenous in origin",
      "D. Modified stipules"
    ],
    "option_images": [],
    "answer": "C. Exogenous in origin",
    "solution": "Rose prickles are pointed, hard structures formed from the superficial layers of the stem (epidermis and cortex), making them exogenous in origin.",
    "solution_images": [],
    "difficulty": "medium",
    "marks": 4
  },
  {
    "id": 3,
    "chapter": "Morphology of Flowering Plants",
    "question": "Two stamens as exception in Cruciferae are found in",
    "question_latex": "Two stamens as exception in Cruciferae are found in",
    "question_images": [],
    "options": [
      "A. Nastrusium",
      "B. Senebirea",
      "C. Raphanus",
      "D. Brassica"
    ],
    "option_images": [],
    "answer": "B. Senebirea",
    "solution": "The Cruciferae (Brassicaceae) family typically has six stamens in a tetradynamous condition ($2+4$), but $Senebiera$ is an exception with only two stamens.",
    "solution_images": [],
    "difficulty": "hard",
    "marks": 4
  },
  {
    "id": 4,
    "chapter": "Morphology of Flowering Plants",
    "question": "Assertion: Ginger has a prostrate growing rhizome. Reason: Shoot growth is not effected by gravity.",
    "question_latex": "\\textbf{Assertion}: Ginger has a prostrate growing rhizome. \\\\ \\textbf{Reason}: Shoot growth is not effected by gravity.",
    "question_images": [],
    "options": [
      "A. If both Assertion and Reason are true and Reason is the correct explanation of Assertion.",
      "B. If both Assertion and Reason are true but Reason is not the correct explanation of Assertion.",
      "C. If Assertion is true but Reason is false.",
      "D. If both Assertion and Reason are false."
    ],
    "option_images": [],
    "answer": "C. If Assertion is true but Reason is false.",
    "solution": "Ginger has a rhizome (underground stem) that grows horizontally (prostrate). Shoot growth is highly affected by gravity (negative geotropism), so the reason is false.",
    "solution_images": [],
    "difficulty": "medium",
    "marks": 4
  },
  {
    "id": 5,
    "chapter": "Morphology of Flowering Plants",
    "question": "Which of the following plants has the floral formula $\\oplus$ $K_{(5)}$ $C_{(5)}$ $A_{5}$ $G_{(2)}$?",
    "question_latex": "Which of the following plants has the floral formula $\\oplus \\, \\text{K}_{(5)} \\, \\text{C}_{(5)} \\, \\text{A}_{5} \\, \\text{G}_{(2)}$?",
    "question_images": [],
    "options": [
      "A. Brassica",
      "B. Petunia",
      "C. Hibiscus",
      "D. Pisum"
    ],
    "option_images": [],
    "answer": "B. Petunia",
    "solution": "The floral formula represents the Solanaceae family. $Petunia$ belongs to this family, having actinomorphic flowers, fused sepals and petals, epipetalous stamens, and a bicarpellary syncarpous superior ovary.",
    "solution_images": [],
    "difficulty": "medium",
    "marks": 4
  },
  {
    "id": 6,
    "chapter": "Morphology of Flowering Plants",
    "question": "The edible part of a Mango is",
    "question_latex": "The edible part of a Mango is",
    "question_images": [],
    "options": [
      "A. Epicarp",
      "B. Mesocarp",
      "C. Endocarp",
      "D. Seed"
    ],
    "option_images": [],
    "answer": "B. Mesocarp",
    "solution": "Mango is a drupe fruit. The mesocarp is the middle fleshy layer which is edible.",
    "solution_images": [],
    "difficulty": "easy",
    "marks": 4
  },
  {
    "id": 7,
    "chapter": "Morphology of Flowering Plants",
    "question": "The arrangement of flowers on the floral axis is termed as",
    "question_latex": "The arrangement of flowers on the floral axis is termed as",
    "question_images": [],
    "options": [
      "A. Phyllotaxy",
      "B. Inflorescence",
      "C. Aestivation",
      "D. Placentation"
    ],
    "option_images": [],
    "answer": "B. Inflorescence",
    "solution": "Inflorescence is the mode of arrangement of flowers on the peduncle (floral axis).",
    "solution_images": [],
    "difficulty": "easy",
    "marks": 4
  },
  {
    "id": 8,
    "chapter": "Morphology of Flowering Plants",
    "question": "Pneumatophores are common in plants growing in",
    "question_latex": "Pneumatophores are common in plants growing in",
    "question_images": [],
    "options": [
      "A. Saline marshy areas",
      "B. Deserts",
      "C. Fresh water lakes",
      "D. Hilly regions"
    ],
    "option_images": [],
    "answer": "A. Saline marshy areas",
    "solution": "Pneumatophores (respiratory roots) are found in halophytes like $Rhizophora$ that grow in oxygen-poor swampy/marshy soils.",
    "solution_images": [],
    "difficulty": "medium",
    "marks": 4
  },
  {
    "id": 9,
    "chapter": "Morphology of Flowering Plants",
    "question": "The scar on the seed coat through which developing seeds were attached to the fruit is",
    "question_latex": "The scar on the seed coat through which developing seeds were attached to the fruit is",
    "question_images": [],
    "options": [
      "A. Micropyle",
      "B. Hilum",
      "C. Testa",
      "D. Tegmen"
    ],
    "option_images": [],
    "answer": "B. Hilum",
    "solution": "The hilum is a scar on the seed coat that represents the point of attachment to the funiculus.",
    "solution_images": [],
    "difficulty": "easy",
    "marks": 4
  },
  {
    "id": 10,
    "chapter": "Morphology of Flowering Plants",
    "question": "Leaves are modified into spines in",
    "question_latex": "Leaves are modified into spines in",
    "question_images": [],
    "options": [
      "A. Opuntia",
      "B. Pea",
      "C. Onion",
      "D. Silk cotton"
    ],
    "option_images": [],
    "answer": "A. Opuntia",
    "solution": "In xerophytic plants like $Opuntia$, leaves are modified into spines to reduce water loss by transpiration.",
    "solution_images": [],
    "difficulty": "easy",
    "marks": 4
  },
  {
    "id": 11,
    "chapter": "Morphology of Flowering Plants",
    "question": "Velamen is a specialized tissue found in",
    "question_latex": "Velamen is a specialized tissue found in",
    "question_images": [],
    "options": [
      "A. Epiphytic roots of orchids",
      "B. Parasitic roots of Cuscuta",
      "C. Hygroscopic roots of banyan",
      "D. Stilt roots of maize"
    ],
    "option_images": [],
    "answer": "A. Epiphytic roots of orchids",
    "solution": "Velamen is a multilayered, spongy tissue found in the aerial roots of epiphytic orchids that helps absorb moisture from the atmosphere.",
    "solution_images": [],
    "difficulty": "medium",
    "marks": 4
  },
  {
    "id": 12,
    "chapter": "Morphology of Flowering Plants",
    "question": "A fruit developed from a condensed inflorescence is",
    "question_latex": "A fruit developed from a condensed inflorescence is",
    "question_images": [],
    "options": [
      "A. Simple fruit",
      "B. Aggregate fruit",
      "C. Composite fruit",
      "D. Succulent fruit"
    ],
    "option_images": [],
    "answer": "C. Composite fruit",
    "solution": "Composite (multiple) fruits develop from a whole inflorescence rather than a single flower (e.g., Pineapple, Jackfruit).",
    "solution_images": [],
    "difficulty": "medium",
    "marks": 4
  },
  {
    "id": 13,
    "chapter": "Morphology of Flowering Plants",
    "question": "Syncarpous gynoecium means",
    "question_latex": "Syncarpous gynoecium means",
    "question_images": [],
    "options": [
      "A. Carpels are free",
      "B. Carpels are fused",
      "C. Single carpel is present",
      "D. Stamens are fused with carpels"
    ],
    "option_images": [],
    "answer": "B. Carpels are fused",
    "solution": "Syncarpous refers to a gynoecium where the carpels are united or fused together.",
    "solution_images": [],
    "difficulty": "easy",
    "marks": 4
  },
  {
    "id": 14,
    "chapter": "Morphology of Flowering Plants",
    "question": "The region of the root responsible for the growth of the root in length is",
    "question_latex": "The region of the root responsible for the growth of the root in length is",
    "question_images": [],
    "options": [
      "A. Root cap",
      "B. Meristematic activity",
      "C. Elongation",
      "D. Maturation"
    ],
    "option_images": [],
    "answer": "C. Elongation",
    "solution": "The cells in the region of elongation undergo rapid enlargement and lengthening, causing the root to grow in length.",
    "solution_images": [],
    "difficulty": "easy",
    "marks": 4
  },
  {
    "id": 15,
    "chapter": "Morphology of Flowering Plants",
    "question": "In a pea flower, the five petals are arranged as a large petal overlapping two lateral petals which in turn overlap two smallest anterior petals. This aestivation is",
    "question_latex": "In a pea flower, the five petals are arranged as a large petal overlapping two lateral petals which in turn overlap two smallest anterior petals. This aestivation is",
    "question_images": [],
    "options": [
      "A. Valvate",
      "B. Imbricate",
      "C. Twisted",
      "D. Vexillary"
    ],
    "option_images": [],
    "answer": "D. Vexillary",
    "solution": "Vexillary aestivation (Papilionaceous) consists of a standard (vexillum), two wings (alae), and two fused keels (carina).",
    "solution_images": [],
    "difficulty": "medium",
    "marks": 4
  },
  {
    "id": 16,
    "chapter": "Morphology of Flowering Plants",
    "question": "Roots that grow from parts of the plant other than the radicle are called",
    "question_latex": "Roots that grow from parts of the plant other than the radicle are called",
    "question_images": [],
    "options": [
      "A. Tap roots",
      "B. Fibrous roots",
      "C. Adventitious roots",
      "D. Secondary roots"
    ],
    "option_images": [],
    "answer": "C. Adventitious roots",
    "solution": "Adventitious roots arise from any part of the plant body except the radicle, such as the base of the stem (Maize) or branches (Banyan).",
    "solution_images": [],
    "difficulty": "easy",
    "marks": 4
  },
  {
    "id": 17,
    "chapter": "Morphology of Flowering Plants",
    "question": "In which of the following plants do the roots provide mechanical support to the heavy branches?",
    "question_latex": "In which of the following plants do the roots provide mechanical support to the heavy branches?",
    "question_images": [],
    "options": [
      "A. Maize",
      "B. Sugarcane",
      "C. Banyan tree",
      "D. Rhizophora"
    ],
    "option_images": [],
    "answer": "C. Banyan tree",
    "solution": "The Banyan tree has prop roots which grow vertically downwards from the heavy branches to provide mechanical support.",
    "solution_images": [],
    "difficulty": "easy",
    "marks": 4
  },
  {
    "id": 18,
    "chapter": "Morphology of Flowering Plants",
    "question": "The edible part of a banana fruit is",
    "question_latex": "The edible part of a banana fruit is",
    "question_images": [],
    "options": [
      "A. Epicarp",
      "B. Endocarp and less developed mesocarp",
      "C. Entire fruit",
      "D. Mesocarp and endocarp"
    ],
    "option_images": [],
    "answer": "D. Mesocarp and endocarp",
    "solution": "Banana is a fleshy berry fruit. The outer skin is the epicarp, and the internal fleshy portion consists of the mesocarp and endocarp.",
    "solution_images": [],
    "difficulty": "medium",
    "marks": 4
  },
  {
    "id": 19,
    "chapter": "Morphology of Flowering Plants",
    "question": "Nodes and internodes are the characteristic features of",
    "question_latex": "Nodes and internodes are the characteristic features of",
    "question_images": [],
    "options": [
      "A. Root",
      "B. Stem",
      "C. Leaf",
      "D. Flower"
    ],
    "option_images": [],
    "answer": "B. Stem",
    "solution": "The stem is differentiated into nodes (where leaves arise) and internodes (the space between two successive nodes).",
    "solution_images": [],
    "difficulty": "easy",
    "marks": 4
  },
  {
    "id": 20,
    "chapter": "Morphology of Flowering Plants",
    "question": "In Solanaceae, the stamens are",
    "question_latex": "In Solanaceae, the stamens are",
    "question_images": [],
    "options": [
      "A. Epipetalous",
      "B. Epiphyllous",
      "C. Monadelphous",
      "D. Diadelphous"
    ],
    "option_images": [],
    "answer": "A. Epipetalous",
    "solution": "In the Solanaceae family (e.g., Potato, Tomato), the stamens are attached to the petals, a condition known as epipetalous.",
    "solution_images": [],
    "difficulty": "medium",
    "marks": 4
  },
  {
    "id": 21,
    "chapter": "Morphology of Flowering Plants",
    "question": "Which of the following is a modified underground stem for food storage?",
    "question_latex": "Which of the following is a modified underground stem for food storage?",
    "question_images": [],
    "options": [
      "A. Sweet potato",
      "B. Potato",
      "C. Carrot",
      "D. Radish"
    ],
    "option_images": [],
    "answer": "B. Potato",
    "solution": "Potato is a stem tuber (underground stem modification). Sweet potato, carrot, and radish are root modifications.",
    "solution_images": [],
    "difficulty": "easy",
    "marks": 4
  },
  {
    "id": 22,
    "chapter": "Morphology of Flowering Plants",
    "question": "The type of placentation in which ovules are born on the central axis and septa are absent is",
    "question_latex": "The type of placentation in which ovules are born on the central axis and septa are absent is",
    "question_images": [],
    "options": [
      "A. Axile",
      "B. Marginal",
      "C. Free central",
      "D. Parietal"
    ],
    "option_images": [],
    "answer": "C. Free central",
    "solution": "In free central placentation (e.g., *Dianthus*, *Primrose*), the ovules develop on the central axis in a unilocular ovary with no septa.",
    "solution_images": [],
    "difficulty": "medium",
    "marks": 4
  },
  {
    "id": 23,
    "chapter": "Morphology of Flowering Plants",
    "question": "Coconut fruit is a",
    "question_latex": "Coconut fruit is a",
    "question_images": [],
    "options": [
      "A. Berry",
      "B. Nut",
      "C. Capsule",
      "D. Drupe"
    ],
    "option_images": [],
    "answer": "D. Drupe",
    "solution": "Coconut is a fibrous drupe where the mesocarp is fibrous and the endocarp is hard/stony.",
    "solution_images": [],
    "difficulty": "easy",
    "marks": 4
  },
  {
    "id": 24,
    "chapter": "Morphology of Flowering Plants",
    "question": "In plants like mint and jasmine, a slender lateral branch arises from the base of the main axis and after growing aerially for some time arches downwards to touch the ground. This is a",
    "question_latex": "In plants like mint and jasmine, a slender lateral branch arises from the base of the main axis and after growing aerially for some time arches downwards to touch the ground. This is a",
    "question_images": [],
    "options": [
      "A. Runner",
      "B. Stolon",
      "C. Sucker",
      "D. Offset"
    ],
    "option_images": [],
    "answer": "B. Stolon",
    "solution": "A stolon is a lateral branch that grows aerially and then loops down to the soil to root and form a new plant.",
    "solution_images": [],
    "difficulty": "medium",
    "marks": 4
  },
  {
    "id": 25,
    "chapter": "Morphology of Flowering Plants",
    "question": "Placentation in tomato and lemon is",
    "question_latex": "Placentation in tomato and lemon is",
    "question_images": [],
    "options": [
      "A. Parietal",
      "B. Free central",
      "C. Marginal",
      "D. Axile"
    ],
    "option_images": [],
    "answer": "D. Axile",
    "solution": "In axile placentation, the placenta is axial and the ovules are attached to it in a multilocular ovary.",
    "solution_images": [],
    "difficulty": "easy",
    "marks": 4
  },
  {
    "id": 26,
    "chapter": "Morphology of Flowering Plants",
    "question": "Floral formula of Fabaceae is",
    "question_latex": "Floral formula of Fabaceae is",
    "question_images": [],
    "options": [
      "A. $\\% \\, \\text{K}_{(5)} \\, \\text{C}_{1+2+(2)} \\, \\text{A}_{(9)+1} \\, \\underline{\\text{G}}_{1}$",
      "B. $\\oplus \\, \\text{K}_{(5)} \\, \\text{C}_{(5)} \\, \\text{A}_{5} \\, \\underline{\\text{G}}_{(2)}$",
      "C. $\\oplus \\, \\text{P}_{(3+3)} \\, \\text{A}_{3+3} \\, \\underline{\\text{G}}_{(3)}$",
      "D. $\\% \\, \\text{K}_{(5)} \\, \\text{C}_{5} \\, \\text{A}_{10} \\, \\underline{\\text{G}}_{1}$"
    ],
    "option_images": [],
    "answer": "A. % K(5) C1+2+(2) A(9)+1 G1",
    "solution": "Fabaceae (Pulse family) has zygomorphic flowers, gamosepalous calyx, papilionaceous corolla, diadelphous androecium, and a monocarpellary superior ovary.",
    "solution_images": [],
    "difficulty": "hard",
    "marks": 4
  },
  {
    "id": 27,
    "chapter": "Morphology of Flowering Plants",
    "question": "The standard petal of a papilionaceous corolla is also called",
    "question_latex": "The standard petal of a papilionaceous corolla is also called",
    "question_images": [],
    "options": [
      "A. Carina",
      "B. Pappus",
      "C. Vexillum",
      "D. Corona"
    ],
    "option_images": [],
    "answer": "C. Vexillum",
    "solution": "In vexillary aestivation, the largest posterior petal is the standard or vexillum.",
    "solution_images": [],
    "difficulty": "easy",
    "marks": 4
  },
  {
    "id": 28,
    "chapter": "Morphology of Flowering Plants",
    "question": "Perigynous flowers are found in",
    "question_latex": "Perigynous flowers are found in",
    "question_images": [],
    "options": [
      "A. Cucumber",
      "B. China rose",
      "C. Rose",
      "D. Guava"
    ],
    "option_images": [],
    "answer": "C. Rose",
    "solution": "In perigynous flowers (e.g., Plum, Rose, Peach), the gynoecium is situated in the center and other parts are located on the rim of the thalamus at the same level.",
    "solution_images": [],
    "difficulty": "medium",
    "marks": 4
  },
  {
    "id": 29,
    "chapter": "Morphology of Flowering Plants",
    "question": "Which of the following is a non-endospermic seed?",
    "question_latex": "Which of the following is a non-endospermic seed?",
    "question_images": [],
    "options": [
      "A. Maize",
      "B. Castor",
      "C. Pea",
      "D. Coconut"
    ],
    "option_images": [],
    "answer": "C. Pea",
    "solution": "Pea and other legumes have non-endospermic (exalbuminous) seeds where the endosperm is consumed during development.",
    "solution_images": [],
    "difficulty": "medium",
    "marks": 4
  },
  {
    "id": 30,
    "chapter": "Morphology of Flowering Plants",
    "question": "Keel is the characteristic feature of the flower of",
    "question_latex": "Keel is the characteristic feature of the flower of",
    "question_images": [],
    "options": [
      "A. Aloe",
      "B. Tomato",
      "C. Tulip",
      "D. Indigofera"
    ],
    "option_images": [],
    "answer": "D. Indigofera",
    "solution": "Keel (carina) is formed by the fusion of the two smallest anterior petals in the Fabaceae family, such as *Indigofera* and *Pea*.",
    "solution_images": [],
    "difficulty": "medium",
    "marks": 4
  },
  {
    "id": 31,
    "chapter": "Morphology of Flowering Plants",
    "question": "Radial symmetry is found in the flowers of",
    "question_latex": "Radial symmetry is found in the flowers of",
    "question_images": [],
    "options": [
      "A. Brassica",
      "B. Trifolium",
      "C. Pisum",
      "D. Cassia"
    ],
    "option_images": [],
    "answer": "A. Brassica",
    "solution": "Radial symmetry (actinomorphic) is characteristic of families like Brassicaceae (*Brassica*) and Solanaceae.",
    "solution_images": [],
    "difficulty": "easy",
    "marks": 4
  },
  {
    "id": 32,
    "chapter": "Morphology of Flowering Plants",
    "question": "Aestivation of petals in the flower of cotton is correctly shown in which of the following diagram?",
    "question_latex": "Aestivation of petals in the flower of cotton is correctly shown in which of the following diagram?",
    "question_images": [
      "q32_1"
    ],
    "options": [
      "A. Valvate",
      "B. Twisted",
      "C. Imbricate",
      "D. Vexillary"
    ],
    "option_images": [],
    "answer": "B. Twisted",
    "solution": "Cotton and China rose (Malvaceae) show twisted aestivation where one margin of a petal overlaps the next.",
    "solution_images": [],
    "difficulty": "medium",
    "marks": 4
  },
  {
    "id": 33,
    "chapter": "Morphology of Flowering Plants",
    "question": "A drupe develops in",
    "question_latex": "A drupe develops in",
    "question_images": [],
    "options": [
      "A. Wheat",
      "B. Pea",
      "C. Tomato",
      "D. Mango"
    ],
    "option_images": [],
    "answer": "D. Mango",
    "solution": "Drupes are fleshy fruits with a stony endocarp, typically found in Mango and Coconut.",
    "solution_images": [],
    "difficulty": "easy",
    "marks": 4
  },
  {
    "id": 34,
    "chapter": "Morphology of Flowering Plants",
    "question": "In a cymose inflorescence the main axis",
    "question_latex": "In a cymose inflorescence the main axis",
    "question_images": [],
    "options": [
      "A. has unlimited growth",
      "B. bears a solitary flower",
      "C. terminates in a flower",
      "D. bears many sessile flowers"
    ],
    "option_images": [],
    "answer": "C. terminates in a flower",
    "solution": "In cymose inflorescence, the growth of the main axis is limited as it ends in a flower.",
    "solution_images": [],
    "difficulty": "easy",
    "marks": 4
  },
  {
    "id": 35,
    "chapter": "Morphology of Flowering Plants",
    "question": "Whorled, simple leaves with reticulate venation are present in",
    "question_latex": "Whorled, simple leaves with reticulate venation are present in",
    "question_images": [],
    "options": [
      "A. Calotropis",
      "B. Neem",
      "C. China rose",
      "D. Alstonia"
    ],
    "option_images": [],
    "answer": "D. Alstonia",
    "solution": "In *Alstonia*, more than two leaves arise at a node and form a whorl.",
    "solution_images": [],
    "difficulty": "medium",
    "marks": 4
  },
  {
    "id": 36,
    "chapter": "Morphology of Flowering Plants",
    "question": "Placentation in which ovules are attached to the inner wall of the ovary is",
    "question_latex": "Placentation in which ovules are attached to the inner wall of the ovary is",
    "question_images": [],
    "options": [
      "A. Free central",
      "B. Parietal",
      "C. Axile",
      "D. Marginal"
    ],
    "option_images": [],
    "answer": "B. Parietal",
    "solution": "In parietal placentation (e.g., Mustard, *Argemone*), ovules develop on the peripheral part or inner wall of a unilocular ovary.",
    "solution_images": [],
    "difficulty": "medium",
    "marks": 4
  },
  {
    "id": 37,
    "chapter": "Morphology of Flowering Plants",
    "question": "Identify the type of stem modification in Ginger.",
    "question_latex": "Identify the type of stem modification in Ginger.",
    "question_images": [],
    "options": [
      "A. Tuber",
      "B. Corm",
      "C. Rhizome",
      "D. Bulb"
    ],
    "option_images": [],
    "answer": "C. Rhizome",
    "solution": "Ginger (*Zingiber officinale*) has an underground prostrate growing stem called a rhizome which stores food.",
    "solution_images": [],
    "difficulty": "easy",
    "marks": 4
  },
  {
    "id": 38,
    "chapter": "Morphology of Flowering Plants",
    "question": "Venation is a term used to describe the arrangement of",
    "question_latex": "Venation is a term used to describe the arrangement of",
    "question_images": [],
    "options": [
      "A. petals in a flower",
      "B. veins and veinlets in lamina",
      "C. flowers on floral axis",
      "D. sepals in a whorl"
    ],
    "option_images": [],
    "answer": "B. veins and veinlets in lamina",
    "solution": "Venation describes the pattern of distribution of veins and veinlets in the leaf blade.",
    "solution_images": [],
    "difficulty": "easy",
    "marks": 4
  },
  {
    "id": 39,
    "chapter": "Morphology of Flowering Plants",
    "question": "Which of the following is correct for Lilliceae family?",
    "question_latex": "Which of the following is correct for Lilliceae family?",
    "question_images": [],
    "options": [
      "A. Monocarpellary gynoecium",
      "B. Pentamerous flowers",
      "C. Tricarpellary syncarpous ovary",
      "D. Zygomorphic symmetry"
    ],
    "option_images": [],
    "answer": "C. Tricarpellary syncarpous ovary",
    "solution": "Liliaceae (Lily family) is characterized by trimerous flowers and a superior, tricarpellary, syncarpous ovary.",
    "solution_images": [],
    "difficulty": "medium",
    "marks": 4
  },
  {
    "id": 40,
    "chapter": "Morphology of Flowering Plants",
    "question": "Phyllode is a modification of",
    "question_latex": "Phyllode is a modification of",
    "question_images": [],
    "options": [
      "A. Stem",
      "B. Leaf",
      "C. Petiole",
      "D. Root"
    ],
    "option_images": [],
    "answer": "C. Petiole",
    "solution": "In some plants like Australian Acacia, the petiole becomes green and leaf-like to perform photosynthesis; this is a phyllode.",
    "solution_images": [],
    "difficulty": "medium",
    "marks": 4
  },
  {
    "id": 41,
    "chapter": "Morphology of Flowering Plants",
    "question": "Example of epiphyllous stamens is",
    "question_latex": "Example of epiphyllous stamens is",
    "question_images": [],
    "options": [
      "A. Lily",
      "B. Pea",
      "C. Brinjal",
      "D. Hibiscus"
    ],
    "option_images": [],
    "answer": "A. Lily",
    "solution": "When stamens are attached to the perianth (tepals), the condition is called epiphyllous, common in Liliaceae.",
    "solution_images": [],
    "difficulty": "medium",
    "marks": 4
  },
  {
    "id": 42,
    "chapter": "Morphology of Flowering Plants",
    "question": "Thorns and tendrils of Bougainvillea and Cucurbita are",
    "question_latex": "Thorns and tendrils of $Bougainvillea$ and $Cucurbita$ are",
    "question_images": [],
    "options": [
      "A. Analogous organs",
      "B. Homologous organs",
      "C. Vestigial organs",
      "D. Modified roots"
    ],
    "option_images": [],
    "answer": "B. Homologous organs",
    "solution": "Both are axillary bud modifications, showing same structural origin but different functions.",
    "solution_images": [],
    "difficulty": "medium",
    "marks": 4
  },
  {
    "id": 43,
    "chapter": "Morphology of Flowering Plants",
    "question": "A modification of leaf where the leaf becomes a pitcher-like structure to trap insects is found in",
    "question_latex": "A modification of leaf where the leaf becomes a pitcher-like structure to trap insects is found in",
    "question_images": [],
    "options": [
      "A. Dionaea",
      "B. Nepenthes",
      "C. Drosera",
      "D. Utricularia"
    ],
    "option_images": [],
    "answer": "B. Nepenthes",
    "solution": "In *Nepenthes* (Pitcher plant), the leaf lamina is modified into a pitcher to digest insects and obtain nitrogen.",
    "solution_images": [],
    "difficulty": "easy",
    "marks": 4
  },
  {
    "id": 44,
    "chapter": "Morphology of Flowering Plants",
    "question": "Identify the type of fruit in Guava.",
    "question_latex": "Identify the type of fruit in Guava.",
    "question_images": [],
    "options": [
      "A. Drupe",
      "B. Berry",
      "C. Pome",
      "D. Hesperidium"
    ],
    "option_images": [],
    "answer": "B. Berry",
    "solution": "Guava is a succulent berry fruit developed from a multicarpellary ovary with many seeds.",
    "solution_images": [],
    "difficulty": "medium",
    "marks": 4
  },
  {
    "id": 45,
    "chapter": "Morphology of Flowering Plants",
    "question": "The region of the root that protects the tender apex is the",
    "question_latex": "The region of the root that protects the tender apex is the",
    "question_images": [],
    "options": [
      "A. Meristematic zone",
      "B. Root cap",
      "C. Elongation zone",
      "D. Maturation zone"
    ],
    "option_images": [],
    "answer": "B. Root cap",
    "solution": "The root cap covers the root apex and protects it from friction as it pushes through the soil.",
    "solution_images": [],
    "difficulty": "easy",
    "marks": 4
  },
  {
    "id": 46,
    "chapter": "Morphology of Flowering Plants",
    "question": "In monocotyledonous seeds, the outer covering of the endosperm that separates the embryo is a proteinous layer called",
    "question_latex": "In monocotyledonous seeds, the outer covering of the endosperm that separates the embryo is a proteinous layer called",
    "question_images": [],
    "options": [
      "A. Aleurone layer",
      "B. Scutellum",
      "C. Coleoptile",
      "D. Coleorhiza"
    ],
    "option_images": [],
    "answer": "A. Aleurone layer",
    "solution": "The aleurone layer is a protein-rich layer surrounding the endosperm in seeds like Maize.",
    "solution_images": [],
    "difficulty": "medium",
    "marks": 4
  },
  {
    "id": 47,
    "chapter": "Morphology of Flowering Plants",
    "question": "Leaves which bear buds in their margins for vegetative propagation are seen in",
    "question_latex": "Leaves which bear buds in their margins for vegetative propagation are seen in",
    "question_images": [],
    "options": [
      "A. Begonia",
      "B. Bryophyllum",
      "C. Both A and B",
      "D. Potato"
    ],
    "option_images": [],
    "answer": "B. Bryophyllum",
    "solution": "*Bryophyllum* (Sprout leaf plant) has epiphyllous buds on leaf margins that drop off to form new plants.",
    "solution_images": [],
    "difficulty": "easy",
    "marks": 4
  },
  {
    "id": 48,
    "chapter": "Morphology of Flowering Plants",
    "question": "Identify the correctly matched pair of placentation.",
    "question_latex": "Identify the correctly matched pair of placentation.",
    "question_images": [],
    "options": [
      "A. Marginal - Tomato",
      "B. Basal - Sunflower",
      "C. Axile - Pea",
      "D. Parietal - Primrose"
    ],
    "option_images": [],
    "answer": "B. Basal - Sunflower",
    "solution": "In basal placentation, a single ovule is attached to the base of the ovary (e.g., Sunflower, Marigold).",
    "solution_images": [],
    "difficulty": "medium",
    "marks": 4
  },
  {
    "id": 49,
    "chapter": "Morphology of Flowering Plants",
    "question": "Which of the following is a floral character of Fabaceae?",
    "question_latex": "Which of the following is a floral character of Fabaceae?",
    "question_images": [],
    "options": [
      "A. Actinomorphic flower",
      "B. Diadelphous stamens",
      "C. Inferior ovary",
      "D. Epipetalous stamens"
    ],
    "option_images": [],
    "answer": "B. Diadelphous stamens",
    "solution": "Fabaceae flowers typically have 10 stamens in two bundles ($9+1$), known as diadelphous condition.",
    "solution_images": [],
    "difficulty": "medium",
    "marks": 4
  },
  {
    "id": 50,
    "chapter": "Morphology of Flowering Plants",
    "question": "The fleshy edible part of an apple is the",
    "question_latex": "The fleshy edible part of an apple is the",
    "question_images": [],
    "options": [
      "A. Pericarp",
      "B. Thalamus",
      "C. Mesocarp",
      "D. Placenta"
    ],
    "option_images": [],
    "answer": "B. Thalamus",
    "solution": "Apple is a false fruit (pome) where the edible fleshy part is the developed thalamus.",
    "solution_images": [],
    "difficulty": "easy",
    "marks": 4
  },
  {
    "id": 51,
    "chapter": "Morphology of Flowering Plants",
    "question": "A branch that ends in a flower is called",
    "question_latex": "A branch that ends in a flower is called",
    "question_images": [],
    "options": [
      "A. Thalamus",
      "B. Pedicel",
      "C. Peduncle",
      "D. Receptacle"
    ],
    "option_images": [],
    "answer": "B. Pedicel",
    "solution": "The stalk of an individual flower is the pedicel. The stalk of an entire inflorescence is the peduncle.",
    "solution_images": [],
    "difficulty": "easy",
    "marks": 4
  },
  {
    "id": 52,
    "chapter": "Morphology of Flowering Plants",
    "question": "The gynoecium in Lily family is",
    "question_latex": "The gynoecium in Lily family is",
    "question_images": [],
    "options": [
      "A. Bicarpellary",
      "B. Tricarpellary",
      "C. Monocarpellary",
      "D. Pentacarpellary"
    ],
    "option_images": [],
    "answer": "B. Tricarpellary",
    "solution": "Liliaceae has a tricarpellary syncarpous ovary with axile placentation.",
    "solution_images": [],
    "difficulty": "easy",
    "marks": 4
  },
  {
    "id": 53,
    "chapter": "Morphology of Flowering Plants",
    "question": "Prop roots of Banyan are",
    "question_latex": "Prop roots of Banyan are",
    "question_images": [],
    "options": [
      "A. Respiratory roots",
      "B. Storage roots",
      "C. Support roots",
      "D. Parasitic roots"
    ],
    "option_images": [],
    "answer": "C. Support roots",
    "solution": "Prop roots grow down from the branches to support the spreading tree crown.",
    "solution_images": [],
    "difficulty": "easy",
    "marks": 4
  },
  {
    "id": 54,
    "chapter": "Morphology of Flowering Plants",
    "question": "A leaf that is divided into several leaflets is called",
    "question_latex": "A leaf that is divided into several leaflets is called",
    "question_images": [],
    "options": [
      "A. Simple leaf",
      "B. Compound leaf",
      "C. Sessile leaf",
      "D. Bipinnate leaf"
    ],
    "option_images": [],
    "answer": "B. Compound leaf",
    "solution": "In a compound leaf, the lamina is divided into leaflets attached to a common rachis or petiole.",
    "solution_images": [],
    "difficulty": "easy",
    "marks": 4
  },
  {
    "id": 55,
    "chapter": "Morphology of Flowering Plants",
    "question": "Inferior ovary is found in",
    "question_latex": "Inferior ovary is found in",
    "question_images": [],
    "options": [
      "A. Mustard",
      "B. Guava",
      "C. Brinjal",
      "D. Rose"
    ],
    "option_images": [],
    "answer": "B. Guava",
    "solution": "In epigynous flowers (e.g., Guava, Cucumber), the thalamus encloses the ovary and other parts arise above it.",
    "solution_images": [],
    "difficulty": "medium",
    "marks": 4
  },
  {
    "id": 56,
    "chapter": "Morphology of Flowering Plants",
    "question": "The shield-shaped cotyledon in Maize is",
    "question_latex": "The shield-shaped cotyledon in Maize is",
    "question_images": [],
    "options": [
      "A. Coleoptile",
      "B. Coleorhiza",
      "C. Scutellum",
      "D. Epiblast"
    ],
    "option_images": [],
    "answer": "C. Scutellum",
    "solution": "In monocots like Maize, the single large cotyledon is called the scutellum.",
    "solution_images": [],
    "difficulty": "medium",
    "marks": 4
  },
  {
    "id": 57,
    "chapter": "Morphology of Flowering Plants",
    "question": "Rhizophora grows in",
    "question_latex": "$Rhizophora$ grows in",
    "question_images": [],
    "options": [
      "A. Desert",
      "B. Hilly areas",
      "C. Swampy areas",
      "D. Water"
    ],
    "option_images": [],
    "answer": "C. Swampy areas",
    "solution": "Mangroves like *Rhizophora* inhabit salty swampy regions where soil oxygen is low.",
    "solution_images": [],
    "difficulty": "easy",
    "marks": 4
  },
  {
    "id": 58,
    "chapter": "Morphology of Flowering Plants",
    "question": "In a pea seed, the food is stored in",
    "question_latex": "In a pea seed, the food is stored in",
    "question_images": [],
    "options": [
      "A. Endosperm",
      "B. Seed coat",
      "C. Cotyledons",
      "D. Plumule"
    ],
    "option_images": [],
    "answer": "C. Cotyledons",
    "solution": "Pea is a non-endospermic seed; nutrients are absorbed and stored in the fleshy cotyledons.",
    "solution_images": [],
    "difficulty": "medium",
    "marks": 4
  },
  {
    "id": 59,
    "chapter": "Morphology of Flowering Plants",
    "question": "Ovary is said to be half inferior in",
    "question_latex": "Ovary is said to be half inferior in",
    "question_images": [],
    "options": [
      "A. Plum",
      "B. Peach",
      "C. Rose",
      "D. All of the above"
    ],
    "option_images": [],
    "answer": "D. All of the above",
    "solution": "Plum, Rose, and Peach exhibit perigynous flowers with half-inferior ovaries.",
    "solution_images": [],
    "difficulty": "medium",
    "marks": 4
  },
  {
    "id": 60,
    "chapter": "Morphology of Flowering Plants",
    "question": "The part of the leaf attached to the stem is",
    "question_latex": "The part of the leaf attached to the stem is",
    "question_images": [],
    "options": [
      "A. Lamina",
      "B. Petiole",
      "C. Leaf base",
      "D. Stipule"
    ],
    "option_images": [],
    "answer": "C. Leaf base",
    "solution": "The leaf base is the portion of the leaf by which it is attached to the stem node.",
    "solution_images": [],
    "difficulty": "easy",
    "marks": 4
  },
  {
    "id": 61,
    "chapter": "Morphology of Flowering Plants",
    "question": "Which of the following is not a modification of root?",
    "question_latex": "Which of the following is not a modification of root?",
    "question_images": [],
    "options": [
      "A. Banyan tree prop roots",
      "B. Maize stilt roots",
      "C. Potato tuber",
      "D. Carrot"
    ],
    "option_images": [],
    "answer": "C. Potato tuber",
    "solution": "Potato is a stem modification (underground tuber).",
    "solution_images": [],
    "difficulty": "easy",
    "marks": 4
  },
  {
    "id": 62,
    "chapter": "Morphology of Flowering Plants",
    "question": "Flowers which can be divided into two equal radial halves in any radial plane passing through the center are",
    "question_latex": "Flowers which can be divided into two equal radial halves in any radial plane passing through the center are",
    "question_images": [],
    "options": [
      "A. Actinomorphic",
      "B. Zygomorphic",
      "C. Asymmetric",
      "D. Bilateral"
    ],
    "option_images": [],
    "answer": "A. Actinomorphic",
    "solution": "Actinomorphic (radial) symmetry allows the flower to be cut into equal halves through any central plane.",
    "solution_images": [],
    "difficulty": "easy",
    "marks": 4
  },
  {
    "id": 63,
    "chapter": "Morphology of Flowering Plants",
    "question": "Inflorescence in which the main axis continues to grow is",
    "question_latex": "Inflorescence in which the main axis continues to grow is",
    "question_images": [],
    "options": [
      "A. Cymose",
      "B. Racemose",
      "C. Solitary",
      "D. Compound"
    ],
    "option_images": [],
    "answer": "B. Racemose",
    "solution": "In racemose inflorescence, the main axis (peduncle) has indefinite growth and produces flowers in acropetal succession.",
    "solution_images": [],
    "difficulty": "easy",
    "marks": 4
  },
  {
    "id": 64,
    "chapter": "Morphology of Flowering Plants",
    "question": "Arrangement of leaves on a stem is called",
    "question_latex": "Arrangement of leaves on a stem is called",
    "question_images": [],
    "options": [
      "A. Phyllotaxy",
      "B. Venation",
      "C. Vernation",
      "D. Aestivation"
    ],
    "option_images": [],
    "answer": "A. Phyllotaxy",
    "solution": "Phyllotaxy is the pattern of arrangement of leaves on the stem or branch (e.g., alternate, opposite, whorled).",
    "solution_images": [],
    "difficulty": "easy",
    "marks": 4
  },
  {
    "id": 65,
    "chapter": "Morphology of Flowering Plants",
    "question": "A sterile stamen is called",
    "question_latex": "A sterile stamen is called",
    "question_images": [],
    "options": [
      "A. Pistillode",
      "B. Staminode",
      "C. Anther",
      "D. Filament"
    ],
    "option_images": [],
    "answer": "B. Staminode",
    "solution": "A staminode is a stamen that does not produce fertile pollen.",
    "solution_images": [],
    "difficulty": "easy",
    "marks": 4
  },
  {
    "id": 66,
    "chapter": "Morphology of Flowering Plants",
    "question": "Fruit of wheat is a",
    "question_latex": "Fruit of wheat is a",
    "question_images": [],
    "options": [
      "A. Cypsela",
      "B. Caryopsis",
      "C. Nut",
      "D. Achene"
    ],
    "option_images": [],
    "answer": "B. Caryopsis",
    "solution": "Wheat and other cereals have a caryopsis fruit where the seed coat is fused with the pericarp.",
    "solution_images": [],
    "difficulty": "medium",
    "marks": 4
  },
  {
    "id": 67,
    "chapter": "Morphology of Flowering Plants",
    "question": "Which of the following plants have opposite phyllotaxy?",
    "question_latex": "Which of the following plants have opposite phyllotaxy?",
    "question_images": [],
    "options": [
      "A. China rose",
      "B. Mustard",
      "C. Calotropis",
      "D. Alstonia"
    ],
    "option_images": [],
    "answer": "C. Calotropis",
    "solution": "In *Calotropis* and Guava, a pair of leaves arise at each node and lie opposite to each other.",
    "solution_images": [],
    "difficulty": "medium",
    "marks": 4
  },
  {
    "id": 68,
    "chapter": "Morphology of Flowering Plants",
    "question": "The term used for a flower with both androecium and gynoecium is",
    "question_latex": "The term used for a flower with both androecium and gynoecium is",
    "question_images": [],
    "options": [
      "A. Unisexual",
      "B. Bisexual",
      "C. Staminate",
      "D. Pistillate"
    ],
    "option_images": [],
    "answer": "B. Bisexual",
    "solution": "Bisexual (hermaphrodite) flowers possess both male and female reproductive whorls.",
    "solution_images": [],
    "difficulty": "easy",
    "marks": 4
  },
  {
    "id": 69,
    "chapter": "Morphology of Flowering Plants",
    "question": "Ovary is one-chambered but becomes two-chambered due to the formation of a false septum in",
    "question_latex": "Ovary is one-chambered but becomes two-chambered due to the formation of a false septum in",
    "question_images": [],
    "options": [
      "A. Mustard",
      "B. Pea",
      "C. Tomato",
      "D. China rose"
    ],
    "option_images": [],
    "answer": "A. Mustard",
    "solution": "In Brassicaceae (Mustard), the false septum is called replum.",
    "solution_images": [],
    "difficulty": "medium",
    "marks": 4
  },
  {
    "id": 70,
    "chapter": "Morphology of Flowering Plants",
    "question": "The part of the embryo between the attachment of cotyledon and the radicle is",
    "question_latex": "The part of the embryo between the attachment of cotyledon and the radicle is",
    "question_images": [],
    "options": [
      "A. Epicotyl",
      "B. Hypocotyl",
      "C. Tigellum",
      "D. Scutellum"
    ],
    "option_images": [],
    "answer": "B. Hypocotyl",
    "solution": "The hypocotyl is the region of the embryo axis below the level of cotyledonary attachment.",
    "solution_images": [],
    "difficulty": "medium",
    "marks": 4
  },
  {
    "id": 71,
    "chapter": "Morphology of Flowering Plants",
    "question": "Root hairs are born from which zone of the root?",
    "question_latex": "Root hairs are born from which zone of the root?",
    "question_images": [],
    "options": [
      "A. Meristematic zone",
      "B. Zone of elongation",
      "C. Zone of maturation",
      "D. Root cap"
    ],
    "option_images": [],
    "answer": "C. Zone of maturation",
    "solution": "The cells of the maturation zone differentiate to form epidermal root hairs.",
    "solution_images": [],
    "difficulty": "easy",
    "marks": 4
  },
  {
    "id": 72,
    "chapter": "Morphology of Flowering Plants",
    "question": "Venation in monocotyledonous leaves is typically",
    "question_latex": "Venation in monocotyledonous leaves is typically",
    "question_images": [],
    "options": [
      "A. Reticulate",
      "B. Parallel",
      "C. Pinnate",
      "D. Palmate"
    ],
    "option_images": [],
    "answer": "B. Parallel",
    "solution": "Monocots (e.g., Grass, Maize) mostly show parallel venation where veins run parallel to each other.",
    "solution_images": [],
    "difficulty": "easy",
    "marks": 4
  },
  {
    "id": 73,
    "chapter": "Morphology of Flowering Plants",
    "question": "The floral formula of Solanaceae is",
    "question_latex": "The floral formula of Solanaceae is",
    "question_images": [],
    "options": [
      "A. $\\% \\, \\text{K}_{(5)} \\, \\text{C}_{1+2+(2)} \\, \\text{A}_{(9)+1} \\, \\underline{\\text{G}}_{1}$",
      "B. $\\oplus \\, \\text{K}_{(5)} \\, \\underline{\\text{C}_{(5)}} \\, \\text{A}_{5} \\, \\underline{\\text{G}}_{(2)}$",
      "C. $\\oplus \\, \\text{P}_{(3+3)} \\, \\text{A}_{3+3} \\, \\underline{\\text{G}}_{(3)}$",
      "D. $\\oplus \\, \\text{K}_{2+2} \\, \\text{C}_{4} \\, \\text{A}_{2+4} \\, \\underline{\\text{G}}_{(2)}$"
    ],
    "option_images": [],
    "answer": "B. + K(5) C(5) A5 G(2)",
    "solution": "Solanaceae has actinomorphic flowers, fused sepals and petals, 5 epipetalous stamens, and a bicarpellary syncarpous ovary.",
    "solution_images": [],
    "difficulty": "medium",
    "marks": 4
  },
  {
    "id": 74,
    "chapter": "Morphology of Flowering Plants",
    "question": "Fibrous root system is found in",
    "question_latex": "Fibrous root system is found in",
    "question_images": [],
    "options": [
      "A. Mustard",
      "B. Wheat",
      "C. Pea",
      "D. Bean"
    ],
    "option_images": [],
    "answer": "B. Wheat",
    "solution": "In monocots like wheat, the primary root is short-lived and replaced by many thin roots arising from the stem base.",
    "solution_images": [],
    "difficulty": "easy",
    "marks": 4
  },
  {
    "id": 75,
    "chapter": "Morphology of Flowering Plants",
    "question": "When petals or sepals in a whorl just touch one another at the margin without overlapping, it is",
    "question_latex": "When petals or sepals in a whorl just touch one another at the margin without overlapping, it is",
    "question_images": [],
    "options": [
      "A. Twisted",
      "B. Valvate",
      "C. Imbricate",
      "D. Vexillary"
    ],
    "option_images": [],
    "answer": "B. Valvate",
    "solution": "Valvate aestivation is found in plants like *Calotropis*.",
    "solution_images": [],
    "difficulty": "easy",
    "marks": 4
  },
  {
    "id": 76,
    "chapter": "Morphology of Flowering Plants",
    "question": "Which of the following is a medicinal plant of the Liliaceae family?",
    "question_latex": "Which of the following is a medicinal plant of the Liliaceae family?",
    "question_images": [],
    "options": [
      "A. Colchicum",
      "B. Aloe",
      "C. Ashwagandha",
      "D. Atropa"
    ],
    "option_images": [],
    "answer": "B. Aloe",
    "solution": "*Aloe vera* belongs to Liliaceae and is used widely in medicine and cosmetics. *Colchicum* provides colchicine.",
    "solution_images": [],
    "difficulty": "medium",
    "marks": 4
  },
  {
    "id": 77,
    "chapter": "Morphology of Flowering Plants",
    "question": "The region of meristematic activity is located",
    "question_latex": "The region of meristematic activity is located",
    "question_images": [],
    "options": [
      "A. at the root cap",
      "B. above the root cap",
      "C. above the elongation zone",
      "D. in the maturation zone"
    ],
    "option_images": [],
    "answer": "B. above the root cap",
    "solution": "The meristematic zone is a few millimeters above the root cap, containing small, thin-walled cells with dense cytoplasm.",
    "solution_images": [],
    "difficulty": "easy",
    "marks": 4
  },
  {
    "id": 78,
    "chapter": "Morphology of Flowering Plants",
    "question": "In a pinnately compound leaf, leaflets are attached to a common axis called",
    "question_latex": "In a pinnately compound leaf, leaflets are attached to a common axis called",
    "question_images": [],
    "options": [
      "A. Petiole",
      "B. Midrib",
      "C. Rachis",
      "D. Stipule"
    ],
    "option_images": [],
    "answer": "C. Rachis",
    "solution": "The common axis in a pinnate leaf, which represents the midrib, is called the rachis.",
    "solution_images": [],
    "difficulty": "easy",
    "marks": 4
  },
  {
    "id": 79,
    "chapter": "Morphology of Flowering Plants",
    "question": "Papilionaceous corolla is found in",
    "question_latex": "Papilionaceous corolla is found in",
    "question_images": [],
    "options": [
      "A. Mustard",
      "B. Pea",
      "C. Brinjal",
      "D. Lily"
    ],
    "option_images": [],
    "answer": "B. Pea",
    "solution": "The Pea flower has a characteristic zygomorphic corolla with 1 standard, 2 wings, and 2 fused keels.",
    "solution_images": [],
    "difficulty": "easy",
    "marks": 4
  },
  {
    "id": 80,
    "chapter": "Morphology of Flowering Plants",
    "question": "Marginal placentation is seen in",
    "question_latex": "Marginal placentation is seen in",
    "question_images": [],
    "options": [
      "A. Tomato",
      "B. China rose",
      "C. Pea",
      "D. Lemon"
    ],
    "option_images": [],
    "answer": "C. Pea",
    "solution": "In Pea, the placenta forms a ridge along the ventral suture and ovules are borne in two rows.",
    "solution_images": [],
    "difficulty": "easy",
    "marks": 4
  },
  {
    "id": 81,
    "chapter": "Morphology of Flowering Plants",
    "question": "Which of the following represents the floral formula of Liliaceae?",
    "question_latex": "Which of the following represents the floral formula of Liliaceae?",
    "question_images": [],
    "options": [
      "A. $\\% \\, \\text{K}_{(5)} \\, \\text{C}_{1+2+(2)} \\, \\text{A}_{(9)+1} \\, \\underline{\\text{G}}_{1}$",
      "B. $\\text{Br} \\, \\oplus \\, \\text{P}_{(3+3)} \\, \\text{A}_{3+3} \\, \\underline{\\text{G}}_{(3)}$",
      "C. $\\oplus \\, \\text{K}_{(5)} \\, \\text{C}_{(5)} \\, \\text{A}_{5} \\, \\underline{\\text{G}}_{(2)}$",
      "D. $\\oplus \\, \\text{K}_{2+2} \\, \\text{C}_{4} \\, \\text{A}_{2+4} \\, \\underline{\\text{G}}_{(2)}$"
    ],
    "option_images": [],
    "answer": "B. Br + P(3+3) A3+3 G(3)",
    "solution": "Liliaceae flowers are bracteate, actinomorphic, with 6 tepals in two whorls, 6 stamens in two whorls, and a tricarpellary syncarpous ovary.",
    "solution_images": [],
    "difficulty": "medium",
    "marks": 4
  },
  {
    "id": 82,
    "chapter": "Morphology of Flowering Plants",
    "question": "Stems modified into flattened, green, photosynthetic structures are called",
    "question_latex": "Stems modified into flattened, green, photosynthetic structures are called",
    "question_images": [],
    "options": [
      "A. Phyllodes",
      "B. Phylloclades",
      "C. Cladodes",
      "D. Thorns"
    ],
    "option_images": [],
    "answer": "B. Phylloclades",
    "solution": "Phylloclades (e.g., *Opuntia*) are stems that become flat, fleshy, and green to carry out photosynthesis in arid regions.",
    "solution_images": [],
    "difficulty": "medium",
    "marks": 4
  },
  {
    "id": 83,
    "chapter": "Morphology of Flowering Plants",
    "question": "The arrangement of petals in Malvaceae (Cotton, Hibiscus) is",
    "question_latex": "The arrangement of petals in Malvaceae (Cotton, Hibiscus) is",
    "question_images": [],
    "options": [
      "A. Valvate",
      "B. Twisted",
      "C. Imbricate",
      "D. Vexillary"
    ],
    "option_images": [],
    "answer": "B. Twisted",
    "solution": "Twisted aestivation is a key feature of Malvaceae members.",
    "solution_images": [],
    "difficulty": "medium",
    "marks": 4
  },
  {
    "id": 84,
    "chapter": "Morphology of Flowering Plants",
    "question": "A fruit developed from a single carpel of a single flower is a",
    "question_latex": "A fruit developed from a single carpel of a single flower is a",
    "question_images": [],
    "options": [
      "A. Simple fruit",
      "B. Aggregate fruit",
      "C. Composite fruit",
      "D. Multiple fruit"
    ],
    "option_images": [],
    "answer": "A. Simple fruit",
    "solution": "Simple fruits develop from the ovary of a single flower, which may be monocarpellary or syncarpous multicarpellary.",
    "solution_images": [],
    "difficulty": "easy",
    "marks": 4
  },
  {
    "id": 85,
    "chapter": "Morphology of Flowering Plants",
    "question": "In a flower, when the petals or sepals overlap one another but not in a particular direction, it is",
    "question_latex": "In a flower, when the petals or sepals overlap one another but not in a particular direction, it is",
    "question_images": [],
    "options": [
      "A. Valvate",
      "B. Twisted",
      "C. Imbricate",
      "D. Vexillary"
    ],
    "option_images": [],
    "answer": "C. Imbricate",
    "solution": "Imbricate aestivation is seen in *Cassia* and *Gulmohar*.",
    "solution_images": [],
    "difficulty": "medium",
    "marks": 4
  },
  {
    "id": 86,
    "chapter": "Morphology of Flowering Plants",
    "question": "The fleshy edible part of a Mango is the",
    "question_latex": "The fleshy edible part of a Mango is the",
    "question_images": [],
    "options": [
      "A. Epicarp",
      "B. Mesocarp",
      "C. Endocarp",
      "D. Pericarp"
    ],
    "option_images": [],
    "answer": "B. Mesocarp",
    "solution": "Mango is a drupe with an outer thin epicarp, middle fleshy edible mesocarp, and inner stony endocarp.",
    "solution_images": [],
    "difficulty": "easy",
    "marks": 4
  },
  {
    "id": 87,
    "chapter": "Morphology of Flowering Plants",
    "question": "When stamens are united into one bundle, the condition is",
    "question_latex": "When stamens are united into one bundle, the condition is",
    "question_images": [],
    "options": [
      "A. Monadelphous",
      "B. Diadelphous",
      "C. Polyadelphous",
      "D. Syngenesious"
    ],
    "option_images": [],
    "answer": "A. Monadelphous",
    "solution": "Monadelphous stamens are seen in China rose (*Hibiscus*).",
    "solution_images": [],
    "difficulty": "easy",
    "marks": 4
  },
  {
    "id": 88,
    "chapter": "Morphology of Flowering Plants",
    "question": "Apocarpous gynoecium is found in",
    "question_latex": "Apocarpous gynoecium is found in",
    "question_images": [],
    "options": [
      "A. Lotus",
      "B. Rose",
      "C. Both A and B",
      "D. Mustard"
    ],
    "option_images": [],
    "answer": "C. Both A and B",
    "solution": "In apocarpous gynoecium, more than one carpel is present and they are free from each other.",
    "solution_images": [],
    "difficulty": "medium",
    "marks": 4
  },
  {
    "id": 89,
    "chapter": "Morphology of Flowering Plants",
    "question": "Identify the correct match for root modification for food storage.",
    "question_latex": "Identify the correct match for root modification for food storage.",
    "question_images": [],
    "options": [
      "A. Sweet potato - Adventitious root",
      "B. Carrot - Tap root",
      "C. Turnip - Tap root",
      "D. All of the above"
    ],
    "option_images": [],
    "answer": "D. All of the above",
    "solution": "All these are correct examples of roots thickening to store nutrients.",
    "solution_images": [],
    "difficulty": "medium",
    "marks": 4
  },
  {
    "id": 90,
    "chapter": "Morphology of Flowering Plants",
    "question": "In Liliaceae, the fruit is usually a",
    "question_latex": "In Liliaceae, the fruit is usually a",
    "question_images": [],
    "options": [
      "A. Berry",
      "B. Capsule",
      "C. Nut",
      "D. Legume"
    ],
    "option_images": [],
    "answer": "B. Capsule",
    "solution": "Liliaceae fruits are typically capsules, rarely berries.",
    "solution_images": [],
    "difficulty": "easy",
    "marks": 4
  },
  {
    "id": 91,
    "chapter": "Morphology of Flowering Plants",
    "question": "A bud present in the axil of a leaf is a",
    "question_latex": "A bud present in the axil of a leaf is a",
    "question_images": [],
    "options": [
      "A. Terminal bud",
      "B. Apical bud",
      "C. Axillary bud",
      "D. Adventitious bud"
    ],
    "option_images": [],
    "answer": "C. Axillary bud",
    "solution": "Axillary buds are located at the junction of the leaf and stem and can develop into branches or flowers.",
    "solution_images": [],
    "difficulty": "easy",
    "marks": 4
  },
  {
    "id": 92,
    "chapter": "Morphology of Flowering Plants",
    "question": "The venation in Dicotyledonous plants is generally",
    "question_latex": "The venation in Dicotyledonous plants is generally",
    "question_images": [],
    "options": [
      "A. Parallel",
      "B. Reticulate",
      "C. Unicostate",
      "D. Multicostate"
    ],
    "option_images": [],
    "answer": "B. Reticulate",
    "solution": "Dicots typically show a net-like network of veins called reticulate venation.",
    "solution_images": [],
    "difficulty": "easy",
    "marks": 4
  },
  {
    "id": 93,
    "chapter": "Morphology of Flowering Plants",
    "question": "The small leaf-like structures at the base of the petiole are",
    "question_latex": "The small leaf-like structures at the base of the petiole are",
    "question_images": [],
    "options": [
      "A. Pulvinus",
      "B. Stipules",
      "C. Bracts",
      "D. Bracteoles"
    ],
    "option_images": [],
    "answer": "B. Stipules",
    "solution": "Stipules are paired lateral appendages found at the leaf base.",
    "solution_images": [],
    "difficulty": "easy",
    "marks": 4
  },
  {
    "id": 94,
    "chapter": "Morphology of Flowering Plants",
    "question": "A typical flower has how many whorls?",
    "question_latex": "A typical flower has how many whorls?",
    "question_images": [],
    "options": [
      "A. Two",
      "B. Three",
      "C. Four",
      "D. Five"
    ],
    "option_images": [],
    "answer": "C. Four",
    "solution": "A complete flower has four whorls: Calyx, Corolla, Androecium, and Gynoecium.",
    "solution_images": [],
    "difficulty": "easy",
    "marks": 4
  },
  {
    "id": 95,
    "chapter": "Morphology of Flowering Plants",
    "question": "Which of the following is an ornamental plant of Solanaceae?",
    "question_latex": "Which of the following is an ornamental plant of Solanaceae?",
    "question_images": [],
    "options": [
      "A. Petunia",
      "B. Lupinus",
      "C. Sweet pea",
      "D. Gloriosa"
    ],
    "option_images": [],
    "answer": "A. Petunia",
    "solution": "*Petunia* is a popular ornamental flowering plant in the Solanaceae family.",
    "solution_images": [],
    "difficulty": "medium",
    "marks": 4
  },
  {
    "id": 96,
    "chapter": "Morphology of Flowering Plants",
    "question": "The part of the seed that stores food in Castor is",
    "question_latex": "The part of the seed that stores food in Castor is",
    "question_images": [],
    "options": [
      "A. Cotyledon",
      "B. Endosperm",
      "C. Perisperm",
      "D. Seed coat"
    ],
    "option_images": [],
    "answer": "B. Endosperm",
    "solution": "Castor is an endospermic (albuminous) seed where the endosperm persists and stores food.",
    "solution_images": [],
    "difficulty": "medium",
    "marks": 4
  },
  {
    "id": 97,
    "chapter": "Morphology of Flowering Plants",
    "question": "Leaves modified into pitchers to catch insects are found in",
    "question_latex": "Leaves modified into pitchers to catch insects are found in",
    "question_images": [],
    "options": [
      "A. Venus fly trap",
      "B. Pitcher plant",
      "C. Bladderwort",
      "D. Sundew"
    ],
    "option_images": [],
    "answer": "B. Pitcher plant",
    "solution": "Pitcher plants (*Nepenthes*) use modified leaves as pitfall traps.",
    "solution_images": [],
    "difficulty": "easy",
    "marks": 4
  },
  {
    "id": 98,
    "chapter": "Morphology of Flowering Plants",
    "question": "In a multicarpellary syncarpous ovary, when ovules are attached to the central axis, placentation is",
    "question_latex": "In a multicarpellary syncarpous ovary, when ovules are attached to the central axis, placentation is",
    "question_images": [],
    "options": [
      "A. Parietal",
      "B. Axile",
      "C. Free central",
      "D. Marginal"
    ],
    "option_images": [],
    "answer": "B. Axile",
    "solution": "Axile placentation is found in Citrus, Tomato, and Hibiscus.",
    "solution_images": [],
    "difficulty": "easy",
    "marks": 4
  },
  {
    "id": 99,
    "chapter": "Morphology of Flowering Plants",
    "question": "The edible part of a Coconut is",
    "question_latex": "The edible part of a Coconut is",
    "question_images": [],
    "options": [
      "A. Mesocarp",
      "B. Endocarp",
      "C. Endosperm",
      "D. Epicarp"
    ],
    "option_images": [],
    "answer": "C. Endosperm",
    "solution": "The white kernel (solid endosperm) and the coconut water (liquid endosperm) are the edible parts.",
    "solution_images": [],
    "difficulty": "easy",
    "marks": 4
  },
  {
    "id": 100,
    "chapter": "Morphology of Flowering Plants",
    "question": "Zygomorphic flowers can be divided into equal halves",
    "question_latex": "Zygomorphic flowers can be divided into equal halves",
    "question_images": [],
    "options": [
      "A. in any radial plane",
      "B. in only one vertical plane",
      "C. in two planes",
      "D. in no plane"
    ],
    "option_images": [],
    "answer": "B. in only one vertical plane",
    "solution": "Zygomorphic (bilateral) symmetry means the flower can be split into two identical halves in only one specific vertical plane (e.g., Pea, Gulmohar).",
    "solution_images": [],
    "difficulty": "easy",
    "marks": 4
  },
  {
    "id": 101,
    "chapter": "Morphology of Flowering Plants",
    "question": "In Fabaceae, the calyx consists of ........ sepals.",
    "question_latex": "In Fabaceae, the calyx consists of ........ sepals.",
    "question_images": [],
    "options": [
      "A. 4",
      "B. 5",
      "C. 6",
      "D. 3"
    ],
    "option_images": [],
    "answer": "B. 5",
    "solution": "Fabaceae has 5 gamosepalous sepals with valvate or imbricate aestivation.",
    "solution_images": [],
    "difficulty": "easy",
    "marks": 4
  },
  {
    "id": 102,
    "chapter": "Morphology of Flowering Plants",
    "question": "Which of the following is a pulpy fruit?",
    "question_latex": "Which of the following is a pulpy fruit?",
    "question_images": [],
    "options": [
      "A. Mango",
      "B. Orange",
      "C. Tomato",
      "D. All of the above"
    ],
    "option_images": [],
    "answer": "D. All of the above",
    "solution": "Mango (drupe), Orange (hesperidium), and Tomato (berry) are all examples of fleshy (pulpy) fruits.",
    "solution_images": [],
    "difficulty": "easy",
    "marks": 4
  },
  {
    "id": 103,
    "chapter": "Morphology of Flowering Plants",
    "question": "Leaves modified into spines in cacti are an adaptation for",
    "question_latex": "Leaves modified into spines in cacti are an adaptation for",
    "question_images": [],
    "options": [
      "A. Photosynthesis",
      "B. Reducing transpiration",
      "C. Mechanical support",
      "D. Storage"
    ],
    "option_images": [],
    "answer": "B. Reducing transpiration",
    "solution": "Spines have reduced surface area which significantly minimizes water loss in desert environments.",
    "solution_images": [],
    "difficulty": "easy",
    "marks": 4
  },
  {
    "id": 104,
    "chapter": "Morphology of Flowering Plants",
    "question": "Small underground stems with many scale leaves and a large terminal bud are",
    "question_latex": "Small underground stems with many scale leaves and a large terminal bud are",
    "question_images": [],
    "options": [
      "A. Tubers",
      "B. Bulbs",
      "C. Rhizomes",
      "D. Corms"
    ],
    "option_images": [],
    "answer": "B. Bulbs",
    "solution": "Bulbs (e.g., Onion, Garlic) are specialized underground storage stems with thick, fleshy scale leaves.",
    "solution_images": [],
    "difficulty": "medium",
    "marks": 4
  },
  {
    "id": 105,
    "chapter": "Morphology of Flowering Plants",
    "question": "A typical angiospermic anther is",
    "question_latex": "A typical angiospermic anther is",
    "question_images": [],
    "options": [
      "A. Monothecous",
      "B. Bithecous",
      "C. Polythecous",
      "D. None of these"
    ],
    "option_images": [],
    "answer": "B. Bithecous",
    "solution": "Most angiosperms have a dithecous (two-lobed) anther with four microsporangia.",
    "solution_images": [],
    "difficulty": "easy",
    "marks": 4
  },
  {
    "id": 106,
    "chapter": "Morphology of Flowering Plants",
    "question": "Pneumatophores are found in",
    "question_latex": "Pneumatophores are found in",
    "question_images": [],
    "options": [
      "A. Maize",
      "B. Asparagus",
      "C. Rhizophora",
      "D. Sugarcane"
    ],
    "option_images": [],
    "answer": "C. Rhizophora",
    "solution": "Pneumatophores are negative geotropic roots that grow upwards for aeration in swampy soils.",
    "solution_images": [],
    "difficulty": "easy",
    "marks": 4
  },
  {
    "id": 107,
    "chapter": "Morphology of Flowering Plants",
    "question": "Leaf tendrils are found in",
    "question_latex": "Leaf tendrils are found in",
    "question_images": [],
    "options": [
      "A. Grapes",
      "B. Pea",
      "C. Cucumber",
      "D. Watermelon"
    ],
    "option_images": [],
    "answer": "B. Pea",
    "solution": "In wild pea (*Lathyrus*), the entire leaf or leaflets are modified into tendrils for climbing.",
    "solution_images": [],
    "difficulty": "easy",
    "marks": 4
  },
  {
    "id": 108,
    "chapter": "Morphology of Flowering Plants",
    "question": "The fleshy part of guava is",
    "question_latex": "The fleshy part of guava is",
    "question_images": [],
    "options": [
      "A. Mesocarp",
      "B. Endocarp",
      "C. Thalamus and Pericarp",
      "D. Placenta only"
    ],
    "option_images": [],
    "answer": "C. Thalamus and Pericarp",
    "solution": "In guava, the berry is formed from an inferior ovary where the thalamus is fused with the fruit wall.",
    "solution_images": [],
    "difficulty": "medium",
    "marks": 4
  },
  {
    "id": 109,
    "chapter": "Morphology of Flowering Plants",
    "question": "Stamens attached to tepals in Lily are",
    "question_latex": "Stamens attached to tepals in Lily are",
    "question_images": [],
    "options": [
      "A. Epipetalous",
      "B. Epiphyllous",
      "C. Gynandrous",
      "D. Polyandrous"
    ],
    "option_images": [],
    "answer": "B. Epiphyllous",
    "solution": "Epiphyllous condition occurs when stamens are fused with members of the perianth.",
    "solution_images": [],
    "difficulty": "easy",
    "marks": 4
  },
  {
    "id": 110,
    "chapter": "Morphology of Flowering Plants",
    "question": "Correct floral formula for Mustard is",
    "question_latex": "Correct floral formula for Mustard is",
    "question_images": [],
    "options": [
      "A. $\\oplus \\, \\text{K}_{2+2} \\, \\text{C}_{4} \\, \\text{A}_{2+4} \\, \\underline{\\text{G}}_{(2)}$",
      "B. $\\% \\, \\text{K}_{(5)} \\, \\text{C}_{1+2+(2)} \\, \\text{A}_{(9)+1} \\, \\underline{\\text{G}}_{1}$",
      "C. $\\oplus \\, \\text{K}_{(5)} \\, \\text{C}_{(5)} \\, \\text{A}_{5} \\, \\underline{\\text{G}}_{(2)}$",
      "D. $\\text{Br} \\, \\oplus \\, \\text{P}_{(3+3)} \\, \\text{A}_{3+3} \\, \\underline{\\text{G}}_{(3)}$"
    ],
    "option_images": [],
    "answer": "A. + K2+2 C4 A2+4 G(2)",
    "solution": "Mustard (Brassicaceae) has cruciform corolla and tetradynamous stamens.",
    "solution_images": [],
    "difficulty": "hard",
    "marks": 4
  },
  {
    "id": 111,
    "chapter": "Morphology of Flowering Plants",
    "question": "The region of the root that contains root hairs is the",
    "question_latex": "The region of the root that contains root hairs is the",
    "question_images": [],
    "options": [
      "A. Maturation zone",
      "B. Meristematic zone",
      "C. Elongation zone",
      "D. Root cap"
    ],
    "option_images": [],
    "answer": "A. Maturation zone",
    "solution": "Root hairs are unicellular elongations that emerge from the maturation zone to absorb water.",
    "solution_images": [],
    "difficulty": "easy",
    "marks": 4
  },
  {
    "id": 112,
    "chapter": "Morphology of Flowering Plants",
    "question": "Identify the type of aestivation in which one petal is completely internal and one is completely external.",
    "question_latex": "Identify the type of aestivation in which one petal is completely internal and one is completely external.",
    "question_images": [],
    "options": [
      "A. Twisted",
      "B. Valvate",
      "C. Imbricate",
      "D. Vexillary"
    ],
    "option_images": [],
    "answer": "C. Imbricate",
    "solution": "In imbricate aestivation, one petal has both margins inside and another has both margins outside.",
    "solution_images": [],
    "difficulty": "medium",
    "marks": 4
  },
  {
    "id": 113,
    "chapter": "Morphology of Flowering Plants",
    "question": "The botanical name for China rose is",
    "question_latex": "The botanical name for China rose is",
    "question_images": [],
    "options": [
      "A. Solanum nigrum",
      "B. Hibiscus rosa-sinensis",
      "C. Brassica campestris",
      "D. Pisum sativum"
    ],
    "option_images": [],
    "answer": "B. Hibiscus rosa-sinensis",
    "solution": "*Hibiscus rosa-sinensis* belongs to the Malvaceae family.",
    "solution_images": [],
    "difficulty": "easy",
    "marks": 4
  },
  {
    "id": 114,
    "chapter": "Morphology of Flowering Plants",
    "question": "In a dicotyledonous embryo, the two cotyledons are attached to the",
    "question_latex": "In a dicotyledonous embryo, the two cotyledons are attached to the",
    "question_images": [],
    "options": [
      "A. Radicle",
      "B. Plumule",
      "C. Embryonal axis",
      "D. Seed coat"
    ],
    "option_images": [],
    "answer": "C. Embryonal axis",
    "solution": "The cotyledons are lateral appendages attached to the central embryonal axis (tigellum).",
    "solution_images": [],
    "difficulty": "easy",
    "marks": 4
  },
  {
    "id": 115,
    "chapter": "Morphology of Flowering Plants",
    "question": "Modified roots for nitrogen fixation in legumes are called",
    "question_latex": "Modified roots for nitrogen fixation in legumes are called",
    "question_images": [],
    "options": [
      "A. Stilt roots",
      "B. Prop roots",
      "C. Nodulated roots",
      "D. Respiratory roots"
    ],
    "option_images": [],
    "answer": "C. Nodulated roots",
    "solution": "Leguminous plants develop nodules in their roots which house *Rhizobium* bacteria.",
    "solution_images": [],
    "difficulty": "easy",
    "marks": 4
  },
  {
    "id": 116,
    "chapter": "Morphology of Flowering Plants",
    "question": "The fleshy edible part of an orange is composed of",
    "question_latex": "The fleshy edible part of an orange is composed of",
    "question_images": [],
    "options": [
      "A. Fleshy thalamus",
      "B. Juicy placental hairs",
      "C. Mesocarp",
      "D. Bracts"
    ],
    "option_images": [],
    "answer": "B. Juicy placental hairs",
    "solution": "In the hesperidium fruit of Orange, the edible part is the internal juicy hairs arising from the endocarp/placenta.",
    "solution_images": [],
    "difficulty": "medium",
    "marks": 4
  },
  {
    "id": 117,
    "chapter": "Morphology of Flowering Plants",
    "question": "Flowers of pea and bean show which symmetry?",
    "question_latex": "Flowers of pea and bean show which symmetry?",
    "question_images": [],
    "options": [
      "A. Actinomorphic",
      "B. Zygomorphic",
      "C. Asymmetric",
      "D. Radial"
    ],
    "option_images": [],
    "answer": "B. Zygomorphic",
    "solution": "Papilionaceous flowers are bilateral and can only be cut into equal halves through one specific plane.",
    "solution_images": [],
    "difficulty": "easy",
    "marks": 4
  },
  {
    "id": 118,
    "chapter": "Morphology of Flowering Plants",
    "question": "In a racemose inflorescence, the flowers are arranged in",
    "question_latex": "In a racemose inflorescence, the flowers are arranged in",
    "question_images": [],
    "options": [
      "A. Basipetal order",
      "B. Acropetal order",
      "C. Centrifugal order",
      "D. Irregular order"
    ],
    "option_images": [],
    "answer": "B. Acropetal order",
    "solution": "The youngest flowers are at the top (apex) and the oldest are at the base.",
    "solution_images": [],
    "difficulty": "easy",
    "marks": 4
  },
  {
    "id": 119,
    "chapter": "Morphology of Flowering Plants",
    "question": "Correct matching of plant and its placentation:",
    "question_latex": "Correct matching of plant and its placentation:",
    "question_images": [],
    "options": [
      "A. Pea - Marginal",
      "B. Lemon - Axile",
      "C. Mustard - Parietal",
      "D. All of the above"
    ],
    "option_images": [],
    "answer": "D. All of the above",
    "solution": "These are the standard textbook examples for each type of placentation.",
    "solution_images": [],
    "difficulty": "medium",
    "marks": 4
  },
  {
    "id": 120,
    "chapter": "Morphology of Flowering Plants",
    "question": "Stem tendrils are found in",
    "question_latex": "Stem tendrils are found in",
    "question_images": [],
    "options": [
      "A. Pea",
      "B. Cucumber",
      "C. Pumpkin",
      "D. Both B and C"
    ],
    "option_images": [],
    "answer": "D. Both B and C",
    "solution": "Cucumber, pumpkin, and grapes have stem tendrils for climbing. Pea has leaf tendrils.",
    "solution_images": [],
    "difficulty": "medium",
    "marks": 4
  },
  {
    "id": 121,
    "chapter": "Morphology of Flowering Plants",
    "question": "The single shield-shaped cotyledon of Grass/Maize is",
    "question_latex": "The single shield-shaped cotyledon of Grass/Maize is",
    "question_images": [],
    "options": [
      "A. Coleoptile",
      "B. Coleorhiza",
      "C. Scutellum",
      "D. Tigellum"
    ],
    "option_images": [],
    "answer": "C. Scutellum",
    "solution": "Scutellum is the modified cotyledon specialized for nutrient transfer from endosperm.",
    "solution_images": [],
    "difficulty": "easy",
    "marks": 4
  },
  {
    "id": 122,
    "chapter": "Morphology of Flowering Plants",
    "question": "The leaf base in monocots that covers the stem is called",
    "question_latex": "The leaf base in monocots that covers the stem is called",
    "question_images": [],
    "options": [
      "A. Pulvinus",
      "B. Sheathing leaf base",
      "C. Stipule",
      "D. Lamina"
    ],
    "option_images": [],
    "answer": "B. Sheathing leaf base",
    "solution": "In monocots, the leaf base expands into a sheath covering the stem partially or wholly.",
    "solution_images": [],
    "difficulty": "easy",
    "marks": 4
  },
  {
    "id": 123,
    "chapter": "Morphology of Flowering Plants",
    "question": "In a flower, the thalamus is the",
    "question_latex": "In a flower, the thalamus is the",
    "question_images": [],
    "options": [
      "A. stalk of the flower",
      "B. swollen end of the pedicel",
      "C. female reproductive organ",
      "D. outer protective whorl"
    ],
    "option_images": [],
    "answer": "B. swollen end of the pedicel",
    "solution": "All floral whorls are arranged on the thalamus or receptacle.",
    "solution_images": [],
    "difficulty": "easy",
    "marks": 4
  },
  {
    "id": 124,
    "chapter": "Morphology of Flowering Plants",
    "question": "Which of the following is not a berry?",
    "question_latex": "Which of the following is not a berry?",
    "question_images": [],
    "options": [
      "A. Tomato",
      "B. Brinjal",
      "C. Guava",
      "D. Apple"
    ],
    "option_images": [],
    "answer": "D. Apple",
    "solution": "Apple is a pome (false fruit). The others are true berries.",
    "solution_images": [],
    "difficulty": "medium",
    "marks": 4
  },
  {
    "id": 125,
    "chapter": "Morphology of Flowering Plants",
    "question": "Wait, let's complete the sequence to 140 questions precisely as requested.",
    "question_latex": "Wait, let's complete the sequence to 140 questions precisely as requested.",
    "question_images": [],
    "options": [
      "A. -",
      "B. -",
      "C. -",
      "D. -"
    ],
    "option_images": [],
    "answer": "-",
    "solution": "-",
    "solution_images": [],
    "difficulty": "easy",
    "marks": 4
  },
  {
    "id": 126,
    "chapter": "Morphology of Flowering Plants",
    "question": "A fruit developed from a monocarpellary superior ovary having one seed is",
    "question_latex": "A fruit developed from a monocarpellary superior ovary having one seed is",
    "question_images": [],
    "options": [
      "A. Drupe",
      "B. Berry",
      "C. Pome",
      "D. Pepo"
    ],
    "option_images": [],
    "answer": "A. Drupe",
    "solution": "Mango and Peach are drupes with a single seed.",
    "solution_images": [],
    "difficulty": "easy",
    "marks": 4
  },
  {
    "id": 127,
    "chapter": "Morphology of Flowering Plants",
    "question": "Which family is known as the Potato family?",
    "question_latex": "Which family is known as the Potato family?",
    "question_images": [],
    "options": [
      "A. Fabaceae",
      "B. Solanaceae",
      "C. Liliaceae",
      "D. Brassicaceae"
    ],
    "option_images": [],
    "answer": "B. Solanaceae",
    "solution": "Solanaceae includes Potato, Tomato, and Brinjal.",
    "solution_images": [],
    "difficulty": "easy",
    "marks": 4
  },
  {
    "id": 128,
    "chapter": "Morphology of Flowering Plants",
    "question": "Swollen leaf base found in some legumes is called",
    "question_latex": "Swollen leaf base found in some legumes is called",
    "question_images": [],
    "options": [
      "A. Pulvinus",
      "B. Stipule",
      "C. Petiole",
      "D. Lamina"
    ],
    "option_images": [],
    "answer": "A. Pulvinus",
    "solution": "The pulvinus provides mechanical strength and allows leaf movement.",
    "solution_images": [],
    "difficulty": "easy",
    "marks": 4
  },
  {
    "id": 129,
    "chapter": "Morphology of Flowering Plants",
    "question": "The part of the flower that attracts insects is",
    "question_latex": "The part of the flower that attracts insects is",
    "question_images": [],
    "options": [
      "A. Calyx",
      "B. Corolla",
      "C. Androecium",
      "D. Gynoecium"
    ],
    "option_images": [],
    "answer": "B. Corolla",
    "solution": "Petals are usually brightly colored to attract pollinators.",
    "solution_images": [],
    "difficulty": "easy",
    "marks": 4
  },
  {
    "id": 130,
    "chapter": "Morphology of Flowering Plants",
    "question": "Parallel venation is common in",
    "question_latex": "Parallel venation is common in",
    "question_images": [],
    "options": [
      "A. Dicotyledons",
      "B. Monocotyledons",
      "C. Both",
      "D. None"
    ],
    "option_images": [],
    "answer": "B. Monocotyledons",
    "solution": "Veins run parallel to each other in monocots.",
    "solution_images": [],
    "difficulty": "easy",
    "marks": 4
  },
  {
    "id": 131,
    "chapter": "Morphology of Flowering Plants",
    "question": "Example of epipetalous stamens is",
    "question_latex": "Example of epipetalous stamens is",
    "question_images": [],
    "options": [
      "A. Hibiscus",
      "B. Brinjal",
      "C. Pea",
      "D. Lily"
    ],
    "option_images": [],
    "answer": "B. Brinjal",
    "solution": "Solanaceae members like Brinjal have stamens attached to petals.",
    "solution_images": [],
    "difficulty": "easy",
    "marks": 4
  },
  {
    "id": 132,
    "chapter": "Morphology of Flowering Plants",
    "question": "The fruit of Mustard is a",
    "question_latex": "The fruit of Mustard is a",
    "question_images": [],
    "options": [
      "A. Legume",
      "B. Siliqua",
      "C. Capsule",
      "D. Achene"
    ],
    "option_images": [],
    "answer": "B. Siliqua",
    "solution": "Siliqua is a dry dehiscent fruit characteristic of Brassicaceae.",
    "solution_images": [],
    "difficulty": "medium",
    "marks": 4
  },
  {
    "id": 133,
    "chapter": "Morphology of Flowering Plants",
    "question": "Identification of tap root system is possible from",
    "question_latex": "Identification of tap root system is possible from",
    "question_images": [],
    "options": [
      "A. Primary root persisting",
      "B. Branching roots",
      "C. Both A and B",
      "D. Roots from stem base"
    ],
    "option_images": [],
    "answer": "C. Both A and B",
    "solution": "Tap root system consists of a persistent primary root and its branches.",
    "solution_images": [],
    "difficulty": "easy",
    "marks": 4
  },
  {
    "id": 134,
    "chapter": "Morphology of Flowering Plants",
    "question": "The gynoecium in Pea is",
    "question_latex": "The gynoecium in Pea is",
    "question_images": [],
    "options": [
      "A. Monocarpellary",
      "B. Bicarpellary",
      "C. Tricarpellary",
      "D. Multicarpellary"
    ],
    "option_images": [],
    "answer": "A. Monocarpellary",
    "solution": "Fabaceae is characterized by a single carpel.",
    "solution_images": [],
    "difficulty": "easy",
    "marks": 4
  },
  {
    "id": 135,
    "chapter": "Morphology of Flowering Plants",
    "question": "Aestivation in which petals overlap in one direction is",
    "question_latex": "Aestivation in which petals overlap in one direction is",
    "question_images": [],
    "options": [
      "A. Valvate",
      "B. Twisted",
      "C. Imbricate",
      "D. Vexillary"
    ],
    "option_images": [],
    "answer": "B. Twisted",
    "solution": "One margin overlaps the margin of the next petal consistently.",
    "solution_images": [],
    "difficulty": "easy",
    "marks": 4
  },
  {
    "id": 136,
    "chapter": "Morphology of Flowering Plants",
    "question": "The fleshy part of a pear is",
    "question_latex": "The fleshy part of a pear is",
    "question_images": [],
    "options": [
      "A. Thalamus",
      "B. Mesocarp",
      "C. Endocarp",
      "D. Seed"
    ],
    "option_images": [],
    "answer": "A. Thalamus",
    "solution": "Pear is a pome fruit where the edible fleshy part is the swollen thalamus (false fruit).",
    "solution_images": [],
    "difficulty": "medium",
    "marks": 4
  },
  {
    "id": 137,
    "chapter": "Morphology of Flowering Plants",
    "question": "Vivipary is a characteristic of",
    "question_latex": "Vivipary is a characteristic of",
    "question_images": [],
    "options": [
      "A. Mesophytes",
      "B. Xerophytes",
      "C. Halophytes",
      "D. Hydrophytes"
    ],
    "option_images": [],
    "answer": "C. Halophytes",
    "solution": "Vivipary (germination of seeds while still attached to the parent plant) is an adaptation of mangroves (halophytes) to survive in saline marshy soils.",
    "solution_images": [],
    "difficulty": "easy",
    "marks": 4
  },
  {
    "id": 138,
    "chapter": "Morphology of Flowering Plants",
    "question": "Albuminous cells are found in the phloem of",
    "question_latex": "Albuminous cells are found in the phloem of",
    "question_images": [],
    "options": [
      "A. Pteridophytes",
      "B. Gymnosperms",
      "C. Angiosperms",
      "D. Both A and B"
    ],
    "option_images": [],
    "answer": "B. Gymnosperms",
    "solution": "Gymnosperms lack companion cells in their phloem; instead, they have specialized parenchyma cells called albuminous cells associated with sieve cells.",
    "solution_images": [],
    "difficulty": "hard",
    "marks": 4
  },
  {
    "id": 139,
    "chapter": "Morphology of Flowering Plants",
    "question": "Identify flower parts A to D in the given diagrams correctly",
    "question_latex": "Identify flower parts $A$ to $D$ in the given diagrams correctly",
    "question_images": [
      "q139_1"
    ],
    "options": [
      "A. A-Corolla, B-Calyx, C-Androecium, D-Gynoecium",
      "B. A-Calyx, B-Corolla, C-Androecium, D-Gynoecium",
      "C. A-Calyx, B-Corolla, C-Gynoecium, D-Androecium",
      "D. A-Corolla, B-Calyx, C-Gynoecium, D-Androecium"
    ],
    "option_images": [],
    "answer": "B. A-Calyx, B-Corolla, C-Androecium, D-Gynoecium",
    "solution": "A: Calyx (sepals), B: Corolla (petals), C: Androecium (stamens), D: Gynoecium (pistil/carpels).",
    "solution_images": [],
    "difficulty": "medium",
    "marks": 4
  },
  {
    "id": 140,
    "chapter": "Morphology of Flowering Plants",
    "question": "In Duranta, the nature of vasculated defensive structures represent the modification of",
    "question_latex": "In $Duranta$, the nature of vasculated defensive structures represent the modification of",
    "question_images": [],
    "options": [
      "A. Axillary bud as in Bougainvillea",
      "B. Terminal bud as in Carissa",
      "C. Stipules as in Acacia",
      "D. Apical bud as in Artabotrys"
    ],
    "option_images": [],
    "answer": "A. Axillary bud as in Bougainvillea",
    "solution": "Defensive structures (thorns) in $Duranta$ and $Bougainvillea$ are modifications of axillary buds.",
    "solution_images": [],
    "difficulty": "hard",
    "marks": 4
  }
]