[
  {
    "id": 1,
    "chapter": "Ionic Equilibria",
    "question": "Which among the following salt solutions in water turns blue litmus red? [MHT-CET 2023]",
    "question_latex": "Which among the following salt solutions in water turns blue litmus red? [MHT-CET 2023]",
    "question_images": [],
    "options": [
      "(A) $NH_{4}F$",
      "(B) $NH_{4}CN$",
      "(C) $KCN$",
      "(D) $Na_{2}CO_{3}$"
    ],
    "option_images": [],
    "answer": "A",
    "solution": "The solution of $NH_{4}F$ is slightly acidic and turns blue litmus red. [cite: 2]",
    "solution_images": [],
    "difficulty": "Easy",
    "marks": 4
  },
  {
    "id": 2,
    "chapter": "Ionic Equilibria",
    "question": "A buffer solution contains equal concentrations of weak acid and its salt with strong base. Calculate pH of buffer solution if dissociation constant of weak acid is $1.8\\times10^{-5}$. [MHT-CET 2024]",
    "question_latex": "A buffer solution contains equal concentrations of weak acid and its salt with strong base. Calculate pH of buffer solution if dissociation constant of weak acid is $1.8\\times10^{-5}$. [MHT-CET 2024]",
    "question_images": [],
    "options": [
      "(A) 5.1420",
      "(B) 4.0128",
      "(C) 4.7447",
      "(D) 5.8496"
    ],
    "option_images": [],
    "answer": "C",
    "solution": "Given: $[salt] = [acid]$, $K_{a}=1.8\\times10^{-5}$. According to Henderson-Hasselbalch equation: $pH=pK_{a}+log_{10}\\frac{[salt]}{[acid]}$. Since $[salt]=[acid]$, $pH=pK_{a}$. $pK_{a}=-log_{10}K_{a} = -log_{10}(1.8\\times10^{-5}) = 4.7447$. [cite: 5]",
    "solution_images": [],
    "difficulty": "Medium",
    "marks": 4
  },
  {
    "id": 3,
    "chapter": "Ionic Equilibria",
    "question": "A weak monoacidic base is 1% dissociated in it's 0.01 M solution. What is the value of $K_{b}$ for weak base? [MHT-CET 2022]",
    "question_latex": "A weak monoacidic base is 1% dissociated in it's 0.01 M solution. What is the value of $K_{b}$ for weak base? [MHT-CET 2022]",
    "question_images": [],
    "options": [
      "(A) $1\\times10^{-6}$",
      "(B) $1\\times10^{-2}$",
      "(C) $2\\times10^{-6}$",
      "(D) $2\\times10^{-2}$"
    ],
    "option_images": [],
    "answer": "A",
    "solution": "Given: $\\%\\\\alpha = 1$, $c = 0.01\\,M = 10^{-2}\\,M$. $\\\\alpha = \\\\frac{\\\\%\\\\alpha}{100} = 10^{-2}$. $K_{b} = \\\\alpha^{2}c = (10^{-2})^{2} \\\\times 10^{-2} = 10^{-6}$. [cite: 6]",
    "solution_images": [],
    "difficulty": "Medium",
    "marks": 4
  },
  {
    "id": 4,
    "chapter": "Ionic Equilibria",
    "question": "There is a sample of 20 volume of hydrogen peroxide solution. Calculate its strength.",
    "question_latex": "There is a sample of 20 volume of hydrogen peroxide solution. Calculate its strength.",
    "question_images": [],
    "options": [
      "(A) 6.07%",
      "(B) 3.035%",
      "(C) 2.509%",
      "(D) 4.045%"
    ],
    "option_images": [],
    "answer": "A",
    "solution": "$2H_{2}O_{2} \\rightarrow 2H_{2}O + O_{2}$. $68\\text{ g}$ of $H_{2}O_{2}$ gives $22.4\\text{ L } O_{2}$ at NTP. For $20\\text{ L } O_{2}$, amount of $H_{2}O_{2} = \\frac{68}{22.4} \\times 20 = 60.7\\text{ g/L}$. [cite_start]Percentage strength = $\\frac{60.7 \\times 100}{1000} = 6.07\\%$. [cite: 7]",
    "solution_images": [],
    "difficulty": "Hard",
    "marks": 4
  },
  {
    "id": 5,
    "chapter": "Ionic Equilibria",
    "question": "What is the value of ionic product of water at 298 K? [MHT-CET 2024]",
    "question_latex": "What is the value of ionic product of water at 298 K? [MHT-CET 2024]",
    "question_images": [],
    "options": [
      "(A) $1\\times10^{-7}$",
      "(B) $1 \\times 10^{7}$",
      "(C) $7 \\times 10^{1}$",
      "(D) $1\\times10^{-14}$"
    ],
    "option_images": [],
    "answer": "D",
    "solution": "$K_{w} = 1 \\times 10^{-14}$ at 298 K. [cite: 8]",
    "solution_images": [],
    "difficulty": "Easy",
    "marks": 4
  },
  {
    "id": 6,
    "chapter": "Ionic Equilibria",
    "question": "A monoprotic acid in 1.00 M solution is 0.01% ionised. The dissociation constant of this acid is",
    "question_latex": "A monoprotic acid in 1.00 M solution is 0.01% ionised. The dissociation constant of this acid is",
    "question_images": [],
    "options": [
      "(A) $1\\times10^{-8}$",
      "(B) $1\\times10^{-4}$",
      "(C) $1\\times10^{-6}$",
      "(D) $1\\times10^{-5}$"
    ],
    "option_images": [],
    "answer": "A",
    "solution": "$\\alpha = 0.01\\% = 1\\times10^{-4}$. $c = 1.0\\text{ M}$. $K_{a} = \\alpha^{2}c = (1\\times10^{-4})^{2} \\times 1 = 1\\times10^{-8}$. [cite: 9]",
    "solution_images": [],
    "difficulty": "Medium",
    "marks": 4
  },
  {
    "id": 7,
    "chapter": "Ionic Equilibria",
    "question": "What is pH of weak dibasic acid, that is 2% dissociated in its M/100 solution at 298 K? [2025]",
    "question_latex": "What is pH of weak dibasic acid, that is 2% dissociated in its M/100 solution at 298 K? [2025]",
    "question_images": [],
    "options": [
      "(A) 2.3979",
      "(B) 3.3970",
      "(C) 4.6990",
      "(D) 1.6990"
    ],
    "option_images": [],
    "answer": "B",
    "solution": "For dibasic acid, $Z=2$. $\\alpha = 0.02$, $c = 0.01$. $[H^{+}] = \\alpha c Z = 0.02 \\times 0.01 \\times 2 = 4 \\times 10^{-4}$. [cite_start]$pH = -log(4 \\times 10^{-4}) = 3.3970$. [cite: 10, 11]",
    "solution_images": [],
    "difficulty": "Hard",
    "marks": 4
  },
  {
    "id": 8,
    "chapter": "Ionic Equilibria",
    "question": "Reaction of $Br_{2}$ with $Na_{2}CO_{3}$ in aqueous solution gives sodium bromide and sodium bromate with evolution of $CO_{2}$ gas. The number of sodium bromide molecules involved in the balanced chemical equation is",
    "question_latex": "Reaction of $Br_{2}$ with $Na_{2}CO_{3}$ in aqueous solution gives sodium bromide and sodium bromate with evolution of $CO_{2}$ gas. The number of sodium bromide molecules involved in the balanced chemical equation is",
    "question_images": [],
    "options": [
      "(A) 1",
      "(B) 3",
      "(C) 5",
      "(D) 7"
    ],
    "option_images": [],
    "answer": "C",
    "solution": "Balanced equation: $3Br_{2} + 3Na_{2}CO_{3} \\rightarrow 5NaBr + NaBrO_{3} + 3CO_{2}$. [cite_start]Number of $NaBr$ molecules is 5. [cite: 12]",
    "solution_images": [],
    "difficulty": "Medium",
    "marks": 4
  },
  {
    "id": 9,
    "chapter": "Ionic Equilibria",
    "question": "The concentration of $[H^{+}]$ in acidic solution is 0.01 M. What is the concentration of $[OH^{-}]$ in solution? [MHT-CET 2022]",
    "question_latex": "The concentration of $[H^{+}]$ in acidic solution is 0.01 M. What is the concentration of $[OH^{-}]$ in solution? [MHT-CET 2022]",
    "question_images": [],
    "options": [
      "(A) $1\\times10^{-12}M$",
      "(B) $1 \\times 10^{-2}M$",
      "(C) $1 \\times 10^{-7}M$",
      "(D) $1 \\times 10^{-1}M$"
    ],
    "option_images": [],
    "answer": "A",
    "solution": "$[H^{+}] = 10^{-2} M$. $[H^{+}][OH^{-}] = 10^{-14}$. [cite_start]$[OH^{-}] = \\frac{10^{-14}}{10^{-2}} = 10^{-12} M$. [cite: 13]",
    "solution_images": [],
    "difficulty": "Easy",
    "marks": 4
  },
  {
    "id": 10,
    "chapter": "Ionic Equilibria",
    "question": "Which from following formulae is used to find the $[OH^{-}]$ ion concentration of a weak monoacidic base? [2025]",
    "question_latex": "Which from following formulae is used to find the $[OH^{-}]$ ion concentration of a weak monoacidic base? [2025]",
    "question_images": [],
    "options": [
      "(A) $\\sqrt{\\frac{K_{b}}{c}}$",
      "(B) $\\sqrt{K_{b} \\cdot c}$",
      "(C) $\\sqrt{K_{b}}$",
      "(D) $K_{b} \\cdot c$"
    ],
    "option_images": [],
    "answer": "B",
    "solution": "For monoacidic base, $K_{b} = \\alpha^{2}c \\implies \\alpha = \\sqrt{\\frac{K_{b}}{c}}$. [cite_start]$[OH^{-}] = \\alpha c = \\sqrt{\\frac{K_{b}}{c}} \\cdot c = \\sqrt{K_{b} \\cdot c}$. [cite: 14]",
    "solution_images": [],
    "difficulty": "Medium",
    "marks": 4
  },
  {
    "id": 11,
    "chapter": "Ionic Equilibria",
    "question": "The oxidation states of iodine in $HIO_{4}$, $H_{3}IO_{5}$ and $H_{5}IO_{6}$ are respectively",
    "question_latex": "The oxidation states of iodine in $HIO_{4}$, $H_{3}IO_{5}$ and $H_{5}IO_{6}$ are respectively",
    "question_images": [],
    "options": [
      "(A) $+1, +3, +7$",
      "(B) $+7, +7, +3$",
      "(C) $+7, +7, +7$",
      "(D) $+7, +5, +3$"
    ],
    "option_images": [],
    "answer": "C",
    "solution": "In $HIO_{4}$: $1+x+4(-2)=0 \\implies x=+7$. In $H_{3}IO_{5}$: $3+x+5(-2)=0 \\implies x=+7$. [cite_start]In $H_{5}IO_{6}$: $5+x+6(-2)=0 \\implies x=+7$. [cite: 14]",
    "solution_images": [],
    "difficulty": "Medium",
    "marks": 4
  },
  {
    "id": 12,
    "chapter": "Ionic Equilibria",
    "question": "The solubility of salt $BA_{2}$ is $4\\times10^{-4} moldm^{-3}$. What is solubility product of the salt? [2025]",
    "question_latex": "The solubility of salt $BA_{2}$ is $4\\times10^{-4} moldm^{-3}$. What is solubility product of the salt? [2025]",
    "question_images": [],
    "options": [
      "(A) $2.56\\times10^{-10}$",
      "(B) $6.41\\times10^{-10}$",
      "(C) $3.60\\times10^{-8}$",
      "(D) $1.55\\times10^{-8}$"
    ],
    "option_images": [],
    "answer": "A",
    "solution": "$K_{sp} = x^{x}y^{y}S^{x+y}$. For $BA_{2}$, $x=1, y=2$. [cite_start]$K_{sp} = 4S^{3} = 4 \\times (4\\times10^{-4})^{3} = 2.56\\times10^{-10}$. [cite: 15]",
    "solution_images": [],
    "difficulty": "Medium",
    "marks": 4
  },
  {
    "id": 13,
    "chapter": "Ionic Equilibria",
    "question": "The pH of a sample of vinegar is 3.76. Calculate the concentration of hydrogen ion in it in mol $dm^{-3}$? [2025]",
    "question_latex": "The pH of a sample of vinegar is 3.76. Calculate the concentration of hydrogen ion in it in mol $dm^{-3}$? [2025]",
    "question_images": [],
    "options": [
      "(A) $1.97\\times10^{-4}$",
      "(B) $1.283 \\times 10^{-4}$",
      "(C) $1.84\\times10^{-4}$",
      "(D) $1.738\\times10^{-4}$"
    ],
    "option_images": [],
    "answer": "D",
    "solution": "$log_{10}[H^{+}] = -pH = -3.76$. [cite_start]$[H^{+}] = \\text{Antilog}(-3.76) = 1.738\\times10^{-4} moldm^{-3}$. [cite: 16]",
    "solution_images": [],
    "difficulty": "Hard",
    "marks": 4
  },
  {
    "id": 14,
    "chapter": "Ionic Equilibria",
    "question": "Which from following mixtures in water acts as buffer? [MHT-CET 2024]",
    "question_latex": "Which from following mixtures in water acts as buffer? [MHT-CET 2024]",
    "question_images": [],
    "options": [
      "(A) $CH_{3}COONa+NaCl$",
      "(B) $CH_{3}COOH+HCl$",
      "(C) $CH_{3}COOH+CH_{3}COONa$",
      "(D) $HCl+NH_{4}Cl$"
    ],
    "option_images": [],
    "answer": "C",
    "solution": "$CH_{3}COOH+CH_{3}COONa$ is an acidic buffer (weak acid and its salt with strong base). [cite: 17]",
    "solution_images": [],
    "difficulty": "Easy",
    "marks": 4
  },
  {
    "id": 15,
    "chapter": "Ionic Equilibria",
    "question": "4 grams of NaOH is added in water to form 500 mL solution at 298 K. What is pH of solution? (Molar mass of $NaOH=40g~mol^{-1}$) [2025]",
    "question_latex": "4 grams of NaOH is added in water to form 500 mL solution at 298 K. What is pH of solution? (Molar mass of $NaOH=40g~mol^{-1}$) [2025]",
    "question_images": [],
    "options": [
      "(A) 8.6990",
      "(B) 10.3010",
      "(C) 10.6990",
      "(D) 13.3010"
    ],
    "option_images": [],
    "answer": "D",
    "solution": "Moles of $NaOH = 4/40 = 0.1$. $[OH^{-}] = (0.1/500) \\times 1000 = 0.2 M$. $pOH = -log(0.2) = 0.699$. [cite_start]$pH = 14 - 0.699 = 13.3010$. [cite: 18]",
    "solution_images": [],
    "difficulty": "Medium",
    "marks": 4
  },
  {
    "id": 16,
    "chapter": "Ionic Equilibria",
    "question": "The reaction of water with sodium and potassium is",
    "question_latex": "The reaction of water with sodium and potassium is",
    "question_images": [],
    "options": [
      "(A) Endothermic",
      "(B) Reversible",
      "(C) Exothermic",
      "(D) Irreversible and endothermic"
    ],
    "option_images": [],
    "answer": "C",
    "solution": "The reaction of water with alkali metals like sodium and potassium is highly exothermic. [cite: 18]",
    "solution_images": [],
    "difficulty": "Easy",
    "marks": 4
  },
  {
    "id": 17,
    "chapter": "Ionic Equilibria",
    "question": "Calculate the pOH of buffer solution containing 0.15 M weak base and 0.30 M its salt with strong acid. [$pK_{b}=4.7447$] [MHT-CET 2024]",
    "question_latex": "Calculate the pOH of buffer solution containing 0.15 M weak base and 0.30 M its salt with strong acid. [$pK_{b}=4.7447$] [MHT-CET 2024]",
    "question_images": [],
    "options": [
      "(A) 6.0245",
      "(B) 5.6130",
      "(C) 5.0457",
      "(D) 6.4130"
    ],
    "option_images": [],
    "answer": "C",
    "solution": "Given: [base] $= 0.15M$, [salt] $= 0.30M$, $pK_{b} = 4.7447$. [cite_start]According to Henderson-Hasselbalch equation, $pOH = pK_{b} + log_{10}\\frac{[salt]}{[base]} = 4.7447 + log_{10}\\frac{0.30}{0.15} = 4.7447 + log_{10}2 = 4.7447 + 0.3010 = 5.0457$. [cite: 19]",
    "solution_images": [],
    "difficulty": "Medium",
    "marks": 4
  },
  {
    "id": 18,
    "chapter": "Ionic Equilibria",
    "question": "A weak monoacidic base is 4% dissociated in its 0.01 M solution. What is the dissociation constant of weak base? [MHT-CET 2022]",
    "question_latex": "A weak monoacidic base is 4% dissociated in its 0.01 M solution. What is the dissociation constant of weak base? [MHT-CET 2022]",
    "question_images": [],
    "options": [
      "(A) $1.6\\times10^{-5}$",
      "(B) $1.0\\times10^{-5}$",
      "(C) $6.1\\times10^{-5}$",
      "(D) $4.1\\times10^{-5}$"
    ],
    "option_images": [],
    "answer": "A",
    "solution": "Given: $\\\\%\\\\alpha = 4$, $c = 0.01\\,M$. $\\\\alpha = \\\\frac{\\\\%\\\\alpha}{100} = 0.04$. [cite_start]$K_{b} = \\\\alpha^{2}c = (0.04)^{2} \\\\times 0.01 = 16\\\\times10^{-4} \\\\times 10^{-2} = 1.6\\\\times10^{-5}$. [cite: 20]",
    "solution_images": [],
    "difficulty": "Medium",
    "marks": 4
  },
  {
    "id": 19,
    "chapter": "Ionic Equilibria",
    "question": "The conjugate base of $H_{2}SO_{4}$ is",
    "question_latex": "The conjugate base of $H_{2}SO_{4}$ is",
    "question_images": [],
    "options": [
      "(A) $SO_{4}^{2-}$",
      "(B) $HSO_{4}^{-}$",
      "(C) $HSO_{4}^{+}$",
      "(D) $H_{3}SO_{4}$"
    ],
    "option_images": [],
    "answer": "B",
    "solution": "$HSO_{4}^{-}$ is the conjugate base of $H_{2}SO_{4}$ because it is formed by the removal of one proton ($H^{+}$) from the acid. $H_{2}SO_{4} \\rightleftharpoons HSO_{4}^{-} + H^{+}$. [cite: 20, 21]",
    "solution_images": [],
    "difficulty": "Easy",
    "marks": 4
  },
  {
    "id": 20,
    "chapter": "Ionic Equilibria",
    "question": "The pH of 0.005 M KOH is 9.95. Calculate the $[OH^{-}]$. [MHT-CET 2021]",
    "question_latex": "The pH of 0.005 M KOH is 9.95. Calculate the $[OH^{-}]$. [MHT-CET 2021]",
    "question_images": [],
    "options": [
      "(A) $6.71\\times10^{-4}M$",
      "(B) $4.45\\times10^{-5}M$",
      "(C) $1.12\\times10^{-4}M$",
      "(D) $8.91\\times10^{-5}M$"
    ],
    "option_images": [],
    "answer": "D",
    "solution": "Given: $pH = 9.95$. $pOH = 14 - pH = 14 - 9.95 = 4.05$. $pOH = -log_{10}[OH^{-}] \\implies log_{10}[OH^{-}] = -4.05$. $[OH^{-}] = Antilog(-4.05) = Antilog(\\bar{5}.95) = 8.913\\times10^{-5}M$. [cite: 22]",
    "solution_images": [],
    "difficulty": "Hard",
    "marks": 4
  },
  {
    "id": 21,
    "chapter": "Ionic Equilibria",
    "question": "According to Le-Chatelier principle, adding heat to a solid and liquid in equilibrium will cause the",
    "question_latex": "According to Le-Chatelier principle, adding heat to a solid and liquid in equilibrium will cause the",
    "question_images": [],
    "options": [
      "(A) Amount of solid to decrease",
      "(B) Amount of liquid to decrease",
      "(C) Temperature to rise",
      "(D) Temperature to fall"
    ],
    "option_images": [],
    "answer": "A",
    "solution": "Fusion of solid is an endothermic process. [cite_start]Adding heat favors the forward reaction (melting), thus the amount of solid decreases. [cite: 22]",
    "solution_images": [],
    "difficulty": "Medium",
    "marks": 4
  },
  {
    "id": 22,
    "chapter": "Ionic Equilibria",
    "question": "Identify the salt that undergoes hydrolysis and forms acidic solution from following. [MHT-CET 2023]",
    "question_latex": "Identify the salt that undergoes hydrolysis and forms acidic solution from following. [MHT-CET 2023]",
    "question_images": [],
    "options": [
      "(A) $NH_{4}NO_{3}$",
      "(B) $NH_{4}Cl$",
      "(C) KCN",
      "(D) $Na_{2}CO_{3}$"
    ],
    "option_images": [],
    "answer": "A",
    "solution": "$NH_{4}NO_{3}$ is a salt of a weak base ($NH_{4}OH$) and a strong acid ($HNO_{3}$), so its solution is acidic. [cite: 24]",
    "solution_images": [],
    "difficulty": "Medium",
    "marks": 4
  },
  {
    "id": 23,
    "chapter": "Ionic Equilibria",
    "question": "An acid solution of 0.005 M has a pH of 5. The degree of ionisation of acid is",
    "question_latex": "An acid solution of 0.005 M has a pH of 5. The degree of ionisation of acid is",
    "question_images": [],
    "options": [
      "(A) $0.1\times10^{-2}$",
      "(B) $0.2\times10^{-2}$",
      "(C) $0.5\times10^{-4}$",
      "(D) $0.6\times10^{-6}$"
    ],
    "option_images": [],
    "answer": "B",
    "solution": "Acid, $[H^{+}] = 10^{-pH} = 10^{-5}$. [cite_start]$\\alpha = \\frac{\\text{ionised concentration}}{\\text{molar concentration}} = \\frac{10^{-5}}{0.005} = 0.2\\times10^{-2}$. [cite: 25]",
    "solution_images": [],
    "difficulty": "Medium",
    "marks": 4
  },
  {
    "id": 24,
    "chapter": "Ionic Equilibria",
    "question": "Identify the species that acts as acid, according to Bronsted - Lowry theory in the equation stated below. $HCl_{(aq)} + H_{2}O_{(l)} \\rightleftharpoons H_{3}O_{(aq)}^{+} + Cl_{(aq)}^{-}$ [MHT-CET 2023]",
    "question_latex": "Identify the species that acts as acid, according to Bronsted - Lowry theory in the equation stated below. $HCl_{(aq)} + H_{2}O_{(l)} \\rightleftharpoons H_{3}O_{(aq)}^{+} + Cl_{(aq)}^{-}$ [MHT-CET 2023]",
    "question_images": [],
    "options": [
      "(A) $Cl_{(aq)}^{-}$",
      "(B) $H_{3}O_{(aq)}^{+}$",
      "(C) $HCl_{(aq)}$",
      "(D) $H_{2}O_{(l)}$"
    ],
    "option_images": [],
    "answer": "C",
    "solution": "According to Bronsted-Lowry theory, an acid is a proton donor. In this reaction, $HCl$ donates a proton to $H_{2}O$. [cite_start]Therefore, $HCl$ acts as an acid. [cite: 26]",
    "solution_images": [],
    "difficulty": "Easy",
    "marks": 4
  },
  {
    "id": 25,
    "chapter": "Ionic Equilibria",
    "question": "What is the $[H^{+}]$ of 0.002 M weak monobasic acid? (Given: $K_{a}=8\times10^{-5}$) [MHT-CET 2024]",
    "question_latex": "What is the $[H^{+}]$ of 0.002 M weak monobasic acid? (Given: $K_{a}=8\times10^{-5}$) [MHT-CET 2024]",
    "question_images": [],
    "options": [
      "(A) $4.0\times10^{-4}M$",
      "(B) $1.21\times10^{-4}M$",
      "(C) $2.1\times10^{-4}M$",
      "(D) $1.73\times10^{-4}M$"
    ],
    "option_images": [],
    "answer": "A",
    "solution": "Given: $K_{a} = 8\\times10^{-5}$, $c = 0.002 = 2\\times10^{-3}M$. $\\alpha = \\sqrt{\\frac{K_{a}}{c}} = \\sqrt{\\frac{8\\times10^{-5}}{2\\times10^{-3}}} = \\sqrt{4\\times10^{-2}} = 2\\times10^{-1}$. [cite_start]$[H^{+}] = \\alpha \\cdot c = (2\\times10^{-1}) \\times (2\\times10^{-3}) = 4\\times10^{-4}M$. [cite: 27]",
    "solution_images": [],
    "difficulty": "Medium",
    "marks": 4
  },
  {
    "id": 26,
    "chapter": "Ionic Equilibria",
    "question": "Which from following salts is derived from weak acid and strong base? [2025]",
    "question_latex": "Which from following salts is derived from weak acid and strong base? [2025]",
    "question_images": [],
    "options": [
      "(A) $KNO_3$",
      "(B) $NH_4Cl$",
      "(C) $CH_3COONa$",
      "(D) $NaCl$"
    ],
    "option_images": [],
    "answer": "(C) $CH_3COONa$",
    "solution": "$CH_3COONa$ is a salt of a weak acid ($CH_3COOH$) and a strong base ($NaOH$). [cite: 596]",
    "solution_images": [],
    "difficulty": "Easy",
    "marks": 4
  },
  {
    "id": 27,
    "chapter": "Ionic Equilibria",
    "question": "Calculate solubility of a sparingly soluble salt $AB$ if its solubility product is $1.21 \\times 10^{-10}$. [MHT-CET 2024]",
    "question_latex": "Calculate solubility of a sparingly soluble salt $AB$ if its solubility product is $1.21 \\times 10^{-10}$. [MHT-CET 2024]",
    "question_images": [],
    "options": [
      "(A) $1.1 \\times 10^{-5} \\text{ mol dm}^{-3}$",
      "(B) $1.1 \\times 10^{-10} \\text{ mol dm}^{-3}$",
      "(C) $2.1 \\times 10^{-5} \\text{ mol dm}^{-3}$",
      "(D) $1.1 \\times 10^{-6} \\text{ mol dm}^{-3}$"
    ],
    "option_images": [],
    "answer": "(A) $1.1 \\times 10^{-5} \\text{ mol dm}^{-3}$",
    "solution": "For salt $AB$, $K_{sp} = S^2$. [cite_start]$\\therefore S = \\sqrt{K_{sp}} = \\sqrt{1.21 \\times 10^{-10}} = 1.1 \\times 10^{-5} \\text{ mol dm}^{-3}$. [cite: 596]",
    "solution_images": [],
    "difficulty": "Medium",
    "marks": 4
  },
  {
    "id": 28,
    "chapter": "Ionic Equilibria",
    "question": "The pH of 0.01 M $NaOH$ solution is",
    "question_latex": "The pH of 0.01 M $NaOH$ solution is",
    "question_images": [],
    "options": [
      "(A) 2",
      "(B) 12",
      "(C) 7",
      "(D) 9"
    ],
    "option_images": [],
    "answer": "(B) 12",
    "solution": "$[OH^-] = 10^{-2} M$. $pOH = -\\log[OH^-] = 2$. [cite_start]$pH = 14 - pOH = 12$. [cite: 596]",
    "solution_images": [],
    "difficulty": "Easy",
    "marks": 4
  },
  {
    "id": 29,
    "chapter": "Ionic Equilibria",
    "question": "A buffer solution contains 0.1 M weak acid and 0.1 M of its salt. If $K_a$ of weak acid is $10^{-5}$, what is the pH of the solution? [MHT-CET 2023]",
    "question_latex": "A buffer solution contains 0.1 M weak acid and 0.1 M of its salt. If $K_a$ of weak acid is $10^{-5}$, what is the pH of the solution? [MHT-CET 2023]",
    "question_images": [],
    "options": [
      "(A) 5",
      "(B) 6",
      "(C) 4",
      "(D) 7"
    ],
    "option_images": [],
    "answer": "(A) 5",
    "solution": "$pH = pK_a + \\log_{10}\\frac{[salt]}{[acid]}$. Given $[salt]=[acid]$, $pH = pK_a = -\\log(10^{-5}) = 5$. [cite: 596]",
    "solution_images": [],
    "difficulty": "Medium",
    "marks": 4
  },
  {
    "id": 30,
    "chapter": "Ionic Equilibria",
    "question": "The solubility of $BaSO_4$ is $3.6 \\times 10^{-5} \\text{ mol dm}^{-3}$ at 298 K. What is its solubility product? [MHT-CET 2022]",
    "question_latex": "The solubility of $BaSO_4$ is $3.6 \\times 10^{-5} \\text{ mol dm}^{-3}$ at 298 K. What is its solubility product? [MHT-CET 2022]",
    "question_images": [],
    "options": [
      "(A) $6.12 \\times 10^{-9}$",
      "(B) $1.3 \\times 10^{-9}$",
      "(C) $2.3 \\times 10^{-9}$",
      "(D) $5.0 \\times 10^{-9}$"
    ],
    "option_images": [],
    "answer": "(B) $1.3 \\times 10^{-9}$",
    "solution": "Given: $S = 3.6 \\times 10^{-5} \\text{ mol dm}^{-3}$. $BaSO_4 \\rightleftharpoons Ba^{2+} + SO_4^{2-}$; $x=1, y=1$. $K_{sp} = (x)^x(y)^y(S)^{x+y} = S^2 = (3.6 \\times 10^{-5})^2 = 12.96 \\times 10^{-10} \\approx 1.3 \\times 10^{-9}$. [cite: 614]",
    "solution_images": [],
    "difficulty": "Medium",
    "marks": 4
  },
  {
    "id": 31,
    "chapter": "Ionic Equilibria",
    "question": "The pH of a solution of $H_2O_2$ is 6.0. Some chloride gas is bubbled into this solution. Which of the following is correct?",
    "question_latex": "The pH of a solution of $H_2O_2$ is 6.0. Some chloride gas is bubbled into this solution. Which of the following is correct?",
    "question_images": [],
    "options": [
      "(A) The pH of resultant solution becomes 8.0",
      "(B) Hydrogen gas is liberated from resultant solution",
      "(C) The pH of resultant solution becomes less than 6.0 and oxygen gas is liberated",
      "(D) $Cl_2O$ is formed in the resultant solution"
    ],
    "option_images": [],
    "answer": "(C) The pH of resultant solution becomes less than 6.0 and oxygen gas is liberated",
    "solution": "$H_2O_2 + Cl_2 \\rightarrow 2HCl + O_2$. [cite_start]$HCl$ is formed by the reduction of chlorine by $H_2O_2$, hence pH further decreases. [cite: 616]",
    "solution_images": [],
    "difficulty": "Medium",
    "marks": 4
  },
  {
    "id": 32,
    "chapter": "Ionic Equilibria",
    "question": "The solubility product of sparingly soluble electrolyte AB is $1.6 \\times 10^{-5}$. What is its solubility in $mol dm^{-3}$? [MHT-CET 2023]",
    "question_latex": "The solubility product of sparingly soluble electrolyte AB is $1.6 \\times 10^{-5}$. What is its solubility in $mol dm^{-3}$? [MHT-CET 2023]",
    "question_images": [],
    "options": [
      "(A) $2.5 \\times 10^{-3}$",
      "(B) $1.6 \\times 10^{-3}$",
      "(C) $8.0 \\times 10^{-3}$",
      "(D) $4.0 \\times 10^{-3}$"
    ],
    "option_images": [],
    "answer": "(D) $4.0 \\times 10^{-3}$",
    "solution": "Given: $K_{sp} = 1.6 \\times 10^{-5}$. $S = \\sqrt{K_{sp}} = \\sqrt{1.6 \\times 10^{-5}} = \\sqrt{16 \\times 10^{-6}} = 4.0 \\times 10^{-3} \\text{ mol dm}^{-3}$. [cite: 618]",
    "solution_images": [],
    "difficulty": "Medium",
    "marks": 4
  },
  {
    "id": 33,
    "chapter": "Ionic Equilibria",
    "question": "Identify the Lewis acid from the following species. [2025]",
    "question_latex": "Identify the Lewis acid from the following species. [2025]",
    "question_images": [],
    "options": [
      "(A) $NH_3$",
      "(B) $H_2O$",
      "(C) $BF_3$",
      "(D) $Cl^-$"
    ],
    "option_images": [],
    "answer": "(C) $BF_3$",
    "solution": "Lewis acid is an electron-pair acceptor. [cite_start]$BF_3$ has an incomplete octet and can accept an electron pair. [cite: 618]",
    "solution_images": [],
    "difficulty": "Easy",
    "marks": 4
  },
  {
    "id": 34,
    "chapter": "Ionic Equilibria",
    "question": "What is the concentration of $[H^+]$ ions in a 0.01 M solution of a weak acid which is 1% ionised? [MHT-CET 2024]",
    "question_latex": "What is the concentration of $[H^+]$ ions in a 0.01 M solution of a weak acid which is 1% ionised? [MHT-CET 2024]",
    "question_images": [],
    "options": [
      "(A) $10^{-4} M$",
      "(B) $10^{-2} M$",
      "(C) $10^{-3} M$",
      "(D) $10^{-5} M$"
    ],
    "option_images": [],
    "answer": "(A) $10^{-4} M$",
    "solution": "Given: $c = 0.01 M$, $\\alpha = 1\\% = 0.01$. [cite_start]$[H^+] = \\alpha c = 0.01 \\times 0.01 = 10^{-4} M$. [cite: 618]",
    "solution_images": [],
    "difficulty": "Medium",
    "marks": 4
  },
  {
    "id": 35,
    "chapter": "Ionic Equilibria",
    "question": "Which of the following is an example of a acidic buffer? [MHT-CET 2022]",
    "question_latex": "Which of the following is an example of a acidic buffer? [MHT-CET 2022]",
    "question_images": [],
    "options": [
      "(A) $CH_3COOH + CH_3COONa$",
      "(B) $NH_4OH + NH_4Cl$",
      "(C) $HCl + NaCl$",
      "(D) $NaOH + CH_3COONa$"
    ],
    "option_images": [],
    "answer": "(A) $CH_3COOH + CH_3COONa$",
    "solution": "An acidic buffer consists of a weak acid and its salt with a strong base. [cite: 618]",
    "solution_images": [],
    "difficulty": "Easy",
    "marks": 4
  },
  {
    "id": 36,
    "chapter": "Ionic Equilibria",
    "question": "Which of the following is not an example of physical equilibrium?",
    "question_latex": "Which of the following is not an example of physical equilibrium?",
    "question_images": [],
    "options": [
      "(A) Ice $\\rightleftharpoons$ Water",
      "(B) $I_2(s) \\rightleftharpoons I_2(g)$",
      "(C) $S(l) \\rightleftharpoons S(g)$",
      "(D) $3O_2 \\rightleftharpoons 2O_3$"
    ],
    "option_images": [],
    "answer": "(D) $3O_2 \\rightleftharpoons 2O_3$",
    "solution": "$3O_2(g) \\rightleftharpoons 2O_3(g)$. [cite_start]$O_2$ and $O_3$ are allotropes with different compositions, so this is chemical equilibrium. [cite: 630]",
    "solution_images": [],
    "difficulty": "Medium",
    "marks": 4
  },
  {
    "id": 37,
    "chapter": "Ionic Equilibria",
    "question": "If in the reaction $N_2O_4 \\rightleftharpoons 2NO_2$, x is that part of $N_2O_4$ which dissociates, then the total number of molecules at equilibrium will be",
    "question_latex": "If in the reaction $N_2O_4 \\rightleftharpoons 2NO_2$, x is that part of $N_2O_4$ which dissociates, then the total number of molecules at equilibrium will be",
    "question_images": [],
    "options": [
      "(A) 1",
      "(B) 3",
      "(C) $1+x$",
      "(D) $(1+x)^2$"
    ],
    "option_images": [],
    "answer": "(C) $1+x$",
    "solution": "$N_2O_4 \\rightleftharpoons 2NO_2$. Initial: 1, 0. Equilibrium: $1-x, 2x$. Total = $1-x+2x = 1+x$. [cite: 631]",
    "solution_images": [],
    "difficulty": "Medium",
    "marks": 4
  },
  {
    "id": 38,
    "chapter": "Ionic Equilibria",
    "question": "If the pH is 6.4, what is the value of $[H^+]$ [antilog $0.60=3.981$]? [MHT-CET 2022]",
    "question_latex": "If the pH is 6.4, what is the value of $[H^+]$ [antilog $0.60=3.981$]? [MHT-CET 2022]",
    "question_images": [],
    "options": [
      "(A) $2.51 \\times 10^{-6} M$",
      "(B) $4.6 \\times 10^{-7} M$",
      "(C) $3.98 \\times 10^{-7} M$",
      "(D) $6.4 \\times 10^{-7} M$"
    ],
    "option_images": [],
    "answer": "(C) $3.98 \\times 10^{-7} M$",
    "solution": "$[H^+] = Antilog(-pH) = Antilog(-6.4) = Antilog(\\overline{7}.6) = 3.981 \\times 10^{-7} M$. [cite: 632]",
    "solution_images": [],
    "difficulty": "Hard",
    "marks": 4
  },
  {
    "id": 39,
    "chapter": "Ionic Equilibria",
    "question": "The exothermic formation of $ClF_3$ is represented by the equation $\\Delta H = -329 kJ$. Which of the following will increase the quantity of $ClF_3$ in an equilibrium mixture of $Cl_2, F_2$ and $ClF_3$?",
    "question_latex": "The exothermic formation of $ClF_3$ is represented by the equation $\\Delta H = -329 kJ$. Which of the following will increase the quantity of $ClF_3$ in an equilibrium mixture of $Cl_2, F_2$ and $ClF_3$?",
    "question_images": [],
    "options": [
      "(A) Increasing temperature",
      "(B) Removing $Cl_2$",
      "(C) Increasing pressure",
      "(D) Adding catalyst"
    ],
    "option_images": [],
    "answer": "(C) Increasing pressure",
    "solution": "The formation of $ClF_3$ involves a decrease in the number of gaseous moles ($Cl_2 + 3F_2 \\rightleftharpoons 2ClF_3$, 4 moles to 2 moles). [cite_start]Increasing pressure favors the side with fewer moles. [cite: 632]",
    "solution_images": [],
    "difficulty": "Medium",
    "marks": 4
  },
  {
    "id": 40,
    "chapter": "Ionic Equilibria",
    "question": "Identify the conjugate acid-base pair in the following reaction: $H_2O + NH_3 \\rightleftharpoons NH_4^+ + OH^-$ [MHT-CET 2023]",
    "question_latex": "Identify the conjugate acid-base pair in the following reaction: $H_2O + NH_3 \\rightleftharpoons NH_4^+ + OH^-$ [MHT-CET 2023]",
    "question_images": [],
    "options": [
      "(A) $H_2O$ and $NH_3$",
      "(B) $NH_3$ and $NH_4^+$",
      "(C) $NH_3$ and $OH^-$",
      "(D) $H_2O$ and $NH_4^+$"
    ],
    "option_images": [],
    "answer": "(B) $NH_3$ and $NH_4^+$",
    "solution": "A conjugate acid-base pair differs by a single proton ($H^+$). [cite_start]$NH_3$ (base) and $NH_4^+$ (acid) form such a pair. [cite: 648]",
    "solution_images": [],
    "difficulty": "Easy",
    "marks": 4
  },
  {
    "id": 41,
    "chapter": "Ionic Equilibria",
    "question": "What is the relation between $K_{sp}$ and solubility (S) for $Ag_2CrO_4$? [2025]",
    "question_latex": "What is the relation between $K_{sp}$ and solubility (S) for $Ag_2CrO_4$? [2025]",
    "question_images": [],
    "options": [
      "(A) $K_{sp} = S^2$",
      "(B) $K_{sp} = 4S^3$",
      "(C) $K_{sp} = 27S^4$",
      "(D) $K_{sp} = 108S^5$"
    ],
    "option_images": [],
    "answer": "(B) $K_{sp} = 4S^3$",
    "solution": "$Ag_2CrO_4 \\rightleftharpoons 2Ag^+ + CrO_4^{2-}$; $x=2, y=1$. [cite_start]$K_{sp} = (2)^2(1)^1(S)^{2+1} = 4S^3$. [cite: 648]",
    "solution_images": [],
    "difficulty": "Medium",
    "marks": 4
  },
  {
    "id": 42,
    "chapter": "Ionic Equilibria",
    "question": "Which of the following salts will not undergo hydrolysis? [MHT-CET 2024]",
    "question_latex": "Which of the following salts will not undergo hydrolysis? [MHT-CET 2024]",
    "question_images": [],
    "options": [
      "(A) $NaCl$",
      "(B) $NH_4Cl$",
      "(C) $CH_3COONa$",
      "(D) $NH_4CN$"
    ],
    "option_images": [],
    "answer": "(A) $NaCl$",
    "solution": "Salts of strong acids and strong bases (like $NaCl$) do not undergo hydrolysis. [cite: 648]",
    "solution_images": [],
    "difficulty": "Easy",
    "marks": 4
  },
  {
    "id": 43,
    "chapter": "Ionic Equilibria",
    "question": "The degree of dissociation of a 0.1 M weak acid is $10^{-2}$. What is the value of its $K_a$? [MHT-CET 2022]",
    "question_latex": "The degree of dissociation of a 0.1 M weak acid is $10^{-2}$. What is the value of its $K_a$? [MHT-CET 2022]",
    "question_images": [],
    "options": [
      "(A) $10^{-5}$",
      "(B) $10^{-4}$",
      "(C) $10^{-3}$",
      "(D) $10^{-6}$"
    ],
    "option_images": [],
    "answer": "(A) $10^{-5}$",
    "solution": "$K_a = \\alpha^2 c = (10^{-2})^2 \\times 0.1 = 10^{-4} \\times 10^{-1} = 10^{-5}$. [cite: 648]",
    "solution_images": [],
    "difficulty": "Medium",
    "marks": 4
  },
  {
    "id": 44,
    "chapter": "Ionic Equilibria",
    "question": "A substance containing hydrogen and releasing $H^+$ in aqueous medium is acid. Identify theory suggesting this concept, from following. [MHT-CET 2021]",
    "question_latex": "A substance containing hydrogen and releasing $H^+$ in aqueous medium is acid. Identify theory suggesting this concept, from following. [MHT-CET 2021]",
    "question_images": [],
    "options": [
      "(A) Arrhenius theory",
      "(B) Lewis theory",
      "(C) Ostwald theory",
      "(D) Bronsted-Lowry theory"
    ],
    "option_images": [],
    "answer": "(A) Arrhenius theory",
    "solution": "According to Arrhenius theory, an acid is a substance that contains hydrogen and gives $H^+$ ions in aqueous solution. [cite: 649]",
    "solution_images": [],
    "difficulty": "Easy",
    "marks": 4
  },
  {
    "id": 45,
    "chapter": "Ionic Equilibria",
    "question": "For the reaction $2NO_2(g) \\rightleftharpoons 2NO(g) + O_2(g)$, when $K_p$ and $K_c$ are compared at $184^{\\circ}C$, it is found that:",
    "question_latex": "For the reaction $2NO_2(g) \\rightleftharpoons 2NO(g) + O_2(g)$, when $K_p$ and $K_c$ are compared at $184^{\\circ}C$, it is found that:",
    "question_images": [],
    "options": [
      "(A) Whether $K_p$ is greater or less than $K_c$ depends on pressure",
      "(B) $K_p$ is less than $K_c$",
      "(C) $K_p$ is equal to $K_c$",
      "(D) $K_p$ is greater than $K_c$"
    ],
    "option_images": [],
    "answer": "(D) $K_p$ is greater than $K_c$",
    "solution": "$\\Delta n_g = (2+1) - 2 = 1$. Since $\\Delta n_g > 0$, $K_p = K_c(RT)^{\\Delta n_g} \\implies K_p > K_c$ as long as $RT > 1$. [cite: 649]",
    "solution_images": [],
    "difficulty": "Medium",
    "marks": 4
  },
  {
    "id": 46,
    "chapter": "Ionic Equilibria",
    "question": "Which of the following salt solutions is basic in nature? [2025]",
    "question_latex": "Which of the following salt solutions is basic in nature? [2025]",
    "question_images": [],
    "options": [
      "(A) $NH_4Cl$",
      "(B) $NaCl$",
      "(C) $CH_3COONa$",
      "(D) $AlCl_3$"
    ],
    "option_images": [],
    "answer": "(C) $CH_3COONa$",
    "solution": "$CH_3COONa$ is a salt of a weak acid and a strong base, making the solution basic due to anion hydrolysis. [cite: 649]",
    "solution_images": [],
    "difficulty": "Easy",
    "marks": 4
  },
  {
    "id": 47,
    "chapter": "Ionic Equilibria",
    "question": "The ionic product of water ($K_w$) at $25^{\\circ}C$ is",
    "question_latex": "The ionic product of water ($K_w$) at $25^{\\circ}C$ is",
    "question_images": [],
    "options": [
      "(A) $10^{-7}$",
      "(B) $10^{-14}$",
      "(C) $10^{-12}$",
      "(D) $10^{14}$"
    ],
    "option_images": [],
    "answer": "(B) $10^{-14}$",
    "solution": "At $25^{\\circ}C$ (298 K), $K_w = [H^+][OH^-] = 1.0 \\times 10^{-14}$. [cite: 719]",
    "solution_images": [],
    "difficulty": "Easy",
    "marks": 4
  },
  {
    "id": 48,
    "chapter": "Ionic Equilibria",
    "question": "What is the $pOH$ of a $10^{-3} M$ $HCl$ solution? [MHT-CET 2024]",
    "question_latex": "What is the $pOH$ of a $10^{-3} M$ $HCl$ solution? [MHT-CET 2024]",
    "question_images": [],
    "options": [
      "(A) 3",
      "(B) 11",
      "(C) 7",
      "(D) 1"
    ],
    "option_images": [],
    "answer": "(B) 11",
    "solution": "$[H^+] = 10^{-3} M \\implies pH = 3$. [cite_start]$pOH = 14 - pH = 11$. [cite: 661]",
    "solution_images": [],
    "difficulty": "Medium",
    "marks": 4
  },
  {
    "id": 49,
    "chapter": "Ionic Equilibria",
    "question": "Which of the following acts as a Lewis base? [MHT-CET 2023]",
    "question_latex": "Which of the following acts as a Lewis base? [MHT-CET 2023]",
    "question_images": [],
    "options": [
      "(A) $NH_3$",
      "(B) $BF_3$",
      "(C) $AlCl_3$",
      "(D) $FeCl_3$"
    ],
    "option_images": [],
    "answer": "(A) $NH_3$",
    "solution": "A Lewis base is an electron-pair donor. [cite_start]$NH_3$ has a lone pair of electrons on nitrogen to donate. [cite: 661]",
    "solution_images": [],
    "difficulty": "Easy",
    "marks": 4
  },
  {
    "id": 50,
    "chapter": "Ionic Equilibria",
    "question": "Which among the following is not an amphoteric substance? [MHT-CET 2022]",
    "question_latex": "Which among the following is not an amphoteric substance? [MHT-CET 2022]",
    "question_images": [],
    "options": [
      "(A) $HNO_3$",
      "(B) $HCO_3^-$",
      "(C) $H_2O$",
      "(D) $NH_3$"
    ],
    "option_images": [],
    "answer": "(A) $HNO_3$",
    "solution": "$HNO_3$ is a strong acid and generally does not act as a base, whereas others can both accept and donate protons. [cite: 661]",
    "solution_images": [],
    "difficulty": "Medium",
    "marks": 4
  },
  
  {
    "id": 52,
    "chapter": "Ionic Equilibria",
    "question": "Calculate the pOH of buffer solution formed from 0.3 M weak base and 0.45 M of its salt with strong acid.",
    "question_latex": "",
    "question_images": [],
    "options": ["A. 6.45", "B. 5.74", "C. 4.92", "D. 4.07"],
    "option_images": [],
    "answer": "B. 5.74",
    "solution": "$pOH = pK_b + \\log\\frac{[salt]}{[base]} = 4.7447 + \\log\\frac{0.45}{0.3} = 5.74$",
    "solution_images": [],
    "difficulty": "Moderate",
    "marks": 4
  },
  {
    "id": 53,
    "chapter": "Ionic Equilibria",
    "question": "If Ksp is solubility product of Al(OH)3, its solubility is expressed by formula",
    "question_latex": "",
    "question_images": [],
    "options": ["A. (Ksp)^(1/3)", "B. (Ksp/27)^(1/4)", "C. (Ksp/27)^(1/3)", "D. (Ksp/9)^(1/3)"],
    "option_images": [],
    "answer": "C. (Ksp/27)^(1/3)",
    "solution": "For Al(OH)3: $K_{sp}= [Al^{3+}][OH^-]^3 = s(3s)^3 = 27s^4 \\Rightarrow s=(K_{sp}/27)^{1/3}$",
    "solution_images": [],
    "difficulty": "Moderate",
    "marks": 4
  },
  {
    "id": 54,
    "chapter": "Ionic Equilibria",
    "question": "What is the pH of buffer solution containing 4×10−3 mol dm−3 of acetic acid and 0.4 mol dm−3 of sodium acetate?",
    "question_latex": "",
    "question_images": [],
    "options": ["A. 6.76", "B. 4.80", "C. 2.00", "D. 2.50"],
    "option_images": [],
    "answer": "A. 6.76",
    "solution": "$pH=pK_a+\\log\\frac{[salt]}{[acid]}=4.76+\\log\\frac{0.4}{4\\times10^{-3}}=6.76$",
    "solution_images": [],
    "difficulty": "Moderate",
    "marks": 4
  },
  {
    "id": 55,
    "chapter": "Ionic Equilibria",
    "question": "The ionic conductances of following cations in a given concentration are in the order",
    "question_latex": "",
    "question_images": [],
    "options": ["A. Li+ < Na+ < K+ < Rb+", "B. Li+ > Na+ > K+ > Rb+", "C. Cs+ < Rb+ < K+ < Na+ < Li+", "D. Li+ < Na+ < K+ < Cs+"],
    "option_images": [],
    "answer": "D. Li+ < Na+ < K+ < Cs+",
    "solution": "Ionic conductance increases with decrease in hydration and increase in ionic size.",
    "solution_images": [],
    "difficulty": "Easy",
    "marks": 4
  },
  {
    "id": 56,
    "chapter": "Ionic Equilibria",
    "question": "Which among the following salts turns red litmus blue in its aqueous solution?",
    "question_latex": "",
    "question_images": [],
    "options": ["A. Sodium acetate", "B. Ammonium chloride", "C. Sodium nitrate", "D. Copper sulphate"],
    "option_images": [],
    "answer": "A. Sodium acetate",
    "solution": "Salt of weak acid and strong base gives basic solution.",
    "solution_images": [],
    "difficulty": "Easy",
    "marks": 4
  },
  {
    "id": 57,
    "chapter": "Ionic Equilibria",
    "question": "The pH of solution of sodium acetate containing 2.5×10−3 M is",
    "question_latex": "",
    "question_images": [],
    "options": ["A. 2.523", "B. 3.00", "C. 2.471", "D. None"],
    "option_images": [],
    "answer": "A. 2.523",
    "solution": "$pH=\\frac{1}{2}(pK_w+pK_a+\\log C)$",
    "solution_images": [],
    "difficulty": "Moderate",
    "marks": 4
  },
  {
    "id": 58,
    "chapter": "Ionic Equilibria",
    "question": "Which molecule is an electron donor?",
    "question_latex": "",
    "question_images": [],
    "options": ["A. NH3", "B. BF3", "C. PF5", "D. AsF5"],
    "option_images": [],
    "answer": "A. NH3",
    "solution": "NH3 has a lone pair and acts as Lewis base (electron donor).",
    "solution_images": [],
    "difficulty": "Easy",
    "marks": 4
  },
  {
    "id": 59,
    "chapter": "Ionic Equilibria",
    "question": "What is the value of dissociation constant of formic acid if 0.2 M solution is 3.2% ionised?",
    "question_latex": "",
    "question_images": [],
    "options": ["A. 9.6×10−5", "B. 4.8×10−5", "C. 2.05×10−4", "D. 1.25×10−6"],
    "option_images": [],
    "answer": "C. 2.05×10−4",
    "solution": "$K_a=\\alpha^2 C=(0.032)^2\\times0.2=2.05\\times10^{-4}$",
    "solution_images": [],
    "difficulty": "Moderate",
    "marks": 4
  },
  {
    "id": 60,
    "chapter": "Ionic Equilibria",
    "question": "The conjugate base of H2SO4 is",
    "question_latex": "",
    "question_images": [],
    "options": ["A. SO42−", "B. HSO4−", "C. HSO3−", "D. H2SO4"],
    "option_images": [],
    "answer": "B. HSO4−",
    "solution": "Conjugate base is formed by loss of one proton.",
    "solution_images": [],
    "difficulty": "Easy",
    "marks": 4
  },
  {
    "id": 61,
    "chapter": "Ionic Equilibria",
    "question": "Calculate the pH of centimolar solution of monoacidic weak base which is 10% dissociated.",
    "question_latex": "",
    "question_images": [],
    "options": ["A. 9", "B. 10", "C. 11", "D. 12"],
    "option_images": [],
    "answer": "C. 11",
    "solution": "$[OH^-]=0.1\\times0.01=10^{-3}\\Rightarrow pOH=3 \\Rightarrow pH=11$",
    "solution_images": [],
    "difficulty": "Easy",
    "marks": 4
  },
  {
    "id": 62,
    "chapter": "Ionic Equilibria",
    "question": "Which among the following salts turns blue litmus red in its aqueous solution?",
    "question_latex": "",
    "question_images": [],
    "options": ["A. CH3COONa", "B. NH4Cl", "C. CH3COONH4", "D. NaF"],
    "option_images": [],
    "answer": "B. NH4Cl",
    "solution": "Salt of strong acid and weak base gives acidic solution.",
    "solution_images": [],
    "difficulty": "Easy",
    "marks": 4
  },
  {
    "id": 63,
    "chapter": "Ionic Equilibria",
    "question": "Calculate pOH of buffer obtained from 0.02 M weak base and 0.2 M its salt with strong acid.",
    "question_latex": "",
    "question_images": [],
    "options": ["A. 4.8", "B. 5.4", "C. 6.4", "D. 5.8"],
    "option_images": [],
    "answer": "B. 5.4",
    "solution": "$pOH=pK_b+\\log\\frac{[salt]}{[base]}=4.4+\\log10=5.4$",
    "solution_images": [],
    "difficulty": "Moderate",
    "marks": 4
  },
  {
    "id": 64,
    "chapter": "Ionic Equilibria",
    "question": "For a concentrated solution of weak electrolyte AB, degree of dissociation α is given as",
    "question_latex": "",
    "question_images": [],
    "options": ["A. Ksp/C", "B. √(Ksp/C)", "C. (Ksp/C)^(1/2)", "D. (Ksp/C)^(1/3)"],
    "option_images": [],
    "answer": "C. (Ksp/C)^(1/2)",
    "solution": "For weak electrolyte: $K=\\alpha^2C \\Rightarrow \\alpha=\\sqrt{K/C}$",
    "solution_images": [],
    "difficulty": "Moderate",
    "marks": 4
  },
  {
    "id": 65,
    "chapter": "Ionic Equilibria",
    "question": "The strongest Bronsted base is",
    "question_latex": "",
    "question_images": [],
    "options": ["A. ClO3−", "B. ClO4−", "C. ClO2−", "D. ClO−"],
    "option_images": [],
    "answer": "D. ClO−",
    "solution": "Strongest base has weakest conjugate acid.",
    "solution_images": [],
    "difficulty": "Easy",
    "marks": 4
  },
  {
    "id": 66,
    "chapter": "Ionic Equilibria",
    "question": "pH of 1 M NH3 aqueous solution is (Kb = 1.8×10−5)",
    "question_latex": "",
    "question_images": [],
    "options": ["A. 11.13", "B. 12.5", "C. 13.42", "D. 11.55"],
    "option_images": [],
    "answer": "A. 11.13",
    "solution": "$[OH^-]=\\sqrt{K_bC}=1.35\\times10^{-3}\\Rightarrow pH=11.13$",
    "solution_images": [],
    "difficulty": "Moderate",
    "marks": 4
  },
  {
    "id": 67,
    "chapter": "Ionic Equilibria",
    "question": "If [OH−] = 1×10−12 mol dm−3, what is [H+]?",
    "question_latex": "",
    "question_images": [],
    "options": ["A. 0.01", "B. 1", "C. 10", "D. 100"],
    "option_images": [],
    "answer": "A. 0.01",
    "solution": "$[H^+][OH^-]=10^{-14}\\Rightarrow[H^+]=10^{-2}$",
    "solution_images": [],
    "difficulty": "Easy",
    "marks": 4
  },
  {
    "id": 68,
    "chapter": "Ionic Equilibria",
    "question": "If pressure increases its effect on equilibrium 2NO(g) ⇌ N2(g)+O2(g) is",
    "question_latex": "",
    "question_images": [],
    "options": ["A. Forward", "B. Backward", "C. No effect", "D. None"],
    "option_images": [],
    "answer": "C. No effect",
    "solution": "Equal moles on both sides → pressure has no effect.",
    "solution_images": [],
    "difficulty": "Easy",
    "marks": 4
  },
  {
    "id": 69,
    "chapter": "Ionic Equilibria",
    "question": "Which among the following salt solution in water is acidic?",
    "question_latex": "",
    "question_images": [],
    "options": ["A. CuCl2", "B. CH3COONa", "C. KCN", "D. NH4CN"],
    "option_images": [],
    "answer": "A. CuCl2",
    "solution": "Salt of strong acid and weak base gives acidic solution.",
    "solution_images": [],
    "difficulty": "Easy",
    "marks": 4
  },
  {
    "id": 70,
    "chapter": "Ionic Equilibria",
    "question": "Oxidation number of S in SO4^2− is",
    "question_latex": "",
    "question_images": [],
    "options": ["A. +6", "B. +4", "C. +2", "D. −2"],
    "option_images": [],
    "answer": "A. +6",
    "solution": "$x+4(-2)=-2 \\Rightarrow x=+6$",
    "solution_images": [],
    "difficulty": "Easy",
    "marks": 4
  },
  
  {
    "id": 71,
    "chapter": "Ionic Equilibria",
    "question": "Which among the following salts is formed of strong base and weak acid?",
    "question_latex": "",
    "question_images": [],
    "options": ["A. KCN", "B. CuSO4", "C. NaNO3", "D. NH4Cl"],
    "option_images": [],
    "answer": "A. KCN",
    "solution": "KCN is salt of strong base (KOH) and weak acid (HCN).",
    "solution_images": [],
    "difficulty": "Easy",
    "marks": 4
  },
  {
    "id": 72,
    "chapter": "Ionic Equilibria",
    "question": "Which of the following is NOT a correct mathematical equation for Ostwald dilution law?",
    "question_latex": "",
    "question_images": [],
    "options": ["A. K = α²C/(1−α)", "B. K = α²C", "C. α = √(K/C)", "D. α = √(K/V)"],
    "option_images": [],
    "answer": "D. α = √(K/V)",
    "solution": "Ostwald dilution law relates degree of dissociation with concentration, not volume.",
    "solution_images": [],
    "difficulty": "Moderate",
    "marks": 4
  },
  {
    "id": 73,
    "chapter": "Ionic Equilibria",
    "question": "A weak monobasic acid dissociated to 0.001% in its 0.01 M solution. What is its dissociation constant?",
    "question_latex": "",
    "question_images": [],
    "options": ["A. 1×10−12", "B. 1×10−8", "C. 1×10−9", "D. 1×10−10"],
    "option_images": [],
    "answer": "A. 1×10−12",
    "solution": "$\\alpha=0.001/100=10^{-5}$\n$K_a=\\alpha^2C=(10^{-5})^2\\times0.01=10^{-12}$",
    "solution_images": [],
    "difficulty": "Moderate",
    "marks": 4
  },
  {
    "id": 74,
    "chapter": "Ionic Equilibria",
    "question": "A weak monobasic acid is 10% dissociated in 0.05 M solution. What is its percentage dissociation in 0.10 M solution?",
    "question_latex": "",
    "question_images": [],
    "options": ["A. 5.27%", "B. 4.5%", "C. 10.3%", "D. 7.17%"],
    "option_images": [],
    "answer": "D. 7.17%",
    "solution": "$K_a=\\alpha^2C$\n$\\alpha=\\sqrt{K_a/C}$\n$\\alpha=7.17\\%$",
    "solution_images": [],
    "difficulty": "Moderate",
    "marks": 4
  },
  {
    "id": 75,
    "chapter": "Ionic Equilibria",
    "question": "4 moles each of SO2 and O2 gases are allowed to react to form SO3 in a closed vessel. At equilibrium 25% of O2 is used up. The total number of moles of all gases at equilibrium is",
    "question_latex": "",
    "question_images": [],
    "options": ["A. 6.5", "B. 7.0", "C. 8.0", "D. 2.0"],
    "option_images": [],
    "answer": "A. 6.5",
    "solution": "Initial moles = 8\nConsumed O2 = 1\nSO3 formed = 2\nTotal moles = 6.5",
    "solution_images": [],
    "difficulty": "Moderate",
    "marks": 4
  },
  {
    "id": 76,
    "chapter": "Ionic Equilibria",
    "question": "What is the concentration of H+ ion in 0.001 M acetic acid (α = 0.134)?",
    "question_latex": "",
    "question_images": [],
    "options": ["A. 1.34×10−4", "B. 1.80×10−4", "C. 1.70×10−4", "D. 1.54×10−4"],
    "option_images": [],
    "answer": "A. 1.34×10−4",
    "solution": "$[H^+]=\\alpha C=0.134\\times0.001=1.34\\times10^{-4}$",
    "solution_images": [],
    "difficulty": "Easy",
    "marks": 4
  },
  {
    "id": 77,
    "chapter": "Ionic Equilibria",
    "question": "1 mole of N2O4 at 300 K is kept in a closed container under 1 atm. It is heated to 600 K when 20% dissociates. The resultant pressure is",
    "question_latex": "",
    "question_images": [],
    "options": ["A. 1.2 atm", "B. 2.4 atm", "C. 2.0 atm", "D. 1.0 atm"],
    "option_images": [],
    "answer": "B. 2.4 atm",
    "solution": "Pressure ∝ moles × temperature\n$P=2.4$ atm",
    "solution_images": [],
    "difficulty": "Moderate",
    "marks": 4
  },
  {
    "id": 78,
    "chapter": "Ionic Equilibria",
    "question": "The solubility of BaSO4 at 298 K is 1.03×10−5 mol dm−3. What is its solubility product?",
    "question_latex": "",
    "question_images": [],
    "options": ["A. 1.06×10−10", "B. 2.1×10−10", "C. 1.56×10−10", "D. 2.5×10−9"],
    "option_images": [],
    "answer": "A. 1.06×10−10",
    "solution": "$K_{sp}=s^2=(1.03\\times10^{-5})^2=1.06\\times10^{-10}$",
    "solution_images": [],
    "difficulty": "Easy",
    "marks": 4
  },
  {
    "id": 79,
    "chapter": "Ionic Equilibria",
    "question": "The dissociation constant of weak monobasic base is 1.8×10−5. Calculate the degree of dissociation in 0.02 M solution.",
    "question_latex": "",
    "question_images": [],
    "options": ["A. 0.02", "B. 0.01", "C. 0.03", "D. 0.04"],
    "option_images": [],
    "answer": "C. 0.03",
    "solution": "$\\alpha=\\sqrt{K_b/C}=\\sqrt{1.8\\times10^{-5}/0.02}=0.03$",
    "solution_images": [],
    "difficulty": "Moderate",
    "marks": 4
  },
  {
    "id": 80,
    "chapter": "Ionic Equilibria",
    "question": "Calculate the solubility in mol dm−3 of sparingly soluble salt BA if its solubility product is 4.9×10−13.",
    "question_latex": "",
    "question_images": [],
    "options": ["A. 7×10−7", "B. 7×10−8", "C. 7×10−6", "D. 7×10−5"],
    "option_images": [],
    "answer": "A. 7×10−7",
    "solution": "$K_{sp}=s^2 \\Rightarrow s=\\sqrt{4.9\\times10^{-13}}=7\\times10^{-7}$",
    "solution_images": [],
    "difficulty": "Easy",
    "marks": 4
  },
  {
    "id": 81,
    "chapter": "Ionic Equilibria",
    "question": "According to Bronsted–Lowry theory, the acids in the following reaction are",
    "question_latex": "",
    "question_images": [],
    "options": ["A. HCO3− and H2O", "B. H2CO3 and HCO3−", "C. H2CO3 and H2O", "D. CO32− and H2O"],
    "option_images": [],
    "answer": "B. H2CO3 and HCO3−",
    "solution": "Acids donate proton according to Bronsted–Lowry theory.",
    "solution_images": [],
    "difficulty": "Easy",
    "marks": 4
  },
  {
    "id": 82,
    "chapter": "Ionic Equilibria",
    "question": "Calculate pOH of 0.002 M monobasic base having 2% dissociation.",
    "question_latex": "",
    "question_images": [],
    "options": ["A. 5.06", "B. 4.4", "C. 5.6", "D. 5.0"],
    "option_images": [],
    "answer": "B. 4.4",
    "solution": "$[OH^-]=0.02\\times0.002=4\\times10^{-5}$\n$pOH=4.4$",
    "solution_images": [],
    "difficulty": "Easy",
    "marks": 4
  },
  {
    "id": 83,
    "chapter": "Ionic Equilibria",
    "question": "Which of the following is a Lewis acid?",
    "question_latex": "",
    "question_images": [],
    "options": ["A. AlCl3", "B. Cl−", "C. CO", "D. C2H4"],
    "option_images": [],
    "answer": "A. AlCl3",
    "solution": "Lewis acid accepts electron pair.",
    "solution_images": [],
    "difficulty": "Easy",
    "marks": 4
  },
  {
    "id": 84,
    "chapter": "Ionic Equilibria",
    "question": "What kind of a molecule is AlCl3?",
    "question_latex": "",
    "question_images": [],
    "options": ["A. Bronsted acid", "B. Lewis acid", "C. Lewis base", "D. Bronsted base"],
    "option_images": [],
    "answer": "B. Lewis acid",
    "solution": "AlCl3 is electron deficient and accepts electron pair.",
    "solution_images": [],
    "difficulty": "Easy",
    "marks": 4
  },
  {
    "id": 85,
    "chapter": "Ionic Equilibria",
    "question": "Which of the following substances is NOT defined as acid and base respectively according to Arrhenius theory?",
    "question_latex": "",
    "question_images": [],
    "options": ["A. HCl and NaOH", "B. AlCl3 and NH3", "C. HNO3 and NH4OH", "D. H2SO4 and Cu(OH)2"],
    "option_images": [],
    "answer": "B. AlCl3 and NH3",
    "solution": "They are Lewis acid and base, not Arrhenius.",
    "solution_images": [],
    "difficulty": "Easy",
    "marks": 4
  },
  {
    "id": 86,
    "chapter": "Ionic Equilibria",
    "question": "What is percent dissociation of acetic acid in its 0.01 M solution if dissociation constant is 1.34×10−2?",
    "question_latex": "",
    "question_images": [],
    "options": ["A. 2.68%", "B. 13.4%", "C. 4.02%", "D. 1.34%"],
    "option_images": [],
    "answer": "B. 13.4%",
    "solution": "$\\alpha=\\sqrt{K_a/C}=0.134=13.4\\%$",
    "solution_images": [],
    "difficulty": "Moderate",
    "marks": 4
  },
  {
    "id": 87,
    "chapter": "Ionic Equilibria",
    "question": "Which from the following compound in aqueous medium having minimum pH?",
    "question_latex": "",
    "question_images": [],
    "options": ["A. NaOH", "B. NaCl", "C. NH4Cl", "D. Na2CO3"],
    "option_images": [],
    "answer": "C. NH4Cl",
    "solution": "NH4Cl forms acidic solution.",
    "solution_images": [],
    "difficulty": "Easy",
    "marks": 4
  },
  {
    "id": 88,
    "chapter": "Ionic Equilibria",
    "question": "The solubility of sparingly soluble salt AB is 1.5×10−5 mol dm−3. What is its solubility product?",
    "question_latex": "",
    "question_images": [],
    "options": ["A. 2.25×10−10", "B. 2.25×10−8", "C. 1.35×10−8", "D. 1.5×10−7"],
    "option_images": [],
    "answer": "A. 2.25×10−10",
    "solution": "$K_{sp}=s^2=(1.5\\times10^{-5})^2$",
    "solution_images": [],
    "difficulty": "Easy",
    "marks": 4
  },
  {
    "id": 89,
    "chapter": "Ionic Equilibria",
    "question": "Identify conjugate acid and conjugate base for NH3 respectively",
    "question_latex": "",
    "question_images": [],
    "options": ["A. NH4+ , NH2−", "B. NH4+ , NH3", "C. NH3 , NH4+", "D. NH2− , NH4+"],
    "option_images": [],
    "answer": "A. NH4+ , NH2−",
    "solution": "Conjugate acid gains H+, conjugate base loses H+.",
    "solution_images": [],
    "difficulty": "Easy",
    "marks": 4
  },
  {
    "id": 90,
    "chapter": "Ionic Equilibria",
    "question": "The hardness of water sample containing 0.002 mole of magnesium sulphate dissolved in a litre of water expressed as ppm",
    "question_latex": "",
    "question_images": [],
    "options": ["A. 20 ppm", "B. 200 ppm", "C. 2000 ppm", "D. 120 ppm"],
    "option_images": [],
    "answer": "B. 200 ppm",
    "solution": "0.002 mol MgSO4 = 0.24 g ≡ 200 ppm hardness.",
    "solution_images": [],
    "difficulty": "Moderate",
    "marks": 4
  },
  {
    "id": 91,
    "chapter": "Ionic Equilibria",
    "question": "According to Ostwald’s dilution law, the degree of dissociation of weak acid is given by",
    "question_latex": "",
    "question_images": [],
    "options": ["A. α = √(K/C)", "B. α = √(C/K)", "C. α = K/C", "D. α = C/K"],
    "option_images": [],
    "answer": "A. α = √(K/C)",
    "solution": "For weak acid, $K_a = \\alpha^2 C \\Rightarrow \\alpha = \\sqrt{K_a/C}$",
    "solution_images": [],
    "difficulty": "Easy",
    "marks": 4
  },
  {
    "id": 92,
    "chapter": "Ionic Equilibria",
    "question": "pH of a buffer solution of salt to acid concentration is increased by 100 times, then find the increase in pH of solution.",
    "question_latex": "",
    "question_images": [],
    "options": ["A. 1", "B. 2", "C. 3", "D. 0"],
    "option_images": [],
    "answer": "B. 2",
    "solution": "$pH=pK_a+\\log\\frac{[salt]}{[acid]}$\nIf ratio increases by $100$, $\\Delta pH=\\log100=2$",
    "solution_images": [],
    "difficulty": "Easy",
    "marks": 4
  },
  {
    "id": 93,
    "chapter": "Ionic Equilibria",
    "question": "The concentration of hydrogen ions in a sample of soft drink is 3.5×10−3 M. What is its pH value?",
    "question_latex": "",
    "question_images": [],
    "options": ["A. 4.24", "B. 2.46", "C. 3.54", "D. 3.24"],
    "option_images": [],
    "answer": "B. 2.46",
    "solution": "$pH=-\\log(3.5\\times10^{-3})=2.46$",
    "solution_images": [],
    "difficulty": "Easy",
    "marks": 4
  },
  {
    "id": 94,
    "chapter": "Ionic Equilibria",
    "question": "Which one of the following reaction does not form gaseous product?",
    "question_latex": "",
    "question_images": [],
    "options": [
      "A. PbO2 + 2HCl → PbCl2 + H2O + Cl2",
      "B. Acidified KMnO4 + H2O2 → O2",
      "C. PbS + H2O2 → PbSO4",
      "D. Cl2 + H2O2 → HCl + O2"
    ],
    "option_images": [],
    "answer": "C. PbS + H2O2 → PbSO4",
    "solution": "Reaction forms solid PbSO4, no gaseous product.",
    "solution_images": [],
    "difficulty": "Moderate",
    "marks": 4
  },
  {
    "id": 95,
    "chapter": "Ionic Equilibria",
    "question": "Solution of weak acid has pOH = 11. What is the value of dissociation constant of weak acid? (Concentration = 0.01 M)",
    "question_latex": "",
    "question_images": [],
    "options": ["A. 10−5", "B. 10−4", "C. 10−3", "D. 10−2"],
    "option_images": [],
    "answer": "B. 10−4",
    "solution": "$pOH=11 \\Rightarrow pH=3$\n$[H^+]=10^{-3}$\n$K_a=\\frac{[H^+]^2}{C}=10^{-4}$",
    "solution_images": [],
    "difficulty": "Moderate",
    "marks": 4
  },
  {
    "id": 96,
    "chapter": "Ionic Equilibria",
    "question": "Moist hydrogen peroxide cannot be dried over conc. H2SO4 because",
    "question_latex": "",
    "question_images": [],
    "options": [
      "A. It can catch fire",
      "B. It is reduced by H2SO4",
      "C. It is oxidised by H2SO4",
      "D. It is decomposed by H2SO4"
    ],
    "option_images": [],
    "answer": "D. It is decomposed by H2SO4",
    "solution": "Concentrated H2SO4 decomposes H2O2.",
    "solution_images": [],
    "difficulty": "Easy",
    "marks": 4
  },
  {
    "id": 97,
    "chapter": "Ionic Equilibria",
    "question": "Consider the reaction. Give the equilibrium constant for formation of N2O4 from N2 and O2.",
    "question_latex": "$N_2 + O_2 \\rightleftharpoons 2NO;\\quad 2NO + O_2 \\rightleftharpoons 2NO_2;\\quad 2NO_2 \\rightleftharpoons N_2O_4$",
    "question_images": [],
    "options": ["A. K1K2K3", "B. K1/K2K3", "C. K1K2/K3", "D. K3/(K1K2)"],
    "option_images": [],
    "answer": "A. K1K2K3",
    "solution": "Overall equilibrium constant equals product of stepwise equilibrium constants.",
    "solution_images": [],
    "difficulty": "Hard",
    "marks": 4
  },
  {
    "id": 98,
    "chapter": "Ionic Equilibria",
    "question": "A 0.01 M ammonia solution is 5% ionised. What will be pH?",
    "question_latex": "",
    "question_images": [],
    "options": ["A. 10.69", "B. 9.72", "C. 10.22", "D. 11.30"],
    "option_images": [],
    "answer": "A. 10.69",
    "solution": "$[OH^-]=0.05\\times0.01=5\\times10^{-4}$\n$pOH=3.301$\n$pH=14-3.301=10.699$",
    "solution_images": [],
    "difficulty": "Moderate",
    "marks": 4
  },
  {
    "id": 99,
    "chapter": "Ionic Equilibria",
    "question": "Which from the following equations represents the relation between solubility (mol L−1) and solubility product for salt AB?",
    "question_latex": "",
    "question_images": [],
    "options": ["A. Ksp = s^2", "B. s = (Ksp)^(1/2)", "C. s = (Ksp/2)^(1/2)", "D. s = (Ksp)^(1/3)"],
    "option_images": [],
    "answer": "B. s = (Ksp)^(1/2)",
    "solution": "For AB ⇌ A+ + B−, $K_{sp}=s^2 \\Rightarrow s=\\sqrt{K_{sp}}$",
    "solution_images": [],
    "difficulty": "Easy",
    "marks": 4
  },
  {
  "id": 100,
  "chapter": "Ionic Equilibria",
  "question": "For the reaction N2(g) + 3H2(g) ⇌ 2NH3(g); ΔH = −93.6 kJ mol−1, the concentration of NH3 at equilibrium can be increased by (I) lowering the temperature (II) low pressure (III) excess of N2 (IV) excess of H2.",
  "question_latex": "$N_2(g) + 3H_2(g) \\rightleftharpoons 2NH_3(g), \\; \\Delta H = -93.6\\,\\text{kJ mol}^{-1}$",
  "question_images": [],
  "options": [
    "A. (II) and (IV) are correct",
    "B. (II) only is correct",
    "C. (I), (III) and (IV) are correct",
    "D. (III) and (IV) are correct"
  ],
  "option_images": [],
  "answer": "C. (I), (III) and (IV) are correct",
  "solution": "The given reaction is exothermic since $\\Delta H < 0$.\n\nAccording to Le Chatelier’s principle:\n\n• Lowering temperature favors the forward (exothermic) reaction.\n• Increase in pressure favors the side with fewer moles of gas ($\\Delta n < 0$).\n• Adding excess reactants $N_2$ and $H_2$ shifts equilibrium towards product formation.\n\nHence, concentration of $NH_3$ increases by lowering temperature and by using excess $N_2$ and $H_2$.",
  "solution_images": [],
  "difficulty": "Moderate",
  "marks": 4
}
]





